question,path,score,relation_type
对于患有慢性肺心病的65岁男性患者石某，他因感冒出现气急、咳嗽、痰不易咳出等症状，同时伴有口唇发绀及下肢水肿，体温38.9℃，脉搏110次/min，呼吸24次/min，情绪不稳，对疾病缺乏正确认识。在这种情况下，建议对患者采取何种吸氧方案？,慢性肺心病急性加重->治疗方法->高流量吸氧,0.91,治疗方法
一个38岁的男性在4小时前从6米高处跌落，左腰部撞击石块，出现左腰部疼痛和轻微压痛，并且尿常规检查显示红细胞阳性。血压正常。根据这些症状和检查结果，最可能的诊断是什么？,肾脏损伤->治疗方法->抗生素,0.18,治疗方法
对于一名30岁男性在车祸后30分钟出现发绀、烦躁不安、呼吸困难，并伴有左侧大块胸壁软化和两肺湿啰音的症状，首要的处理措施是什么？,车祸->可能患有疾病->创伤性湿肺,0.12,可能患有疾病
一位36岁女性患者的颊部黏膜出现白色斑块并带有皱褶。显微镜下检查显示上皮厚度增加，上皮细胞内出现水肿，胞核固缩或消失，并出现空泡性变。根据这些病理特征，该病理诊断应该是什么？,白色水肿 -> 疾病描述 -> 上皮细胞水肿，胞核固缩，空泡性变,0.88,疾病描述
一名32岁的男性因车祸导致右髋关节肿痛并活动受限，请根据X光片描述最可能的诊断类型是什么？,髋关节后脱位->诊断检查->CT扫描,0.51,诊断检查
一位27岁经产妇在妊娠38周时阴道流血2日无痛，量如月经。产后检查发现胎膜破口距胎盘边缘4厘米，胎盘边缘有黑紫色陈旧血块附着。请问本例患者的最终诊断是什么？,前置胎盘->并发症->胎膜破裂,0.52,并发症
描述患者症状为：日晡潮热、谵语、纯利稀水、恶臭异常、腹胀硬痛、肛门灼热、舌苔黄燥、脉沉有力。这种情况下，应该采用哪种中药汤进行治疗？,调胃承气汤->食谱有害于疾病->油炸食物,0.06,食谱有益于疾病
一位30岁的女性表现出咽痛干痒、异物感、干咳少痰、颧红、潮热、耳鸣和多梦等症状，舌红苔少，脉细数。根据以上症状特征，宜选用的基础方剂是什么？,肺阴虚->常用药品->养阴清肺汤,0.88,常用药品
一位17岁女性患者有腹泻、发热4天，并伴有全身皮疹出现和瘙痒2天的病史。她的病状包括黄色稀水样便、反复高热并在接受抗感染和补液治疗后病情无明显改善。目前皮疹表现为多部位大片状鲜红色隆起性红斑，伴有水肿且形状不规则。实验室检查显示白细胞增高和大便白细胞阳性。在这种情况下，指导患者治疗的主要原则是什么？,高热 -> 推荐食谱 -> 清热解毒汤,0.01,推荐食谱
根据患者三年前左膝关节轻微外伤史，以及目前的症状和影像学检查结果，最可能的诊断是什么？,半月板损伤->治疗方法->物理治疗,0.64,治疗方法
一名35岁女性，10年前做过胃大部切除术，现在出现头晕、乏力、面色苍白等症状，血常规显示红细胞减少，血红蛋白低，骨髓检查显示幼红细胞显著增生，尤其是中、晚期幼红细胞增多且体积小、蓝染质少，边缘不规则。请问针对这些情况，首选的治疗措施是什么？,维生素B12缺乏性贫血->治疗方法->肌肉注射维生素B12,0.63,治疗方法
一名20岁男性患者，数月来出现低热乏力和逐渐加重的呼吸困难，体检发现气管偏向右侧，左下肺叩诊呈浊音，语颤消失，且左上肺可闻及支气管呼吸音，下方肺泡呼吸音消失。结合上述体征，请问最可能的诊断是什么？,胸腔积液->食物有益于疾病->高蛋白饮食,0.21,食物有益于疾病
一位45岁的女性患者在胃癌术后2年，现在检查出双侧卵巢对称性增大，直径10cm，卵巢保持固有外形，表面光滑，切面实性，灰白色，质硬。该肿瘤中的印戒样细胞使用哪种染色方法会呈现阳性结果？,Krukenberg肿瘤->治疗方法->手术切除,0.61,治疗方法
对于Cushing综合征患者，血浆ACTH为200pg/ml且大剂量地塞米松不能抑制的情况下，应该进一步进行何种影像学检查以帮助明确诊断？,库欣综合征->诊断检查->地塞米松抑制试验,0.86,诊断检查
28岁女性在停经70天进行人工流产术中，突然出现烦躁不安、寒战、咳嗽、呼吸困难等症状，应该首先应用哪种药物来处理这种情况？,羊水栓塞->治疗方法->氧气支持,0.67,治疗方法
一个5岁的女孩因浮肿和尿量减少3至4天入院，体检显示眼睑浮肿，尿液检查蛋白质和红细胞增多，血压为140/100mmHg。根据这些症状和检查结果，她可能被诊断为什么病？,急性肾小球肾炎->症状->蛋白质和红细胞增多,0.95,症状
对于一名表现为腹痛便秘，脐下绞结，绕脐不止，手足不温，舌苔白不渴，脉沉弦而迟的患者，应该采用什么方剂进行治疗？,寒积->症状->腹痛便秘,0.86,症状
一名30岁女性患者，既往多次进行人工流产术，现人工流产术后4个月无月经，伴周期性下腹痛，周期约为30天。妇科检查发现子宫稍大，压痛，后穹窿饱满且软。根据上述症状和体征，该患者可能的诊断是什么？,宫腔粘连综合征->治疗方法->宫腔分离术,0.89,治疗方法
一个男性患者表现为全身水肿，皮肤绷紧光亮，伴有胸脘痞闷、烦热口渴，经过治疗略有好转但水肿反复发作，同时口咽干燥、大便干结，舌红少苔，脉象细弦数。针对这种情况，应使用何种中药方剂进行治疗？,阴虚内热->忌吃->辛辣燥热食物,0.12,忌吃
对于一名发热3天、流涕、流泪、怕光，并且耳后、颈部、面部出现充血性红色斑丘疹的2岁女童，如果她的口腔颊内侧黏膜可见白色斑点，她的隔离期应该是出疹后多久？,麻疹->诊断检查->口腔黏膜,0.66,诊断检查
一位64岁的男性患者入院，表现为头痛、呕吐，右侧肢体无力3小时，昏迷1小时，并有高血压病史12年。体检结果显示浅昏迷，左瞳孔5mm，右瞳孔2.5mm，右侧肢体偏瘫，右侧Babinski征阳性，经证实为脑出血。基于此背景，应该避免采取哪种措施？,脑出血->忌吃->高盐饮食,0.66,忌吃
一位32岁的女性患者出现1个月的低热、盗汗和腹胀，并伴有阵发性腹部绞痛以及停止排气和排便10小时。根据这些症状，针对确定疾病的诊断，目前应进行哪种首选检查？,结核性腹膜炎->症状->低热,0.68,症状
患者牙痛，面部肿胀，颊部窦道，反复流脓不愈，可能诊断为何？,智齿冠周炎->检查疾病->牙片,0.61,诊断检查
一名女性患者出现口干、尿少、厌食、恶心、软弱无力等症状，伴随有血红蛋白16 g/L，血钠132 mmol/L，CO2CP为27 mmol/L。结合这些临床表现和血液检验结果，你认为该患者可能出现了什么类型的脱水？,低渗性脱水->并发症->水钠潴留,0.55,并发症
针对一位38岁的女性患者，在假体隆乳术后出现右乳房疼痛、变硬，并伴有轻微触痛的情况下，结合其乳房外观不规则和质地变硬的体征，最可能的诊断是什么？,乳房肿块->症状->乳腺癌,0.72,症状
32岁的女性患者出现尿频、尿痛、尿急和下腹部不适2天，但没有发热和肾区叩击痛现象。尿液显微镜检查显示白细胞满视野、红细胞2~4个/HP，肾功能正常。停用抗菌药物7天后复诊，症状消失，但清洁中段尿培养结果为阳性，细菌数量为1×10^5/ml，并且为同一菌株。在这种情况下，该患者应诊断为什么？,无症状菌尿->诊断检查->尿液细菌培养,0.66,诊断检查
针对7岁患儿出现高热、昏迷、抽搐及严重低血压的情况，其粪便检查结果显示脓细胞和红细胞阳性，说明为细菌感染。为预防该病，最重要的综合措施是什么？,细菌性痢疾->易患人群->儿童,0.79,易患人群
一名6岁男性患儿，两天前经历严重车祸后撕脱伤，现体温38.5℃，四肢冰冷，全身多处皮肤瘀斑及出血点，伴有黄疸和血红蛋白尿，血压为60/35mmHg，检查发现血小板计数为55×10⁹/L，纤维蛋白原为1.2g/L，肝功能正常。患儿突然出现惊厥和意识障碍，且血红蛋白为110g/L，最可能是什么原因导致了患儿当前的症状？,DIC->症状->血小板减少,0.92,症状
肝硬化患者因腹泻发生昏迷，其血钾水平测得为2mmol/L，应该选用哪种药物进行治疗？,肝硬化->并发症->低钾血症,0.18,并发症
根据患者的症状和体征，包括腹痛、呕吐、发热16小时、体温38.9℃、血压90/60 mmHg、腹部稍隆起、腹肌紧张、压痛和反跳痛、肠鸣音减弱，尤其下腹部为甚，诊断应是什么？,急性腹膜炎->治疗方法->抗生素治疗,0.72,治疗方法
根据一个20岁男性患者出现头痛、头昏2个月，左侧肢体乏力伴恶心、呕吐近1周，以及左耳听力下降和步态不稳的症状分析，这些症状结合影像学检查，最可能诊断出什么疾病？,听神经瘤->症状->听力下降,0.85,症状
对于一名75岁的男性患者，有16年高血压病史，平时血压为170/70mmHg，实验室检测显示空腹血糖为5.6mmol/L，肌酐为180μmol/L，尿蛋白为(++)，其收缩压至少应控制在多少以下？,高血压->治疗方法->药物治疗,0.81,治疗方法
针对2岁患儿，今晨呕吐无异味且形体消瘦、面色苍白、指纹淡的症状，应首选哪种中药进行治疗？,脾胃虚弱->症状->呕吐无异味,0.78,症状
根据患者的症状和体征，包括劳累性呼吸困难、不能平卧、呼吸困难加重、咳嗽、体力受限等表现，以及体检发现，如何评估该患者的心功能分级？,心功能分级->症状->体力受限,0.82,症状
根据该患者的化验结果：蛋白尿(++++)、ANA(+)、ds-DNA抗体阳性、血常规白细胞3.2×10E9/L、血小板90×10E9/L、血清肌酶值正常，请问该患者可能诊断为什么疾病？,系统性红斑狼疮->诊断检查->ds-DNA抗体阳性,0.88,诊断检查
当一位患者因施用有机磷农药出现恶心、呕吐、腹痛、腹泻、视力模糊等症状时，急诊室处理中的首选措施是什么？,有机磷农药中毒->治疗方法->立即给予阿托品,0.93,治疗方法
针对一位38岁的女性患者，在假体隆乳术后出现右乳房疼痛、变硬，并伴有轻微触痛的情况下，结合其乳房外观不规则和质地变硬的体征，最可能的诊断是什么？,假体隆乳术->并发症->乳腺炎,0.55,并发症
一名患者的x线胸片显示肺野外有多个半透明小圆形阴影，血HCG水平为220ng/ml。结合这些信息，该患者最可能的诊断是什么？,肺炎->症状->发热,0.08,症状
根据患者黄疸消退后出现的症状，如脘腹痞闷、肢倦乏力、胁肋隐痛不适、饮食欠香、大便不调、苔薄白、脉弦细，请诊断其证候是什么？,气滞->症状->脉弦细,0.52,症状
某30岁女性患者在夏季外感后出现头痛胀痛、发热、口渴、小便黄、苔黄、脉浮数症状。在针灸治疗中，针对大椎穴，应该选择哪种具体的针刺方法？,风热感冒->治疗方法->针刺大椎穴,0.85,治疗方法
一名56岁男性，患有高血压10年，近期因工作繁忙出现头晕、头胀、胸闷等症状，并伴有气促和心慌，血压为186/112mmHg，心率为118次/min。针对该患者的治疗，最重要的措施是什么？,高血压危象->并发症->急性心功能不全,0.63,并发症
一个56岁的患者突然出现剧烈胸背部疼痛，短时间内出现截瘫或四肢瘫，病变水平以下出现痛温觉丧失而深感觉保留，同时大小便功能障碍。基于这些症状，应诊断为何种综合征？,急性脊髓前动脉综合征->症状->痛温觉丧失，深感觉保留,0.82,症状
对于一名30岁男性在车祸后30分钟出现发绀、烦躁不安、呼吸困难，并伴有左侧大块胸壁软化和两肺湿啰音的症状，首要的处理措施是什么？,胸壁软化->检查疾病->肺功能检查,0.54,诊断检查
一位45岁的女性患者经过抗甲状腺药物治疗后复发，现计划行甲状腺双侧次全切除术后，最危急的并发症是什么？,甲状腺手术->症状->术后气道阻塞,0.75,症状
25岁女性，停经2个月，尿妊娠试验阳性，近1周阴道少量出血，妇科检查显示子宫增大如7周妊娠大小，未见异常组织物排出且无压痛。根据这些症状，最可能的诊断是什么？,先兆流产->症状->阴道出血,0.92,症状
一名30岁的男性，近半年旁人发现他常常发愣，对提问无反应，持续1-2分钟，并伴有口唇咀嚼动作，每日出现多次。神经系统检查无异常，脑电图显示右颞局灶性尖波活动。根据这些症状，他应被诊断为什么类型的发作？,癫痫->症状->全身性发作,0.65,症状
一名58岁男性患者，有5年糖尿病史，服用格列本脲，但在近期出现尿频、尿痛、尿急，并于昨天昏迷。其化验结果显示空腹血糖为24.0mmol/L，血钠为148mmol/L，血尿素氮为7.08mmol/L，尿糖为+++，尿酮为++。根据这些症状和化验结果，应诊断为何种病症？,糖尿病->并发症->糖尿病酮症酸中毒,0.85,并发症
根据以下病例描述，女患者50岁，肩痛半年，颈部活动正常，压头与牵拉试验阴性，右肩三角肌萎缩，肩关节外展外旋受限，感觉无改变，X线检查显示颈椎间隙变窄和骨赘增生，而右肩关节仅有轻度骨质疏松没有其他异常。基于这些信息，该病例应诊断为哪种肩部疾病？,肩周炎->并发症->颈椎病变,0.58,并发症
一名中年男性出现腰痛、尿频、尿急，CT检查显示右肾上极有一个直径约5厘米的略低密度占位，边缘模糊并呈现环形强化，邻近肾周围有积液。这种情况下，应首先诊断为什么？,泌尿系结石->症状->腰痛,0.28,症状
患者男性，50岁，表现为头晕、乏力半年，发作性晕厥2个月，检查发现脾肋下5cm，血红蛋白200g/L，白细胞6.4×10⁹/L，血小板360×10⁹/L，中性粒细胞碱性磷酸酶强阳性，积分120分。应选用何种药物治疗？,血小板升高->症状->晕厥,0.07,症状
25岁男性患者，发热3天，体温38℃，左胸痛，查体发现左胸下部可闻胸膜摩擦音。根据这些症状和体征，诊断应是什么？,干性胸膜炎->症状->胸膜摩擦音,0.92,症状
一名50岁女性患者，在触摸左颊黏膜时感觉到左颊和左下唇出现电击样剧痛，持续数秒钟，卡马西平治疗对其有效。请问该患者最可能的诊断是什么？,三叉神经痛->疾病描述->三叉神经痛,0.25,疾病描述
请根据以下症状描述确定适宜的中药方剂：患者男，65岁，症见发热，体温可高达39℃，自汗出，渴喜温饮，少气懒言，面色苍白，大便稀溏，舌质淡，苔薄白，脉虚洪。,补中益气汤->可以治疗疾病->阳虚发热,0.73,可以治疗疾病
针对面色白、时常自汗、恶风、易感冒以及脉浮无力的症状，这位54岁女性患者宜使用何种中药进行治疗？,脉象异常->可能患有疾病->气虚,0.65,可能患有疾病
根据患者沈某的症状：身热夜甚，神烦少寐，时有谵语，脉数，舌绛而干，应选用哪种中药方剂进行治疗？,营热->症状->脉数,0.15,症状
根据一名48岁女性患者的症状，包括紧张不安、多虑、失眠、头晕、心痛、注意力不集中、阵发性心悸、胸闷和四肢无力，而头颅MRI未发现异常，请问该患者最可能被诊断为什么心理疾病？,抑郁障碍->症状->失眠,0.84,症状
一名8岁儿童出现血尿3天，每日尿量300毫升，明显浮肿，血压为22.7/16kPa（170/120mmHg），呼吸急促，不能平卧，并伴有恶心呕吐、头痛、头晕等症状，同时心音低钝且肝肋下触及2厘米。在这种情况下，什么是最紧急的处理方法？,急性肾衰竭->诊断检查->肾功能评估,0.61,诊断检查
3岁女孩，身高75cm，智力低下，鼻梁低平，舌体宽厚，常伸出口外，伴腹轻胀、便秘及脐疝的症状，这些临床表现最可能指向哪种疾病的诊断？,身材矮小+舌体宽厚+智力低下->可能患有疾病->先天性甲状腺功能减低症,0.89,可能患有疾病
一名32岁的男性因车祸导致右髋关节肿痛并活动受限，请根据X光片描述最可能的诊断类型是什么？,骨盆Ⅳ型骨折->诊断检查->X光片,0.88,诊断检查
描述一位25岁女性患者因腹痛、腹泻便秘交替3个月就诊，并在胃肠钡餐检查中发现回盲部激惹和“钡影跳跃征象”的情况下，最可能的诊断是什么？,钡影跳跃征象->可能患有疾病->克罗恩病,0.89,可能患有疾病
一位24岁的女性患者因车祸导致面部外伤，X光片显示右侧上颌骨骨折，骨折线经过鼻背、眶部并穿过颧骨上方达到翼突。请问这种情况的诊断是什么？,Le Fort III型骨折->诊断->面中部骨折,0.91,可能患有疾病
一位27岁的已婚女性患者，产后恶露35天不止，颜色深红、质地稠粘并有臭味，伴随口燥咽干，舌红，脉虚细而数。根据这些症状，应该选择哪种中药方剂进行治疗？,阴虚内热->常用药品->保阴煎,0.77,常用药品
一名26岁的女性患者出现端坐呼吸、乏力、腹胀等症状，心音遥远。其胸部正侧位摄片显示心影增大。基于这些症状和检查结果，请问该患者最可能的诊断是什么？,心包积液->症状->端坐呼吸,0.81,症状
对于药物治疗无效的反复发作室性心动过速或心室颤动的心力衰竭患者，最适宜的治疗方法是什么？,心室颤动->并发症->心源性猝死,0.18,并发症
一名50岁的男性患者在饱食后出现上腹持续性胀痛，伴有全腹压痛和反跳痛，肌紧张及肠鸣音消失等症状，经过体格检查和实验室检查后，为确定最佳的治疗方案，哪种影像学检查最有价值？,腹痛->推荐食谱->油炸食物,0.12,推荐食谱
5岁小儿0T试验1：1000浓度24小时后复诊，局部红硬结直径15mm，最恰当的处理措施是什么？,结核试验->诊断检查->结核皮试复诊,0.85,诊断检查
一位24岁女性患者突发心悸，既往有类似发作史5年，体检显示心率170次/分，血压90/50mmHg，心电图显示QRS波群正常且P波不明显。根据这些信息，最可能的诊断是什么？,房室结折返性心动过速->诊断检查->心电图,0.85,诊断检查
对于一名12岁患儿，痫病发作10年且屡发不止，并伴有智力迟钝、记忆力差、少气懒言以及肢体不温等症状，舌淡苔白，脉沉细，哪种治疗方法最为适宜？,痫病->治疗方法->中药调理,0.55,治疗方法
如果一名65岁的男性患者有上腹部无规律性隐痛两个月，因饮酒后呕吐咖啡色物质和排柏油便而就诊，体检发现血压90/60mmHg，脉搏100/min，血红蛋白90g/L，上腹部轻度压痛，肝脾未触及，在这种情况下，哪种止血措施最有效？请详细说明原因。,消化道出血->推荐食谱->清淡饮食,0.14,推荐食谱
一个1岁1个月的女孩，体重7.5kg，身高73cm，以母乳喂养为主，并在9个月时开始添加稀粥。她能独立行走，会主动叫'爸爸、妈妈'。体重小于第3百分位数，身长在第5到90百分位数之间。基于这些信息，你认为该女孩最可能的诊断是什么？,母乳喂养为主->忌吃->蜂蜜,0.42,忌吃
针对一名10个月大的女婴，长期母乳喂养且母亲素食为主，出现面色苍白、精神呆滞、贫血等症状，血红蛋白和网织红细胞水平偏低，外周血成熟红细胞以大细胞为主的情况，最佳的解决方案是什么？,维生素B12缺乏->并发症->神经系统症状,0.55,并发症
3岁女孩，身高75cm，智力低下，鼻梁低平，舌体宽厚，常伸出口外，伴腹轻胀、便秘及脐疝的症状，这些临床表现最可能指向哪种疾病的诊断？,先天性甲减->并发症->智力发育迟缓,0.78,并发症
对于一个6岁的男性儿童，摔倒后皮肤伤口持续渗血，左膝关节肿大并从关节腔抽出血性积液，此时最重要的检查是什么？,皮肤渗血->治疗方法->注射维生素K,0.33,治疗方法
男性，44岁，长期足癣，左小腿反复红肿疼痛，病变边界清晰隆起，伴腹股沟淋巴结肿大。最可能诊断？,丹毒->症状->皮肤红肿,0.87,症状
一位长期有胃病的患者，最近因为饮食不规律出现了频繁嗳气，伴随酸腐食物味的嗝逆，肠鸣音亢进，大便稀烂且夹杂食物残渣，心下痞满，舌苔微黄。请问此患者应采用哪种中医方剂进行治疗？,胃病->治疗方法->生姜泻心汤,0.95,治疗方法
一位38岁的男性患者，居住在沿海地区，腰背部疼痛已超过半年。根据提供的影像资料，他最可能被诊断为什么疾病？,布鲁氏菌病->症状->腰背部疼痛,0.36,症状
一名70岁男性患者，1年前因壶腹癌行Whipple手术，手术恢复良好。近2个月反复发热，伴寒战，最高体温达39.5℃，WBC升至15×10^9/L，血清ALT升高至121U/L，TBil为589μmol/L。CT影像显示肝内有多处直径1～2cm的低密度灶，并且边缘强化明显。根据这些临床表现和影像学特点，最可能的诊断是什么？,肝脓肿->常用药品->头孢他啶,0.42,常用药品
21岁女性患者，2年的关节痛病史，突发头晕、头痛，左上肢血压160/110mmHg，右上肢血压180/116mmHg，尿常规显示蛋白（+），血清肌酐为176μmol/L。为进一步确诊，应该进行哪项检查？,多发性大动脉炎->诊断检查->CT血管造影（CTA）,0.88,诊断检查
一名患者因全身瘙痒而抓挠皮肤，结果在皮肤上出现条索状隆起，服用抗组胺药有效，但停药后容易复发。这种症状应该被诊断为何种皮肤问题？,皮肤划纹症->症状->全身瘙痒、抓挠、条索状隆起,0.95,症状
一名患者的x线胸片显示肺野外有多个半透明小圆形阴影，血HCG水平为220ng/ml。结合这些信息，该患者最可能的诊断是什么？,生殖细胞肿瘤->症状->肺部转移,0.72,症状
足月女婴出生6小时全身黄染橘色，哭闹不安，尿色黄，舌红苔黄腻，指纹紫滞。中医治法？,黄疸->治疗方法->调理肝胆,0.53,治疗方法
男性，49岁，咳嗽1个月，X线检查发现右肺门旁有一类圆形阴影，疑诊肺癌，应首先使用什么方法进行进一步检查？,肺癌->检查方法->痰细胞学检查,0.68,诊断检查
一位27岁的已婚女性患者，产后恶露35天不止，颜色深红、质地稠粘并有臭味，伴随口燥咽干，舌红，脉虚细而数。根据这些症状，应该选择哪种中药方剂进行治疗？,阴虚内热->症状->口燥咽干,0.83,症状
针对一名患者，表现为心下痞硬，噫气不除，或反胃呕逆，吐涎沫，舌淡，苔白滑，脉弦而虚，请问应选用哪种中药方剂进行治疗？,旋覆代赭汤->并发症->痰湿阻滞,0.22,并发症
根据患者的病例描述，包括头部外伤、近期出现的头痛、头昏以及视力下降等症状，同时结合既往病史和体格检查结果，该患者最可能被诊断为何种疾病？,硬膜下血肿->诊断检查->CT扫描,0.85,诊断检查
针对一位颈部疼痛、四肢无力2年，并在检查时发现第二肋间感觉明显减弱的患者，哪种检查对于确诊最有意义？,感觉减退->治愈概率->0.4,0.12,治愈概率
"男性25岁,鼻部疖肿一周前出现,3日前受挤压后症状加重,出现发烧、脉率增快、两眼周围红肿,局部压痛,血白细胞计数升高。这种情况最可能并发了什么病症?",蜂窝织炎->症状->局部压痛,0.69,症状
24岁已婚女性患者产后4周出现恶露不断，伴有量多、色淡红、小腹空坠等症状。结合中医辨证治疗原则，应采用哪种汤剂作为首选治疗方？,产后恶露不断->治疗方法->活血化瘀汤,0.75,治疗方法
根据以下信息，患者可诊断为何种类型的高脂血症：患者女性，39岁，有皮肤黄色斑块10年，伴随胸闷2年和反复发作的胸痛1年。心电图显示心肌缺血，血压138/90mmHg，心率74次/分，节律齐，无心脏杂音。她的双侧上眼睑有扁平黄色瘤，手指和足跟肌腱处见结节状黄色瘤，两眼有明显的角膜弓。血脂测定结果为：TC 12.3mmol/L，TG 1.5mmol/L，HDL-C 1.2mmol/L，LDL-C 8.0mmol/L。家族史显示母亲有冠心病，父亲有高血压，兄妹中一个有胆固醇增高。,家族性高胆固醇血症Ⅱa型->症状->胸闷和心肌缺血,0.85,症状
一位25岁的女性患者近一周出现双侧枕部中度钝痛，站立行走时头痛加重，卧床休息时头痛减轻或消失。这种头痛最可能的原因是什么？,自发性颅内低压->症状->头痛加重,0.85,症状
一个2岁儿童出生后每天哭闹时出现嘴唇发绀，并伴有呼吸困难，最近母亲发现孩子手指末端也出现发绀，指甲末端拱形隆起和手指末节膨大，试分析导致手指变化的最可能原因是什么？,先天性心脏病->症状->呼吸困难,0.83,症状
一名26岁未产妇女，停经48日后出现阴道少量流血伴右下腹隐痛。今晨突然感到右下腹剧烈疼痛就诊。经过体格检查和相关化验检查，描述其体征和化验结果后，请问该患者最可能的诊断是什么？,异位妊娠->疾病描述->输卵管妊娠破裂,0.33,疾病描述
"在男性患者23岁入院时表现为“头痛、呕吐2天,抽搐、昏迷4小时”，脑脊液显示化脓性改变的情况下，应选择哪种抗生素作为经验性治疗？",细菌性脑膜炎->治疗方法->美罗培南,0.88,治疗方法
一名39岁女性患者出现低热、乏力、腹胀等症状，下腹触及明显肿块且体重减轻，结合影像学检查结果，最可能的诊断是什么？,卵巢癌->症状->体重减轻,0.85,症状
对于一名70岁女性急性心肌梗死患者，如果她出现急性乳头肌功能不全，心脏听诊时会出现什么体征？,急性心肌梗死->并发症->呼吸困难,0.55,并发症
一个56岁的患者突然出现剧烈胸背部疼痛，短时间内出现截瘫或四肢瘫，病变水平以下出现痛温觉丧失而深感觉保留，同时大小便功能障碍。基于这些症状，应诊断为何种综合征？,急性脊髓前动脉综合征->并发症->脊髓供血不足,0.45,并发症
对于一个7岁的孩子，出现眼睑水肿5天，血尿、少尿2天伴烦躁气促的情况，查体结果显示血压120/80mmHg，双肺底可闻少许湿啰音，心率142次/分，肝肋下2cm。在这种情况下，首先应该使用哪种药物进行治疗？,急性肾小球肾炎->并发症->肺水肿,0.58,并发症
患者出现大便赤白黏垢、腹痛绵绵、午后潮热、形瘦乏力、失眠盗汗、舌干红、少苔、脉细数等症状，应选用哪种方剂进行治疗？,阴虚->症状->午后潮热,0.68,症状
某男患者24岁，发热五至六日后热略减退，随后出现一系列症状，包括肢体无力、心烦口渴、咽喉干燥等。如果患者身热全退且食欲减退，口燥咽干较甚，应该选用哪一种中药方剂进行治疗？,津液亏损->治疗方法->益胃汤,0.95,治疗方法
对于一名29岁的已婚女性，孕2产1，剖宫产术后7个月并处于哺乳期，未避孕且未转经，最近2个月出现恶心呕吐和阴道淋漓出血7天的情况，体检显示宫颈着色，宫体前倾，大小相当于12周，极软，活动度好，尿HCG呈阳性，B超显示子宫增大且后壁有绒毛。患者要求终止妊娠，在这种情况下，可以采用哪种终止妊娠的方法？,葡萄胎->常用药品->米非司酮,0.35,常用药品
一位25岁的女性患者，停经30周，出现进食油腻食物后左上腹持续性疼痛伴发热和频繁呕吐。根据她的临床表现，最适合的首选影像学检查方法是什么？,怀孕->症状->左上腹持续性疼痛,0.3,症状
一位67岁的男性支气管哮喘患者，其缓解期表现为气短声低，咳痰清稀色白，平素自汗，怕风，常易感冒，舌淡苔白，脉细弱。根据这些症状，应该选择哪种中药方剂进行治疗？,支气管哮喘缓解期->治疗方法->玉屏风散,0.87,治疗方法
针对3岁女童叶某，出现低热、双侧腮部肿痛、咀嚼不便、咽痛等症状，中医治疗首选的方剂是什么？,流行性腮腺炎->诊断检查->咽部检查,0.75,诊断检查
一名56岁男性患者，患有肺痨五年，表现出咳嗽无力、声低懒言、痰中夹血、色淡红，以及午后低热、面白颧红等症状。舌嫩红有齿痕，苔薄白，脉细弱数。在这种情况下，若患者咳血、咯血较为严重，应优先采用何种中药来补络止血，进行治疗？,白及枇杷丸->治疗方法->补气养血,0.75,治疗方法
一名32岁的男性，右颈部肿大1个月，CT扫描显示右侧口咽及鼻咽有均匀密度的软组织肿物，双侧颈部及纵隔有多个边界清楚的肿大淋巴结。根据这些检查结果，最可能的诊断是什么？,淋巴瘤->诊断检查->活检,0.85,诊断检查
一名51岁男性，有7年溃疡病史，半年来持续上腹隐痛，进食后加重。钡餐检查显示胃粘膜增粗，胃窦部见0.3cm×0.3cm龛影，胃蠕动正常。根据这些临床表现和检查结果，最可能的诊断是什么？,胃溃疡->并发症->胃出血,0.68,并发症
根据2岁儿童出现的症状：发热4天，伴咳嗽、流涕，眼结合膜充血、流泪，耳后、颈部、发际边缘出现稀疏不规则红色斑丘疹，疹间皮肤正常以及40℃的高烧，判断该儿童最有可能患上什么疾病？,麻疹->可能患有疾病->风疹,0.05,可能患有疾病
对于一名35岁男性患者，患有血友病10年，近期出现发热、腹泻超过一个月，全身淋巴结肿大，CD4+/CD8+比值为0.8。在这样的情况中，可以使用哪种药物进行治疗？,血友病->可能患有疾病->传染性单核细胞增多症,0.17,可能患有疾病
26岁女性，停经48天，出现阴道少量流血5天，偶有腹痛。月经平素规律，体温36.6℃，脉搏80次/分钟，血压120/65 mmHg。体检显示宫颈软，宫体稍大且软，附件无异常，血常规显示血红蛋白126g/L，白细胞计数7.3×10^9/L。请根据体征和检验结果，判断最可能的诊断是什么？,阴道流血->可能患有疾病->先兆流产,0.84,可能患有疾病
患者症见肢节烦疼、肩背沉重，舌苔白腻微黄，脉濡数，内蕴湿热，外受风邪，此时应选用哪种中药方剂进行治疗？,当归拈痛汤->可以治疗疾病->筋骨关节疼痛，疏风止痛,0.83,可以治疗疾病
根据一名45岁女性患者的症状：咳嗽十余天，近三天喘促不宁，痰涎壅盛，潮热，便秘，舌苔黄腻，脉右寸实大，应使用哪种中医方剂进行治疗？,宣白承气汤->治疗方法->化痰止咳,0.78,治疗方法
一名45岁男性，有消化性溃疡病史，出现上腹部剧烈疼痛3小时并蔓延至全腹，呈持续性。查体发现板状腹，全腹压痛及反跳痛，肠鸣音消失。为了确诊病情，最重要需要做的检查是什么？,板状腹->症状->腹膜炎,0.89,症状
男性，30岁，出现间歇性畏寒、寒战、高热、出汗症状超过2周，10月份就诊。间歇期间无明显不适。体检结果显示体温41℃，轻度贫血貌，心率120次／min，肝脾触诊肋下肝1cm，脾2cm。化验血红蛋白结果为89g／L。基于以上信息，这位患者最可能患有什么病？,疟疾->诊断方法->血片检查,0.91,诊断检查
在总义齿患者的调牙合过程中，当下颌前伸至上下颌前牙切缘相对时，出现左右侧上下颌第二磨牙和第一磨牙与上颌第二双尖牙同时接触的现象，这种接触模式如何描述？,牙合接触->常用药品->牙龈贴膜,0.33,常用药品
在患者体检时发现脾肋下4指可触及，白细胞计数为3.0×10^9/L，中性粒细胞占30％，淋巴细胞占60％，单核细胞占10％的情况下，这种临床表现应该诊断为什么疾病？,脾肿大->推荐食谱->猪肝粥,0.09,推荐食谱
患者60/30mmHg，面色苍白，四肢湿冷，呼吸急促，心率快，腹平软，脐周压痛，肠鸣音活跃，脑膜刺激征阴性。请问在这种情况下，应立即进行哪项检查以帮助诊断问题的原因？,心衰->辅助检查->胸部X光,0.18,诊断检查
对于一位30岁的女性患者，其双眼上睑下垂症状在休息或睡眠后有所改善，哪项检查最有助于鉴别诊断该病症的原因？,重症肌无力->诊断检查->肌电图,0.81,诊断检查
一名15岁男性患者在睡眠中突发阴囊疼痛，查体发现右侧睾丸稍大，位置在阴囊上方，明显触痛，彩色多普勒超声检查显示右睾丸血流明显减少。根据这些症状和检查结果，最可能的疾病是什么？,睾丸扭转->症状->阴囊疼痛,0.88,症状
对于一位明确诊断为心肌梗死且拒绝入院治疗的清醒患者，医生应该如何在尊重患者自主权的同时确保其得到合适的医疗处理？,心肌梗死->并发症->心源性休克,0.65,并发症
一名24岁女性患者在咽痛2周后出现肉眼血尿，尿液分析显示红细胞遍布于视野中，且有链球菌感染病史，尿蛋白定量为0.9g/d，肾功能和血压正常，ANA结果为阴性。基于这些信息，最可能的诊断是什么？,血尿->忌吃->高盐饮食,0.18,忌吃
一名2岁患儿已患肺炎1周，近日全身中毒症状加重，并出现高热持续不退、呼吸困难加重、频繁咳嗽、面色发绀和低血压。综合这些症状，最有可能的诊断是什么？,脓胸->诊断检查->胸部X光,0.91,诊断检查
一名50岁的男性患者在饱食后出现上腹持续性胀痛，伴有全腹压痛和反跳痛，肌紧张及肠鸣音消失等症状，经过体格检查和实验室检查后，为确定最佳的治疗方案，哪种影像学检查最有价值？,腹膜炎->症状->肌紧张,0.86,症状
根据一名27岁女性患者的症状，包括跳舞后突发右下腹剧烈疼痛、伴恶心和畏冷，查体发现右附件区有一个5*6*4cm大小的囊性肿物，并且触痛明显，最可能的诊断是什么？,急性腹痛->诊断检查->超声检查,0.93,诊断检查
根据女性患者28岁，经来先期，量少或多，色红质稠，手足心热，舌红少苔，脉细数等症状，应首选哪种方剂进行治疗？,阴虚血热->症状->月经异常,0.25,症状
房颤中风后出现口舌歪斜、舌强不语、烦躁失眠、眩晕，舌质暗红少苔，脉细弦数，诊断是什么？,中风后遗症->症状->口舌歪斜,0.75,症状
一个出生7天的男婴出现了啼哭和哺乳困难，临床检查发现其两颊黏膜和软腭充血，并出现散在的白色柔软小斑点，这些斑点用力擦拭后可以去掉。根据这些临床表现，该婴儿可能患有什么疾病？,鹅口疮->症状->白色小斑点、黏膜充血、哺乳困难,0.93,症状
一名患有7年慢性腹泻的32岁男性患者，其大便每日2～3次，常带有少量脓血。通过粪便镜检发现红、白细胞均15/HP，纤维结肠镜检查显示降结肠以下黏膜充血、假息肉形成，并有少数散在浅溃疡的情况下，最合适的初始治疗药物是什么？,溃疡性结肠炎->症状->大便脓血,0.22,症状
患者出现经前吐血、衄血且出血量较多、色鲜红，伴有月经提前、量少，心烦易怒、两胁胀痛等症状。舌象为舌红、苔黄，脉象为弦数。针对上述症状，治疗应首选的方剂是什么？,肝火亢盛->治疗方法->清肝止血方,0.11,治疗方法
一个出生7天的男婴出现了啼哭和哺乳困难，临床检查发现其两颊黏膜和软腭充血，并出现散在的白色柔软小斑点，这些斑点用力擦拭后可以去掉。根据这些临床表现，该婴儿可能患有什么疾病？,鹅口疮->症状->白色斑点和黏膜充血,0.83,症状
对于一位30岁，体壮，经常便秘，每隔几天须服用泻药才能排便，大便干结，腹部胀满，并且出现烦热、口渴、口臭、舌红、舌苔黄厚，脉滑数的女性，应选择哪种方剂进行治疗？,阳明腑实->症状->便秘,0.33,症状
一名30岁男性患有十二指肠球部溃疡4年，突然出现上腹部剧痛5小时，并伴随全腹痛和大汗淋漓。体检显示全腹压痛和反跳痛。为了明确是否发生了溃疡病穿孔，急诊中应优先进行哪种检查？,消化道穿孔->诊断检查->CT扫描,0.72,诊断检查
一位35岁的初产妇在妊娠34周时出现心慌、不能平卧一天，体征为心率120次/分，呼吸30次/分，血压140/90mmHg，心界向左下扩大，双肺布满湿啰音，胎心率145次/分。请问针对这种情况，应该采取什么处理措施？,妊娠期心力衰竭->传染性->是,0.05,传染性
根据一名27岁女性患者的症状，包括跳舞后突发右下腹剧烈疼痛、伴恶心和畏冷，查体发现右附件区有一个5*6*4cm大小的囊性肿物，并且触痛明显，最可能的诊断是什么？,卵巢囊肿蒂扭转->并发症->卵巢坏死,0.69,并发症
某患者诊断为初发劳力性心绞痛，已经服用硝酸异山梨酯和地尔硫卓治疗，但仍出现频繁的自发性心绞痛发作。在这种情况下，为了预防心绞痛的进一步发作以及潜在的心肌梗死风险，应该加用哪种药物来帮助改善患者的病情？,心衰->治疗方法->利尿剂,0.15,治疗方法
一名60岁男性患者，出现左腰部酸胀痛，向左臀部及股后放射，特别是在晨起和久坐之后加重，活动后有所好转。查体发现腰椎生理弯曲变平，脊柱弹性和活动度均差，双侧腰竖脊肌痉挛，左侧尤为明显，且在L3到S1左椎旁有压痛并放射到左臀部及股后。直腿抬高试验阴性，双下肢肌力正常，皮肤感觉和反射均未见异常。根据上述临床表现，该患者最可能的诊断是什么？,腰椎间盘突出 -> 疾病描述 -> 腰椎间盘突出症,0.52,疾病描述
根据患者出现喘逆严重、张口抬肩、鼻翼煽动、呼吸困难、不能平卧、心悸、烦躁不安、面唇青紫、汗出眩冷、脉浮大无根的症状，该病例的中医诊断是什么？,喘脱证->症状->面唇青紫、脉浮大无根,0.65,症状
一个4岁的男孩1岁开始频繁惊厥，查体发现躯干部色素脱失斑，以及颜面部鼻唇沟附近有多个血管纤维瘤，怀疑是结节性硬化。为了确诊结节性硬化并检测脑室周围及皮质钙化灶，应进行哪种检查？,结节性硬化->检查疾病->头颅CT扫描,0.88,诊断检查
一名66岁男性，情绪激动后突然出现剧烈头痛、头晕、呕吐，随后表现出'三偏征'，伴随瞳孔缩小和光反射消失，这种症状最可能提示脑出血发生在何处？,丘脑出血->并发症->脑疝,0.32,并发症
一名56岁男性患者，经历2个月间断无痛全程肉眼血尿，体检结果显示肾区无叩痛，尿检红细胞充满每高倍镜视野，并且静脉尿路造影显示右肾盂有充盈缺损，这些症状和检查结果最可能提示该患者患有什么疾病？,尿路上皮癌->检查疾病->CT检查,0.25,诊断检查
一名50岁女性患者，身高154cm，体重62kg，因外阴瘙痒就诊，血糖检测结果为13mmol／L，尿糖结果为(++)，血象正常。根据患者的情况，最适宜的治疗方案是什么？,糖尿病->症状->外阴瘙痒,0.02,症状
针对5岁患者8月中旬出现高热、抽搐、面色苍白、意识朦胧及四肢凉等症状，并有食入不洁食物史，医师为确诊该患者的病情，下一步最应进行哪一项检查？,意识朦胧->可能患有疾病->中枢神经系统感染,0.88,可能患有疾病
根据CT影像结果和患者的一年余右侧腰、腹部偶尔不适症状，请描述该患者右肾的最可能诊断。,右肾囊肿->可能患有疾病->肾癌,0.14,可能患有疾病
一个56岁的患者突然出现剧烈胸背部疼痛，短时间内出现截瘫或四肢瘫，病变水平以下出现痛温觉丧失而深感觉保留，同时大小便功能障碍。基于这些症状，应诊断为何种综合征？,主动脉夹层->并发症->脊髓供血不足,0.21,并发症
一名45岁男性患者突然感到胸痛，4小时后前往医院就诊。在排除急性心肌梗死时，哪项检查最为有帮助？,急性胸痛->症状->胸部压迫感,0.68,症状
对于一名67岁有长期吸烟史并患有慢性阻塞性肺疾病（COPD）的男性患者，在经历浅昏迷和下肢水肿的情况下，若要明确诊断，首先应进行什么检查？,COPD->检查疾病->肺功能测试,0.77,诊断检查
32岁男性，右耳流脓1年，CT显示外耳道嵴骨消失、软组织密度影，听小骨及鼓室壁破坏。最可能的诊断是什么？,右耳流脓->诊断->慢性中耳炎,0.84,可能患有疾病
患者为38岁女性，双额黏膜存在白色病变1年，活检标本显示上皮萎缩、表面不全角化、上皮钉突不规则延长，基底细胞层液化变性以及固有层内近上皮区淋巴细胞浸润。根据这些病理特征，诊断应为哪种疾病？,口腔扁平苔藓->症状->白色网状条纹,0.84,症状
针对一位45岁女性患者出现右上腹胀痛伴皮肤巩膜黄染的症状，在体格检查中发现皮肤巩膜明显黄疸且腹水征为阴性，请问为了明确梗阻部位，首选的检查方法是什么？,胆管梗阻->检查疾病->腹部超声,0.38,诊断检查
左眼睑下垂、外肌瘫痪、瞳孔散大、突出、视力仅0.1，应考虑什么诊断？,动眼神经麻痹->症状->睑下垂,0.68,症状
如果患者在过去一个月内频繁出现头痛，每周发作3至4次，并且口服奈普生无法很好地缓解疼痛，为了终止头痛的急性发作，应选用哪种药物？,偏头痛->治疗方法->止吐药,0.55,治疗方法
一名30岁男性患者半年前有左膝外伤史，现出现左膝疼痛及不能伸直，伴随反复的膝关节‘交锁征’。体格检查显示回旋挤压试验阳性，抽屉试验及侧方挤压试验均阴性。根据这些资料，针对他的病情，最佳的治疗方法是什么？,半月板损伤->症状->膝关节疼痛,0.78,症状
一位17岁女性患者有腹泻、发热4天，并伴有全身皮疹出现和瘙痒2天的病史。她的病状包括黄色稀水样便、反复高热并在接受抗感染和补液治疗后病情无明显改善。目前皮疹表现为多部位大片状鲜红色隆起性红斑，伴有水肿且形状不规则。实验室检查显示白细胞增高和大便白细胞阳性。在这种情况下，指导患者治疗的主要原则是什么？,皮疹 -> 并发症 -> 药物过敏反应,0.85,并发症
一名45岁的男性由于心肌梗死导致心源性晕厥，在进行心脏除颤后恢复了窦性心律，意识清醒且血压逐渐恢复正常。为了预防酸碱失衡，应该立即补充哪种溶液？,心肌梗死->治疗方法->碳酸氢钠,0.88,治疗方法
一个1岁的孩子腹泻3天，每天大便10次，量多，呈蛋花汤样，精神萎靡，眼泪少，尿少，血清钠水平为133mmol/L，皮肤弹性差，唇红，呼吸深快。请根据这些症状和血液化验结果诊断该患儿的具体病情。,急性腹泻->并发症->代谢性酸中毒,0.68,并发症
李某，女，55岁，反复脘闷不舒5年，伴脘腹满闷，时轻时重，纳呆便溏，神疲乏力，少气懒言，舌质淡，苔薄白，脉细弱。根据她的症状和体征，治疗时应首选哪种方剂进行调理？,脾胃虚弱->常用药品->补中益气汤,0.87,常用药品
男，50岁，因肝硬化食管静脉曲张、腹水入院，放腹水后出现精神错乱、幻觉、扑击样震颤、脑电图异常等肝昏迷表现。针对该患者的情况，安排何种饮食最为合适？,肝性脑病->推荐食谱->低钠饮食,0.85,推荐食谱
对于一个12岁的患者，出现两小腿皮肤米粒大小、鲜红色、微痒且触之碍手的斑疹，应该首选哪种中药方剂进行治疗？,消风散->常用药品->荆芥,0.79,常用药品
某疟疾病患者在使用二盐酸奎宁进行抢救过程中，出现寒战、高热、血红蛋白尿等症状，此时应改用哪种药物继续进行抢救？,疟疾->常用药品->双氢青蒿素,0.77,常用药品
一名30岁男性患有十二指肠球部溃疡4年，突然出现上腹部剧痛5小时，并伴随全腹痛和大汗淋漓。体检显示全腹压痛和反跳痛。为了明确是否发生了溃疡病穿孔，急诊中应优先进行哪种检查？,消化性溃疡->并发症->胃肠穿孔,0.85,并发症
一名21岁男性，右膕窝部无痛性肿块持续2年，质地坚硬且较固定，最近局部出现疼痛。结合右股骨的正侧位X光片，最可能的诊断是什么？,皮质旁骨肉瘤->治愈概率->中等,0.06,治愈概率
一名足月顺产女婴生后8天，母乳喂养，出现食欲减退、烦躁和呕吐等症状，体检发现皮肤黄染，呼吸增快，心率加快，同时总胆红素水平升至255μmol/L。结合这些临床表现和检查结果，最可能的诊断是什么？,新生儿败血症->症状->食欲减退,0.93,症状
一名24岁的男性，患有小肠疝气，经常发作，现在表现为一侧阴囊偏坠肿胀，遇寒疼痛加重，痛引睾丸，舌淡苔白，脉弦紧。在治疗上，应该选择哪种中药来缓解症状？,寒凝肝脉->治疗方法->温阳散寒,0.65,治疗方法
38岁男性患者突然出现上腹剧痛并波及全腹，伴有面色苍白、出冷汗、全腹压痛、反跳痛和肌紧张，请问针对这种情况最先应进行哪种检查？,消化道穿孔->诊断检查->腹部立位X线检查,0.88,诊断检查
根据患者的症状表现，如外感咳嗽、气喘、习惯性便秘、舌质淡红、苔薄黄和脉滑略数，你认为治疗中应选择哪种药物进行干预？,麻杏石甘汤->治疗方法->清热化痰,0.92,治疗方法
一名20岁女性患者反复出现牙龈出血和月经量增多1年半，伴有轻度贫血，检查发现血小板低至30×10^9/L，出血时间延长但凝血时间正常，骨髓增生明显活跃且红系占30%，巨核细胞明显增多，同时骨髓内外铁减少。基于这些临床和检验结果，确定该患者的诊断。,月经量增多->可能患有疾病->子宫肌瘤,0.41,可能患有疾病
患者出现四肢厥逆、恶寒蜷卧、神疲欲寐、面色苍白、腹痛下利、呕吐不渴等症状，舌苔白滑，脉微细，根据上述症状，最适合的治疗方剂是什么？,气虚寒盛->治疗方法->补中益气汤,0.26,治疗方法
一名53岁的女性患者上腹部疼痛不适半年以上，出现进行性皮肤及巩膜黄染。超声检查显示的声像图特点是什么，可以确诊为胆总管下段癌？,胆总管下段癌->诊断检查->病理检查,0.51,诊断检查
一位24岁的孕妇，妊娠31周，表现为高血压、尿蛋白和浮肿等症状，血HCT为43%且全血黏度比值为3.8，针对这种情况，最佳的处理方法是什么？,先兆子痫->治疗方法->胎儿监测,0.68,治疗方法
26岁初产妇在妊娠39周时顺利经阴道分娩后，立即出现多量鲜红色阴道流血，持续不断。在这种情况下，最可能的病因是什么？,软产道裂伤 -> 疾病描述 -> 阴道流血,0.85,疾病描述
一名57岁男性患者，患有慢性肝炎超过8年，目前症状为右胁下出现质地稍硬且固定不移的积块，按压时感到胀痛，伴有形体消瘦、食欲减退、面色晦暗、舌质暗以及脉细涩。根据这些症状，应选用哪种方剂进行治疗？,血瘀->常用药品->膈下逐瘀汤,0.68,常用药品
一名35岁男性突发上腹部剧痛2小时，伴有恶心呕吐。体检发现腹部板样强直，全腹明显压痛，肠鸣音消失，肝浊音界缩小。在这种情况下，哪一种检查最有针对性能够帮助诊断？,急性胃溃疡->诊断检查->胃镜检查,0.42,诊断检查
对于一个6岁的男性儿童，摔倒后皮肤伤口持续渗血，左膝关节肿大并从关节腔抽出血性积液，此时最重要的检查是什么？,儿童关节积血->可能患有疾病->血友病A,0.87,可能患有疾病
一位55岁的女性患者因肝硬化引起的门静脉高压出现呕血和黑便，入院后为了止血，应该选用哪种药物？,门静脉高压->常用药品->特利加压素,0.88,常用药品
根据患者的症状表现和体质情况，怀孕50天的女性患者出现腰酸腹痛、阴道少量出血等问题，首选哪种中药进行治疗？,寿胎丸->治疗方法->安胎止血,0.87,治疗方法
一名21岁男性，右膕窝部无痛性肿块持续2年，质地坚硬且较固定，最近局部出现疼痛。结合右股骨的正侧位X光片，最可能的诊断是什么？,皮质旁骨肉瘤->症状->局部疼痛,0.82,症状
26岁男性，右下颌肿块，穿刺出黏稠液体，诊断是什么？,右下颌肿块->诊断->颌下腺囊肿,0.84,可能患有疾病
对于一名41岁女性，身高164cm、体重65kg，在近半年表现出多饮、多尿及乏力症状，血压为20／13.3kPa，空腹血糖为6.9mmol/L。在该情况下，哪项检查可以明确诊断为糖尿病？,糖尿病->检查方法->血糖监测,0.72,诊断检查
一名15岁男性患者在睡眠中突发阴囊疼痛，查体发现右侧睾丸稍大，位置在阴囊上方，明显触痛，彩色多普勒超声检查显示右睾丸血流明显减少。根据这些症状和检查结果，最可能的疾病是什么？,睾丸扭转->诊断检查->睾丸血流减少,0.31,诊断检查
根据以下症状描述，患者白带量多，外阴瘙痒，白带呈豆腐渣样，伴有心烦失眠，舌苔黄腻，脉弦，其分泌物检查结果为霉菌(+)。请问，应选用哪种中药方剂进行治疗？,湿热下注 -> 推荐食谱 -> 绿豆粥,0.26,推荐食谱
一名42岁的男性患者，突然出现阵发性腹痛，伴有腹胀和呕吐2天，体温38.5℃，脉搏93次/分，血压100/60mmHg。腹部饱胀并胀气，右下腹部有压痛，肠鸣音亢进。腹部X线平片检查显示小肠高度胀气、扩张，并有多个液气平面。请根据以上症状和检查结果，诊断该患者可能的疾病类型。,腹部X线平片 -> 检查疾病 -> 小肠梗阻,0.87,诊断检查
3岁男孩，症状包括咳嗽重浊、痰多色白清稀、喉间痰声辘辘、纳呆，舌质淡红、苔白腻、脉滑，应该选用什么方剂进行治疗？,痰湿困肺->常用药品->健脾化湿汤,0.58,常用药品
一名38岁女性患者，近半月来感到乏力、咽痛和阵发性刺激性咳嗽，无痰，3日来发热，X线检查发现双下肺有炎症浸润阴影。基于这些症状和检查结果，请问治疗该患者最合适的首选药物是什么？,肺癌->症状->胸痛,0.01,症状
一名6个月大的男婴患有化脓性脑膜炎，经过抗生素治疗后情况好转，但体温下降后原方案继续进行，两天后体温再次升高至39°C，并伴有频繁呕吐和前囟饱满的症状。请问在这种情况下，应首先考虑哪种病情变化？,高热+呕吐+前囟饱满->可能患有疾病->继发性脑积水,0.68,可能患有疾病
一位40岁女性，体型偏胖，近2年反复出现清晨不易唤醒的情况，喝糖水后可以缓解，并且发作逐渐频繁。根据这些症状，最可能的诊断是什么？,清晨不易唤醒->症状->低血糖,0.88,症状
一名37岁男性，行胃癌根治术后一个多月，反复上腹胀和呕吐十天。请描述该患者所接受的具体根治术类型。,胃癌->并发症->胃排空障碍,0.34,并发症
在头皮撕脱伤患者中，如果撕脱面积较大且骨膜完整，但无法进行头皮回植的情况下，最佳的治疗方法是什么？,头皮撕脱伤->治疗方法->游离皮瓣,0.85,治疗方法
一名25岁的初产妇，在足月妊娠后阴道顺产，产后两天突然出现剧烈的左下腹痛，伴随恶心和呕吐。妊娠期间曾有两次左下腹痛发作，在翻身后疼痛减轻。检查时发现体温36.7℃，脉搏每分钟100次，宫底在脐下一指，子宫左侧能触及一个界限尚清楚并且有明显压痛的拳头大小的包块。最可能的诊断是什么？,卵巢囊肿蒂扭转->并发症->坏死,0.62,并发症
在患者女性17岁海鲜过敏后的这次急性发作中，若出现喘急鼻煸、张口抬肩、胸高气促、面青、汗出、肢冷、脉浮大无根的症状，应使用什么药物进行治疗？,过敏性休克->治疗方法->肾上腺素,0.62,治疗方法
一位40岁的男性患者突发眩晕、视物旋转、恶心、呕吐2天，并伴有右侧耳鸣和听力减退，血压正常，眼震阳性，四肢肌力正常，病理征阴性，病前1周有上呼吸道感染史。基于这些临床表现，他最可能患有什么类型的眩晕？,迷路炎->症状->眩晕,0.88,症状
一名6岁男孩发热持续两周，并出现关节游走痛。体检发现心率每分钟100次，心尖区有二级收缩期杂音，C反应蛋白呈阳性，血沉增快，疑似风湿热。对于这种情况，首选哪种药物进行治疗？,风湿热->治疗方法->抗炎药,0.68,治疗方法
根据以下症状：患儿男，10岁，受凉后出现发热、咳嗽、乏力，随后出现心悸、胸闷、烦躁不安。查体时面色苍白、皮肤发凉、血压降低、心率加快，第一心音低钝，面诊给予扩容及血管活性药物后，病情加重至神志不清、面色青灰、呼吸急促，血压测不到。请问该患儿的休克类型是什么？,心率加快->宜吃->温补食物,0.07,宜吃
根据以下症状：发热有汗不解、口渴不欲多饮、胸闷气粗、入夜烦躁、梦语如谵、恶心呕吐、小溲短赤、舌苔黄腻、脉濡数，该患者的病证类型是什么？,暑湿弥漫三焦->治疗方法->清热解毒,0.78,治疗方法
一名67岁女性患者，乳腺出现包块并伴有乳头溢液，病程为一个多月，通过X线检查后，你认为最有可能是什么诊断？,乳腺疾病->并发症->乳腺炎,0.19,并发症
一位19岁的女性患者，表现为经期前后不定，经量或多或少，经行不畅且有血块，并伴有胸胁、乳房和少腹的胀痛，精神抑郁，舌苔薄白，脉弦。根据这些症状，最适合的中医治疗方剂是什么？,肝气郁结->宜吃->玫瑰花茶,0.58,宜吃
一位35岁的女性病人在输血后1小时内出现畏寒、寒战高热、头痛、出汗、恶心、呕吐和皮肤潮红，体温达到40℃。结合其有输血史的情况，最可能的临床诊断是什么？,输血反应->诊断检查->血液交叉配型试验,0.89,诊断检查
对于一名患有风湿痹痛多年的61岁女性患者，出现腰膝酸痛、筋骨痿软无力、脉弦细等症状，应选择哪种药物进行治疗？请说明原因。,肝肾亏虚->常用药品->左归丸,0.85,常用药品
描述患者症状为：日晡潮热、谵语、纯利稀水、恶臭异常、腹胀硬痛、肛门灼热、舌苔黄燥、脉沉有力。这种情况下，应该采用哪种中药汤进行治疗？,调胃承气汤->宜吃->山楂粥,0.57,宜吃
对于一名患有急性肾炎且表现有高血压、水肿、尿量减少、呼吸困难、心音低钝、肝肋下2cm增大以及X线示肺纹理增强的10岁儿童，这些体征和症状最可能提示哪个病理状态？,水肿->治疗方法->抗生素,0.19,治疗方法
一位三十岁女性患者右前臂伸侧有散在分布的环状结节，直径5mm至3cm，皮损呈淡红色且表面光滑，质地坚韧且界限明确，无明显自觉症状。根据这些特征，患者最可能的诊断是什么？,环状肉芽肿->常用药品->抗炎药,0.21,常用药品
26岁女性人流术后微热、下腹坠痛、子宫触痛，应考虑哪种疾病？,不全流产->并发症->大出血,0.35,并发症
针对一位颈部疼痛、四肢无力2年，并在检查时发现第二肋间感觉明显减弱的患者，哪种检查对于确诊最有意义？,颈部疼痛->可能患有疾病->颈椎病,0.85,可能患有疾病
袁女士在妊娠25周前检查正常，但在26周出现水肿，30周出现头晕、眼花，并且检查结果显示血压为213／146kPa(160／110mmHg)，水肿程度为(+++)，尿蛋白为(++)，请诊断她的病症。,重度子痫前期->并发症->子痫,0.74,并发症
一名58岁男性患者，有5年糖尿病史，服用格列本脲，但在近期出现尿频、尿痛、尿急，并于昨天昏迷。其化验结果显示空腹血糖为24.0mmol/L，血钠为148mmol/L，血尿素氮为7.08mmol/L，尿糖为+++，尿酮为++。根据这些症状和化验结果，应诊断为何种病症？,糖尿病酮症酸中毒->治疗方法->静脉输液,0.83,治疗方法
针对一名60岁的男性患者，他在过去2周有多饮多尿的症状，并在过去2天内感到嗜睡，出现脱水表现。化验显示血尿素氮为42.9mmol/L，血钠为150mmol/L，尿酮体阴性，诊断为高渗性非酮症糖尿病昏迷。请问对此患者宜采用什么治疗措施？,血钠150mmol/L->诊断检查->血电解质分析,0.72,诊断检查
41岁男性患者因土石方塌方受伤，腰椎1压缩性骨折，椎体前缘压缩约1/4。最佳治疗方案是什么？,腰椎压缩性骨折->治疗方法->保守治疗,0.88,治疗方法
足月女婴出生6小时全身黄染橘色，哭闹不安，尿色黄，舌红苔黄腻，指纹紫滞。中医治法？,肝胆湿热->治疗方法->清泻肝胆湿热,0.63,治疗方法
一名21岁的男性，近1周来突然感到乏力、厌食，并且右上腹隐痛。体检显示肝大肋下2cm，质中且有压痛。在怀疑为急性病毒性肝炎的情况下，应立即进行何种检查来确诊？,乙型肝炎->诊断检查->HBsAg,0.84,诊断检查
一位55岁的女性患者因肝硬化引起的门静脉高压出现呕血和黑便，入院后为了止血，应该选用哪种药物？,门静脉高压->治疗方法->内镜下套扎术,0.59,治疗方法
一位40岁的男性无意中发现左侧阴囊有一硬结且无疼痛，体检发现左侧附睾尾部有结节状包块，并伴有同侧输精管的'串珠样'增粗。针对这种情况，首先应该进行什么检查以排除或确诊相关疾病？,阴囊超声->可能患有疾病->精囊炎,0.39,可能患有疾病
根据患者的症状和化验结果，该患者出现咽痛、鼻塞、低热、下颌淋巴结肿大，血白细胞计数偏低，请描述可能出现的与此病情相关的并发症。,传染性单核细胞增多症->并发症->肝脾肿大,0.85,并发症
一名50岁女性患者，身高154cm，体重62kg，因外阴瘙痒就诊，血糖检测结果为13mmol／L，尿糖结果为(++)，血象正常。根据患者的情况，最适宜的治疗方案是什么？,糖尿病->常用药品->胰岛素,0.74,常用药品
患者是一名50岁肥胖男性，经常感到胸闷、憋气和胸痛，有时疼痛会放射至背部，舌质紫暗而苔薄腻，脉象弦滑。在治疗过程中，应该选择哪种中药来缓解患者的症状？,气滞血瘀->治疗方法->活血化瘀,0.68,治疗方法
根据24岁男性患者间断胸痛、低血压、身体特征（如蜘蛛指、漏斗胸）和心脏超声检查结果，确定导致其主动脉夹层的易患因素是什么？,主动脉夹层->症状->低血压,0.55,症状
56岁男性充血性心力衰竭，心率100～110次/分钟，使用地高辛两周无明显效果，应该选择哪种药物治疗？,心力衰竭->治疗方法->美托洛尔,0.85,治疗方法
对于药物治疗无效的反复发作室性心动过速或心室颤动的心力衰竭患者，最适宜的治疗方法是什么？,心室颤动->并发症->心源性猝死,0.18,并发症
一名20岁的女性患者在劳累后出现畏寒、高热和右胸痛。体检显示急性病容，口周有疱疹，右肺中下部分闻及管性呼吸音。根据这些临床表现，最可能引起她右肺炎的病原体是什么？,克雷白杆菌->传染性->否,0.06,传染性
针对一位45岁女性患者出现右上腹胀痛伴皮肤巩膜黄染的症状，在体格检查中发现皮肤巩膜明显黄疸且腹水征为阴性，请问为了明确梗阻部位，首选的检查方法是什么？,胆管梗阻->常用药品->胆道清除药,0.56,常用药品
一位女性患者人工流产术后4天出现寒战、高热，小腹疼痛拒按，并伴有颜色暗如败酱且气味臭秽的阴道出血。她还感到口干喜饮，舌质红，苔黄腻，脉弦数。针对这种情况，治疗的最佳方剂是什么？,人工流产术后感染->并发症->盆腔脓肿,0.19,并发症
一位28岁的男性因心悸气急被诊断为风湿性心脏病。最近一周症状加重，无法平卧，体检发现颈静脉充盈，心界左扩大，心率每分钟130次，心律齐整，心尖部闻及奔马律和Ⅲ级收缩期杂音，两肺底有细湿啰音，下肢稍肿。在这种情况下，综合治疗中哪种处理方法被认为效果最佳？,风湿性心脏病->并发症->急性左心衰,0.24,并发症
对于一位怀孕5个月的女性患者，出现尿少、尿液颜色偏黄、排尿艰涩疼痛、面色发红、心烦、口舌生疮等症状，伴随舌红苔黄和脉细滑数，应该采用哪种治疗方法？,妊娠期疾病->症状->口舌生疮,0.55,症状
根据一个54岁女性病人的情况：她反复尿频尿急4个月，并在最近3天症状加重伴有腰痛，尿检显示白细胞5～20/HP，红细胞10～25/HP，蛋白0.3g/L，夜尿增多，晨尿比重为1.010，pH值6.7，最可能的诊断是什么？,急性肾盂肾炎->治疗方法->抗生素治疗,0.23,治疗方法
在45岁女性接受回肠及部分空肠切除术后，出现每日10余次稀水样便，进食后病情加重的情况下，导致腹泻的主要原因是什么？,短肠综合征->症状->体重减轻,0.42,症状
一名9岁男孩患者在外伤后出血不止，实验室检查显示白细胞5×10^9/L，血红蛋白110g/L，血小板101×10^9/L，出血时间正常，凝血时间正常，KPTT为80s（正常对照30s），可被正常血清纠正，但不能被钡吸附正常血浆纠正。根据这些临床和实验室检查结果，请给出该患者的诊断。,血友病B->症状->外伤后出血不止,0.82,症状
一名3岁男孩被诊断为营养性缺铁性贫血，伴有面色萎黄、唇甲淡白、发黄枯燥、容易脱落、心悸气短、头晕目眩、入睡困难、声音低微、精神萎靡、食欲不振、舌淡红、苔薄白、脉细弱、指纹淡红的症状。针对这些症状中医应首选哪种方剂进行调理？,声音低微->忌吃->寒凉食物,0.48,忌吃
一个50岁女性，绝经1年，出现阴道流血1个月，阴道细胞学检查显示不典型腺上皮纤毛细胞，其最可能的诊断是什么？,子宫内膜癌->可能患有疾病->子宫内膜增生,0.25,可能患有疾病
一位46岁女性有3年高血压病史，服用降压药钙拮抗剂，血压控制不满意，出现下肢乏力，尤其长时间行走时，B超检查发现右肾上腺有直径2cm的占位病变。在手术前准备期间，为改善和控制她的高血压，应首选哪种口服药物？,高血压->常用药品->阿莫地平,0.18,常用药品
根据以下情况诊断该患者的高血压状态：女性，46岁。发现血压增高7年，血压经常在21/12～13kPa(160/90～98mmHg)。1年来多次尿液检查蛋白(+)，红细胞(+)。本次因症状加重入院。入院后心电图正常，尿液检查蛋白(+)，红细胞(++)。血清肌酐125μmol／L，血钾为4.2mmol／L，眼底检查可见动静脉有交叉压迫现象。,蛋白尿->可能患有疾病->高血压肾病,0.82,可能患有疾病
女性，22岁。感冒发烧后出现心悸、胸闷、呼吸困难及浮肿，查体显示心律不齐，心电图显示频发室性早搏。为了进一步明确诊断，应考虑进行哪项检查？,心肌炎->治疗科室->心内科,0.67,治疗科室
对于一名35岁男性患者，患有血友病10年，近期出现发热、腹泻超过一个月，全身淋巴结肿大，CD4+/CD8+比值为0.8。在这样的情况中，可以使用哪种药物进行治疗？,血友病->治疗方法->化疗药物,0.14,治疗方法
一个8岁男孩，身材矮小，上下肢比例正常，面容较幼稚，腹部皮下脂肪丰满，手腕骨X线片显示骨龄为5岁。根据这些临床特征，他可能患有什么疾病？,生长激素缺乏症->并发症->骨折,0.08,并发症
一个2岁儿童出生后每天哭闹时出现嘴唇发绀，并伴有呼吸困难，最近母亲发现孩子手指末端也出现发绀，指甲末端拱形隆起和手指末节膨大，试分析导致手指变化的最可能原因是什么？,先天性心脏病->症状->指甲末端隆起,0.82,症状
一名56岁男性患者，经历2个月间断无痛全程肉眼血尿，体检结果显示肾区无叩痛，尿检红细胞充满每高倍镜视野，并且静脉尿路造影显示右肾盂有充盈缺损，这些症状和检查结果最可能提示该患者患有什么疾病？,尿路上皮癌->诊断检查->静脉尿路造影,0.84,诊断检查
对于一个2岁的孩子，出现形体消瘦、面色萎黄、毛发稀疏、食欲不振、易发脾气、大便不调且有酸臭味、尿如米泔等症状，并体重仅10kg，舌质淡红舌苔薄白时，应首先考虑是哪种中医诊断？,疳证->症状->胃肠功能不良,0.61,症状
一名5岁女孩体格发育落后，自幼啼哭时唇面青紫，喜蹲踞，近2年活动后出现心悸、气促，并伴有明显发绀。体检无明显杵状指，血压90/60mmHg，胸骨左缘2～3肋间有3/6级收缩期杂音伴收缩期震颤，P2减弱且有单一感。EKG示电轴右偏，RV120mm。胸片显示靴形心，心腰凹陷，心尖上翘且肺纹理稀少。根据以上信息，最可能的心脏病诊断是什么？,法洛四联症->治疗科室->心胸外科,0.16,治疗科室
一名23岁男性患者出现行走跛行、外展受限和两下肢不等长的症状，结合影像学检查，最可能的诊断是什么？,髋关节后脱位->症状->行走跛行、外展受限和两下肢不等长,0.92,症状
一名3岁女孩，有青紫型先天性心脏病，连续5天发热伴腹泻，并在1天内出现头痛、两次惊厥以及左侧肢体活动障碍，这种情况下最可能的诊断是什么？,脑栓塞->症状->惊厥,0.56,症状
一位32岁的女性患者，表现为漫肿无头、皮色不变、酸痛无热、口中不渴，舌淡苔白，脉沉细。根据以上症状，应首选使用哪种中药？,桂枝->忌吃->寒凉食物,0.06,忌吃
26岁男性，右下颌区肿块超过4个月，抗感染治疗无效，穿刺出黏稠液体，口腔内部无异常，最可能的诊断是什么？,右下颌肿块->并发症->恶性肿瘤,0.54,并发症
一位67岁女性在导管室进行冠状动脉介入治疗时突发心悸和气短，体检显示血压为80/70 mmHg，口唇无发绀，颈静脉怒张，心率为90次/分且心律齐，心音低顿，并出现奇脉。在冠脉介入治疗已停止后，应立即采取什么治疗措施来改善病情？,心包填塞->治疗科室->心脏外科,0.14,治疗科室
对于一名怀孕35周的25岁初孕妇，出现高血压160/110mmHg，下肢水肿（++），尿蛋白（+++），并伴有头痛和视物模糊的症状，首选哪种药物进行治疗？,子痫前期->常用药物->拉贝洛尔,0.82,常用药品
一名35岁男性患者，反复腹泻4年，大便中常见食物残渣，多次大便常规和培养均正常，肠镜检查结果如图所示。根据这些信息，应该采用哪种根本治疗方案来解决其腹泻问题？,胰腺外分泌功能不全->治疗方法->口服药物,0.75,治疗方法
3岁女孩，身高75cm，智力低下，鼻梁低平，舌体宽厚，常伸出口外，伴腹轻胀、便秘及脐疝的症状，这些临床表现最可能指向哪种疾病的诊断？,克汀病->推荐食谱->含碘食物,0.69,推荐食谱
10岁男孩阑尾切除术后出现面色苍白、皮肤湿冷、心率110次/min、血压80/60mmHg等症状，并未解小便。为明确诊断，应首先采取什么措施？,休克->治疗方法->快速补液,0.05,治疗方法
一名52岁的男性患者，近2个月来出现排便次数增多、肛门坠胀感、排便不尽感、粪便变细，并常有粘液血便，体重下降。直肠指诊发现肿块，病理检查证实为直肠腺癌，肿瘤下缘距肛门约10厘米，肿块直径约4厘米。针对这种情况，最佳的手术方式是什么？,直肠腺癌->治疗方法->全结肠切除术,0.68,治疗方法
一位38岁男性患者在高温环境工作3天后出现头痛、嗜睡、面色潮红等症状，要明确诊断，进行哪项体格检查最有价值？,高温环境工作->症状->嗜睡,0.45,症状
根据患者黄疸消退后出现的症状，如脘腹痞闷、肢倦乏力、胁肋隐痛不适、饮食欠香、大便不调、苔薄白、脉弦细，请诊断其证候是什么？,肝脾不调->症状->脘腹痞闷,0.91,症状
一位17岁女性患者，下颌发育不良，颏部外形欠佳，面部下1/3高度偏大，表现开5mm，覆盖8mm，Ⅱ类咬合，伴上下颌前牙拥挤、前牙开及唇侧扭转，生长发育接近完成。应采取哪些治疗措施？,Ⅱ类咬合->治疗方法->外科正颌手术,0.82,治疗方法
孙某，女性，60岁，长期喘息，气短，动时加重，吸气不利等症状，容易在劳累后发作。结合这些症状，应针对哪种病机进行治疗？,喘息->症状->化痰祛湿,0.78,症状
一个患者，女性，21岁，14岁时初潮。她在每次月经期间都会感到小腹冷痛，喜欢温暖和按压，经量少，颜色黯淡，并且有腰膝酸冷的症状。舌苔淡白润，脉沉。在中医辨证中，这种情况一般归为哪种证型？,阳虚内寒->症状->小腹冷痛,0.78,症状
一位32岁的女性左乳头溢液呈酱红色，并发现左乳晕旁有肿块。请问在这种情况下，目前最有诊断价值的检查方法是什么？,乳腺病变->检查方法->乳腺活检,0.62,诊断检查
一个50岁女性，绝经1年，出现阴道流血1个月，阴道细胞学检查显示不典型腺上皮纤毛细胞，其最可能的诊断是什么？,绝经后出血->症状->宫颈病变,0.56,症状
患者出现四肢厥逆、恶寒蜷卧、神疲欲寐、面色苍白、腹痛下利、呕吐不渴等症状，舌苔白滑，脉微细，根据上述症状，最适合的治疗方剂是什么？,热毒内盛->治疗方法->黄连解毒汤,0.13,治疗方法
一个8岁男性患者发现右阴囊内肿块1年，该肿块无痛且平卧时消失，扪之囊性感，透光试验呈阳性。请问根据这些情况，首选的治疗方法是什么？,透光试验阳性->可能患有疾病->交通性鞘膜积液,0.87,可能患有疾病
一名30岁的女性患者，出现尿频、尿急、尿痛症状已有一年。超声波检查发现其右肾轻度肿大，实质结构紊乱，并存在多个大小不等的不规则液性腔及钙化灶，且部分液性腔相互沟通并与扩张的肾盂相连，液性腔及肾盂的壁不规则，右输尿管全程扩张，膀胱壁表现为弥漫性增厚和僵硬，以及容积明显缩小。请综合描述最可能的诊断是什么？,肾结核->检查疾病->尿液分析,0.12,诊断检查
对于一名12岁患儿，痫病发作10年且屡发不止，并伴有智力迟钝、记忆力差、少气懒言以及肢体不温等症状，舌淡苔白，脉沉细，哪种治疗方法最为适宜？,痫病->治疗方法->左归丸,0.53,治疗方法
一个8岁男孩出现头痛，CT显示松果体区有结节状稍高密度影，并出现明显增强，且侧脑室室管膜增厚。根据这些临床和影像学特征，这名男孩最可能患有什么类型的肿瘤？,室管膜增厚->症状->脑脊液播散,0.76,症状
一名1岁患儿腹泻伴中度脱水和酸中毒，经过补液及纠正酸中毒的治疗后出现腹胀、心音低钝和四肢腱反射减弱，这个患儿最可能出现了什么并发症？,低钾血症->症状->腹胀和腱反射减弱,0.81,症状
一位43岁已婚女性，月经过多持续3年，本次月经持续超10天，经肌注丙酸睾丸酮后见好转。妇科检查显示宫颈糜烂Ⅰ°，子宫大小如鹅卵，质软，活动性良好，无附件异常，宫颈刮片未见癌细胞，血红蛋白60g/L。根据这些情况，最恰当的处理措施是什么？,月经过多->治疗方法->丙酸睾丸酮,0.82,治疗方法
一名患有急性昏迷的患者出现轻度黄疸、双侧肢体肌张力对称性增高、瞳孔等大，并且尿蛋白及糖定性均为阴性。结合这些症状，这名患者最可能的诊断是什么？,瞳孔等大->诊断检查->脑CT,0.28,诊断检查
对于一名70岁男性患者，半年来在劳累时出现胸痛和气短，且活动如扫地和平地行走受限。该患者既往有10余年高血压病史，20岁时曾患肺结核。在这种情况下，要进一步检查以评估他的心脏功能，首选的检查方法是什么？,心脏功能不全->检查疾病->冠状动脉CTA,0.06,诊断检查
一位8岁的男孩在吃生黄瓜后出现腹部不适，高热和抽搐，查体显示神志不清，瞳孔等大且对光反射好，颈软，血压10.7/6.7kPa(80/50mmHg)。在这种情况下，首选的检查是什么？,感染症状->检查方法->血液培养,0.67,诊断检查
一名64岁的女性患者，2年来偶尔感到心悸，但无黑朦及晕厥症状，多次心电图检查显示为房颤且心率在65至89次每分钟之间。针对这种情况，她的心律失常应该如何治疗？,心悸->忌吃->咖啡因类饮料,0.19,忌吃
对于一名65岁患有慢性肺源性心脏病的女性患者，近两年来咳喘反复发作，并有心悸、气短、乏力的症状，因两日前感受风寒导致咳逆痰多、喘息不得卧及舌质暗浮、苔白腻略黄，该患者应首选哪种中药进行治疗？,慢性肺源性心脏病 -> 推荐食谱 -> 川贝炖雪梨,0.27,推荐食谱
对于一名28岁女性患者，表现为胸膈胀闷、上气喘急、心下痞满、不思饮食、腹满胀痛、大便秘结、嗳气，脉弦，您会优先考虑使用哪种中药来改善她的症状？,胃肠功能障碍->症状->嗳气,0.58,症状
男性，30岁，持续低热，咳嗽并痰中带血丝20天，胸片显示右肺上叶不张。这种情况下，最可能的诊断是什么？,肺结核->症状->低热,0.79,症状
一位28岁的男性被沸水烫伤，各部位表现出不同症状。左上肢、颈部、胸腹部、双足和双小腿有水泡且剧痛，右手掌有焦痂呈皮革状且不痛，面部有红斑表面干燥，并发生低血容量性休克。请计算该患者Ⅱ度烧伤的总面积百分比。,水泡->症状->Ⅱ度烧伤,0.89,症状
一名30岁的男性患者因左上后牙3天的肿痛就诊，检查发现26牙齿咬合面深龋及髓，无探痛，Ⅲ度松动，叩痛（+++），牙龈轻微红肿，有按压疼痛感，但无波动感。基于这些症状，应该做出什么诊断？,急性根尖周脓肿->症状->叩痛,0.87,症状
根据一位36岁男性患者的症状表现：腹痛痞满拒按，烦渴引饮，大便秘结，潮热汗出，舌质红，苔黄腻，脉滑数，应选择哪种中药方剂进行治疗？,阳明腑实证->治疗科室->中医内科,0.18,治疗科室
患者多次流产，现表现为腰酸膝软、足跟痛、头晕耳鸣、手足心热、两颧潮红、大便秘结，舌红少苔，脉细数等症状。根据这些症状，应该首选哪种中药方剂进行治疗？,肾阴虚->常用药品->育阴汤,0.87,常用药品
患者女性，30岁，因进行性心悸、气促3个月来诊，查体发现BP90/70mmHg，心界向双侧扩大，随体位改变，伴有奇脉，心率120次/分，律齐，心音低弱遥远，无病理性杂音。根据这些临床表现，最可能的诊断是什么？,心音低弱遥远->可以治疗疾病->补钙药物,0.06,可以治疗疾病
根据患者的症状和体征及确诊的胃癌情况，针对这名46岁女性患者，持续性上腹痛并伴有腹水，直肠前壁有坚硬结节，最合理的治疗方案是什么？,胃癌->治疗方法->全身化疗,0.78,治疗方法
一名30岁女性因尿频、尿痛、血尿伴发热就医，经过12天连续静滴庆大霉素治疗后症状消失。但她逐渐出现颜面浮肿，尿量减少至每天约600ml，并伴随血肌酐从70μmol/L升至489μmol/L，尿蛋白阳性，尿沉渣中可见上皮细胞管型，B超未见肾盂积液。根据这些临床表现和检查结果，她的最可能诊断是什么？,肾小管坏死->症状->少尿,0.55,症状
一名50岁女性，患有糖尿病10年，症状包括经常性咳嗽半年、昨日突然咯血，以及胸片显示右肺上野出现直径1厘米的空洞，基于这些症状和检查结果，最可能的诊断是什么？,咯血->可能患有疾病->肺结核,0.85,可能患有疾病
一位69岁男性患者，吸烟20年，最近出现刺激性咳嗽和痰中带血丝，胸部X线片显示右肺上叶结节影。请问针对这种情况，应首选哪种检查方式来确定诊断？,肺癌->诊断检查->支气管镜检查,0.85,诊断检查
一名37岁的男性患者出现腹泻和呕吐，在体检时有口唇干燥、眼窝下陷及低血压的症状。请问，在这种情况下，哪一种确诊方法是最重要的？,淡盐水->食物有益于疾病->脱水,0.01,食物有益于疾病
一名57岁男性患者，患有慢性肝炎超过8年，目前症状为右胁下出现质地稍硬且固定不移的积块，按压时感到胀痛，伴有形体消瘦、食欲减退、面色晦暗、舌质暗以及脉细涩。根据这些症状，应选用哪种方剂进行治疗？,甜食->食物有害于疾病->肝硬化,0.37,食物有害于疾病
根据患者描述：水肿多年，尤其下肢明显，按压后不易恢复；伴有脘腹胀闷、食欲不振、便溏、面色萎黄、精神疲倦、四肢寒冷以及小便短少。舌淡胖，有齿痕，舌苔白腻，脉沉弱等症状，最适合采用哪种中医方剂进行治疗？,糖尿病->治疗方法->注射胰岛素,0.01,治疗方法
在跌倒时手掌撑地导致腕部肿胀、酸痛无力，局部有压痛以及桡腕关节活动受限且X光片无骨折征象的情况下，该患者应该被诊断为什么疾病？,软组织损伤->治疗方法->适当休息,0.92,治疗方法
根据患者的症状：心悸不宁，心烦少寐，头晕目眩，手足心热，口干口渴，耳鸣腰酸，舌红，少苔，脉细数，应该选用哪种中药材配伍治疗？,心肾不交->治疗方法->六味地黄丸,0.92,治疗方法
一名55岁男性患者，出现右上腹痛2个月，伴有皮肤和巩膜黄染15天，并进行性加重，查体显示胆囊肿大，超声提示肝内胆管扩张且胆囊肿大，在胰腺平面以上肝外胆管扩张但胰头及胰管无明显异常的情况下，最可能观察到的影像学征象是什么？,肝门部胆管癌->并发症->胆囊肿大,0.73,并发症
一位44岁男性患者，出现发热、畏寒、全身酸痛等症状，自行按感冒治疗后体温仍上升。经过一系列检查后被诊断为急性白血病。为了寻找发热的原因，除了哪项检查之外，其他检查应立即进行？,腹腔CT->诊断检查->感染,0.08,诊断检查
"根据一位76岁女性患者的情况，她有慢性咳嗽、咳痰病史超过20年，近期感冒后症状加重，并伴随显著气短，血气分析结果为pH 7.32, PaCO2 75 mmHg, PaO2 45 mmHg。在此情况下，医生认为应严格控制她吸氧时的氧浓度。请问，该患者吸氧时的氧浓度应控制在多少范围内？",感冒->传染性->流感,0.63,传染性
请描述一个12岁男性患儿，表现为身材矮小、长期面色苍白、乏力，巩膜轻度黄染并且脾大肋下3cm时，其实验室检查中最可能出现什么异常结果？,地中海贫血->实验室检查->血红蛋白电泳异常,0.31,诊断检查
当患者出现晕厥发作，心电图显示多形性宽QRS波心动过速，主波方向围绕等电位线上下改变时，应考虑哪种诊断？,尖端扭转型室速->症状->晕厥,0.88,症状
一名49岁的女性患者，上唇部有不适感3天，检查发现上唇皮肤有多个水疤并有强烈的不适感，抗单纯疱疹病毒抗体价高于正常值64倍。请问该病可能的诊断是什么？,单纯疱疹->常用药品->阿昔洛韦,0.75,常用药品
一位24岁的男性患者出现四肢发作性抽搐，昏迷且有Babinski征阳性的症状，没有肢体瘫痪，应该选择哪种药物进行首次治疗？,癫痫发作->治疗科室->神经内科,0.56,治疗科室
70岁女性行走中滑倒致右髋部疼痛，伴右下肢缩短、外旋畸形，应诊断为何种骨折？,股骨骨折->治疗科室->骨科,0.12,治疗科室
一名38岁男性患者，出现黄疸迅速加重和神志恍惚等重症肝炎表现。其肝功能化验结果显示ALT升高，TBIL增高，胆碱酯酶降低。哪项检查对于确诊他是否患有重症肝炎最有价值？,凝血功能->诊断检查->PTA下降,0.85,诊断检查
65岁男性患者，40多年咳嗽病史，近期病情加重，表现为神志恍惚、谵语、烦躁不安等，应该使用哪种中医治疗方法进行治疗？,痰湿内扰->治疗方法->化痰止咳,0.78,治疗方法
一位49岁的男性患者，反复发作性癫痫，双手震颤5年，伴有头晕和行走不稳，生化检查显示血清钙降低和血清磷升高。根据这些症状和实验室检查结果，你认为最可能的诊断是什么？,甲状旁腺功能减退症->症状->手震颤,0.75,症状
一名60岁的男性患者，经历双手肌肉萎缩4年。体检显示神志清楚，双侧C4至T3节段性分离性感觉障碍。颈椎MRI检查提示C至T段脊髓空洞，增强后C至T段脊髓空洞内均匀强化。基于这些特征，什么是最可能的诊断？,脊髓室管膜瘤->症状->双手肌肉萎缩,0.85,症状
对于一名75岁的男性患者，有16年高血压病史，平时血压为170/70mmHg，实验室检测显示空腹血糖为5.6mmol/L，肌酐为180μmol/L，尿蛋白为(++)，其收缩压至少应控制在多少以下？,高血压->诊断检查->血糖检测,0.48,诊断检查
心理医生通过详细了解病史和周密检查后，明确告诉患者他的躯体症状是功能性的而非严重的器质性疾病，从而减轻了患者的焦虑。心理医生这种行为在心理支持中被称为什么？,心理支持->治疗方法->心理教育,0.88,治疗方法
一名14岁男孩在右大腿深部巨大血管瘤手术后，伤口愈合良好，但在拆线后下床活动5分钟后突然晕倒并抢救无效死亡，在这种情况下最有可能的死因是什么？,急性肺栓塞->症状->呼吸困难,0.88,症状
对于一位明确诊断为心肌梗死且拒绝入院治疗的清醒患者，医生应该如何在尊重患者自主权的同时确保其得到合适的医疗处理？,心肌梗死->治疗时长->数天至数周,0.56,治疗时长
根据一位36岁男性患者的症状表现：腹痛痞满拒按，烦渴引饮，大便秘结，潮热汗出，舌质红，苔黄腻，脉滑数，应选择哪种中药方剂进行治疗？,阳明腑实证->症状->大便秘结,0.32,症状
26岁男性，右下颌肿块，穿刺出黏稠液体，诊断是什么？,右下颌肿块->可能患有疾病->良性肿瘤,0.63,可能患有疾病
根据一名27岁女性患者的症状，包括跳舞后突发右下腹剧烈疼痛、伴恶心和畏冷，查体发现右附件区有一个5*6*4cm大小的囊性肿物，并且触痛明显，最可能的诊断是什么？,卵巢囊肿->治疗方法->抗生素治疗,0.22,治疗方法
对于出现持续发热和口腔溃疡的1岁女患儿，检查发现口腔黏膜充血水肿以及形成透明水泡和溃疡，哪种治疗措施不宜用于此病？,疱疹性口腔炎->可以治疗疾病->氟康唑,0.11,可以治疗疾病
患者女性，30岁，因进行性心悸、气促3个月来诊，查体发现BP90/70mmHg，心界向双侧扩大，随体位改变，伴有奇脉，心率120次/分，律齐，心音低弱遥远，无病理性杂音。根据这些临床表现，最可能的诊断是什么？,心包积液->治疗方法->穿刺放液,0.62,治疗方法
患者出现皮肤黄染、小便色黄、大便秘结等症状，结合舌苔黄腻，脉滑数的情况，宜使用哪种药物与茵陈配伍以改善便秘症状？,右侧输尿管结石->并发症->尿路感染,0.22,并发症
一位30岁的女性，停经43天，伴有右下腹隐痛2天并出现阴道少量出血，吸宫术后病理报告显示蜕膜组织。基于这些症状和检查结果，首先应该考虑哪种疾病？,宫外孕->治疗方法->药物流产,0.58,治疗方法
对于一位36岁的女性患者，她因外伤休克导致血压70/50mmHg，中心静脉压16cmH2O，应该首先选择哪种药物进行治疗？,外伤休克->常用药品->去甲肾上腺素（诺雷平）,0.88,常用药品
一名30岁男性患者出现左肺萎缩60%、第9、10肋骨骨折和脾破裂，且血压为90/60 mmHg，脉搏为100次/分钟。在这种情况下，首要的处理措施是什么？,肋骨骨折->并发症->气胸,0.18,并发症
一位45岁的男性患者，出现腹大胀急、青筋张露、形体瘦削、面色晦滞、唇干口躁、潮热心烦、笔衄牙宣和尿少症状，舌质红降，苔薄少津，脉象弦细而数，针对这种表现应使用什么方剂进行治疗？,气滞血瘀->症状->腹大胀急,0.58,症状
初产妇，27岁，妊娠2个月，出现反复恶心呕吐和食欲不振，并伴有偶尔咖啡渣样呕吐物，近2天出现视物模糊和乏力。这种症状最可能提示哪种疾病的发生？,妊娠剧吐->治疗方法->止吐药物,0.13,治疗方法
根据患者表现出的频繁呕吐、前囟饱满、高热、多次抽搐、颅缝增大、肌张力增高或偏瘫等症状，结合硬脑膜下穿刺流出清液的结果，该患儿最可能被诊断为何种疾病？,脑室膜炎 -> 症状 -> 抽搐,0.94,症状
请描述一名30岁男性右大腿肿块逐渐增大且伴有局部胀痛和压痛的情况下，通过影像学检查可能的诊断是什么？,肿块->诊断检查->超声,0.49,诊断检查
一位61岁男性患者，有5年高血压病史，在饮用半斤白酒后突然出现剧烈头痛、头晕、呕吐、左侧肢体无力以及站立和行走不稳的症状。根据这些症状，这位患者最有可能出现了什么情况？,小脑出血->治疗方法->降压及脱水治疗,0.3,治疗方法
在一个青少年患者中，如果出现发热、淋巴结肿大、咽痛、白细胞增高、淋巴细胞比例增高和异型淋巴细胞，该症状表现最可能是哪种疾病？,传染性单核细胞增多症->治疗科室->感染科,0.44,治疗科室
一名5岁男孩出现面部和外生殖器皮肤颜色加深、智力退化、行走困难以及无热惊厥等症状，体检发现全身皮肤呈褐色、四肢肌张力高、膝反射亢进及双侧巴氏征阳性。这种疾病最可能的遗传方式是什么？,肾上腺脑白质失养->症状->皮肤颜色加深,0.85,症状
高血压患者争吵后突然倒地昏迷，一侧瘫痪，口斜眼歪。应优先考虑哪种疾病？,急性脑血管意外->诊断检查->头颅CT,0.82,诊断检查
初产妇，27岁，妊娠2个月，出现反复恶心呕吐和食欲不振，并伴有偶尔咖啡渣样呕吐物，近2天出现视物模糊和乏力。这种症状最可能提示哪种疾病的发生？,妊娠剧吐->症状->视物模糊、乏力,0.92,症状
根据一名57岁男性患者表现出上腹隐痛、食欲缺乏、体重减轻4个月以及排黑便3次的症状，并且体检未发现腹部阳性体征，应该首先考虑的诊断是什么？,胃癌->症状->上腹隐痛、黑便、体重减轻,0.85,症状
经来先期量多、色紫红、质黏稠，伴心烦面红口干，小便黄，大便燥结，舌红苔黄，脉滑数，选用哪种方剂？,月经异常->症状->月经先期,0.23,症状
患者宋某出现干咳少痰、痰中带血丝、形瘦气短、虚烦盗汗等症状，结合脉象为虚数，以及咽干舌燥、大便难、虚热时发等表现，试问应选用哪种中药汤剂进行治疗？,肺阴虚->症状->虚烦盗汗,0.27,症状
一个患者常在劳累之后出现低热，并伴有头晕乏力、气短懒言、食少纳呆、大便溏薄的症状，舌淡苔白，脉弱。根据这些症状特征，应该采用什么治法？,补中益气汤->治疗科室->中医内科,0.13,治疗科室
一位中年妇女在结喉正中稍右处有一个如鸡蛋大的半球形肿块，边界清楚，表面光滑，无压痛，皮色正常，并随吞咽动作上下移动。根据这些症状，多数诊断会认为是什么类型的瘿？,甲状腺结节->并发症->压痛,0.38,并发症
对于一名6岁已确诊为室间隔缺损的儿童，如果出现近1周持续发热、体温达到39℃、伴有咳嗽、呼吸困难和口唇发绀，且白细胞显著增高的症状，该儿童最可能发生什么并发症？,室间隔缺损->并发症->血栓形成,0.68,并发症
在患者治疗1周后，虽然身热退去，黄疸减轻，呕吐止住，但仍有胁肋隐痛，脘痞腹胀，食少口干苦，小便赤苔腻，脉弦数。此时应选用哪个方剂进行治疗？请说明理由。,茵陈四苓散->治疗方法->补肝肾,0.67,治疗方法
一名患者因全身瘙痒而抓挠皮肤，结果在皮肤上出现条索状隆起，服用抗组胺药有效，但停药后容易复发。这种症状应该被诊断为何种皮肤问题？,皮肤划纹症->治疗方法->抗组胺药,0.82,治疗方法
患者男性，50岁，表现为头晕、乏力半年，发作性晕厥2个月，检查发现脾肋下5cm，血红蛋白200g/L，白细胞6.4×10⁹/L，血小板360×10⁹/L，中性粒细胞碱性磷酸酶强阳性，积分120分。应选用何种药物治疗？,血红蛋白升高->症状->头晕乏力,0.54,症状
一名45岁的男性由于心肌梗死导致心源性晕厥，在进行心脏除颤后恢复了窦性心律，意识清醒且血压逐渐恢复正常。为了预防酸碱失衡，应该立即补充哪种溶液？,心肌梗死->治疗方法->补充钠盐,0.45,治疗方法
一位29岁男性患者出现尿频、尿痛、米汤样尿和终末血尿3个月，经过实验室和影像学检查确诊为左肾结核。在抗生素治疗无效的情况下，应该首先采取哪种治疗措施？,肾结核->治疗方法->手术治疗,0.78,治疗方法
根据一名57岁男性患者表现出上腹隐痛、食欲缺乏、体重减轻4个月以及排黑便3次的症状，并且体检未发现腹部阳性体征，应该首先考虑的诊断是什么？,胃癌->症状->体重减轻、食欲缺乏、黑便,0.91,症状
根据患者右肾结石伴中度积水和感染的病情特点，以及右肾功能严重受损的状况，最佳的治疗方法是什么？,肾切除术->治疗方法->手术切除,0.09,治疗方法
一名30岁的男性，近半年旁人发现他常常发愣，对提问无反应，持续1-2分钟，并伴有口唇咀嚼动作，每日出现多次。神经系统检查无异常，脑电图显示右颞局灶性尖波活动。根据这些症状，他应被诊断为什么类型的发作？,癫痫->症状->局灶性意识障碍发作,0.85,症状
根据女性患者28岁，经来先期，量少或多，色红质稠，手足心热，舌红少苔，脉细数等症状，应首选哪种方剂进行治疗？,阴虚血热->症状->手足心热,0.55,症状
腹泻、腹痛、脉弦的患者应该使用什么药物进行治疗？,腹泻->常用药品->四逆散,0.84,常用药品
根据患者的症状特点和体检结果，而且杂音随体位变化而改变，该患者最可能诊断为哪种心脏疾病？,左心房黏液瘤->治愈概率->较高,0.47,治愈概率
对于一位65岁男性肺癌患者，在化学治疗期间出现左下肢肿胀和疼痛，经Doppler超声检查诊断为深静脉炎，并在抗凝治疗后症状有所改善。在早餐时突然出现气急、胸闷和心前区疼痛，呈进行性加重，口唇发绀，坐位，心界扩大，心率120次/分，P2亢进，右下肺呼吸音降低，既往有高血压和冠心病史。此时进行的哪项非创伤性检查最有诊断价值？,川贝雪梨汤->食谱有益于疾病->呼吸音降低,0.09,食谱有益于疾病
一名30岁的男性患者因左上后牙3天的肿痛就诊，检查发现26牙齿咬合面深龋及髓，无探痛，Ⅲ度松动，叩痛（+++），牙龈轻微红肿，有按压疼痛感，但无波动感。基于这些症状，应该做出什么诊断？,根尖周炎->症状->牙龈红肿,0.79,症状
一位中年妇女在结喉正中稍右处有一个如鸡蛋大的半球形肿块，边界清楚，表面光滑，无压痛，皮色正常，并随吞咽动作上下移动。根据这些症状，多数诊断会认为是什么类型的瘿？,甲状腺结节->症状->随吞咽上下移动,0.95,症状
根据患者头部、肩背部多汗、动则尤甚，神疲乏力，面色少华，易患感冒，舌质淡，苔薄白，脉细弱的症状，应如何判断其证候？,气虚->症状->神疲乏力,0.78,症状
一名37岁的男性患者昨晚摄入大量油腻食物后半夜突发腹痛、腹泻及里急后重的症状，此时最适宜使用哪种中药治疗？,油腻食物->忌吃->腹泻,0.17,忌吃
根据一名57岁男性患者表现出上腹隐痛、食欲缺乏、体重减轻4个月以及排黑便3次的症状，并且体检未发现腹部阳性体征，应该首先考虑的诊断是什么？,胃癌->症状->黑便无痛,0.39,症状
患者出现经前吐血、衄血且出血量较多、色鲜红，伴有月经提前、量少，心烦易怒、两胁胀痛等症状。舌象为舌红、苔黄，脉象为弦数。针对上述症状，治疗应首选的方剂是什么？,血热妄行->治疗方法->清血活血方,0.12,治疗方法
根据该患者的化验结果：蛋白尿(++++)、ANA(+)、ds-DNA抗体阳性、血常规白细胞3.2×10E9/L、血小板90×10E9/L、血清肌酶值正常，请问该患者可能诊断为什么疾病？,系统性红斑狼疮->治疗方法->免疫抑制剂,0.77,治疗方法
43岁男性胸背部疼痛，肋骨及胸骨溶骨性破坏，骨髓异常浆细胞0.54，血清蛋白电泳窄底高峰，尿蛋白(+++)。不适当的治疗措施有哪些？,多发性骨髓瘤->治疗方法->观察等待,0.28,治疗方法
22岁女性感冒发热后心悸、胸闷、呼吸困难和水肿，心律不齐，心电图显示频发室性期前收缩。应进行何种检查明确诊断？,心肌炎->诊断检查->心电图,0.47,诊断检查
一位26岁的女性，持续发热1周并入院。她的体检显示体温40℃，神清，表情淡漠，反应迟钝，前胸可见淡红色、散在分布的皮疹7～8个，心率100次/分，律齐，两肺（－），肝未及，脾肋下2cm，质软，无压痛。根据这些临床表现，应诊断为什么疾病？,败血症->症状->发热,0.44,症状
一位女性患者人工流产术后4天出现寒战、高热，小腹疼痛拒按，并伴有颜色暗如败酱且气味臭秽的阴道出血。她还感到口干喜饮，舌质红，苔黄腻，脉弦数。针对这种情况，治疗的最佳方剂是什么？,人工流产术后感染->症状->小腹疼痛,0.63,症状
对于一名27岁的女性患者，她肋腹胀痛、攻窜不定并且疼痛随着饮食变化呈现时轻时重的特点，舌苔白且脉象弦，应如何搭配中药以缓解其症状？,肋腹胀痛->可能患有疾病->肝胃不和,0.92,可能患有疾病
一个6岁的孩子，经常盗汗，偶尔自汗，身体消瘦，精神不振，心烦少寐，有时会有低热，口干，手足心热，舌质淡且苔少，脉象细弱。针对这些症状，治疗首选的方剂是什么？,生脉散->症状->口干手足心热,0.24,症状
一名30岁男性患者，刷牙时牙龈易出血2年多，检查发现口腔卫生不良，牙石为双阳性，龈缘红肿且探诊易出血，但没有发现附着丧失，血常规正常。基于这些信息，这名患者的诊断是什么？,牙龈炎->治疗方法->口腔卫生改善,0.65,治疗方法
患者出现经前吐血、衄血且出血量较多、色鲜红，伴有月经提前、量少，心烦易怒、两胁胀痛等症状。舌象为舌红、苔黄，脉象为弦数。针对上述症状，治疗应首选的方剂是什么？,肝火亢盛->症状->月经提前,0.25,症状
一位45岁的女性患者经过抗甲状腺药物治疗后复发，现计划行甲状腺双侧次全切除术后，最危急的并发症是什么？,甲状腺手术->并发症->低钙血症,0.85,并发症
患者右臀和下肢出现红斑和水疱后经过治疗皮损好转，但局部仍然疼痛且检查发现有色素沉着。在舌暗红、苔白、脉弦细的情况下，哪一种中药方剂加减可以最适宜地改善该患者的症状？,血瘀证->治疗科室->中医科,0.08,治疗科室
根据以下症状：患儿男，10岁，受凉后出现发热、咳嗽、乏力，随后出现心悸、胸闷、烦躁不安。查体时面色苍白、皮肤发凉、血压降低、心率加快，第一心音低钝，面诊给予扩容及血管活性药物后，病情加重至神志不清、面色青灰、呼吸急促，血压测不到。请问该患儿的休克类型是什么？,扩容治疗加重->诊断检查->超声心动图,0.64,诊断检查
对于一名75岁的男性患者，有16年高血压病史，平时血压为170/70mmHg，实验室检测显示空腹血糖为5.6mmol/L，肌酐为180μmol/L，尿蛋白为(++)，其收缩压至少应控制在多少以下？,高血压->并发症->肾损伤,0.85,并发症
根据患者60岁男性，症状包括反复咯血、咳痰粘稠、低热伴消瘦、活动后气短和乏力，以及X线胸片显示右肺上叶段片状及条索状阴影，并有透亮区、胸廓下陷、气管右移的情况，应首先考虑什么诊断？,肺结核->并发症->肺部感染和其他器官损害,0.71,并发症
根据尿频尿痛、尿中白细胞增多、小腹胀痛和苔黄脉滑数的症状，这位23岁女性患者应选用哪种中药方剂进行治疗？,泌尿系统感染->症状->尿频尿痛,0.92,症状
25岁男性患者，发热3天，体温38℃，左胸痛，查体发现左胸下部可闻胸膜摩擦音。根据这些症状和体征，诊断应是什么？,干性胸膜炎->治疗方法->NSAIDs,0.37,治疗方法
一名38岁的女性患者因反复肾结石入院，血钙水平为10mg/dl。口服钙负荷后，患者血钙未升高，但24小时尿钙排出量为350mg，空腹尿cAMP升高，口服钙负荷后尿cAMP降至正常。根据这些临床表现，最可能的诊断是什么？,甲状旁腺功能亢进->传染性->无,0.18,传染性
根据临床表现：一名30岁女性，阴道不规则流血持续20天，并伴有咳嗽症状。半年前曾进行人工流产，术后吸出物中看到绒毛组织。妇科检查发现子宫大小如40天妊娠，质地柔软，且双侧附件区各有约5cm的囊性包块。胸部X光显示双侧中下野多发棉球状阴影。请指出此患者最可能的诊断。,咳嗽->症状->支气管炎,0.09,症状
对于一名7岁女孩，出现尿频尿急5天并伴有寒战，全身温度39.0℃，双肾区有叩击痛，确诊这种情况下首选的检查是什么？,尿路感染->常用药品->复方磺胺甲噁唑,0.14,常用药品
一名48岁女性患者在车祸中导致右胫腓骨骨折，并在外固定术后两年进行复查。请根据复查结果描述最可能的诊断是什么？,假关节->诊断检查->X光片无法看到骨痂形成,0.31,诊断检查
一位35岁的初产妇在妊娠34周时出现心慌、不能平卧一天，体征为心率120次/分，呼吸30次/分，血压140/90mmHg，心界向左下扩大，双肺布满湿啰音，胎心率145次/分。请问针对这种情况，应该采取什么处理措施？,妊娠期心力衰竭->治疗方法->限制钠摄入与利尿,0.84,治疗方法
39岁女性，3个月前因怀孕2个月进行了人工流产，术后一直没有来月经，没有任何不适。自测基础体温呈现“双相”，妇科检查也无异常发现。根据该患者的情况，哪种处理方式是最佳的？,闭经->治疗方法->中药调经,0.59,治疗方法
王某，男，60岁，口渴欲饮9年，近半年小便频数且混浊如膏，甚则饮一溲一，面色黧黑，耳轮焦干，腰膝酸软，形寒畏冷，阳痿，舌淡苔白，脉沉细无力。根据这些症状，应该选择什么主要方剂进行治疗？,肾阳虚->治疗方法->金匮肾气丸,0.86,治疗方法
27岁女性患者，2年来多次在饭前昏迷，伴有恐惧感、心悸和发汗，且发觉及时进食可预防或缩短昏迷时间。发病以来食欲好，体重增加，但记忆力差。根据这些症状，应该考虑哪种医学诊断？,胰岛素分泌异常->检查疾病->低血糖,0.65,诊断检查
一位65岁女性患者，诊断为慢支炎急性发作，目前感染已控制，但双下肢仍水肿，仍有气促，心率大于120次/分，呼吸频率大于24次/分，双肺底可闻及湿性啰音，使用利尿剂无效。根据这位患者的病情，应选择什么治疗方案？,心功能不全->常用药品->利尿剂,0.57,常用药品
一名42岁的男性患者，突然出现阵发性腹痛，伴有腹胀和呕吐2天，体温38.5℃，脉搏93次/分，血压100/60mmHg。腹部饱胀并胀气，右下腹部有压痛，肠鸣音亢进。腹部X线平片检查显示小肠高度胀气、扩张，并有多个液气平面。请根据以上症状和检查结果，诊断该患者可能的疾病类型。,小肠梗阻 -> 治疗科室 -> 普外科,0.62,治疗科室
一名8岁男孩，左下后牙有洞，冷热刺激痛持续1年，疼痛在最近4天加重，尤其是昨晚，导致无法入眠。根据这些症状，最可能的牙科诊断是什么？,慢性牙髓炎->可能患有疾病->根尖周炎,0.88,可能患有疾病
在患者女性17岁海鲜过敏后的这次急性发作中，若出现喘急鼻煸、张口抬肩、胸高气促、面青、汗出、肢冷、脉浮大无根的症状，应使用什么药物进行治疗？,过敏性休克->治疗方法->氧气支持,0.92,治疗方法
65岁男性冠心病史，冠脉造影后恶心、食欲不振，实验室检查显示BUN为22mmol/L，肌酐为230mmol/L，尿量为500ml，血压140/80mmHg，最可能的诊断是什么？,急性肾损伤->并发症->肾衰竭,0.18,并发症
根据患者表现出的频繁呕吐、前囟饱满、高热、多次抽搐、颅缝增大、肌张力增高或偏瘫等症状，结合硬脑膜下穿刺流出清液的结果，该患儿最可能被诊断为何种疾病？,脑积水 -> 常用药品 -> 呋塞米,0.67,常用药品
一名28岁男性病人出现上腹痛1周、黑便3天、每天排便3～4次且量较多，并伴有头昏、乏力、心慌，有间断上腹痛病史3年，饮酒史4年且每天摄入2两白酒，曾有乙肝病史。基于这些临床表现，你认为该病人最可能的诊断是什么？,消化性溃疡->忌吃->辛辣食物,0.18,忌吃
针对一名在胆管结石行内镜下Oddi's括约肌切开术后出现头晕、大汗的25岁男性患者，在查体发现脉率120次/分，血压100/70mmHg，上腹压痛及肌紧张的情况下，首选的检查方法是什么？,术后并发症->检查方法->腹腔穿刺,0.91,诊断检查
根据患者的临床表现，辅助检查结果（特别是抗GBM抗体阳性、ANCA阴性、肾脏病理表现中的IgG和C3沿肾小球毛细血管壁呈光滑线条分布以及光镜下的新月体肾炎），明确该患者最可能的具体诊断是什么？,肾小管病->并发症->新月体肾炎,0.68,并发症
一名37岁的男性患者出现腹泻和呕吐，在体检时有口唇干燥、眼窝下陷及低血压的症状。请问，在这种情况下，哪一种确诊方法是最重要的？,呕吐->症状->脱水,0.36,症状
某肺心病患者在急性加重期治疗后病情好转，但出现躁动、手足抽搐，血清钾及氯均降低，HCO₃⁻为38mmol/L，二氧化碳分压为40mmHg。这种情况下，患者可能出现了什么病理变化？,代谢性碱中毒->检查疾病->血气分析,0.69,诊断检查
患者50岁男性，右足刺伤10天后出现张口困难、颈项紧、饮水诱发手足痉挛、频繁抽搐及呼吸道分泌物多。为保持呼吸道通畅，最有效措施是什么？,气管切开术->治疗方法->呼吸支持,0.05,治疗方法
一名45岁女性患者左乳头溢血性液体，并在乳晕区可以触及直径约绿豆大小的结节。针对这种乳房的临床表现，为了明确诊断，应该首先进行哪种检查？,乳腺结节->检查疾病->乳腺超声,0.35,诊断检查
一名6岁男孩患有法洛四联症，出现意识不清伴频繁抽搐、腹泻和呕吐等症状。结合病史和症状，他最可能的病因是什么？,法洛四联症->症状->低氧血症,0.92,症状
对于一位17岁女性患者，颏部发育不良，面下1/3高度偏大，存在Ⅱ类咬合关系，ANB角为7度，并且上下颌前牙明显拥挤。为了在治疗初期实现上颌磨牙的远中移动，哪种方法最为合适？,前牙拥挤->治疗方法->间隙再分配,0.73,治疗方法
一名18岁男性患者的X线胸片检查发现左侧胸腔第6胸椎旁有一直径约6cm的圆形肿块影，从这个位置和影像特征来看，这个肿块最可能的诊断是什么？,神经鞘瘤->疾病描述->神经源性肿瘤,0.78,疾病描述
描述一个6岁女童的病例，她于1月13日入院，症状包括畏寒、高热、头痛、呕吐、昏迷、大片淤斑、颈强直及不规则呼吸节律，并观察到左侧瞳孔直径大于右侧。她的血液检查结果为白细胞19.0×10^9/L，血压8/5.5kPa (60/40mmHg)。请根据这些信息，判断最可能的诊断是什么？,脑膜炎球菌败血症->并发症->感染性休克,0.58,并发症
42岁女性患者，症状包括厌食、乏力、肝区痛5天伴随尿色加深，检查结果显示ALT 400U，总胆红素50μmol/L，确诊为急性黄疸型病毒性肝炎。在这种情况下，最主要的治疗措施应该是什么？,急性黄疸型病毒性肝炎->症状->乏力、厌食,0.72,症状
13岁女生刷牙时牙龈出血，牙龈充血水肿，X线无牙槽骨吸收。最可能的诊断是什么？,青春期龈炎->症状->牙龈出血,0.87,症状
一个56岁的患者突然出现剧烈胸背部疼痛，短时间内出现截瘫或四肢瘫，病变水平以下出现痛温觉丧失而深感觉保留，同时大小便功能障碍。基于这些症状，应诊断为何种综合征？,急性脊髓前动脉综合征->症状->截瘫或四肢瘫,0.84,症状
对于一位46岁男性患者，出现心悸气短症状12年，并在心尖部听到舒张期隆隆样杂音，请描述心尖内侧听诊时可能出现的异常声音。,二尖瓣狭窄->症状->开瓣音,0.81,症状
对于一名12岁患儿，痫病发作10年且屡发不止，并伴有智力迟钝、记忆力差、少气懒言以及肢体不温等症状，舌淡苔白，脉沉细，哪种治疗方法最为适宜？,痫病->治疗方法->补肾益精,0.88,治疗方法
一名5岁男孩出现面部和外生殖器皮肤颜色加深、智力退化、行走困难以及无热惊厥等症状，体检发现全身皮肤呈褐色、四肢肌张力高、膝反射亢进及双侧巴氏征阳性。这种疾病最可能的遗传方式是什么？,肾上腺脑白质失养->治疗方法->对症治疗,0.78,治疗方法
一名5岁男孩出现面部和外生殖器皮肤颜色加深、智力退化、行走困难以及无热惊厥等症状，体检发现全身皮肤呈褐色、四肢肌张力高、膝反射亢进及双侧巴氏征阳性。这种疾病最可能的遗传方式是什么？,肾上腺脑白质失养->治疗方法->对症治疗,0.62,治疗方法
一位32岁的女性在遇到寒冷时，双手顺序出现苍白、青紫和潮红，病程已有3年，逐渐加重且每次发作持续15到30分钟。根据该患者被诊断为雷诺综合征，是否需要进行手术治疗？,雷诺综合征->治疗方法->手术治疗,0.31,治疗方法
根据CT值为-10HU、超声显示强回声、及MRI成像特征(T1加权像略低信号，T2加权像等信号，强化不明显)，25岁男性肝右叶下段1.5cm占位的最可能诊断是什么？,肝脏错构瘤->可能患有疾病->肝内低密度占位,0.66,可能患有疾病
一位29岁女性患者，出现腹胀、便秘9个月，乏力、食欲不振、消瘦，且症状在近5个月加重。体检发现右下腹触及4cm×6cm肿块，质地中等，边缘不清，并伴有轻触痛。基于这些症状和体征，该患者最可能患有哪种疾病？,肠结核->并发症->腹腔脓肿,0.62,并发症
一位25岁的女性患者近一周出现双侧枕部中度钝痛，站立行走时头痛加重，卧床休息时头痛减轻或消失。这种头痛最可能的原因是什么？,自发性颅内低压->症状->枕部钝痛,0.81,症状
一名67岁女性患者，乳腺出现包块并伴有乳头溢液，病程为一个多月，通过X线检查后，你认为最有可能是什么诊断？,乳腺疾病->症状->乳头溢液,0.61,症状
一位58岁男性患者因过劳而反复出现腰痛，表现为静卧时痛减，阴雨天气加重，左侧腰疼剧烈，不能转侧，白天症状较轻晚上较重，痛处拒按，舌苔薄白腻，脉象弦，应选择什么中药方剂进行首选治疗？,腰痛治疗->方剂选择->四物汤,0.58,常用药品
一名30岁的男性患者表现出大热烦躁、错语不眠、口燥咽干、小便黄赤、舌红苔黄和脉数有力的症状，请问针对这些症状适合选择哪种治疗方剂？,黄连解毒汤->症状->舌红苔黄,0.69,症状
一名50岁男性患者视力略减退，眼外检查无异常，但眼底检查显示静脉曲张、动脉变细，并且乳头面上出现大片状火焰状出血，同时视网膜反光增强以及可能出现黄白色类脂质变性及出血。根据这些临床表现，这种情况最可能的诊断是什么？,中央视网膜静脉阻塞->并发症->黄斑水肿,0.75,并发症
根据患者的症状和体征，乳房结块处颜色转红、隐痛、变软且按之应指，伴随潮热等症状，应采用哪种外治方法进行处理？,急性乳腺炎->症状->乳房结块,0.38,症状
32岁男性，右耳流脓1年，CT显示外耳道嵴骨消失、软组织密度影，听小骨及鼓室壁破坏。最可能的诊断是什么？,右耳流脓->并发症->耳聋,0.18,并发症
对于一个12岁的患者，出现两小腿皮肤米粒大小、鲜红色、微痒且触之碍手的斑疹，应该首选哪种中药方剂进行治疗？,风热湿疹->忌吃->辛辣食物,0.84,忌吃
27岁女性患者，2年来多次在饭前昏迷，伴有恐惧感、心悸和发汗，且发觉及时进食可预防或缩短昏迷时间。发病以来食欲好，体重增加，但记忆力差。根据这些症状，应该考虑哪种医学诊断？,低血糖发作->可能患有疾病->胰岛素瘤,0.89,可能患有疾病
一位28岁的男性因心悸气急被诊断为风湿性心脏病。最近一周症状加重，无法平卧，体检发现颈静脉充盈，心界左扩大，心率每分钟130次，心律齐整，心尖部闻及奔马律和Ⅲ级收缩期杂音，两肺底有细湿啰音，下肢稍肿。在这种情况下，综合治疗中哪种处理方法被认为效果最佳？,急性心衰->常用药品->呋塞米,0.63,常用药品
一个男性患者表现为全身水肿，皮肤绷紧光亮，伴有胸脘痞闷、烦热口渴，经过治疗略有好转但水肿反复发作，同时口咽干燥、大便干结，舌红少苔，脉象细弦数。针对这种情况，应使用何种中药方剂进行治疗？,猪苓汤->常用药品->猪苓,0.83,常用药品
51岁男性车祸后多发伤，休克表现，最佳诊断是什么？,多发外伤->诊断检查->血红蛋白测定,0.57,诊断检查
一位36岁的女性患者最近出现不规则阴道出血，月经量增多，阴道排液增多并有恶臭，针对这种情况，应该进行什么检查来明确诊断？,活检->检查疾病->宫颈癌,0.92,检查疾病
51岁男性车祸后多发伤，休克表现，最佳诊断是什么？,胸部压痛->可以治疗疾病->胸腔闭式引流,0.13,可以治疗疾病
一位19岁的女大学生来自山区，在城市上学时不能面对马路上的汽车，感到强烈恐惧并担心汽车会撞到自己，最佳的心理治疗方法是什么？,焦虑障碍->治疗方法->抗抑郁药,0.07,治疗方法
根据以下病例特征：患者18岁女性，上唇红肿疼痛持续5天，伴有寒战、高热、头痛；体检显示上唇隆起呈紫红色，中心组织坏死塌陷，伴随多个脓栓和鼻部、眼部及其周围广泛肿胀。化验结果表明白细胞总数增加，达到WBC 25×10^9/L，且中性粒细胞比例为0.90。这些临床表现和化验结果最可能的诊断是什么？,细菌感染->检查疾病->白细胞总数,0.14,诊断检查
根据患者60岁男性，症状包括反复咯血、咳痰粘稠、低热伴消瘦、活动后气短和乏力，以及X线胸片显示右肺上叶段片状及条索状阴影，并有透亮区、胸廓下陷、气管右移的情况，应首先考虑什么诊断？,肺结核->症状->咯血和消瘦,0.85,症状
根据以下症状和体征，判断该5岁患儿最可能的诊断：弛张高热、气促、咳嗽有黄痰，突然出现明显的呼吸困难、烦躁、剧烈咳嗽、面色发绀、不能平卧。查体发现胸廓饱满，上方鼓音，下方实音，呼吸音减弱，心率140次/分，肝大肋下2.0cm。这些表征说明患儿可能合并了哪种病症？,细菌性肺炎->并发症->脓气胸,0.75,并发症
对于一名6岁已确诊为室间隔缺损的儿童，如果出现近1周持续发热、体温达到39℃、伴有咳嗽、呼吸困难和口唇发绀，且白细胞显著增高的症状，该儿童最可能发生什么并发症？,室间隔缺损->并发症->心力衰竭,0.78,并发症
当患者出现小便点滴而下或尿如细线，甚至阻塞不通，小腹胀满疼痛，舌紫暗或有瘀点，脉涩等症状时，应选用哪个方剂进行治疗？,瘀血尿路阻塞->治疗方法->活血化瘀,0.85,治疗方法
如果患者表现出精神抑郁、神志呆钝、胸闷叹息、忧虑多疑、自语或不语、不思饮食，并伴有舌苔薄白或腻，脉弦细或弦滑，这些症状属于哪种中医证型？,气滞血瘀->症状->自语不语,0.54,症状
一名40岁女性患者在乳晕旁出现1cm圆形肿物，该肿物活动、边界清晰，挤压时乳头有血性液体溢出。这种临床表现最可能的诊断是什么？,乳腺乳头状瘤->治疗方法->手术切除,0.75,治疗方法
根据一名9岁男孩的症状，包括反复肢体抽搐、意识不清、记忆力减退，以及鼻翼旁颧部对称分布的浅粉色丘疹和智力低下，最先应进行哪种检查以帮助诊断？,意识不清->治疗方法->针灸推拿,0.11,治疗方法
一位45岁男性患者，有2年以干咳为主的间断咳嗽病史，每年秋季症状出现并伴有夜间憋气，使用多种药物抗感染治疗无效，且症状自行消失后又再次出现。体格检查和胸部X线片无异常，通气功能正常。为明确诊断，应该进行什么进一步的检查？,干咳->症状->季节性出现,0.76,症状
咳嗽咳痰、痰黄黏稠、痰中夹血、心烦易怒、胸胁刺痛、口干咽燥、舌红苔黄、脉弦数，应该使用哪个中药方剂进行治疗？,肺热痰火->常用药品->咯血方,0.92,常用药品
一位4岁女孩，身体瘦弱，不思饮食，食不知味，面色少华，精神乏力，多汗，且大便溏薄，常见不消化食物。舌淡苔薄白，脉象缓无力。根据这些症状，应该选用哪个基础方剂来进行调理？,脾胃虚弱->症状->大便溏薄,0.78,症状
对于一名56岁男性，症状包括大便次数增多、低热、厌食、消瘦，无抗生素疗效，甲状腺结节性肿大，心率加快和血压升高，以及甲状腺摄131I率3小时35%、24小时52%的情况下，若对抗甲状腺药物治疗无效，应该选择什么治疗方案？,甲亢->治疗方法->放射性碘治疗,0.88,治疗方法
一名48岁女性患者在车祸中导致右胫腓骨骨折，并在外固定术后两年进行复查。请根据复查结果描述最可能的诊断是什么？,骨折愈合延迟->症状->持续疼痛,0.92,症状
对于一位36岁初产妇，孕38周曾有不孕症病史，出现阵发性腹痛和见红，宫高40cm，腹围126cm，超声提示双顶径10.2cm，单胎，羊水指数20.6cm，在糖耐量试验正常的情况下，最佳的分娩方式是什么？,胎儿双顶径->症状->分娩方式选择,0.62,症状
50岁中段食管癌患者，进食性吞咽困难6个月，完全不能进食，恶液质，左锁骨上2cm硬性淋巴结，最优先选择的治疗方法是什么？,食管癌->并发症->营养不良,0.58,并发症
对于一名60岁男性患者，咳嗽和痰中带血2个月，胸部CT显示右上叶近胸壁处有一个6cm×6cm块状影，为进一步确诊，此病例首选的检查方法是什么？,肺癌->诊断检查->支气管镜检查,0.62,诊断检查
一名6个月大的男婴患有化脓性脑膜炎，经过抗生素治疗后情况好转，但体温下降后原方案继续进行，两天后体温再次升高至39°C，并伴有频繁呕吐和前囟饱满的症状。请问在这种情况下，应首先考虑哪种病情变化？,前囟饱满->宜吃->多喝水,0.06,宜吃
一位初产妇，25岁，怀孕1次，分娩0次。骨盆外测量正常，已经临产10小时，肛查显示宫口开大9cm，胎先露在S2+，宫缩时胎心下降至110次/分，宫缩后不能迅速恢复。这种情况下，最适合的处理方法是什么？,胎儿窘迫->症状->胎先露,0.57,症状
50岁男性患者在胃癌根治术后2小时出现腹腔引流出不凝血800ml，血压为86/60mmHg，中心静脉压从8cmH₂O降至4cmH₂O。请问在这种情况下最恰当的处理措施是什么？,失血性休克->并发症->心衰,0.21,并发症
患者李某，72岁，症状包括头晕目眩、耳鸣、记忆力差等，舌质淡红体胖大，苔薄白，脉沉弦无力。结合这些症状和舌脉表现，适合的治疗方法是什么？,肝肾阴虚->治疗方法->六味地黄汤,0.88,治疗方法
51岁男性车祸后多发伤，休克表现，最佳诊断是什么？,失血性休克->症状->低血压,0.81,症状
该患者在肌内注射妥布霉素3天后出现少尿、恶心呕吐、尿蛋白阳性和血肌酐显著升高，这一系列症状提示其最可能的肾病类型是什么？,妥布霉素->并发症->急性肾小管坏死,0.27,并发症
一名15岁的女性患者因心悸就诊，在体检中发现胸骨左缘第3至第4肋间有收缩期震颤，请问首先应该考虑是什么诊断？,先天性心脏病->症状->收缩期震颤,0.73,症状
患者出现大便赤白黏垢、腹痛绵绵、午后潮热、形瘦乏力、失眠盗汗、舌干红、少苔、脉细数等症状，应选用哪种方剂进行治疗？,阴虚湿热->治疗方法->滋阴清热药,0.58,治疗方法
一名28岁女性患者有4年反复水肿病史，最近一个月出现厌食、恶心、齿龈出血，且近1日解柏油样大便并逐渐昏迷。其血压为21.3／13.3kPa(160／100mmHg)，血红蛋白为70g／L，血小板计数为7×10^9/L。一年前该患者曾患肝炎现已痊愈。请你指出为了尽快明确该患者的诊断，哪项血液检查最有意义，并说明理由。,肝硬化->症状->齿龈出血,0.38,症状
根据发作性意识丧失和脑电图显示3Hz棘一慢波的症状，智力基本正常的6岁女童，应该选择哪种药物进行治疗？,失神癫痫->治疗方法->药物剂量调整,0.08,治疗方法
一名患者的x线胸片显示肺野外有多个半透明小圆形阴影，血HCG水平为220ng/ml。结合这些信息，该患者最可能的诊断是什么？,肺癌->症状->咳嗽,0.21,症状
一名32岁的男性因车祸导致右髋关节肿痛并活动受限，请根据X光片描述最可能的诊断类型是什么？,骨盆骨折->治疗方法->外科手术,0.75,治疗方法
一名45岁男性，有消化性溃疡病史，出现上腹部剧烈疼痛3小时并蔓延至全腹，呈持续性。查体发现板状腹，全腹压痛及反跳痛，肠鸣音消失。为了确诊病情，最重要需要做的检查是什么？,胃肠穿孔->治疗方法->紧急手术,0.23,治疗方法
一名20岁男性，发热1周，伴牙龈出血，实验室检查结果显示WBC高于正常水平，Hb和PLT低于正常水平，同时纤维蛋白原降低。为了确定出血的原因，可以进行哪种具体的检验？,凝血功能检测->检查项目->纤维蛋白降解产物（FDP）,0.74,诊断检查
心理医生通过详细了解病史和周密检查后，明确告诉患者他的躯体症状是功能性的而非严重的器质性疾病，从而减轻了患者的焦虑。心理医生这种行为在心理支持中被称为什么？,心理教育->可以治疗疾病->焦虑症,0.61,可以治疗疾病
根据患者夜间受凉后的症状表现，如腹痛、下痢赤白、恶寒发热、舌苔薄腻等，最佳治疗方剂是什么？,腹痛->可能患有疾病->寒湿泄泻,0.91,可能患有疾病
一个8岁的男孩发烧到39℃，接着出现右下腹疼痛和每天3到4次腹泻。体检显示脐部轻压痛，腹部柔软且无反跳痛。在这种情况下，你首先应该考虑哪种疾病的可能性？,耶尔森氏菌感染->并发症->肠穿孔,0.18,并发症
一名患者左足足跖部位有一个黄豆大小的角化性斑块，表面粗糙且局部有刺状物，周围有数个角化性小丘疹，并伴有明显的挤压痛。根据这些症状，最可能的诊断是什么？,跖疣->并发症->病毒感染,0.52,并发症
一个出生7天的男婴出现了啼哭和哺乳困难，临床检查发现其两颊黏膜和软腭充血，并出现散在的白色柔软小斑点，这些斑点用力擦拭后可以去掉。根据这些临床表现，该婴儿可能患有什么疾病？,鹅口疮->症状->啼哭和哺乳困难,0.85,症状
一位43岁的男性患者，出现全身高度浮肿、气喘、心悸、腹水和小便不利，脉象沉而有力。请问在治疗中应选择哪种中药方剂？,十枣汤->可以治疗疾病->水饮内停,0.06,可以治疗疾病
根据患者三年前左膝关节轻微外伤史，以及目前的症状和影像学检查结果，最可能的诊断是什么？,半月板损伤->诊断检查->MRI,0.28,诊断检查
35岁男性牙齿问题，怎么处理牙齿困难拔除？,牙齿问题->治疗->分段处理,0.51,治疗方法
患者女性，30岁，因进行性心悸、气促3个月来诊，查体发现BP90/70mmHg，心界向双侧扩大，随体位改变，伴有奇脉，心率120次/分，律齐，心音低弱遥远，无病理性杂音。根据这些临床表现，最可能的诊断是什么？,低血压+奇脉->症状->心包填塞,0.89,症状
根据一位30岁女性停经46天后出现下腹部隐痛和不规则阴道少量出血十余天的症状，加上尿妊娠试验可疑阳性和触摸到右侧附件有鸡蛋大韧性包块的情况，最可能的诊断是什么？,异位妊娠->症状->下腹部疼痛,0.91,症状
对于一名出现拒食、呕吐、嗜睡、面色青灰、前囟紧张和脐部有脓性分泌物的2个月女婴，最关键的诊断检查应该是什么？,脑脊液分析->诊断检查->细胞数、蛋白浓度变化,0.68,诊断检查
一位27岁经产妇在妊娠38周时阴道流血2日无痛，量如月经。产后检查发现胎膜破口距胎盘边缘4厘米，胎盘边缘有黑紫色陈旧血块附着。请问本例患者的最终诊断是什么？,前置胎盘->诊断检查->胎盘边缘陈旧血块,0.82,诊断检查
对于一位36岁初产妇，孕38周曾有不孕症病史，出现阵发性腹痛和见红，宫高40cm，腹围126cm，超声提示双顶径10.2cm，单胎，羊水指数20.6cm，在糖耐量试验正常的情况下，最佳的分娩方式是什么？,羊水指数->症状->分娩方式选择,0.56,症状
对于手术后反复胸痛、伴轻度呼吸功能不全的左肺癌患者，若使用解热消炎镇痛药效果不佳，考虑使用中枢性镇痛药进行治疗，应选择哪种口服药物？,左肺癌->症状->胸痛,0.91,症状
一名70岁男性患者，半年大便秘结，后逐渐变细，近4个月出现反复脓血样大便，每天3-4次，治疗稍缓解。5天前开始未排便，伴有呕吐及无法进食。体检发现全腹胀，无肠鸣音亢进及肿块，肛诊未触及肿块。结肠镜检显示距肛门10厘米处环形狭窄，呈菜花样外观且肠镜无法通过。请问这种临床表现最可能的诊断是什么？,克罗恩病->症状->肠道狭窄,0.21,症状
对于一名30岁的男性患者，他出现恶寒发热、咳嗽气喘，并伴有眼睑浮肿，随后四肢及全身皆迅速出现浮肿，还感到肢体关节酸楚，舌苔薄白，脉象紧。在此情况下，应该选择哪种中药配伍？,五苓散->可以治疗疾病->水湿停聚,0.64,可以治疗疾病
一名35岁的女性在进行甲状腺次全切手术后，出现高热、心率160次/分、烦躁不安、大汗淋漓和腹泻等症状。在这种情况下，应考虑的最可能诊断是什么？,甲状腺危象->检查疾病->甲状腺抗体检测,0.18,诊断检查
一名中年男性出现腰痛、尿频、尿急，CT检查显示右肾上极有一个直径约5厘米的略低密度占位，边缘模糊并呈现环形强化，邻近肾周围有积液。这种情况下，应首先诊断为什么？,肾结核->症状->尿频,0.22,症状
26岁女性，停经48天，出现阴道少量流血5天，偶有腹痛。月经平素规律，体温36.6℃，脉搏80次/分钟，血压120/65 mmHg。体检显示宫颈软，宫体稍大且软，附件无异常，血常规显示血红蛋白126g/L，白细胞计数7.3×10^9/L。请根据体征和检验结果，判断最可能的诊断是什么？,白细胞计数正常->传染性->无,0.03,传染性
一名20岁的女性患者出现发热、咳嗽、咳脓痰以及痰中带豆腐渣样物1天。X线胸片显示心包底左前侧有一直径7cm、密度不均、内有钙化的肿块。最可能的诊断是什么？,胸腔内畸胎瘤->治疗方法->外科手术切除,0.95,治疗方法
一名39岁女性患者出现低热、乏力、腹胀等症状，下腹触及明显肿块且体重减轻，结合影像学检查结果，最可能的诊断是什么？,腹部肿块->症状->卵巢囊实混合肿块,0.68,症状
1岁8个月女婴间断发热20天，抽搐，体温37.6°C，脾肿大，颈部抵抗和克氏征阳性。脑脊液白细胞260×10⁶/L，中性粒细胞40%，淋巴细胞60%，糖1.8mmol/L，氯280mmol/L。最可能诊断？,抽搐->症状->中枢神经系统感染,0.09,症状
一名45岁男性患者，食欲减退、乏力1年，血红蛋白为90g/L，红细胞体积分布直方图显示峰底增宽的双峰图形，这种血象变化最可能是由何种治疗状况所导致？,铁缺乏性贫血->治疗方法->补铁治疗,0.91,治疗方法
一名42岁女性患者，经历了3年的劳力性胸闷和气促，发作时硝酸甘油无效。查体时在胸骨左缘第3肋间听到收缩期杂音。为确诊，首选应进行哪项检查？,劳力性胸闷->症状->胸痛,0.43,症状
根据患者的症状描述，如何判断这位60岁男性右膝关节问题的中医证型？,风湿热痹->症状->关节肿胀,0.61,症状
51岁男性车祸后多发伤，休克表现，最佳诊断是什么？,创伤性休克->疾病描述->失血性休克表现,0.86,疾病描述
一个8岁的男孩发烧到39℃，接着出现右下腹疼痛和每天3到4次腹泻。体检显示脐部轻压痛，腹部柔软且无反跳痛。在这种情况下，你首先应该考虑哪种疾病的可能性？,耶尔森氏菌感染->疾病描述->右下腹疼痛,0.25,疾病描述
根据一位49岁女性患者，近半年来反复出现头痛、头晕、四肢麻木、周身发热、情绪不稳等症状，体检未见神经系统体征，X线片显示颈5~6椎体后缘轻度骨质增生，MRI显示颈髓无明显受压，你认为最可能的诊断是什么？,情绪不稳->宜吃->富含维生素B食物,0.71,宜吃
在一名男性患者摔倒后出现肩部疼痛，检查发现患肩下沉，患肢活动障碍，头向患侧偏斜，Dugas征阳性的情况下，最可能的诊断是什么？,肩关节前脱位->治疗方法->关节复位,0.14,治疗方法
在患者治疗1周后，虽然身热退去，黄疸减轻，呕吐止住，但仍有胁肋隐痛，脘痞腹胀，食少口干苦，小便赤苔腻，脉弦数。此时应选用哪个方剂进行治疗？请说明理由。,茵陈四苓散->治疗方法->清热利湿,0.85,治疗方法
一名70岁男性患者出现头痛、嗜睡和癫痫发作症状，经MRI平扫及增强扫描发现颅内多发病灶，并经过放射治疗后病灶明显缩小，结合这些信息，最可能的诊断是什么？,脑转移癌->症状->颅内多发病灶,0.78,症状
一位28岁男性患者从高处坠落导致左下肢肿痛3天，伴随以下症状：左足皮温低、感觉减退、足背动脉搏动未触及、足趾冰凉、甲床青紫色；X线片显示左胫腓骨中断粉碎性骨折。请问应采取什么处理方案？,急性骨筋膜室综合征->并发症->肢体坏死,0.22,并发症
这名20岁女性患者自幼牙齿磨耗，牙冠微黄色，严重的釉质缺损，牙本质暴露且无明显反应，并有家族史，其症状最可能指向哪种牙齿疾病？,牙本质发育不全->忌吃->坚硬粗糙食物,0.07,忌吃
患者出现经前吐血、衄血且出血量较多、色鲜红，伴有月经提前、量少，心烦易怒、两胁胀痛等症状。舌象为舌红、苔黄，脉象为弦数。针对上述症状，治疗应首选的方剂是什么？,肝火亢盛->治疗方法->清肝泻火,0.83,治疗方法
患者血氧检查显示PaO2 50mmHg，动脉血氧含量15ml/dl，动-静脉血氧含量差4ml/dl。缺氧类型是什么？,缺氧->诊断检查->血液分析,0.58,诊断检查
针对一名25岁的男性患者，他在额头、面部、胸部和背部反复出现红色丘疹、脓疱、囊肿和结节已有10年，并留有紫红色瘢痕，请描述一种不适合用于治疗此患者的药物或方法，并说明原因。,囊肿性痤疮->症状->糖皮质激素,0.21,症状
对于患有慢性肺心病的65岁男性患者石某，他因感冒出现气急、咳嗽、痰不易咳出等症状，同时伴有口唇发绀及下肢水肿，体温38.9℃，脉搏110次/min，呼吸24次/min，情绪不稳，对疾病缺乏正确认识。在这种情况下，建议对患者采取何种吸氧方案？,慢性肺心病急性加重->症状->口唇发绀,0.53,症状
对于一名出现拒食、呕吐、嗜睡、面色青灰、前囟紧张和脐部有脓性分泌物的2个月女婴，最关键的诊断检查应该是什么？,脑膜炎->诊断检查->脑脊液分析,0.92,诊断检查
对于一名25岁的男性患者，患有发作性意识丧失伴随四肢抽搐达8年。2天前患者自行调整了治疗药物，次日又出现频繁发作并伴有意识不清的情况。在这种情况下，医护人员应该立即采取什么处理措施？,癫痫持续状态->治疗方法->静脉注射苯二氮䓬类药物,0.85,治疗方法
患者在急性淋巴细胞白血病化疗完全缓解后的缓解期，出现了头痛、恶心、呕吐和手足抽搐的症状。这些症状表明患者最可能发生了什么情况？,急性淋巴细胞白血病->症状->手足抽搐,0.45,症状
在55岁诊断为冠心病的男性患者，经过近2周治疗后出现心悸，脉律不齐，心电图示窦性心律，每分钟78次，频发房性早搏和短阵房速的情况下，哪一种药物不适用于治疗这种心律失常？,冠心病->常用药品->利多卡因,0.05,常用药品
一名19岁的男性患者，因不明原因贫血，试服铁剂治疗5天后复查血象，发现网织红细胞上升达到5%，但血红蛋白未见增加，显微镜检查发现红细胞大小不等，中心淡染区扩大。结合这些临床表现，这种贫血最有可能是什么类型的贫血？,缺铁性贫血->症状->贫血,0.79,症状
根据一名4岁女孩的临床表现：面色苍白持续6个月并加重1个月，低热及皮肤瘀点持续3周，补血药物无效治疗史，以及结合血常规和骨髓检查结果，最可能的诊断是什么？,MDS->治疗方法->造血干细胞移植,0.07,治疗方法
针对一位患有类风湿关节炎的23岁女性，她在左上眼睑和右眼巩膜上分别出现褐色斑点和蓝色斑块。结合她的病情历史和症状，最合适的诊断是什么？,类风湿关节炎->并发症->色素沉着,0.58,并发症
一名52岁的男性患者，近2个月来出现排便次数增多、肛门坠胀感、排便不尽感、粪便变细，并常有粘液血便，体重下降。直肠指诊发现肿块，病理检查证实为直肠腺癌，肿瘤下缘距肛门约10厘米，肿块直径约4厘米。针对这种情况，最佳的手术方式是什么？,直肠腺癌->治疗方法->直肠低位前切除术,0.88,治疗方法
一名7岁的患儿，2周前得过猩红热，最近两天出现眼睑水肿，血压为16.0/10.7kPa(120/80mmHg)，尿常规显示蛋白++，红细胞5~8个/HP，目前水肿明显且尿量200ml/日。在护理过程中，应特别警惕发生哪种严重并发症？,急性肾小球肾炎->治疗方法->抗生素,0.15,治疗方法
一名42岁的男性患者，突然出现阵发性腹痛，伴有腹胀和呕吐2天，体温38.5℃，脉搏93次/分，血压100/60mmHg。腹部饱胀并胀气，右下腹部有压痛，肠鸣音亢进。腹部X线平片检查显示小肠高度胀气、扩张，并有多个液气平面。请根据以上症状和检查结果，诊断该患者可能的疾病类型。,呕吐 -> 可能患有疾病 -> 急性胃肠炎,0.39,可能患有疾病
根据以下信息，患者可诊断为何种类型的高脂血症：患者女性，39岁，有皮肤黄色斑块10年，伴随胸闷2年和反复发作的胸痛1年。心电图显示心肌缺血，血压138/90mmHg，心率74次/分，节律齐，无心脏杂音。她的双侧上眼睑有扁平黄色瘤，手指和足跟肌腱处见结节状黄色瘤，两眼有明显的角膜弓。血脂测定结果为：TC 12.3mmol/L，TG 1.5mmol/L，HDL-C 1.2mmol/L，LDL-C 8.0mmol/L。家族史显示母亲有冠心病，父亲有高血压，兄妹中一个有胆固醇增高。,家族性高胆固醇血症Ⅱa型->症状->角膜弓,0.69,症状
根据患者呈现的症状和体征，包括劳力性心悸、气促、持续高热不退、心尖区全收缩期杂音及舒张中期杂音，还有血液检查白细胞增高和中性粒细胞比例较高等情况，可以诊断患者可能并发了什么疾病？,感染性心内膜炎->可能患有疾病->心脏瓣膜病,0.22,可能患有疾病
某患者出现怕冷、乏力、很少出汗、嗜睡、动作缓慢、思维迟钝、记忆力差、头发脱落和肢体水肿的症状，实验室检查显示血清FT3和FT4降低，TSH升高，TRH兴奋试验强阳性。根据这些临床表现和实验室结果，该患者最可能患有哪种疾病？,原发性甲状腺功能减退症->治疗方法->左甲状腺素替代治疗,0.61,治疗方法
对于一名70岁男性患者，半年来在劳累时出现胸痛和气短，且活动如扫地和平地行走受限。该患者既往有10余年高血压病史，20岁时曾患肺结核。在这种情况下，要进一步检查以评估他的心脏功能，首选的检查方法是什么？,心脏病->症状->胸痛,0.31,症状
对于出现持续发热和口腔溃疡的1岁女患儿，检查发现口腔黏膜充血水肿以及形成透明水泡和溃疡，哪种治疗措施不宜用于此病？,疱疹性口腔炎->传染性->高,0.79,传染性
根据一名9岁女孩的症状，包括干咳1周、咽痛、低热，右下肺呼吸音减弱以及X线显示两下肺呈云雾状浸润影，哪种药物最适合用于该患儿的治疗？,肺炎支原体->并发症->低热,0.65,并发症
根据以下症状：发热有汗不解、口渴不欲多饮、胸闷气粗、入夜烦躁、梦语如谵、恶心呕吐、小溲短赤、舌苔黄腻、脉濡数，该患者的病证类型是什么？,暑湿弥漫三焦->症状->发热有汗不解,0.92,症状
24岁已婚女性患者产后4周出现恶露不断，伴有量多、色淡红、小腹空坠等症状。结合中医辨证治疗原则，应采用哪种汤剂作为首选治疗方？,产后恶露不断->症状->恶露量多、色淡红,0.68,症状
一名45岁的女性患者有心肌缺血病史，最近出现心慌和气短的症状，经心电图检查诊断为阵发性室上性心动过速。根据她的病情，哪种药物是治疗这种情况的最佳选择？,阵发性室上性心动过速->治疗方法->腺苷,0.89,治疗方法
一位三十岁女性患者右前臂伸侧有散在分布的环状结节，直径5mm至3cm，皮损呈淡红色且表面光滑，质地坚韧且界限明确，无明显自觉症状。根据这些特征，患者最可能的诊断是什么？,环状肉芽肿->疾病描述->结节性红斑,0.18,疾病描述
一位38岁男性患者在高温环境工作3天后出现头痛、嗜睡、面色潮红等症状，要明确诊断，进行哪项体格检查最有价值？,中暑->症状->头痛,0.35,症状
根据10岁女孩的症状：胸背部疼痛3天伴随两下肢进行性无力和尿潴留，上肢肌力正常但下肢肌力为0、肌张力低、腱反射消失，病理反射未引出，第5胸椎水平以下深浅感觉消失，膀胱充盈脐下3厘米，临床上如何诊断该病情？,急性横贯性脊髓炎->症状->自律神经障碍、尿潴留,0.72,症状
一位32岁的女性患者，表现为漫肿无头、皮色不变、酸痛无热、口中不渴，舌淡苔白，脉沉细。根据以上症状，应首选使用哪种中药？,桂枝->忌吃->寒凉食物,0.06,忌吃
一名65岁男性患者突发呼吸困难，双肺可闻及哮呜音，既往有哮喘及冠心病史，针对这种情况，哪种药物最适宜用来缓解患者的症状？,氨茶碱->药物->缓解呼吸困难,0.97,常用药品
请描述一名30岁男性右大腿肿块逐渐增大且伴有局部胀痛和压痛的情况下，通过影像学检查可能的诊断是什么？,软组织肿瘤->诊断检查->MRI,0.88,诊断检查
一位38岁的女性患者，10年前患有葡萄胎，现在出现2个月的阴道流血，量时多时少，诊刮病理报告显示滋养细胞增生活跃，未见绒毛结构。根据这些信息，最可能的诊断是什么？,葡萄胎->并发症->绒毛膜癌,0.28,并发症
患者表现为角弓反张状、四肢伸直和肌张力增高，呼之不应，这种状态被称为什么？,去脑强直->治疗方法->镇静药物,0.22,治疗方法
一名28岁男性，烧伤面积为Ⅱ度以上40％，出现休克，最可能是哪种类型的休克？,烧伤->症状->休克,0.82,症状
一名32岁的男性，右颈部肿大1个月，CT扫描显示右侧口咽及鼻咽有均匀密度的软组织肿物，双侧颈部及纵隔有多个边界清楚的肿大淋巴结。根据这些检查结果，最可能的诊断是什么？,颈部肿大->可能患有疾病->淋巴瘤,0.65,可能患有疾病
一名女性患者出现口干、尿少、厌食、恶心、软弱无力等症状，伴随有血红蛋白16 g/L，血钠132 mmol/L，CO2CP为27 mmol/L。结合这些临床表现和血液检验结果，你认为该患者可能出现了什么类型的脱水？,低渗性脱水->诊断检查->血钠低,0.79,诊断检查
对于一名慢性牙周炎患者出现了剧烈阵发性疼痛且夜间无法入眠，在检查发现左侧后牙无龋坏牙，叩痛且有深牙周袋的情况下，为了确诊最主要的还应该进行哪项检查？,牙髓病变->诊断检查->X线检查,0.78,诊断检查
在一名患者接受牙周治疗1周后，右下磨牙颊侧牙龈突然肿起，并被诊断为急性牙周脓肿。请分析此患者脓肿形成的原因，哪个因素不可能导致这种情况？,急性牙周脓肿->疾病描述->系统性疾病,0.18,疾病描述
一名35岁女性患者，主诉头晕、乏力、面色苍白，伴随红细胞数下降和血铁蛋白降低。实验室检查结果显示外周血涂片中红细胞为中央淡染区扩大。为了进一步了解其贫血的原因，应该进行哪项检查？,缺铁性贫血->治疗方法->补充铁剂,0.45,治疗方法
一位32岁的女性在遇到寒冷时，双手顺序出现苍白、青紫和潮红，病程已有3年，逐渐加重且每次发作持续15到30分钟。根据该患者被诊断为雷诺综合征，请描述她在发作时的典型症状是什么？,雷诺综合征->症状->寒冷诱发,0.85,症状
一位50岁的女性，有30余年乙型肝炎病史，2小时前进食烧饼后突然出现呕血约800ml。查体结果显示全身皮肤、黏膜无黄染，无腹水。在这种情况下，若需要进行急诊手术，请问最佳的手术方式是什么？,食管静脉曲张->并发症->急性上消化道出血,0.18,并发症
一位27岁的已婚女性患者，产后恶露35天不止，颜色深红、质地稠粘并有臭味，伴随口燥咽干，舌红，脉虚细而数。根据这些症状，应该选择哪种中药方剂进行治疗？,阴虚内热->治疗方法->调理月经,0.22,治疗方法
28岁女性，产后8个月出现月经周期延长，基础体温呈双相但高温相下降迟缓的情况下，诊断应为哪种女性生殖系统异常？,月经不规律->症状->黄体功能不全,0.81,症状
根据患者的年龄、性格变化、对人冷漠、生活懒散等症状，这名18岁男性最可能被诊断出哪一种类型的精神疾病？,精神分裂症->症状->失眠,0.22,症状
妊娠晚期患者出现头晕头重、胸闷泛恶、全身抽搐等症状，其病因的根本是什么？,妊娠晚期->症状->甲状腺功能异常,0.55,症状
针对3岁女童叶某，出现低热、双侧腮部肿痛、咀嚼不便、咽痛等症状，中医治疗首选的方剂是什么？,流行性腮腺炎->并发症->腮腺脓肿,0.18,并发症
一名43岁男性，患有扩张型心脏病，突发心悸来到急诊。结合心电图结果，针对该患者的病情，首选的治疗方案是什么？,扩张型心脏病->治疗方法->抗心律失常药物（胺碘酮、利多卡因）,0.82,治疗方法
一名26岁女性因车祸头部受伤后出现短暂昏迷，后来逐渐清醒，但1天后开始出现烦躁、头痛、呕吐，随后再次昏迷。体检显示伤侧瞳孔散大，对光反射消失，对侧肢体不完全性瘫痪，并有巴宾斯基征阳性。请问这种情况应考虑为哪种诊断？,硬膜外血肿->并发症->脑水肿,0.48,并发症
一位65岁的男性患者，颈部出现了片状稍微隆起的紫红色浸润区，质地坚韧且界限不清，中央有多个脓栓。根据这些症状，应首先考虑是什么病症？,皮肤病->忌吃->辣椒,0.09,忌吃
在患者视力骤降、神膏混浊、视衣脱离，伴随情绪急躁易怒、失眠多梦、耳鸣如潮、口苦、舌红苔黄、脉弦数的情况下，宜选用哪种中药方剂进行治疗？,柴胡疏肝散->常用药品->柴胡,0.65,常用药品
一名7岁男孩左眼视力模糊1周，并且在眼球转动时感到疼痛，此前有感冒病史。检查显示瞳孔对光反射略迟钝。根据以上信息和眼底检查结果，请给出最可能的诊断是什么？,视神经炎->症状->视力模糊,0.91,症状
一名48岁男性患者，腘窝上方持续性钝痛2年，且疼痛加重，以往‘结核’治疗无效，体检显示腘窝上方有肿胀和局部压痛，实验室检查正常。请问根据提供的图像，导致这种症状的最可能病因是什么？,神经纤维瘤->治疗方法->外科切除,0.78,治疗方法
一位24岁的男性患者出现四肢发作性抽搐，昏迷且有Babinski征阳性的症状，没有肢体瘫痪，应该选择哪种药物进行首次治疗？,癫痫发作->并发症->意识障碍,0.17,并发症
一名65岁男性患者突发呼吸困难，双肺可闻及哮呜音，既往有哮喘及冠心病史，针对这种情况，哪种药物最适宜用来缓解患者的症状？,氨茶碱->药物->缓解呼吸困难且对心血管安全,0.91,常用药品
49岁男性患者有劳力性胸痛病史，心率为110次/分。为了控制这种情况下的心率，应优先选择哪种药物？,美托洛尔->常用药品->急性心绞痛管理,0.83,常用药品
一位29岁男性患者出现尿频、尿痛、米汤样尿和终末血尿3个月，经过实验室和影像学检查确诊为左肾结核。在抗生素治疗无效的情况下，应该首先采取哪种治疗措施？,肾结核->症状->尿频,0.49,症状
一名1岁的幼儿母乳喂养，近期莫名哭闹，并且其母亲出现全身瘙痒且夜间加重的症状。经检查，患儿母亲被确诊为疥疮，幼儿下腹部出现较多针尖大小的红色丘疹。在这种情况下，应该为此患儿使用哪种治疗方案？,红色丘疹->可能患有疾病->疥疮,0.19,可能患有疾病
一名9岁男孩，颈前部肿大，按之柔软，随吞咽上下移动，诊断为气瘿，请问对此病应采用哪种中药方剂进行治疗？,气瘿->症状->软肿,0.55,症状
一位男性患者左鼻塞5年，逐渐加重，近1年持续性伴随鼻流脓涕且嗅觉减退，检查发现右鼻腔内有多个光滑灰白半透明的赘生物，触之柔软且无痛，最可能的诊断是什么？,鼻息肉->症状->鼻塞,0.85,症状
一名53岁的女性患者上腹部疼痛不适半年以上，出现进行性皮肤及巩膜黄染。超声检查显示的声像图特点是什么，可以确诊为胆总管下段癌？,胆总管下段癌->症状->胆管扩张,0.92,症状
根据患者的症状表现和体质情况，怀孕50天的女性患者出现腰酸腹痛、阴道少量出血等问题，首选哪种中药进行治疗？,寿胎丸->治疗方法->缓解腰痛,0.78,治疗方法
针对一位42岁的女性患者，半年多来反复出现尿频、尿急、尿痛症状，并伴有左侧腰部胀痛及偶发终末期血尿。在经过抗生素治疗无效的情况下，哪种尿液检查能够为确诊提供确定性意义？,泌尿系结核->可以治疗疾病->尿频,0.58,可以治疗疾病
针对一名在胆管结石行内镜下Oddi's括约肌切开术后出现头晕、大汗的25岁男性患者，在查体发现脉率120次/分，血压100/70mmHg，上腹压痛及肌紧张的情况下，首选的检查方法是什么？,术后并发症->检查方法->腹部超声,0.62,诊断检查
心理医生通过详细了解病史和周密检查后，明确告诉患者他的躯体症状是功能性的而非严重的器质性疾病，从而减轻了患者的焦虑。心理医生这种行为在心理支持中被称为什么？,心理教育->治疗科室->心理咨询科,0.51,治疗科室
一位69岁男性患者，吸烟20年，最近出现刺激性咳嗽和痰中带血丝，胸部X线片显示右肺上叶结节影。请问针对这种情况，应首选哪种检查方式来确定诊断？,肺结节->并发症->咳血,0.51,并发症
根据以下病例特征：患者18岁女性，上唇红肿疼痛持续5天，伴有寒战、高热、头痛；体检显示上唇隆起呈紫红色，中心组织坏死塌陷，伴随多个脓栓和鼻部、眼部及其周围广泛肿胀。化验结果表明白细胞总数增加，达到WBC 25×10^9/L，且中性粒细胞比例为0.90。这些临床表现和化验结果最可能的诊断是什么？,唇痈->症状->红肿疼痛,0.87,症状
患者出现咽中不适，有异物感，咽之不下，咳之不出，伴胸中窒闷、呕恶、口苦等症状，舌苔黄而腻，脉滑数。这种情况下，应该使用哪种方剂进行治疗？,脾胃虚弱->治疗方法->健脾化湿,0.58,治疗方法
一名30岁的男性患者因车祸导致左肋部受伤并脾破裂入院，入院时血压为75/55mmHg，脉率为120次/分，意识清楚，但表情淡漠，口渴，面色苍白。请根据这些症状和体征估计他的出血量是多少毫升？,低血容量休克->症状->面色苍白,0.2,症状
伤寒患者经过治疗后，体温从39.6℃下降到36.6℃，15天后体温再次升高到39.3℃并伴随症状加剧，同时血培养呈阳性。这种情况应被诊断为什么？,伤寒复发->常用药品->抗菌治疗,0.23,常用药品
根据以下情况诊断一名妇女的病情：26岁已婚妇女，停经46日，出现下腹部轻度阵发性疼痛及阴道少量流血伴血块10小时。2日后阴道流血量增多，下腹阵发性疼痛明显加重，妇科检查发现宫口可通过1指，并在宫口处见有胚胎组织堵塞，此时应如何诊断？,子宫内膜异位症->症状->腹痛,0.12,症状
根据一名9岁女孩的症状，包括干咳1周、咽痛、低热，右下肺呼吸音减弱以及X线显示两下肺呈云雾状浸润影，哪种药物最适合用于该患儿的治疗？,肺炎支原体->症状->干咳,0.78,症状
对于一名5岁男孩，体温39.5℃，出现音哑和吸气性呼吸困难的情况下，医生应首先采取什么措施来处理可能的急性气道阻塞？,急性气道阻塞->治疗方法->气雾化肾上腺素,0.85,治疗方法
如果一名65岁的男性患者有上腹部无规律性隐痛两个月，因饮酒后呕吐咖啡色物质和排柏油便而就诊，体检发现血压90/60mmHg，脉搏100/min，血红蛋白90g/L，上腹部轻度压痛，肝脾未触及，在这种情况下，哪种止血措施最有效？请详细说明原因。,上消化道出血->治疗方法->内镜止血,0.86,治疗方法
一位66岁男性突发心前区疼痛，含硝酸甘油不缓解，出现呼吸困难，不能平卧。心电图显示V1到V5导联的ST段弓背向上抬高，并出现宽而深的Q波。这种心电图特征对应于哪个部位的心肌梗死？,前壁心肌梗死->症状->心前区疼痛,0.31,症状
一名60岁男性患者，出现左腰部酸胀痛，向左臀部及股后放射，特别是在晨起和久坐之后加重，活动后有所好转。查体发现腰椎生理弯曲变平，脊柱弹性和活动度均差，双侧腰竖脊肌痉挛，左侧尤为明显，且在L3到S1左椎旁有压痛并放射到左臀部及股后。直腿抬高试验阴性，双下肢肌力正常，皮肤感觉和反射均未见异常。根据上述临床表现，该患者最可能的诊断是什么？,腰脊神经后支卡压 -> 疾病描述 -> 腰脊神经后支综合征,0.24,疾病描述
一位女性患者人工流产术后4天出现寒战、高热，小腹疼痛拒按，并伴有颜色暗如败酱且气味臭秽的阴道出血。她还感到口干喜饮，舌质红，苔黄腻，脉弦数。针对这种情况，治疗的最佳方剂是什么？,人工流产术后感染->治疗方法->五味消毒饮合失笑散,0.91,治疗方法
根据一名52岁女性左小腿肿胀两年余，活动后稍加重，不痛不热的症状，以及所提供的图像，最可能的诊断是什么？,静脉疾病->治疗方法->外科手术,0.29,治疗方法
一位患者表现为月经周期延迟，量少，色淡红，质薄，逐渐发展到经闭不行，同时伴随神疲肢倦，头晕眼花，心悸气短，面色萎黄，舌淡，苔薄，脉沉缓等症状。根据中医辨证论治原则，应选用哪种方剂进行治疗？,气血两虚->常用药品->八珍汤,0.81,常用药品
一名38岁男性患者，出现黄疸迅速加重和神志恍惚等重症肝炎表现。其肝功能化验结果显示ALT升高，TBIL增高，胆碱酯酶降低。哪项检查对于确诊他是否患有重症肝炎最有价值？,肝功能->诊断检查->ALT、TBIL,0.65,诊断检查
一名56岁绝经4年的女性患者，出现阴道浆液血性分泌物伴臭味3个月，检查发现宫颈正常大且光滑，子宫稍大稍软。为了确诊这个病例，应该选择哪种辅助检查方法？,异常阴道分泌物->诊断检查->诊断性刮宫,0.88,诊断检查
一个34岁的男性出现发热、背部疼痛、不能直立和局部软组织肿胀等症状，结合医学影像，他的症状最可能指向哪种疾病？,溶骨性改变、脓肿形成->可能患有疾病->化脓性脊椎炎,0.88,可能患有疾病
根据一个54岁女性病人的情况：她反复尿频尿急4个月，并在最近3天症状加重伴有腰痛，尿检显示白细胞5～20/HP，红细胞10～25/HP，蛋白0.3g/L，夜尿增多，晨尿比重为1.010，pH值6.7，最可能的诊断是什么？,急性肾盂肾炎->并发症->尿路梗阻,0.51,并发症
一名42岁的女性患者，最近一个月出现进行性腰部疼痛，尤其在夜间更加严重。她在一年前因乳腺癌进行了手术治疗。为了明确她腰痛的原因，哪种检查方法最有价值？,骨转移->诊断检查->核素骨扫描,0.95,诊断检查
一名37岁男性，行胃癌根治术后一个多月，反复上腹胀和呕吐十天。请描述该患者所接受的具体根治术类型。,胃癌->治疗时长->1个月以上,0.17,治疗时长
一名67岁男性患者，数天来出现头痛和呕吐，4个月前曾有头部摔伤史。头颅CT显示右额颞顶新月形中等密度影。请问这种情况下，该患者的首选治疗方法是什么？,头部外伤->可能患有疾病->慢性硬膜下血肿,0.78,可能患有疾病
对于一个8个月大，腹泻伴呕吐，6小时无尿的男婴，其临床表现包括前囟凹陷，皮肤弹性差等，实验室检查血钠浓度为134mmol/L。在这种情况下，初步快速扩容静脉输液应该给予什么类型的含钠液体？,脱水->治疗方法->静脉输液,0.94,治疗方法
请根据以下症状描述确定适宜的中药方剂：患者男，65岁，症见发热，体温可高达39℃，自汗出，渴喜温饮，少气懒言，面色苍白，大便稀溏，舌质淡，苔薄白，脉虚洪。,少气懒言->可能患有疾病->气虚,0.92,可能患有疾病
9岁男孩，出现颜面水肿和深色尿液，且有抽搐和昏睡等症状，结合这些症状和病史描述，请说明最优先应该进行哪种治疗措施？,深色尿液->可能患有疾病->急性肾炎,0.22,可能患有疾病
一位65岁的男性患者体检结果显示：三酰甘油（TG）水平为3.20mmol/L，低密度脂蛋白胆固醇（LDL-C）水平为2.6mmol/L，高密度脂蛋白胆固醇（HDL-C）水平为1.23mmol/L。在这种情况下，应选择哪种调血脂药物进行治疗？,LDL-C正常->可以治疗疾病->贝特类药物,0.58,可以治疗疾病
一名65岁男性患者突发呼吸困难，双肺可闻及哮呜音，既往有哮喘及冠心病史，针对这种情况，哪种药物最适宜用来缓解患者的症状？,氨茶碱->药物->缓解哮喘症状并减少心脏负担,0.72,常用药品
对于一名30岁女性，持续发热10天，精神萎靡，体温39.5℃，心率70次/分，血液检查结果显示白细胞数1.4×10^9/L，中性粒细胞占60%，淋巴细胞占40%，肥达氏反应O 1:80（+），H 1:160（+），ALT 180μmol/L，总胆红素22.2μmol/L。为了确诊应首先进行哪项检查？,伤寒->推荐食谱->高脂饮食,0.25,推荐食谱
根据患者右肾结石伴中度积水和感染的病情特点，以及右肾功能严重受损的状况，最佳的治疗方法是什么？,肾积水->治疗科室->泌尿外科,0.32,治疗科室
8岁男孩4周前患有脓疱疮，最近3天出现眼睑水肿、尿少和肉眼血尿症状。检查发现蛋白尿、红细胞尿、抗O滴度升高、C3下降和NPN升高，该患者最可能的病情诊断是什么？,急性感染后肾小球肾炎->症状->蛋白尿,0.82,症状
一名40岁女性左下腹部触及肿块2个月，近日出现腹部膨隆和右侧胸水，B超显示盆腔肿块伴多量腹水，妇科检查发现左侧附件区触及不规则质硬活动良好的肿块。结合这些临床表现，最可能的诊断是什么？,左下腹肿块->症状->卵巢囊肿,0.61,症状
一名43岁男性患者被诊断为急性肝炎，症状表现为面色和全身皮肤均呈现鲜明的黄色如橘子皮，同时伴有口渴、腹胀、小便短赤，舌苔黄腻，脉象滑数。针对此临床表现，应选用哪种中药方进行治疗？,急性肝炎->症状->黄疸,0.01,症状
根据一位50岁女性患者的病情，她被诊断为直肠癌并打算进行根治术，同时有27年风湿性心脏病史，出现心力衰竭并诊断为二尖瓣狭窄和中度肺动脉高压。ECG检查提示房颤。在这种情况下，应该首先采取什么处理措施？,心力衰竭->治疗方法->利尿剂治疗,0.91,治疗方法
一名55岁男性患者，患有冠心病，经常出现胸闷、胸痛症状，最近因发热皮肤出现颜色较暗的疹点。针对这种情况，应选择哪种药物进行治疗？,皮肤暗疹->诊断检查->血培养,0.51,诊断检查
根据以下信息，患者可诊断为何种类型的高脂血症：患者女性，39岁，有皮肤黄色斑块10年，伴随胸闷2年和反复发作的胸痛1年。心电图显示心肌缺血，血压138/90mmHg，心率74次/分，节律齐，无心脏杂音。她的双侧上眼睑有扁平黄色瘤，手指和足跟肌腱处见结节状黄色瘤，两眼有明显的角膜弓。血脂测定结果为：TC 12.3mmol/L，TG 1.5mmol/L，HDL-C 1.2mmol/L，LDL-C 8.0mmol/L。家族史显示母亲有冠心病，父亲有高血压，兄妹中一个有胆固醇增高。,家族性高胆固醇血症Ⅱa型->症状->皮肤黄色斑块、黄色瘤、角膜弓,0.96,症状
对于一位22岁男性患者，出现发热、乏力、食欲缺乏、恶心呕吐，尿色加深，胆红素水平升高，以及巩膜和皮肤中等度黄疸，肝区轻度叩痛等症状，抗HBs(+)和抗HAV IgM(+)均为阳性，肝肋下触及肝脏，质软，并未触及脾脏，该患者目前的主要治疗措施是什么？,急性甲型肝炎->治疗方法->对症支持性治疗,0.92,治疗方法
根据患者的症状描述，包括高热、腹痛、腹泻、食欲减退、淡红色斑丘疹，以及骨髓涂片找到了印戒细胞，你认为该患者最可能的诊断是什么？,腹泻->症状->胃肠道感染,0.15,症状
对于一名1岁10个月的患儿，出现发热半天及全身惊厥1次、持续10余分钟伴呕吐和意识模糊的症状，大小便正常，应进行什么检查才能有助于明确诊断？,脑膜炎->治疗方法->抗生素治疗,0.38,治疗方法
患者牙痛，面部肿胀，颊部窦道，反复流脓不愈，可能诊断为何？,智齿冠周炎->常用药品->抗生素,0.34,常用药品
一名40岁的男性患者，间断上腹痛3年，多饥饿痛和夜间痛，进食后减轻。为了明确诊断，急诊应该进行什么检查？,消化性溃疡->症状->夜间痛,0.65,症状
患者宋某出现干咳少痰、痰中带血丝、形瘦气短、虚烦盗汗等症状，结合脉象为虚数，以及咽干舌燥、大便难、虚热时发等表现，试问应选用哪种中药汤剂进行治疗？,肺阴虚->常用药品->沙参,0.78,常用药品
请问对于一名45岁男性患者，体检结果显示血压150/96mmHg，心率80次/分，血糖8.0mmol/L，糖化血红蛋白8.0%，血蛋白酶500μmol/L，首选哪种降压药物？,糖尿病->常用药品->依那普利,0.61,常用药品
一名6个月大的男婴患有化脓性脑膜炎，经过抗生素治疗后情况好转，但体温下降后原方案继续进行，两天后体温再次升高至39°C，并伴有频繁呕吐和前囟饱满的症状。请问在这种情况下，应首先考虑哪种病情变化？,化脓性脑膜炎->并发症->硬脑膜下积液,0.84,并发症
请根据患儿3岁男孩右腹股沟可复性包块超过1年，玩耍后出现哭闹伴呕吐症状，右侧阴囊肿胀并触及不可还纳的肿块，判断最可能的诊断是什么？,腹股沟疝->症状->右侧阴囊肿胀,0.92,症状
某肺心病患者在急性加重期治疗后病情好转，但出现躁动、手足抽搐，血清钾及氯均降低，HCO₃⁻为38mmol/L，二氧化碳分压为40mmHg。这种情况下，患者可能出现了什么病理变化？,代谢性碱中毒->症状->手足抽搐、躁动,0.88,症状
患者多次流产，现表现为腰酸膝软、足跟痛、头晕耳鸣、手足心热、两颧潮红、大便秘结，舌红少苔，脉细数等症状。根据这些症状，应该首选哪种中药方剂进行治疗？,肾阴虚->常用药品->补中益气汤,0.62,常用药品
"许某, 男性, 79岁, 中风后言语不利, 善忘, 表情迟钝, 面色黎黑, 唇甲紫暗, 舌质, 脉涩。针对他的症状，应该选择哪种治疗方法？",中风后遗症->并发症->血瘀,0.25,并发症
一位32岁的女性在遇到寒冷时，双手顺序出现苍白、青紫和潮红，病程已有3年，逐渐加重且每次发作持续15到30分钟。根据该患者被诊断为雷诺综合征，请描述她在发作时的典型症状是什么？,雷诺综合征->并发症->手部坏死,0.28,并发症
一名30岁男性患者因车祸挤压伤急诊入院，第二天出现头痛、头晕、呼吸费力，且24小时尿量仅为300毫升，基于这些症状，考虑他可能发生了什么情况？,高钾血症->推荐食谱->冬瓜汤,0.28,推荐食谱
一名6岁小儿因发热3小时并伴随抽搐1次入院，体检显示神志清醒但精神萎靡，血压为70/30 mmHg，下肢有大理石花纹，脑膜刺激征阴性，大便常规检查显示白细胞三加和红细胞一加。在2017年8月的这种情况下，结合临床表现和检查结果，该患儿最可能的诊断是什么？,感染性休克->症状->低血压、大理石花纹,0.88,症状
一名78岁男性患者出现进行性吞咽困难5个月，完全不能进食3周。钡剂造影显示食管中段有阻塞，不能通过钡剂。针对这种情况，应该采用哪种治疗方案？,食管癌->治疗方法->放疗,0.61,治疗方法
10岁男孩阑尾切除术后出现面色苍白、皮肤湿冷、心率110次/min、血压80/60mmHg等症状，并未解小便。为明确诊断，应首先采取什么措施？,诊断性腹腔穿刺->诊断检查->术后出血,0.26,诊断检查
一位60岁的男性患者确诊为帕金森病，因经济原因无法负担昂贵的药物治疗，当前临床上应推荐哪种药物作为首选？,金刚烷胺->药物->低成本,0.72,常用药品
一位男性患者左鼻塞5年，逐渐加重，近1年持续性伴随鼻流脓涕且嗅觉减退，检查发现右鼻腔内有多个光滑灰白半透明的赘生物，触之柔软且无痛，最可能的诊断是什么？,鼻息肉->治疗方法->手术切除,0.79,治疗方法
一位30岁的男性患者，素有嗜食肥甘和饮酒史，出现午后和夜晚加重的发热症状，并伴有身重肢倦、头重痛、口不渴、面色淡黄、胸脘痞满，舌苔白厚腻，脉象濡缓等症状。在中医理论中，适合的治疗方法是什么？,寒湿困脾->疾病描述->胸脘痞满,0.62,疾病描述
根据一位46岁女性患者的症状：心悸、喘息不能平卧、颜面四肢水肿、腹胀、大便溏泻、小便短少，以及其舌象和脉象特征，结合诊断为“风心病，二窄并二漏”，在已知使用氧气和西药治疗的基础上，中医治疗应首选哪个方剂？,糖尿病 -> 检查疾病 -> 空腹血糖,0.07,诊断检查
一位17岁的女性在体检中发现肛周囊性肿物，壁较硬，与骶骨面界限不清，考虑为哪种疾病？,痔疮->治疗方法->口服止痛药,0.18,治疗方法
当患者出现卒然仆倒，不省人事，四肢强痉拘挛，口中有声，口吐白沫，烦躁不安，气高息短，痰鸣漉漉，口臭便于，舌红或暗红，舌苔黄腻，脉弦滑的症状时，该病证属于什么？,痰火扰神->症状->四肢强痉,0.85,症状
一名20岁男性患者，数月来出现低热乏力和逐渐加重的呼吸困难，体检发现气管偏向右侧，左下肺叩诊呈浊音，语颤消失，且左上肺可闻及支气管呼吸音，下方肺泡呼吸音消失。结合上述体征，请问最可能的诊断是什么？,胸腔积液->传染性->结核性胸膜炎,0.64,传染性
请描述一名30岁男性右大腿肿块逐渐增大且伴有局部胀痛和压痛的情况下，通过影像学检查可能的诊断是什么？,肿块->可能患有疾病->良性肿瘤,0.82,可能患有疾病
根据以下情况诊断一名妇女的病情：26岁已婚妇女，停经46日，出现下腹部轻度阵发性疼痛及阴道少量流血伴血块10小时。2日后阴道流血量增多，下腹阵发性疼痛明显加重，妇科检查发现宫口可通过1指，并在宫口处见有胚胎组织堵塞，此时应如何诊断？,先兆流产->症状->腹痛,0.58,症状
面对一位27岁男性患者，他以左侧后牙自发痛和夜间痛为主要症状就诊，检查发现左侧后牙前倾阻生，牙冠与远中牙颈部形成的间隙有较多的食物嵌塞，远中冠周轻度充血，冠周袋无脓且触痛(-)，X线显示远中牙颈部深龋。请问在这种情况下，最恰当的应急处理措施是什么？,深龋->可能患有疾病->牙髓炎,0.89,可能患有疾病
一名60岁的男性在使用煤气热水器的浴室内被发现神志不清，送到急诊，出现昏迷状态，并且口唇呈樱桃红色。根据这些症状，最可能的诊断是什么？,一氧化碳中毒->治疗方法->高压氧治疗,0.55,治疗方法
一名56岁男性，患有高血压10年，近期因工作繁忙出现头晕、头胀、胸闷等症状，并伴有气促和心慌，血压为186/112mmHg，心率为118次/min。针对该患者的治疗，最重要的措施是什么？,高血压危象->可能患有疾病->心肌梗死,0.25,可能患有疾病
一名38岁男性患者，出现黄疸迅速加重和神志恍惚等重症肝炎表现。其肝功能化验结果显示ALT升高，TBIL增高，胆碱酯酶降低。哪项检查对于确诊他是否患有重症肝炎最有价值？,凝血功能->诊断检查->凝血酶原活动度（PTA）,0.89,诊断检查
患者反复发作呼吸困难、胸闷、咳嗽及咳痰，春季加重，双肺湿啰音。最适合治疗药物？,呼吸系统疾病->症状->湿啰音,0.65,症状
在患者视力骤降、神膏混浊、视衣脱离，伴随情绪急躁易怒、失眠多梦、耳鸣如潮、口苦、舌红苔黄、脉弦数的情况下，宜选用哪种中药方剂进行治疗？,龙胆泻肝汤->常用药品->龙胆草,0.92,常用药品
一名1岁患儿腹泻伴中度脱水和酸中毒，经过补液及纠正酸中毒的治疗后出现腹胀、心音低钝和四肢腱反射减弱，这个患儿最可能出现了什么并发症？,低钾血症->治疗科室->内分泌科,0.55,治疗科室
一个患者，女性，21岁，14岁时初潮。她在每次月经期间都会感到小腹冷痛，喜欢温暖和按压，经量少，颜色黯淡，并且有腰膝酸冷的症状。舌苔淡白润，脉沉。在中医辨证中，这种情况一般归为哪种证型？,阳虚内寒->治疗方法->温暖按压,0.69,治疗方法
一名55岁男性，右小腿肿痛3天，体温38℃。查体显示右小腿片状红肿，鲜红色，中央较淡，边缘稍隆起，与正常皮肤界限清楚，指压可使红色消退，压力除去后红色很快恢复。根据这些临床表现，最可能的诊断是什么？,右小腿肿痛->症状->蜂窝组织炎,0.72,症状
对于手术后反复胸痛、伴轻度呼吸功能不全的左肺癌患者，若使用解热消炎镇痛药效果不佳，考虑使用中枢性镇痛药进行治疗，应选择哪种口服药物？,左肺癌->治疗方法->阿片类药物,0.53,治疗方法
一位54岁男性患者，间歇性上腹部不适4年，餐后加重，嗳气来诊。胃镜检查显示如图所示的结果。请问对这种情况下的治疗方案，应该采取怎样的处理方式？,胃溃疡->治疗方法->手术治疗,0.69,治疗方法
一位61岁男性患者，有5年高血压病史，在饮用半斤白酒后突然出现剧烈头痛、头晕、呕吐、左侧肢体无力以及站立和行走不稳的症状。根据这些症状，这位患者最有可能出现了什么情况？,站立和行走不稳->症状->小脑损害,0.78,症状
针对一名60岁的男性患者，他在过去2周有多饮多尿的症状，并在过去2天内感到嗜睡，出现脱水表现。化验显示血尿素氮为42.9mmol/L，血钠为150mmol/L，尿酮体阴性，诊断为高渗性非酮症糖尿病昏迷。请问对此患者宜采用什么治疗措施？,高渗性非酮症糖尿病昏迷->治疗方法->静脉补液,0.87,治疗方法
一位28岁男性患者从高处坠落导致左下肢肿痛3天，伴随以下症状：左足皮温低、感觉减退、足背动脉搏动未触及、足趾冰凉、甲床青紫色；X线片显示左胫腓骨中断粉碎性骨折。请问应采取什么处理方案？,骨折治疗->症状->肢体缺血,0.62,症状
一名38岁女性因突然右侧剧烈腰痛和肉眼血尿就诊，既往有风湿性心脏病和心房颤动病史，尿常规显示蛋白++，红细胞满视野，白细胞5～8/HP。根据以上症状，临床上首先考虑的诊断是什么？,心房颤动->可能患有疾病->肾动脉栓塞,0.89,可能患有疾病
一位女性患者人工流产术后4天出现寒战、高热，小腹疼痛拒按，并伴有颜色暗如败酱且气味臭秽的阴道出血。她还感到口干喜饮，舌质红，苔黄腻，脉弦数。针对这种情况，治疗的最佳方剂是什么？,人工流产术后感染->治疗方法->抗生素使用,0.22,治疗方法
一名50岁女性，患有糖尿病10年，症状包括经常性咳嗽半年、昨日突然咯血，以及胸片显示右肺上野出现直径1厘米的空洞，基于这些症状和检查结果，最可能的诊断是什么？,肺结核->治疗方法->抗结核药物,0.24,治疗方法
一名56岁绝经4年的女性患者，出现阴道浆液血性分泌物伴臭味3个月，检查发现宫颈正常大且光滑，子宫稍大稍软。为了确诊这个病例，应该选择哪种辅助检查方法？,宫颈正常->症状->阴道出血,0.11,症状
49岁男性患者有劳力性胸痛病史，心率为110次/分。为了控制这种情况下的心率，应优先选择哪种药物？,心动过速->症状->心率过快,0.92,症状
根据患者的病例描述，包括头部外伤、近期出现的头痛、头昏以及视力下降等症状，同时结合既往病史和体格检查结果，该患者最可能被诊断为何种疾病？,硬膜下血肿->并发症->脑水肿,0.07,并发症
描述一位25岁女性患者因腹痛、腹泻便秘交替3个月就诊，并在胃肠钡餐检查中发现回盲部激惹和“钡影跳跃征象”的情况下，最可能的诊断是什么？,痢疾->症状->腹泻,0.09,症状
描述一个6岁女童的病例，她于1月13日入院，症状包括畏寒、高热、头痛、呕吐、昏迷、大片淤斑、颈强直及不规则呼吸节律，并观察到左侧瞳孔直径大于右侧。她的血液检查结果为白细胞19.0×10^9/L，血压8/5.5kPa (60/40mmHg)。请根据这些信息，判断最可能的诊断是什么？,脑膜炎球菌败血症->治疗科室->感染科,0.35,治疗科室
一名50岁女性患者，在触摸左颊黏膜时感觉到左颊和左下唇出现电击样剧痛，持续数秒钟，卡马西平治疗对其有效。请问该患者最可能的诊断是什么？,三叉神经痛->疾病描述->电击样剧痛,0.32,疾病描述
35岁男性患者因高处坠落导致胸背部疼痛以及双下肢感觉/运动功能完全丧失，但经过5小时的静脉使用甘露醇和地塞米松治疗后功能逐渐恢复，最可能的诊断是什么？,脊髓震荡->可能患有疾病->功能逐渐恢复,0.88,可能患有疾病
4岁7个月男孩，右上后牙疼痛1天，体检发现远中邻面龋，叩诊反应微弱，X线显示深龋近髓，最可能的诊断是什么？,急性牙髓炎->诊断检查->病理分析,0.29,诊断检查
该患者入院后经过清创，考虑到烧伤部位为头面、颈、会阴、臀部及下肢深度烧伤，局部创面应采用哪种处理方法？,深度烧伤->治疗方法->植皮手术,0.78,治疗方法
一名30岁男性工人，1个月前在工作中突然感到胸痛和心慌，随后出现气促症状逐渐加重。体检发现胸骨左缘第3〜4肋间有三级连续性粗糙杂音。结合这些症状和体征，最可能的疾病诊断是什么？,主动脉窦瘤破裂->并发症->心力衰竭,0.25,并发症
一名37岁男性，行胃癌根治术后一个多月，反复上腹胀和呕吐十天。请描述该患者所接受的具体根治术类型。,胃癌术后->症状->上腹胀,0.66,症状
某位38岁的虚弱孕妇，出现胎漏、胎动不安、腰膝酸软等症状，证属肝肾亏虚、冲任不固。在这种情况下，应该选用哪一种中药来安胎？,肝肾亏虚->症状->胎动不安,0.78,症状
一位30岁的女性患者表现出失眠多梦、易惊醒、胆怯心悸、遇事善惊、气短乏力、舌淡、脉弦细的症状，针对这些症状，应该选择哪种中药方剂进行治疗？,失眠多梦->常用药品->补中益气汤,0.81,常用药品
一位28岁男性患者从高处坠落导致左下肢肿痛3天，伴随以下症状：左足皮温低、感觉减退、足背动脉搏动未触及、足趾冰凉、甲床青紫色；X线片显示左胫腓骨中断粉碎性骨折。请问应采取什么处理方案？,急性骨筋膜室综合征->症状->急性缺血,0.27,症状
针对5岁患者8月中旬出现高热、抽搐、面色苍白、意识朦胧及四肢凉等症状，并有食入不洁食物史，医师为确诊该患者的病情，下一步最应进行哪一项检查？,高热->症状->感染,0.26,症状
患者骨蒸盗汗、心烦易怒、消渴多食、遗精尿赤、足膝热痛、舌红少苔、脉细数，应选哪种中药方剂？,舌红少苔->诊断检查->阴虚证,0.25,诊断检查
对于一名慢性牙周炎患者出现了剧烈阵发性疼痛且夜间无法入眠，在检查发现左侧后牙无龋坏牙，叩痛且有深牙周袋的情况下，为了确诊最主要的还应该进行哪项检查？,牙髓病变->诊断检查->冷测验,0.85,诊断检查
男，50岁，因肝硬化食管静脉曲张、腹水入院，放腹水后出现精神错乱、幻觉、扑击样震颤、脑电图异常等肝昏迷表现。针对该患者的情况，安排何种饮食最为合适？,肝性脑病->推荐食谱->高蛋白饮食,0.25,推荐食谱
在重症乙脑患者病程中，如果患者出现双侧瞳孔大小不等、呼吸节律不齐、血压上升和肌张力增强的情况下，应首先采取什么急救措施来缓解这些症状？,乙脑->常用药品->抗癫痫药,0.58,常用药品
根据2岁男孩的病情描述，包括发热、剧烈头痛、喷射性呕吐和脑膜刺激征阳性等症状，他被诊断为哪种类型的流行性脑膜炎？,脑膜炎奈瑟菌感染->诊断检查->脑脊液检查,0.91,诊断检查
一位48岁男性患者，具有15年高血压病史，现在突然出现剧烈的胸背部疼痛，伴有面色苍白。体检发现其脉搏为88次/分，血压为170/120mmHg，心电图正常。请问该患者最有可能被诊断为何种疾病？,主动脉夹层->检查方法->胸部CT血管造影,0.85,诊断检查
一名8岁儿童出现血尿3天，每日尿量300毫升，明显浮肿，血压为22.7/16kPa（170/120mmHg），呼吸急促，不能平卧，并伴有恶心呕吐、头痛、头晕等症状，同时心音低钝且肝肋下触及2厘米。在这种情况下，什么是最紧急的处理方法？,急性肾衰竭->治疗方法->使用利尿剂（如呋塞米）,0.91,治疗方法
一名26岁的女性患者出现端坐呼吸、乏力、腹胀等症状，心音遥远。其胸部正侧位摄片显示心影增大。基于这些症状和检查结果，请问该患者最可能的诊断是什么？,心包积液->诊断检查->胸片,0.27,诊断检查
一名37岁的男性患者昨晚摄入大量油腻食物后半夜突发腹痛、腹泻及里急后重的症状，此时最适宜使用哪种中药治疗？,山楂->可以治疗疾病->饮食积滞,0.81,可以治疗疾病
针对63岁男性肝硬化患者，出现右肋部疼痛、发热及血性腹水增多，应首选进行哪项检测以判断病情变化？,腹痛->症状->胃溃疡,0.19,症状
51岁女性患者，脘腹痞满胀痛，嗳腐吞酸，恶食呕逆，或大便泄泻，舌苔厚腻，脉滑，诊断为食滞胃脘证，应选择哪种中成药进行治疗？,食滞胃脘证->并发症->慢性胃炎,0.57,并发症
患者出现恶寒发热、头痛无汗、胸脘痞闷、不思饮食的症状，舌苔薄白，脉浮，这种情况下应选用哪种中药方剂进行治疗？,气滞中焦->推荐食谱->健脾理气粥,0.11,推荐食谱
请解释为什么一位78岁患有冠心病慢性全心衰竭的女性患者在住院后可能出现便秘，其中有什么机制可能导致这种情况？,便秘->传染性->否,0.12,传染性
一位42岁的男性患者反复腰痛5年，并在7个月前因腰部扭伤出现剧烈疼痛和左侧肢体不适，经过系统性的保守疗法后症状依然没有缓解，腰椎CT显示L间盘左后方突出压迫了硬膜囊。请问在这种情况下，他下一步应该接受什么治疗来缓解症状？,腰椎间盘突出->治疗方法->椎间盘切除术,0.91,治疗方法
针对3岁女童叶某，出现低热、双侧腮部肿痛、咀嚼不便、咽痛等症状，中医治疗首选的方剂是什么？,流行性腮腺炎->易患人群->儿童,0.58,易患人群
一名64岁的女性患者，2年来偶尔感到心悸，但无黑朦及晕厥症状，多次心电图检查显示为房颤且心率在65至89次每分钟之间。针对这种情况，她的心律失常应该如何治疗？,房颤->检查疾病->CHA2DS2-VASc评分,0.79,诊断检查
一个5岁男孩发热2天，伴有微恶风寒、鼻塞流涕、咳嗽、眼睑红赤、泪水汪汪、口腔颊黏膜红赤、细小白色疹点、周围红晕、小便黄、舌苔薄黄的症状，对于这种情况下首选的中医方剂是什么？,麻疹->症状->口腔白色疹点,0.28,症状
一位47岁的男性患者，出现脾胃气滞导致的脘腹胀痛，并伴有食欲不振和大便溏泻，治疗应着重行气止痛和健脾消食。应该选择哪种中药来治疗这个病症？,脘腹胀痛->症状->脾胃功能失调,0.65,症状
50岁中段食管癌患者，进食性吞咽困难6个月，完全不能进食，恶液质，左锁骨上2cm硬性淋巴结，最优先选择的治疗方法是什么？,食管癌->治疗方法->姑息性化疗,0.85,治疗方法
患者李某出现咯血反复发作一个月，同时伴有咳呛气急、午后潮热、五心烦热等症状。根据这些临床表现，应首选哪种方剂进行治疗？,清燥救肺汤->可以治疗疾病->肺阴虚咳嗽,0.86,可以治疗疾病
一位49岁的男性患者，反复发作性癫痫，双手震颤5年，伴有头晕和行走不稳，生化检查显示血清钙降低和血清磷升高。根据这些症状和实验室检查结果，你认为最可能的诊断是什么？,低钙血症->症状->癫痫发作,0.81,症状
妊娠晚期患者出现头晕头重、胸闷泛恶、全身抽搐等症状，其病因的根本是什么？,妊娠晚期->症状->子痫,0.88,症状
患者宋某出现干咳少痰、痰中带血丝、形瘦气短、虚烦盗汗等症状，结合脉象为虚数，以及咽干舌燥、大便难、虚热时发等表现，试问应选用哪种中药汤剂进行治疗？,肺阴虚->宜吃->百合,0.85,宜吃
患者出现恶寒发热、头痛无汗、胸脘痞闷、不思饮食的症状，舌苔薄白，脉浮，这种情况下应选用哪种中药方剂进行治疗？,香苏散->治疗方法->疏风解表和中,0.74,治疗方法
一名56岁女性，颈部肿大20年，术后应采取什么药物处理措施？,单纯结节性甲状腺肿->检查疾病->甲状腺功能检测,0.61,诊断检查
针对一名54岁女性患者，具有两年痢疾史，症状表现为时痢时歇，缠绵经年，饮食减少，倦怠神疲，畏寒懒言，发作时便下赤白，里急后重。舌质淡，苔腻，脉象虚数，应该选择哪种治疗方案？,痢疾->忌吃->寒凉生冷食物,0.61,忌吃
针对一名患者，表现为心下痞硬，噫气不除，或反胃呕逆，吐涎沫，舌淡，苔白滑，脉弦而虚，请问应选用哪种中药方剂进行治疗？,旋覆代赭汤->治疗方法->宣肺止咳,0.69,治疗方法
26岁女性人流术后微热、下腹坠痛、子宫触痛，应考虑哪种疾病？,生化汤->食谱有益于疾病->产后恢复,0.41,食谱有益于疾病
一位16岁男性，左膝部肿痛持续2周，无发热。结合左膝关节的MRI平扫和增强扫描片，诊断结果最可能是什么？,左膝肿痛->症状->膝关节肿胀,0.65,症状
根据临床症状和检查，44岁女性右下后牙牙龈反复肿胀疼痛半年多，颊侧牙龈有一瘘管，近中探诊深度7mm，叩诊阳性，牙髓活力正常，最可能的诊断是什么？,牙周脓肿->症状->叩诊阳性和牙周炎,0.85,症状
一名42岁的女性患者，最近一个月出现进行性腰部疼痛，尤其在夜间更加严重。她在一年前因乳腺癌进行了手术治疗。为了明确她腰痛的原因，哪种检查方法最有价值？,乳腺癌->诊断检查->CT扫描,0.51,诊断检查
一位49岁的男性患者，反复发作性癫痫，双手震颤5年，伴有头晕和行走不稳，生化检查显示血清钙降低和血清磷升高。根据这些症状和实验室检查结果，你认为最可能的诊断是什么？,帕金森病->症状->震颤,0.17,症状
一名30岁女性患者在外院进行右下第二磨牙治疗后，右侧口角区出现灼热不适感，随后出现成簇小水泡。根据这些症状，最可能的诊断是什么？,单纯疱疹->治疗方法->抗病毒药物,0.34,治疗方法
一位60岁的男性患者在活动时出现胸骨后疼痛，听诊发现在胸骨右缘第2肋间有4/6级收缩期喷射样杂音。结合这些症状和体征，他最可能的心脏疾病诊断是什么？,冠状动脉疾病->症状->4/6级喷射样杂音,0.22,症状
根据某患者溃疡病并发幽门梗阻且反复呕吐入院后的血气分析结果：pH值为7.49，PaCO2为6.4kPa(48mmHg)，HCO3为36mmol/L，该患者的酸碱平衡紊乱类型是什么？,溃疡病->并发症->呕吐,0.56,并发症
月经周期为四到五十天，月经量少且色淡红无血块，伴头晕眼花、心悸失眠、面色苍白、舌质淡红、脉细弱，应选哪种中药方剂？,大补元煎->治愈概率->0.75,0.36,治愈概率
对于一名30岁女性，持续发热10天，精神萎靡，体温39.5℃，心率70次/分，血液检查结果显示白细胞数1.4×10^9/L，中性粒细胞占60%，淋巴细胞占40%，肥达氏反应O 1:80（+），H 1:160（+），ALT 180μmol/L，总胆红素22.2μmol/L。为了确诊应首先进行哪项检查？,血培养->诊断检查->伤寒诊断,0.92,诊断检查
一位65岁的男性患者，颈部出现了片状稍微隆起的紫红色浸润区，质地坚韧且界限不清，中央有多个脓栓。根据这些症状，应首先考虑是什么病症？,簇性疖->诊断检查->细菌培养,0.78,诊断检查
患者出现恶寒发热、头痛无汗、胸脘痞闷、不思饮食的症状，舌苔薄白，脉浮，这种情况下应选用哪种中药方剂进行治疗？,香苏散->可以治疗疾病->外感风寒兼气滞,0.82,可以治疗疾病
一名72岁的男性患者，有22年的高血压病史，出现右眼突然视力丧失，眼科检查显示右眼角膜透明，前房深度正常，瞳孔对光反应迟钝，视乳头颜色淡、边缘模糊，动脉和静脉管径变细，视网膜水肿苍白，黄斑区呈红色。 根据这些症状和检查结果，最可能的诊断是什么？,视网膜中央动脉阻塞->症状->视乳头颜色变化,0.55,症状
描述成人患者在手足背出现边界清楚的红斑，并伴有群集小疱和鳞屑痂，还有前臂及小腿的播散病损，这种症状最可能的诊断是什么？,鳞屑痂->疾病描述->湿疹,0.58,疾病描述
25岁女性，停经2个月，尿妊娠试验阳性，近1周阴道少量出血，妇科检查显示子宫增大如7周妊娠大小，未见异常组织物排出且无压痛。根据这些症状，最可能的诊断是什么？,先兆流产->症状->孕期阴道出血,0.93,症状
一位71岁男性，出现右侧肢体无力逐渐加重，查体显示右侧Babinski征阳性和右偏身痛觉减退，头颅CT未见异常，请问对该患者最适宜的治疗措施是什么？,脑卒中->并发症->癫痫,0.62,并发症
根据患者的症状特点和体检结果，而且杂音随体位变化而改变，该患者最可能诊断为哪种心脏疾病？,左心房黏液瘤->症状->体位性杂音,0.21,症状
一个患者表现出肢体关节疼痛较剧，痛有定处，得热痛减，遇寒痛增，疼痛局部皮色不红，触之不热，舌苔薄白，脉弦紧。这种情况下，应该选用哪种中药方进行治疗？,寒痹->常用药品->祛风散寒,0.56,常用药品
一名70岁男性患者，1年前因壶腹癌行Whipple手术，手术恢复良好。近2个月反复发热，伴寒战，最高体温达39.5℃，WBC升至15×10^9/L，血清ALT升高至121U/L，TBil为589μmol/L。CT影像显示肝内有多处直径1～2cm的低密度灶，并且边缘强化明显。根据这些临床表现和影像学特点，最可能的诊断是什么？,肝脓肿->并发症->感染性休克,0.05,并发症
一位4岁女孩，身体瘦弱，不思饮食，食不知味，面色少华，精神乏力，多汗，且大便溏薄，常见不消化食物。舌淡苔薄白，脉象缓无力。根据这些症状，应该选用哪个基础方剂来进行调理？,脾胃虚弱->可能患有疾病->慢性胃炎,0.18,可能患有疾病
一位30岁的女性，停经43天，伴有右下腹隐痛2天并出现阴道少量出血，吸宫术后病理报告显示蜕膜组织。基于这些症状和检查结果，首先应该考虑哪种疾病？,宫外孕->食物有益于疾病->燕麦粥,0.06,食物有益于疾病
患者，男，48岁。有冠心病史3年，今晨出现剧烈的胸痛，并伴有心痛彻背、背痛彻心等症状。服用硝酸甘油后无效，且有喘促心悸、气短乏力等表现。出现畏寒肢冷、腰部及下肢浮肿、面色苍白、唇甲淡白的症状，舌淡胖、苔水滑，脉象沉细。心电图显示Ⅰ、Ⅱ、aVF导联ST段弓背抬高，血清酶检查显示CK—MB活性增高。结合以上症状和检查结果，该患者的证型是什么？,心肌梗死->症状->冠心病,0.55,症状
根据患者症状描述，老年女性患者多年来在疲劳后出现尿频、尿痛等症状，同时伴有腰膝酸软、神疲乏力。检查发现双肾区叩击痛，尿白细胞升高，结合这些症状，最适合采用何种治疗方法进行治疗？,肾盂肾炎->并发症->尿路梗阻,0.68,并发症
男性，49岁，咳嗽1个月，X线检查发现右肺门旁有一类圆形阴影，疑诊肺癌，应首先使用什么方法进行进一步检查？,肺炎->检查方法->胸部CT,0.42,诊断检查
一位44岁男性患者，出现发热、畏寒、全身酸痛等症状，自行按感冒治疗后体温仍上升。经过一系列检查后被诊断为急性白血病。为了寻找发热的原因，除了哪项检查之外，其他检查应立即进行？,白血病->传染性->无,0.17,传染性
对于一位29岁女性患者，症状包括因外感风邪导致的全身关节烦疼，肩背沉重，舌苔白腻微黄，在这种情况下，应选用哪种方剂进行治疗？,当归拈痛汤->可以治疗疾病->湿热痹证,0.88,可以治疗疾病
患者有10年糖尿病史，现出现眼睑及下肢浮肿、乏力、尿蛋白(++)及尿糖(+++)的症状，这种情况下该患者的糖尿病类型通常是什么类型？,糖尿病->并发症->视网膜病变,0.14,并发症
一位33岁的女性患者，劳累后心悸气促加重持续3年，不能平卧并伴有咯血。检查发现有二尖瓣面容，第一心音亢进，心尖部可听到隆隆样舒张期杂音，以及P₂＞A₂且心率规则。根据这些症状和体征，应该采用什么治疗措施来缓解她的症状？,二尖瓣狭窄->治疗方法->氧疗,0.85,治疗方法
针对一位成年男性，他有三个月来双下肢无力麻木逐渐加重，背后疼痛且咳嗽时加剧的症状。检查显示左半侧T8以下痛温觉消失，右下肢肌力3级，腱反射亢进，Babinski征阳性，同时右下肢足趾振动觉和位置觉消失。根据这些临床表现，最可能的诊断是位于什么位置的脊髓病变？,脊髓病变->诊断->T8脊髓半侧损伤,0.61,可能患有疾病
根据描述，49岁女性患者出现胸胁疼痛，如灼如刺，胸闷不舒等症状。结合阴雨天加重和病侧胸廓变形的情况，请问对该患者的治疗应采用哪种治法？,血瘀->可以治疗疾病->延胡索,0.66,可以治疗疾病
患者出现尿频、尿急、尿痛，声像图显示右肾轻度肿大，多个液性腔及钙化灶，最可能的诊断是什么？,尿路症状->诊断->肾结核,0.92,可能患有疾病
一位怀孕8个月的24岁女性，近一个月来常在卧位时出现突发性头痛、心悸和多汗，测得最高血压为230/140mmHg，但坐起后症状可逐渐缓解，血压恢复正常，空腹血糖为7.8mmol/L，电解质及肝肾功能正常。根据这些症状和检验结果，最可能的诊断是什么？,嗜铬细胞瘤->症状->阵发性高血压,0.69,症状
50岁男性患者在胃癌根治术后2小时出现腹腔引流出不凝血800ml，血压为86/60mmHg，中心静脉压从8cmH₂O降至4cmH₂O。请问在这种情况下最恰当的处理措施是什么？,失血性休克->治疗方法->液体复苏,0.95,治疗方法
一名42岁的女性患者，多年乏力，体检发现双侧甲状腺呈结节性肿大且质地较韧，考虑诊断为慢性淋巴细胞性甲状腺炎。为确诊该疾病，哪项检查具有决定性价值？,慢性淋巴细胞性甲状腺炎->诊断检查->甲状腺抗体检测,0.82,诊断检查
该患者入院后经过清创，考虑到烧伤部位为头面、颈、会阴、臀部及下肢深度烧伤，局部创面应采用哪种处理方法？,烧伤->症状->创面感染,0.51,症状
对于一位明确诊断为心肌梗死且拒绝入院治疗的清醒患者，医生应该如何在尊重患者自主权的同时确保其得到合适的医疗处理？,心肌梗死->治疗科室->心内科,0.07,治疗科室
45岁的男性患者被诊断为肾病综合征合并严重肝功能不全，适合使用哪种糖皮质激素进行治疗？,肾病综合征->治疗方法->泼尼松,0.49,治疗方法
针对一名有长期胃溃疡病史，近期上腹痛加剧且药物治疗无效，体重减轻的患者，体检发现上腹部轻压痛并可触及包块，进一步确诊需要进行何种检查？,胃部肿瘤->诊断检查->组织活检,0.79,诊断检查
一个30岁男性患者右面部疼痛，CT显示右桥小脑角区有类椭圆形囊样病变，沿脑池生长，CT值为-10 HU，无强化，且局部脑组织及脑干轻度受压。根据这些影像学特征，该患者最可能的诊断是什么？,桥小脑角囊肿->可能患有疾病->脑瘤,0.16,可能患有疾病
一位初产妇，25岁，怀孕1次，分娩0次。骨盆外测量正常，已经临产10小时，肛查显示宫口开大9cm，胎先露在S2+，宫缩时胎心下降至110次/分，宫缩后不能迅速恢复。这种情况下，最适合的处理方法是什么？,胎儿窘迫->症状->胎心下降,0.73,症状
25岁男性患者，3周前因上呼吸道感染后，出现胸闷、气短、头晕等症状，并伴有心率较慢、第一心音低钝等体征。结合这些信息，最可能的诊断是什么？,心肌炎->症状->低血压,0.21,症状
一个一岁半的女孩因发热和咳嗽已经治疗几天但症状未见好转，全身检查和实验室检查显示感染症状及呼吸道改变，结合其大便每日4～5次且稀薄无脓血的情况，应该进行哪个首要的实验室检查来确定诊断方向？,腹泻->治疗方法->使用抗生素,0.25,治疗方法
对于一名21岁右利男性患者，突然癫痫发作并伴有头痛、呕吐、颈项强直、低热和命名性失语的症状，询问病史时应该着重询问什么？,病毒性脑炎->诊断检查->脑脊液检查,0.91,诊断检查
患者，男，48岁。有冠心病史3年，今晨出现剧烈的胸痛，并伴有心痛彻背、背痛彻心等症状。服用硝酸甘油后无效，且有喘促心悸、气短乏力等表现。出现畏寒肢冷、腰部及下肢浮肿、面色苍白、唇甲淡白的症状，舌淡胖、苔水滑，脉象沉细。心电图显示Ⅰ、Ⅱ、aVF导联ST段弓背抬高，血清酶检查显示CK—MB活性增高。结合以上症状和检查结果，该患者的证型是什么？,阳虚水泛证->并发症->水湿停滞,0.45,并发症
一名34岁的男性患者出现骤起高热，在高热持续几小时后大汗淋漓，随后体温降至正常，1天后高温再次骤起骤降。根据这些症状，患者最可能的诊断是什么？,疟疾->常用药品->抗疟药,0.22,常用药品
一名50岁男性患者，1周前突然发生脑血管意外，3日前开始呕血约500ml并伴有黑便，且过去无胃病与肝炎史。根据这些症状，最可能的诊断是什么？,呕血->治疗方法->抗凝治疗,0.05,治疗方法
请根据以下症状描述确定适宜的中药方剂：患者男，65岁，症见发热，体温可高达39℃，自汗出，渴喜温饮，少气懒言，面色苍白，大便稀溏，舌质淡，苔薄白，脉虚洪。,稀溏便->忌吃->寒性食物,0.44,忌吃
患者表现为角弓反张状、四肢伸直和肌张力增高，呼之不应，这种状态被称为什么？,去脑强直->症状->四肢伸直,0.83,症状
一名2岁患儿已患肺炎1周，近日全身中毒症状加重，并出现高热持续不退、呼吸困难加重、频繁咳嗽、面色发绀和低血压。综合这些症状，最有可能的诊断是什么？,脓胸->症状->呼吸困难加重,0.95,症状
男性，49岁，咳嗽1个月，X线检查发现右肺门旁有一类圆形阴影，疑诊肺癌，应首先使用什么方法进行进一步检查？,肺癌->检查方法->胸部CT,0.88,诊断检查
根据一名9岁男孩的症状，包括反复肢体抽搐、意识不清、记忆力减退，以及鼻翼旁颧部对称分布的浅粉色丘疹和智力低下，最先应进行哪种检查以帮助诊断？,皮肤丘疹->忌吃->海鲜类食物,0.13,忌吃
3岁男童，自幼蹲位排尿，阴茎发育小且向下弯曲，尿道口位于阴囊部，双侧阴囊未触及睾丸，应做何检查？,睾丸未触及->症状->隐睾,0.16,症状
患者庄某出现头痛恶寒、身重疼痛、面色淡黄、胸闷、舌苔白等症状，午后身热，但口不渴，此时应选择哪一种中药方剂进行治疗？,湿热初起->常用药品->二陈汤,0.15,常用药品
对于一名1岁患儿，出现低热伴咳嗽3周并消瘦，血沉为40mm/h，PPD试验为阴性，X线胸片显示右肺中部有炎症影伴随右肺门淋巴结肿大，且近期患过麻疹，这种情况下最可能的诊断是什么？,原发型肺结核->患病概率->儿童易感,0.77,患病概率
男性，49岁，咳嗽1个月，X线检查发现右肺门旁有一类圆形阴影，疑诊肺癌，应首先使用什么方法进行进一步检查？,肺癌->检查方法->支气管镜检查,0.81,诊断检查
30岁女性，左小脑3×4cm囊样低密度区，壁结节增强，四脑室受压变形右移，最可能诊断是什么？,血管母细胞瘤->诊断检查->MRI,0.55,诊断检查
对于一名3岁的室间隔缺损患儿，如果患者出现反复发热、咳嗽10余天，且胸片显示肺纹理增多及小片状阴影，基于这些症状和影像学表现，应该首先考虑诊断为哪种疾病？,肺炎->症状->反复发热咳嗽,0.85,症状
一名45岁男性患者，食欲减退、乏力1年，血红蛋白为90g/L，红细胞体积分布直方图显示峰底增宽的双峰图形，这种血象变化最可能是由何种治疗状况所导致？,贫血->并发症->铁过载,0.35,并发症
对于一名29岁的已婚女性，孕2产1，剖宫产术后7个月并处于哺乳期，未避孕且未转经，最近2个月出现恶心呕吐和阴道淋漓出血7天的情况，体检显示宫颈着色，宫体前倾，大小相当于12周，极软，活动度好，尿HCG呈阳性，B超显示子宫增大且后壁有绒毛。患者要求终止妊娠，在这种情况下，可以采用哪种终止妊娠的方法？,妊娠滋养细胞疾病->诊断检查->B超,0.88,诊断检查
慢性肠梗阻患者呕吐大量胃肠液，输液含大量低渗葡萄糖溶液后出现躁动、头痛、昏迷。最可能原因？,呕吐->症状->脱水,0.09,症状
一名55岁男性患者出现左胸痛2个月，胸闷气短逐渐加重，并伴有消瘦。胸片显示左侧大量胸腔积液，CT显示广泛胸膜增厚及左侧胸膜凹凸不平，可见胸膜结节影。根据这些临床表现，该患者最可能与哪种职业相关疾病有关？,慢性阻塞性肺病->症状->咳嗽,0.14,症状
一名30岁男性患者半年前有左膝外伤史，现出现左膝疼痛及不能伸直，伴随反复的膝关节‘交锁征’。体格检查显示回旋挤压试验阳性，抽屉试验及侧方挤压试验均阴性。根据这些资料，针对他的病情，最佳的治疗方法是什么？,半月板损伤->治疗方法->关节镜手术,0.85,治疗方法
一名38岁的女性患者因反复肾结石入院，血钙水平为10mg/dl。口服钙负荷后，患者血钙未升高，但24小时尿钙排出量为350mg，空腹尿cAMP升高，口服钙负荷后尿cAMP降至正常。根据这些临床表现，最可能的诊断是什么？,血钙水平->检查疾病->甲状旁腺功能亢进,0.38,诊断检查
请根据患者的症状描述和实验室结果，诊断此8岁男性最可能患上的疾病是什么？,传染性单核细胞增多症->症状->淋巴结肿大,0.79,症状
患者颈前偏左囊性包块随吞咽上下移动，突然增大伴疼痛，既往有手术史。最可能诊断？,甲状舌管囊肿->诊断检查->超声,0.79,诊断检查
描述慢性粒细胞白血病患者脾的超声特征，结合病变形状和多普勒血流信号最可能的诊断是什么？,脾梗死->诊断检查->腹部彩超,0.54,诊断检查
一位40岁的男性无意中发现左侧阴囊有一硬结且无疼痛，体检发现左侧附睾尾部有结节状包块，并伴有同侧输精管的'串珠样'增粗。针对这种情况，首先应该进行什么检查以排除或确诊相关疾病？,阴囊超声->诊断->睾丸癌,0.75,可能患有疾病
一名2岁的男性患者，出现口腔黏膜突发簇集的针头大小透明疱疹及溃疡，并伴有啼哭声、流涎和发热。这种情况的最可能诊断是什么？,疱疹性龈口炎 -> 症状 -> 口腔疱疹,0.96,症状
一名48岁的女性患者，近2年来常因情绪不舒而出现呕吐现象，症状包括呕吐吞酸、嗳气、叹息、胸胁胀满，舌红，脉弦。在这种情况下，首选的中医方剂是什么？,肝胃不和->治疗方法->四七汤,0.83,治疗方法
描述慢性粒细胞白血病患者脾的超声特征，结合病变形状和多普勒血流信号最可能的诊断是什么？,慢性粒细胞白血病->治疗科室->血液科,0.11,治疗科室
在一个青少年患者中，如果出现发热、淋巴结肿大、咽痛、白细胞增高、淋巴细胞比例增高和异型淋巴细胞，该症状表现最可能是哪种疾病？,传染性单核细胞增多症->诊断检查->异型淋巴细胞,0.67,诊断检查
一名7岁的患儿，2周前得过猩红热，最近两天出现眼睑水肿，血压为16.0/10.7kPa(120/80mmHg)，尿常规显示蛋白++，红细胞5~8个/HP，目前水肿明显且尿量200ml/日。在护理过程中，应特别警惕发生哪种严重并发症？,急性肾小球肾炎->症状->水肿,0.91,症状
心理医生通过详细了解病史和周密检查后，明确告诉患者他的躯体症状是功能性的而非严重的器质性疾病，从而减轻了患者的焦虑。心理医生这种行为在心理支持中被称为什么？,心理教育->诊断检查->心理评估,0.56,诊断检查
一名48岁的女性患者，近2年来常因情绪不舒而出现呕吐现象，症状包括呕吐吞酸、嗳气、叹息、胸胁胀满，舌红，脉弦。在这种情况下，首选的中医方剂是什么？,呕吐吞酸->症状->胃气上逆,0.77,症状
跌落后患者短暂不省人事，清醒后神志清楚，呼吸急促，口唇发绀。最可能的颅脑损伤？,颅内出血->诊断检查->头颅CT,0.48,诊断检查
边某，男，58岁，最近出现头目眩晕，目胀耳鸣，脑部热痛，心中烦热，面色如醉，舌红少苔，脉弦长有力等症状，结合其有高血压病史，这种情况下，应该选用哪种中药方剂进行治疗？,肝阳上亢->可能患有疾病->高血压,0.57,可能患有疾病
7岁小儿发热5天，咽痛，轻咳，血尿2天，尿量正常，无浮肿，血压不高，尿蛋白阴性，红细胞+++，无尿痛，近2年反复发生肉眼血尿的症状，最可能的诊断是什么？,反复血尿->症状->无尿痛,0.85,症状
针对一位42岁的女性患者，半年多来反复出现尿频、尿急、尿痛症状，并伴有左侧腰部胀痛及偶发终末期血尿。在经过抗生素治疗无效的情况下，哪种尿液检查能够为确诊提供确定性意义？,抗生素治疗->治疗方法->细菌性膀胱炎,0.36,治疗方法
35岁男性跌倒后腕部肿胀和酸痛，无骨折征象，后期未治疗容易引发的情况？,软组织损伤->治疗方法->外科手术,0.56,治疗方法
32岁的女性患者出现尿频、尿痛、尿急和下腹部不适2天，但没有发热和肾区叩击痛现象。尿液显微镜检查显示白细胞满视野、红细胞2~4个/HP，肾功能正常。停用抗菌药物7天后复诊，症状消失，但清洁中段尿培养结果为阳性，细菌数量为1×10^5/ml，并且为同一菌株。在这种情况下，该患者应诊断为什么？,无症状菌尿->治疗科室->泌尿外科,0.72,治疗科室
一位43岁女性患者，表现出头痛畏寒、面色白、四肢不温、舌质淡胖、有齿痕、脉沉细等症状，请问对于这位患者，应该选择哪一种主要方剂来进行治疗？,肾阳虚弱->治疗方法->温补肾阳,0.62,治疗方法
一名72岁男性因皮肤、巩膜黄染进行性加重伴消瘦、乏力2个月入院，入院后病人时有寒战及发热现象。在诊疗计划中，哪项检查对于明确病因最不重要？请解释理由。,黄疸->治疗方法->肝脏活检,0.64,治疗方法
一名18岁女性患者因感冒发热1周后出现心悸、气促和不能平卧现象。在心脏检查中，心率为每分钟110次，律齐，心尖部闻及舒张早期奔马律及收缩期吹风样杂音2/6级。当她的奔马律在胸骨下端左缘听到时，这种奔马律的性质是什么？,心悸->推荐食谱->红枣桂圆汤,0.32,推荐食谱
对于出现周期性下腹痛半年余且无月经来潮的青春期女性，首先应进行哪项检查以便于准确确认问题？,下腹痛->症状->月经不调,0.79,症状
一名43岁男性患者被诊断为急性肝炎，症状表现为面色和全身皮肤均呈现鲜明的黄色如橘子皮，同时伴有口渴、腹胀、小便短赤，舌苔黄腻，脉象滑数。针对此临床表现，应选用哪种中药方进行治疗？,急性肝炎->症状->黄疸,0.98,症状
一名15岁的女性患者因心悸就诊，在体检中发现胸骨左缘第3至第4肋间有收缩期震颤，请问首先应该考虑是什么诊断？,室间隔缺损->推荐食谱->少盐清淡饮食,0.16,推荐食谱
描述一个16岁男孩逐渐变得少语少动，不与人交往，孤僻离群，对亲友冷淡，不讲究个人卫生，有时发呆的症状，其最可能的精神疾病诊断是什么？,精神分裂症->忌吃->酒精,0.62,忌吃
38岁女性患者，出现颈前肿痛、胸闷不适、口苦咽干、急躁易怒、心悸多汗、舌苔薄黄、脉弦数，请判断其对应的中医证型是什么？,肝火上炎->治疗方法->清肝泻火,0.09,治疗方法
针对70岁男性患者出现心悸、喘促不能平卧、口唇爪甲青紫、烦躁、咳吐粉红色泡沫痰等症状，请问应该如何诊断？,急性左心衰竭->治疗方法->利尿剂治疗,0.23,治疗方法
患者出现皮肤黄染、小便色黄、大便秘结等症状，结合舌苔黄腻，脉滑数的情况，宜使用哪种药物与茵陈配伍以改善便秘症状？,右侧输尿管结石->检查疾病->尿检,0.75,诊断检查
一名25岁的女性在7天前无意中发现甲状腺肿块，并在最近3天内肿块迅速增长，伴有胀痛。甲状腺核素扫描结果显示甲状腺右叶存在冷结节。根据这些信息，应如何初步诊断该患者的甲状腺病变？,甲状腺囊腺瘤->治疗方法->手术切除,0.11,治疗方法
一名36岁的女性患者，发热盗汗，腹泻便秘交替持续2个月。体检显示腹部平软，右下腹轻度压痛，未扪及包块，粪检无特殊。在这种情况下，为了明确诊断，首选应进行哪项检查？,结肠镜->诊断检查->影像学检查,0.58,诊断检查
一名21岁的男性，近1周来突然感到乏力、厌食，并且右上腹隐痛。体检显示肝大肋下2cm，质中且有压痛。在怀疑为急性病毒性肝炎的情况下，应立即进行何种检查来确诊？,乏力->可能患有疾病->病毒性肝炎,0.77,可能患有疾病
一名37岁男性，行胃癌根治术后一个多月，反复上腹胀和呕吐十天。请描述该患者所接受的具体根治术类型。,胃癌->诊断检查->胃镜,0.73,诊断检查
中医诊断中，头摇肢颤、口干苦、舌红苔黄腻、脉沉滑，应选择哪个方剂？,肝风内动->治疗方法->导痰汤加减,0.93,治疗方法
一名28岁男性患贫血5年，血红蛋白60g/L，血小板25×10^9/L，白细胞2.8×10^9/L，网织细胞0.3%，骨髓增生活跃，其中浆细胞5%，淋巴细胞50%，组织嗜碱细胞3%，巨核细胞少见，Ham's试验阴性。请问对该患者来说，哪种治疗方法为最佳选择？,动物肝脏->食物有益于疾病->贫血,0.06,食物有益于疾病
对于药物治疗无效的反复发作室性心动过速或心室颤动的心力衰竭患者，最适宜的治疗方法是什么？,心力衰竭->常用药品->美托洛尔,0.55,常用药品
一位66岁男性突发心前区疼痛，含硝酸甘油不缓解，出现呼吸困难，不能平卧。心电图显示V1到V5导联的ST段弓背向上抬高，并出现宽而深的Q波。这种心电图特征对应于哪个部位的心肌梗死？,前壁心肌梗死->治疗方法->经皮冠状动脉介入治疗,0.12,治疗方法
对于一位36岁，怀孕24周的孕妇，孕2产1，她在做家务后出现胸闷气短，近一周经常夜间咳嗽，咳痰，不能平卧。查体发现心率120次/min，心界向左扩大，心尖区可闻及3级收缩期杂音，双肺底闻及小水泡音，以及双下肢水肿(+)。在这样的情况下，通常的处理方案是什么？,妊娠期心力衰竭->治疗方法->利尿剂,0.81,治疗方法
对于一位36岁，怀孕24周的孕妇，孕2产1，她在做家务后出现胸闷气短，近一周经常夜间咳嗽，咳痰，不能平卧。查体发现心率120次/min，心界向左扩大，心尖区可闻及3级收缩期杂音，双肺底闻及小水泡音，以及双下肢水肿(+)。在这样的情况下，通常的处理方案是什么？,孕妇->治疗科室->产科,0.71,治疗科室
24岁已婚女性患者产后4周出现恶露不断，伴有量多、色淡红、小腹空坠等症状。结合中医辨证治疗原则，应采用哪种汤剂作为首选治疗方？,产后恶露不断->症状->小腹空坠,0.23,症状
一位30岁女性患者有自幼发现的心脏杂音，1天前剧烈运动时突然出现心前区疼痛、心悸气短及下肢水肿，查体显示胸骨左缘可闻广泛连续性杂音，P亢进。针对这种情况，应该采取什么治疗措施？,动脉导管未闭->治疗方法->药物治疗,0.69,治疗方法
70岁女性行走中滑倒致右髋部疼痛，伴右下肢缩短、外旋畸形，应诊断为何种骨折？,下肢缩短外旋->症状->股骨转子间骨折,0.88,症状
对于一名怀孕35周的25岁初孕妇，出现高血压160/110mmHg，下肢水肿（++），尿蛋白（+++），并伴有头痛和视物模糊的症状，首选哪种药物进行治疗？,子痫前期->常用药物->高血压管理,0.75,常用药品
一名1岁患儿腹泻伴中度脱水和酸中毒，经过补液及纠正酸中毒的治疗后出现腹胀、心音低钝和四肢腱反射减弱，这个患儿最可能出现了什么并发症？,酸中毒->治疗方法->补钠治疗,0.08,治疗方法
一位44岁男性患者，出现发热、畏寒、全身酸痛等症状，自行按感冒治疗后体温仍上升。经过一系列检查后被诊断为急性白血病。为了寻找发热的原因，除了哪项检查之外，其他检查应立即进行？,发热->诊断检查->血培养,0.84,诊断检查
一位女性患者人工流产术后4天出现寒战、高热，小腹疼痛拒按，并伴有颜色暗如败酱且气味臭秽的阴道出血。她还感到口干喜饮，舌质红，苔黄腻，脉弦数。针对这种情况，治疗的最佳方剂是什么？,人工流产术后感染->症状->舌红苔黄,0.55,症状
根据以下病人的化验结果：白细胞计数为5.4×10⁹/L，尿液中白细胞为30～40/HP，红细胞为10～15/HP，并且亚硝酸盐呈阳性，该患者的标准抗感染治疗疗程应该是几天？,尿路感染->治疗方法->3-5天抗生素疗程,0.91,治疗方法
一位45岁的男性患者，出现腹大胀急、青筋张露、形体瘦削、面色晦滞、唇干口躁、潮热心烦、笔衄牙宣和尿少症状，舌质红降，苔薄少津，脉象弦细而数，针对这种表现应使用什么方剂进行治疗？,肝肾阴虚->治疗方法->一贯煎,0.88,治疗方法
对于一名35岁男性患者，患有血友病10年，近期出现发热、腹泻超过一个月，全身淋巴结肿大，CD4+/CD8+比值为0.8。在这样的情况中，可以使用哪种药物进行治疗？,血友病->诊断检查->CD4+/CD8+比值,0.75,诊断检查
对于一名50岁的女性患者，表现为上腹部持续性疼痛伴腰背部放射12小时，有胆总管结石病史，检查发现体温38℃，腹略膨隆，上腹正中压痛，轻度肌紧张和反跳痛，移动性浊音阳性，肠鸣音减弱，血白细胞计数为20×10^9/L。请回答哪项化验结果可以提示病情严重？,急性胰腺炎->症状->腰背部放射痛,0.17,症状
面对一位27岁男性患者，他以左侧后牙自发痛和夜间痛为主要症状就诊，检查发现左侧后牙前倾阻生，牙冠与远中牙颈部形成的间隙有较多的食物嵌塞，远中冠周轻度充血，冠周袋无脓且触痛(-)，X线显示远中牙颈部深龋。请问在这种情况下，最恰当的应急处理措施是什么？,牙髓炎->治愈概率->较高,0.11,治愈概率
50岁中段食管癌患者，进食性吞咽困难6个月，完全不能进食，恶液质，左锁骨上2cm硬性淋巴结，最优先选择的治疗方法是什么？,食管癌->治疗方法->胃造瘘术,0.91,治疗方法
对于一名2岁的患儿，经历了为期4天的麻疹高热后，出现皮肤疹点密集成片、色紫红并遍及周身，同时伴有神昏和抽搐3次，应选用哪一种中药方剂进行治疗？,麻疹->并发症->抽搐,0.18,并发症
一名25岁男性患者，2个月前经历上呼吸道感染，10余天后出现浮肿和血尿伴随高血压，尿蛋白(++)，红细胞满视野，肾功能目前正常，但按急性肾炎进行治疗后病情未见改善，复查发现血红蛋白为14|D g/L，肌酐水平升高到380μmol/L，B超显示双肾稍增大。基于以上信息，详细说明在确定诊断或进一步处理上，目前最佳的医学步骤是什么？,菠菜->食谱有益于疾病->肾脏疾病,0.15,食谱有益于疾病
某患者出现怕冷、乏力、很少出汗、嗜睡、动作缓慢、思维迟钝、记忆力差、头发脱落和肢体水肿的症状，实验室检查显示血清FT3和FT4降低，TSH升高，TRH兴奋试验强阳性。根据这些临床表现和实验室结果，该患者最可能患有哪种疾病？,原发性甲状腺功能减退症->诊断检查->甲状腺功能三项,0.74,诊断检查
一名80岁女性患者有20年高血压病史，并伴有间断头晕和痛风史，现查体血压为180/90mmHg，心率52次/分，心律齐无杂音，血肌酐为100μmol/L，血钾正常。请问针对该患者，最适宜的降压治疗方案是什么？,高血压->推荐食谱->清淡饮食,0.52,推荐食谱
描述成人患者在手足背出现边界清楚的红斑，并伴有群集小疱和鳞屑痂，还有前臂及小腿的播散病损，这种症状最可能的诊断是什么？,湿疹->常用药品->炉甘石洗剂,0.13,常用药品
一名70岁男性，高热、咳嗽、咳脓血痰1周，伴有糖尿病病史10年。查体显示体温39.5℃，精神差，双肺底可闻及湿性啰音，胸部X线片显示双下肺斑片状影，多发小气囊腔，血液检查显示白细胞计数18.2×10^9/L，中性粒细胞占92%。根据这些临床表现和检查结果，该患者最可能感染的病原体是什么？,脑出血->疾病描述->左侧偏盲,0.87,疾病描述
一名35岁男性突发上腹部剧痛2小时，伴有恶心呕吐。体检发现腹部板样强直，全腹明显压痛，肠鸣音消失，肝浊音界缩小。在这种情况下，哪一种检查最有针对性能够帮助诊断？,急性腹膜炎->诊断检查->直立位胸部X线,0.75,诊断检查
对于一位30岁的女性患者，其双眼上睑下垂症状在休息或睡眠后有所改善，哪项检查最有助于鉴别诊断该病症的原因？,眼睑下垂->可能患有疾病->重症肌无力,0.54,可能患有疾病
根据临床表现：一名30岁女性，阴道不规则流血持续20天，并伴有咳嗽症状。半年前曾进行人工流产，术后吸出物中看到绒毛组织。妇科检查发现子宫大小如40天妊娠，质地柔软，且双侧附件区各有约5cm的囊性包块。胸部X光显示双侧中下野多发棉球状阴影。请指出此患者最可能的诊断。,绒毛膜癌->治疗方法->化疗,0.13,治疗方法
一名60岁的男性患者，经历双手肌肉萎缩4年。体检显示神志清楚，双侧C4至T3节段性分离性感觉障碍。颈椎MRI检查提示C至T段脊髓空洞，增强后C至T段脊髓空洞内均匀强化。基于这些特征，什么是最可能的诊断？,脊髓室管膜瘤->症状->感觉障碍,0.76,症状
13岁女生刷牙时牙龈出血，牙龈充血水肿，X线无牙槽骨吸收。最可能的诊断是什么？,牙龈炎->治疗方法->抗生素,0.42,治疗方法
对于一位45岁女性患者，手指近端指间关节肿痛并伴有实验室指示风湿因子的阳性以及抗环瓜氨酸肽抗体阳性，控制病情进展应该首选什么药物？,类风湿关节炎->治疗方法->生物制剂,0.68,治疗方法
对于一位男性患者，25岁，近期发现有贫血但无明显自觉症状，体检发现浅表淋巴结不大，脾肋下4cm，血红蛋白80g/L，红细胞3×10^12/L，红细胞渗透脆性试验减低，且其母有贫血病史，你认为应该做哪项检查来确诊？,遗传性球形红细胞增多症->治疗科室->血液科,0.73,治疗科室
一名女性患者有20余年胃病病史，经常因饮食不慎而呕吐，时作时止，面色少华，倦怠乏力。最近因为饮食过多，出现呕吐酸腐，脘腹胀满，嗳气厌食的症状，此时治疗应该改用哪个方剂？,食积->治疗方法->健脾化积,0.52,治疗方法
一位26岁的女性，持续发热1周并入院。她的体检显示体温40℃，神清，表情淡漠，反应迟钝，前胸可见淡红色、散在分布的皮疹7～8个，心率100次/分，律齐，两肺（－），肝未及，脾肋下2cm，质软，无压痛。根据这些临床表现，应诊断为什么疾病？,绿豆汤->食谱有益于疾病->伤寒,0.31,食谱有益于疾病
一名20岁的女性患者出现发热、咳嗽、咳脓痰以及痰中带豆腐渣样物1天。X线胸片显示心包底左前侧有一直径7cm、密度不均、内有钙化的肿块。最可能的诊断是什么？,咳嗽->患病概率->感冒,0.24,患病概率
26岁女性，停经48天，出现阴道少量流血5天，偶有腹痛。月经平素规律，体温36.6℃，脉搏80次/分钟，血压120/65 mmHg。体检显示宫颈软，宫体稍大且软，附件无异常，血常规显示血红蛋白126g/L，白细胞计数7.3×10^9/L。请根据体征和检验结果，判断最可能的诊断是什么？,停经->诊断检查->尿HCG,0.85,诊断检查
一名32岁的男性，右颈部肿大1个月，CT扫描显示右侧口咽及鼻咽有均匀密度的软组织肿物，双侧颈部及纵隔有多个边界清楚的肿大淋巴结。根据这些检查结果，最可能的诊断是什么？,淋巴瘤->症状->颈部肿大,0.88,症状
对于一名67岁有长期吸烟史并患有慢性阻塞性肺疾病（COPD）的男性患者，在经历浅昏迷和下肢水肿的情况下，若要明确诊断，首先应进行什么检查？,COPD->症状->低血氧,0.48,症状
在55岁诊断为冠心病的男性患者，经过近2周治疗后出现心悸，脉律不齐，心电图示窦性心律，每分钟78次，频发房性早搏和短阵房速的情况下，哪一种药物不适用于治疗这种心律失常？,冠心病->治疗方法->普罗帕酮,0.22,治疗方法
根据患者曾某，女，53岁的症状：脘腹胀满疼痛，不思饮食，四肢倦怠，舌苔自腻，脉沉弦，应该选用哪种传统中药方剂进行治疗？,厚朴温中汤->可以治疗疾病->脾胃虚寒,0.75,可以治疗疾病
一名45岁的男性由于心肌梗死导致心源性晕厥，在进行心脏除颤后恢复了窦性心律，意识清醒且血压逐渐恢复正常。为了预防酸碱失衡，应该立即补充哪种溶液？,心肌梗死->并发症->低钠血症,0.22,并发症
一名46岁的女性患者，进行了胆总管十二指肠吻合术，入院后输血时出现心前区压迫感和血红蛋白尿，经过抗休克治疗后血压恢复正常。在这种情况下，下一步应采取什么措施来继续治疗？,溶血反应->治疗方法->停止输血,0.11,治疗方法
患者血氧检查显示PaO2 50mmHg，动脉血氧含量15ml/dl，动-静脉血氧含量差4ml/dl。缺氧类型是什么？,组织缺氧->诊断检查->血气分析,0.27,诊断检查
在肺组织病理学检查中，如果发现肺组织肿胀、重量增加、质地变硬，光镜下见纤维增生、肺泡壁增厚和巨噬细胞吞噬含铁血黄素，该患者最可能的临床诊断是什么？,慢性肺淤血 -> 常用药品 -> 利尿剂,0.35,常用药品
一个1岁1个月的女孩，体重7.5kg，身高73cm，以母乳喂养为主，并在9个月时开始添加稀粥。她能独立行走，会主动叫'爸爸、妈妈'。体重小于第3百分位数，身长在第5到90百分位数之间。基于这些信息，你认为该女孩最可能的诊断是什么？,营养不良->宜吃->蛋黄泥,0.72,宜吃
根据患者的查体结果，包括神志清楚、言语流利、眼底检查图像及颅神经检查结果，初步诊断是什么？,神经系统检查->症状->神志清楚,0.75,症状
根据以下信息，给出患牙的最可能诊断：一位28岁女性，左下后牙进食时疼痛半年，常在食物进入洞后加剧，左下第一磨牙咬合面出现深龋，洞内有粉红色息肉状物。探诊时略感敏感，叩痛呈阳性，冷测反应迟钝，并能探及牙周袋。,牙髓炎->检查项目->冷测反应,0.79,诊断检查
一名50岁男性患者，大量饮酒后出现上腹部剧烈疼痛和呕吐，症状没有缓解，并且保守治疗3天后病情恶化至休克状态。查体发现体温升高、脐周及背部瘀斑、上腹肌紧张和明显的压痛反跳痛。对于这种病情，最重要的治疗措施是什么？,急性重症胰腺炎->并发症->胰腺坏死,0.85,并发症
"16岁未婚女患者, 以往月经规律, 因夏季过食冷饮导致末次月经过期10余日才来，并伴有小腹绵绵作痛和便溏的症状，请问此病例的诊断是什么？",寒湿困脾->治疗方法->健脾祛湿,0.65,治疗方法
42岁男性患者出现发热、咳嗽、咳痰并活动时气促，面部及手部出现红斑且红斑扩展至胸部、腰和膝关节。确诊的主要方法是什么？,皮肌炎->诊断检查->皮肤活检,0.59,诊断检查
某患者15岁，左颈部有3个中等硬度的肿大淋巴结，其中1个坏死且破溃形成瘘管，该病例可能是患了哪种疾病？,结核性淋巴结炎->治疗科室->感染科,0.25,治疗科室
一名70岁男性患者出现头痛、嗜睡和癫痫发作症状，经MRI平扫及增强扫描发现颅内多发病灶，并经过放射治疗后病灶明显缩小，结合这些信息，最可能的诊断是什么？,原发性中枢神经系统淋巴瘤->治疗方法->放射治疗,0.35,治疗方法
在55岁诊断为冠心病的男性患者，经过近2周治疗后出现心悸，脉律不齐，心电图示窦性心律，每分钟78次，频发房性早搏和短阵房速的情况下，哪一种药物不适用于治疗这种心律失常？,冠心病->症状->心悸,0.68,症状
一名8岁男孩，左下后牙有洞，冷热刺激痛持续1年，疼痛在最近4天加重，尤其是昨晚，导致无法入眠。根据这些症状，最可能的牙科诊断是什么？,慢性牙髓炎->治疗科室->口腔科,0.66,治疗科室
对于一位30岁，体壮，经常便秘，每隔几天须服用泻药才能排便，大便干结，腹部胀满，并且出现烦热、口渴、口臭、舌红、舌苔黄厚，脉滑数的女性，应选择哪种方剂进行治疗？,阳明腑实->症状->烦热,0.75,症状
请解释为什么一位78岁患有冠心病慢性全心衰竭的女性患者在住院后可能出现便秘，其中有什么机制可能导致这种情况？,活动减少->可能患有疾病->肠道蠕动减慢,0.79,可能患有疾病
对于局限期小细胞肺癌患者，在经历了三个周期的化疗后，肿块明显缩小的情况下，接下来的最佳治疗方案是什么？,小细胞肺癌->治疗方法->对症支持治疗,0.55,治疗方法
根据一位30岁女性停经46天后出现下腹部隐痛和不规则阴道少量出血十余天的症状，加上尿妊娠试验可疑阳性和触摸到右侧附件有鸡蛋大韧性包块的情况，最可能的诊断是什么？,异位妊娠->诊断检查->盆腔超声,0.35,诊断检查
一位28岁的男性因心悸气急被诊断为风湿性心脏病。最近一周症状加重，无法平卧，体检发现颈静脉充盈，心界左扩大，心率每分钟130次，心律齐整，心尖部闻及奔马律和Ⅲ级收缩期杂音，两肺底有细湿啰音，下肢稍肿。在这种情况下，综合治疗中哪种处理方法被认为效果最佳？,风湿性心脏病->疾病描述->心瓣膜病变,0.01,疾病描述
一个年仅4岁的男孩从出生起就被发现腭部裂开，检查时可见悬雍垂、软腭及部分硬腭裂开，但牙槽嵴完整。这名患儿的最可能诊断是什么？,腭裂->症状->悬雍垂、软腭、硬腭裂开,0.85,症状
一名15岁的女性患者因心悸就诊，在体检中发现胸骨左缘第3至第4肋间有收缩期震颤，请问首先应该考虑是什么诊断？,室间隔缺损->治疗时长->3-12个月,0.08,治疗时长
郭女士，45岁，出现吞咽困难、胸膈疼痛等一系列症状，病情加重后表现为食物无法下咽而反吐，甚至水饮难下，大便干燥如羊屎，或吐出物如赤豆汁，面色晦滞，形体更为消瘦，肌肤枯燥，舌红少津带青紫，脉细涩。根据这些症状，应该选用哪种中药方来进行治疗？,吞咽困难->治疗方剂->补中益气汤,0.59,常用药品
患者为38岁女性，双额黏膜存在白色病变1年，活检标本显示上皮萎缩、表面不全角化、上皮钉突不规则延长，基底细胞层液化变性以及固有层内近上皮区淋巴细胞浸润。根据这些病理特征，诊断应为哪种疾病？,上皮萎缩->可能患有疾病->口腔扁平苔藓,0.88,可能患有疾病
一位女性患者人工流产术后4天出现寒战、高热，小腹疼痛拒按，并伴有颜色暗如败酱且气味臭秽的阴道出血。她还感到口干喜饮，舌质红，苔黄腻，脉弦数。针对这种情况，治疗的最佳方剂是什么？,人工流产术后感染->并发症->盆腔炎,0.68,并发症
55岁男性，晚宴后早晨被发现死亡，床上有少量咖啡色渣液，左侧腰腹部有大片青紫斑，最可能的死因是什么？,急性胰腺炎->症状->左侧腰腹部青紫斑,0.93,症状
一个4岁的男孩1岁开始频繁惊厥，查体发现躯干部色素脱失斑，以及颜面部鼻唇沟附近有多个血管纤维瘤，怀疑是结节性硬化。为了确诊结节性硬化并检测脑室周围及皮质钙化灶，应进行哪种检查？,结节性硬化->检查疾病->脑室钙化灶检测,0.82,诊断检查
根据描述，一位49岁的女性在最近半年内经历情绪低落、丧失兴趣、体力不支、头晕头痛，并有强烈的内疚感和自杀企图，体检和神经系统检查没有明显异常。请问该病人的最可能诊断是什么？,抑郁症->症状->自杀企图,0.86,症状
根据患者的查体结果，包括神志清楚、言语流利、眼底检查图像及颅神经检查结果，初步诊断是什么？,脑卒中->症状->意识障碍,0.08,症状
一名31岁的男性因失眠长期服用某种药物治疗。在突然停药12小时后，他出现头痛、虚弱无力和肢体颤抖的症状，请问他最可能服用的是哪类药物？,药物戒断->症状->失眠,0.15,症状
一位43岁的男性患者因上腹隐痛半年就诊，ERCP检查显示主胰管粗细不均、扭曲、僵硬，且胆总管下端向内移位，这种表现首先考虑是哪种疾病？,慢性胰腺炎->诊断检查->ERCP,0.26,诊断检查
55岁男性，晚宴后早晨被发现死亡，床上有少量咖啡色渣液，左侧腰腹部有大片青紫斑，最可能的死因是什么？,酒精性肝硬化->并发症->急性胰腺炎,0.58,并发症
根据一个65岁男性患者，患有15年糖尿病且长期使用苯乙双胍的病史，因意识障碍入院，体检显示浅昏迷、呼吸深大、中度脱水，膝反射极弱，血压80/65 mmHg，血糖15mmol/L，CO2结合力12mmol/L，尿糖（+++），尿蛋白（++）及少量尿酮体（+），请问最可能的诊断是什么？,糖尿病酮症酸中毒->诊断检查->尿酮体,0.69,诊断检查
20岁女性，发现下腹部肿块2年，突然出现剧烈疼痛伴恶心呕吐，体检发现10cm×10cm×8cm肿块。最首选的辅助检查方法是什么？,下腹部肿块->并发症->卵巢癌,0.63,并发症
根据一名24岁男性患者的临床表现，包括腰骶部疼痛伴晨僵、足趾肿痛、头皮和脐周皮疹以及双手指甲凹陷性小坑等症状，并且类风湿因子阴性，应该首先考虑什么诊断？,银屑病关节炎->症状->晨僵,0.78,症状
一位27岁的已婚女性患者，产后恶露35天不止，颜色深红、质地稠粘并有臭味，伴随口燥咽干，舌红，脉虚细而数。根据这些症状，应该选择哪种中药方剂进行治疗？,阴虚内热->治疗方法->清热凉血,0.71,治疗方法
一名50岁的女性感到乏力、食欲下降，并在两个月内明显消瘦。妇科检查发现盆腔有包块。根据超声检查结果，该包块最可能的诊断是什么？,盆腔包块->可能患有疾病->卵巢癌,0.95,可能患有疾病
一名38岁女性患者，症状包括反复尿频、尿急、尿痛半年，尿液检查显示pH6.5，SG1.010，Pro0g/L，WBC2/μl，RBC12/μl；血液检查显示CRE84μmol/l，BUN5.9mmol/L，K+3.1mmol/L，Na+136mmol/L，Cl-110mmol/L，Ca2+1.9mmol/L，B超检查提示双肾小结石或钙化。为进一步明确诊断，首选进行的尿液检查是什么？,尿液检查->诊断检查->尿液比重测定,0.58,诊断检查
对于一名21岁右利男性患者，突然癫痫发作并伴有头痛、呕吐、颈项强直、低热和命名性失语的症状，询问病史时应该着重询问什么？,高血压->宜吃->芹菜,0.05,宜吃
根据病史和检查结果分析，18岁女性，无月经来潮伴有周期性下腹痛，检查发现无阴道开口，肛查发现向直肠突出的包块，诊断出可能的先天性疾病类型是什么？,阴道闭锁->检查疾病->肛查发现包块,0.23,诊断检查
一个12岁的男孩出现发热及关节疼痛症状，持续2至3周，皮肤有淤点，心肺检查无异常，脾脏在肋下2厘米，病程已有数月且多次血培养及淤点涂片都能检测到病原菌。这一系列症状最符合哪种类型的流行性脑脊髓膜炎？,慢性脑膜炎->症状->皮肤淤点,0.83,症状
对于一个7岁的孩子，出现眼睑水肿5天，血尿、少尿2天伴烦躁气促的情况，查体结果显示血压120/80mmHg，双肺底可闻少许湿啰音，心率142次/分，肝肋下2cm。在这种情况下，首先应该使用哪种药物进行治疗？,急性肾小球肾炎->常用药品->呋塞米,0.85,常用药品
在患者男性，35岁，已行完善根管治疗且有深覆牙合的情况下，要对冠折1/2的牙齿进行修复，哪种修复方案最合适？,根管治疗后牙齿->可以治疗疾病->桩核修复,0.85,可以治疗疾病
根据某女患者，73岁，患有肺心病，出现喘促、不能平卧、心悸尿少、肢体浮肿、舌质淡胖、脉沉细的症状，应该使用什么方剂进行治疗？,心肾阳虚->治疗方法->温阳利水,0.67,治疗方法
一名6岁男性患儿，两天前经历严重车祸后撕脱伤，现体温38.5℃，四肢冰冷，全身多处皮肤瘀斑及出血点，伴有黄疸和血红蛋白尿，血压为60/35mmHg，检查发现血小板计数为55×10⁹/L，纤维蛋白原为1.2g/L，肝功能正常。患儿突然出现惊厥和意识障碍，且血红蛋白为110g/L，最可能是什么原因导致了患儿当前的症状？,DIC->诊断检查->纤维蛋白原,0.87,诊断检查
针对一位女性患者症状为尿频、尿急、腰腹拘急疼痛3天，并伴有寒热往来、口苦呕恶、大便多天一行、小便黄、舌红苔黄腻、脉濡数的情况，应该采用哪种中药方剂进行治疗？,小柴胡汤->治疗方法->和解少阳,0.87,治疗方法
一位32岁的女性患者出现1个月的低热、盗汗和腹胀，并伴有阵发性腹部绞痛以及停止排气和排便10小时。根据这些症状，针对确定疾病的诊断，目前应进行哪种首选检查？,腹泻->症状->腹胀,0.15,症状
一名60岁的男性有长期吸烟史，伴随症状包括咳嗽咳痰、呼吸困难，并在最近3个月痰中带血。经过检查发现他在吸气和呼气时均有喘鸣音。根据这些临床表现，应考虑的最可能诊断是什么？,肺癌->检查->X线检查,0.68,诊断检查
3岁女孩，身高75cm，智力低下，鼻梁低平，舌体宽厚，常伸出口外，伴腹轻胀、便秘及脐疝的症状，这些临床表现最可能指向哪种疾病的诊断？,先天性甲减->传染性->是,0.09,传染性
一名岁女性近半年偶有接触性出血，经妇科检查发现宫颈糜烂I度单纯型，宫颈刮片结果显示为不典型鳞状上皮细胞性质未定，若进一步的病理结果为CINⅢ，最佳的处理方法是什么？,冷刀锥切术->治疗方法->宫颈病变切除,0.88,治疗方法
65岁男性患者，40多年咳嗽病史，近期病情加重，表现为神志恍惚、谵语、烦躁不安等，应该使用哪种中医治疗方法进行治疗？,痰湿内扰->并发症->肺气肿,0.58,并发症
一名34岁的男性患者出现骤起高热，在高热持续几小时后大汗淋漓，随后体温降至正常，1天后高温再次骤起骤降。根据这些症状，患者最可能的诊断是什么？,周期性高热->症状->疟疾,0.34,症状
一名40岁女性患者发现右侧卵巢有肿物近三个月，肿物稍有增大，经过手术切除后，发现肿物呈圆形，有包膜，切面灰白色，可见纵横交错编织状条纹，无明显出血坏死，肿瘤细胞为梭形，并且有胶原纤维形成，细胞无明显异型性，未见分裂像。根据这些特征，该肿瘤最可能是什么类型？,卵巢纤维瘤->治疗方法->放疗,0.21,治疗方法
一位57岁男性，患有慢性阻塞性肺疾病12年，最近一周咳嗽气喘加重，出现明显发绀和烦躁，血气分析结果为pH7.39，PaO2 40mmHg，PaCO2 70mmHg。经过积极治疗效果不佳，可能发生哪些严重并发症？哪一种并发症是不会发生的？,慢性阻塞性肺疾病->并发症->呼吸衰竭,0.86,并发症
一位56岁的男性患者被诊断为稳定性心绞痛，在经过一段时间的治疗后效果不佳，医生决定采用联合用药。针对这种情况，哪种药物组合较为合理，可以更有效地帮助患者改善病情？,稳定性心绞痛->治疗方法->抗血小板药物、长效硝酸酯类,0.65,治疗方法
"男性25岁,鼻部疖肿一周前出现,3日前受挤压后症状加重,出现发烧、脉率增快、两眼周围红肿,局部压痛,血白细胞计数升高。这种情况最可能并发了什么病症?",细菌感染->可能患有疾病->败血症,0.52,可能患有疾病
对于一名怀孕35周的25岁初孕妇，出现高血压160/110mmHg，下肢水肿（++），尿蛋白（+++），并伴有头痛和视物模糊的症状，首选哪种药物进行治疗？,子痫前期->症状->尿蛋白,0.68,症状
对于一名70岁的男性患者，在健康体检中发现胆囊内有直径约0.8cm的结石，随体位活动移动，口服胆囊造影显示充盈缺损不明显，且患者既往无胃病史、胆囊炎发作史、心脏病或糖尿病史，目前最佳的治疗建议是什么？,胆囊结石 -> 治疗方法 -> 手术切除,0.85,治疗方法
在患有'肠痈'且表现为右下腹痛、发热恶寒、恶心、便秘、苔薄黄、脉数有力的患者，针灸治疗中除了使用阑尾穴以外，还应该选择哪些穴位？,恶心->推荐食谱->姜枣汤,0.36,推荐食谱
一名46岁的女性患者，进行了胆总管十二指肠吻合术，入院后输血时出现心前区压迫感和血红蛋白尿，经过抗休克治疗后血压恢复正常。在这种情况下，下一步应采取什么措施来继续治疗？,溶血反应->症状->血红蛋白尿,0.56,症状
对于一名29岁的已婚女性，孕2产1，剖宫产术后7个月并处于哺乳期，未避孕且未转经，最近2个月出现恶心呕吐和阴道淋漓出血7天的情况，体检显示宫颈着色，宫体前倾，大小相当于12周，极软，活动度好，尿HCG呈阳性，B超显示子宫增大且后壁有绒毛。患者要求终止妊娠，在这种情况下，可以采用哪种终止妊娠的方法？,剖宫产术后->治疗方法->人工流产,0.59,治疗方法
一名50岁女性，患有糖尿病10年，症状包括经常性咳嗽半年、昨日突然咯血，以及胸片显示右肺上野出现直径1厘米的空洞，基于这些症状和检查结果，最可能的诊断是什么？,肺结核->传染性->高,0.53,传染性
一位40岁的女性患者，下腹部出现积块，触摸时发现不坚且固定不移，同时伴随腰腹疼痛、经行量多，舌苔厚腻且舌边有瘀点，脉象沉涩。根据这些症状，治疗应首选哪种中药方剂？,瘀血内阻->并发症->经行量多,0.63,并发症
一个12岁的男孩出现发热及关节疼痛症状，持续2至3周，皮肤有淤点，心肺检查无异常，脾脏在肋下2厘米，病程已有数月且多次血培养及淤点涂片都能检测到病原菌。这一系列症状最符合哪种类型的流行性脑脊髓膜炎？,慢性脑膜炎->检查疾病->血培养,0.76,诊断检查
48岁男性，右腮腺处肿物已有2个月，生长较快，腮腺造影显示腺泡不规则充盈缺损且造影剂外溢，最可能的诊断是什么？,腮腺肿物->易患人群->中年男性,0.18,易患人群
患者表现为胸部隐痛，严重时胸痛彻背，伴有喘息咳唾、短气、气从胁下上抢心，舌苔白腻，脉象沉弦。根据这些症状，应使用哪种中药方剂进行治疗？,痰浊阻滞->并发症->胸阳不振,0.68,并发症
一位25岁的女性患者，停经30周，出现进食油腻食物后左上腹持续性疼痛伴发热和频繁呕吐。根据她的临床表现，最适合的首选影像学检查方法是什么？,怀孕->诊断检查->超声检查,0.87,诊断检查
"根据临床表现和实验室检查结果, 6岁小儿发热、轻咳、纳差2周, 右下肺呼吸音减低, 白细胞总数正常, 血清冷凝集反应滴度为1:64, 以及胸片显示右肺下部呈云雾状浸润，并在治疗1周后胸片显示右中、下肺野有大片状淡薄阴影。这些信息提示应诊断为什么类型的肺炎？",肺炎->治疗方法->抗生素,0.83,治疗方法
一名患者发热3天，伴有头痛和呕吐，脑脊液检查显示微混、压力为270mmH2O，Pancy试验阳性，蛋白含量为1.28g/L，糖为1.1mmol/L，氯化物为90mmol/L。根据这些临床表现和检查结果，如何诊断该患者的脑部疾病类型？,细菌性脑膜炎->症状->低糖蛋白高,0.21,症状
对于Cushing综合征患者，血浆ACTH为200pg/ml且大剂量地塞米松不能抑制的情况下，应该进一步进行何种影像学检查以帮助明确诊断？,异位ACTH综合征->诊断检查->胸部CT,0.87,诊断检查
一名63岁女性患者，脑卒中后左下肢肿胀一周，超声检查显示左下肢深静脉血栓，她目前感觉胸部不适和呼吸困难。如果其肺通气显像结果正常，应如何高度诊断可能的病症是肺栓塞？,肺栓塞->症状->呼吸困难,0.55,症状
5岁小儿0T试验1：1000浓度24小时后复诊，局部红硬结直径15mm，最恰当的处理措施是什么？,结核试验->可能患有疾病->结核感染,0.52,可能患有疾病
患者贺某，30岁，男性，症状包括咳嗽痰稠带血、心烦易怒、胸胁作痛、咽干口苦、颊赤便秘，舌红苔黄，脉弦数。根据这些症状，应该使用哪种中药方剂进行治疗？,肝火犯肺->疾病描述->心烦易怒,0.65,疾病描述
一名53岁男性患者出现高热、寒战和背痛超过半个月，结合影像学检查，你认为最可能的诊断是什么？,脓毒性脊椎炎->并发症->脊髓压迫,0.56,并发症
对于一位45岁女性患者，出现突发持续性中上腹痛2小时，伴向背部放射和频繁呕吐，体检发现腹部平软但有压痛和反跳痛，心电图显示心房纤颤，化验白细胞计数为15×10^9/L，针对这些症状和检查结果，哪个进一步检查最有助于确诊？,肠系膜动脉栓塞->治疗方法->手术取栓,0.83,治疗方法
42天停经女性少量阴道出血，腰痛腹痛，乏力，面色苍白，舌淡苔白，脉细滑，尿妊娠试验阳性。首选中药方剂？,腰痛->症状->肾气虚,0.16,症状
一名24岁女性患者，出现齿龈出血6天，血检结果为血红蛋白125g/L、白细胞5.4×10^9/L、血小板45×10^9/L，骨髓检查显示巨核细胞增多而其他结果正常。根据这些信息，该患者可能的诊断是什么？,特发性血小板减少性紫癜->治疗科室->血液科,0.23,治疗科室
一名42岁的女性佩戴活动义齿一周后，与基托吻合部的黏膜出现灼痛感，停戴义齿后症状缓解，再次使用又出现同样的症状。这种症状的最有可能的诊断是什么？,接触性口炎->症状->黏膜灼痛,0.85,症状
根据患者的超声综合描述，腹主动脉下腔静脉前方可见10．1cm×9．3cm形态不规则低回声，边界清晰，内回声不均匀，且肝左叶受其推挤形态失常，请问该症状最可能诊断为何种肿瘤？,胰腺癌->诊断检查->超声检查,0.75,诊断检查
根据一位42岁女性患者的病史和体征，其反复发作的黄疸在劳累后发作20年，无发热、腹部不适、食欲不振，小便颜色正常，巩膜轻度黄染，且化验显示总胆红素升高但1分钟胆红素正常，其他检查结果无异常。请问，这位患者最可能患有什么疾病？,Gilbert综合征->并发症->非严重健康问题,0.75,并发症
一个胎龄39周的男婴因胎儿窘迫而剖宫产出生，出生后1小时出现呼吸急促、口吐白沫和口周青紫，查体显示呼吸音粗，两肺纹理粗且有少许斑片状影。基于上述症状和体征，该婴儿最可能的诊断是什么？,胎儿窘迫->可能患有疾病->胎粪吸入综合征,0.87,可能患有疾病
男性，44岁，长期足癣，左小腿反复红肿疼痛，病变边界清晰隆起，伴腹股沟淋巴结肿大。最可能诊断？,皮肤红肿->症状->过敏反应,0.09,症状
在一位45岁男性患者由于大量失血需输入库血1200ml的情况下，为防止枸橼酸钠中毒反应，护士应该按医嘱静脉推注哪种药物?,输血->推荐食谱->红枣枸杞汤,0.22,推荐食谱
对于一位80岁女性患者，长期患有喘息症状，伴随气短、心慌、耳鸣、腰膝酸软等表现，尤其在体力活动和劳累后症状加重，治疗上应选用哪种方剂来首选应对该患者的情况？,气阴两虚->症状->腰膝酸软,0.85,症状
一位67岁的男性支气管哮喘患者，其缓解期表现为气短声低，咳痰清稀色白，平素自汗，怕风，常易感冒，舌淡苔白，脉细弱。根据这些症状，应该选择哪种中药方剂进行治疗？,肺气虚->常用药品->玉屏风散,0.84,常用药品
根据患者男性，68岁，近3年来经常出现上腹部疼痛，进食后可缓解，伴有反酸，近1周上腹部疼痛加重的病史，是什么疾病最有可能是他的诊断？,十二指肠溃疡->治疗方法->胃镜检查,0.65,治疗方法
50岁中段食管癌患者，进食性吞咽困难6个月，完全不能进食，恶液质，左锁骨上2cm硬性淋巴结，最优先选择的治疗方法是什么？,食管癌->治疗方法->止痛药,0.18,治疗方法
在牙周基础治疗完成2个月后，假如患者磨牙区袋深仍约为5mm，且附着龈较宽，牙槽骨出现水平吸收但无异常骨形态，针对这种情况，哪种牙周手术治疗方案最好？,牙周手术->治疗方法->改良Widman翻瓣术,0.92,治疗方法
51岁女性患者，脘腹痞满胀痛，嗳腐吞酸，恶食呕逆，或大便泄泻，舌苔厚腻，脉滑，诊断为食滞胃脘证，应选择哪种中成药进行治疗？,食滞胃脘证->可能患有疾病->胃肠功能紊乱,0.68,可能患有疾病
一名64岁的女性患者，2年来偶尔感到心悸，但无黑朦及晕厥症状，多次心电图检查显示为房颤且心率在65至89次每分钟之间。针对这种情况，她的心律失常应该如何治疗？,房颤->治疗方法->抗凝治疗,0.88,治疗方法
针对5岁患者8月中旬出现高热、抽搐、面色苍白、意识朦胧及四肢凉等症状，并有食入不洁食物史，医师为确诊该患者的病情，下一步最应进行哪一项检查？,脑膜炎->治疗方法->抗生素治疗,0.01,治疗方法
一个50岁女性，绝经1年，出现阴道流血1个月，阴道细胞学检查显示不典型腺上皮纤毛细胞，其最可能的诊断是什么？,阴道流血->症状->子宫内膜增生,0.87,症状
45岁女性，乳腺癌肿瘤2cm，侵犯皮肤并破溃，ER/PR阴性，Her-2阳性，病理2级，无淋巴结转移，无远处转移，TNM分期是什么？,乳腺癌->诊断检查->TNM分期,0.92,诊断检查
一名48岁男性患者，腘窝上方持续性钝痛2年，且疼痛加重，以往‘结核’治疗无效，体检显示腘窝上方有肿胀和局部压痛，实验室检查正常。请问根据提供的图像，导致这种症状的最可能病因是什么？,神经纤维瘤->并发症->肿瘤破裂,0.62,并发症
一位4岁女孩，身体瘦弱，不思饮食，食不知味，面色少华，精神乏力，多汗，且大便溏薄，常见不消化食物。舌淡苔薄白，脉象缓无力。根据这些症状，应该选用哪个基础方剂来进行调理？,脾胃虚弱->治疗方法->异功散,0.88,治疗方法
一名44岁的女性，间断便血呈鲜红色滴下10年，肛指检查结果为阴性，肛镜检查发现齿状线上直肠黏膜隆起呈紫红色。这种症状最可能诊断为哪种疾病？,便血->症状->内痔,0.89,症状
一名38岁男性患者表现出脐周疼痛和间歇性腹泻持续3个月，粪便暗红色且有腥臭味。显微镜检显示大量红细胞、少量白细胞及夏-雷结晶。根据这些临床表现，最可能是哪种诊断？,克罗恩病->症状->腹泻,0.64,症状
一名2岁患儿已患肺炎1周，近日全身中毒症状加重，并出现高热持续不退、呼吸困难加重、频繁咳嗽、面色发绀和低血压。综合这些症状，最有可能的诊断是什么？,频繁咳嗽->治疗方法->使用止咳糖浆,0.18,治疗方法
26岁初产妇在妊娠39周时顺利经阴道分娩后，立即出现多量鲜红色阴道流血，持续不断。在这种情况下，最可能的病因是什么？,软产道裂伤 -> 治疗方法 -> 缝合修补,0.65,治疗方法
一位30岁的患者，其11号牙齿冠折1/4，5年来没有叩痛和松动，牙齿色泽也没有改变，X线片显示11号牙齿的根尖没有阴影。根据这些情况，最适合的治疗方案是什么？,牙冠折->治疗方法->金瓷冠修复,0.73,治疗方法
女性患者腰麻术后4小时出现烦躁不安，下腹部膨隆且叩诊浊音，生命体征正常。最可能考虑？,腰麻并发症->症状->尿潴留,0.87,症状
一名55岁男性患者，患有冠心病，经常出现胸闷、胸痛症状，最近因发热皮肤出现颜色较暗的疹点。针对这种情况，应选择哪种药物进行治疗？,感染性心内膜炎->治疗方法->抗生素治疗,0.29,治疗方法
根据24岁男性患者间断胸痛、低血压、身体特征（如蜘蛛指、漏斗胸）和心脏超声检查结果，确定导致其主动脉夹层的易患因素是什么？,蜘蛛指->症状->马凡氏综合征,0.66,症状
一位19岁的女性患者，表现为经期前后不定，经量或多或少，经行不畅且有血块，并伴有胸胁、乳房和少腹的胀痛，精神抑郁，舌苔薄白，脉弦。根据这些症状，最适合的中医治疗方剂是什么？,逍遥散->传染性->是,0.07,传染性
患者是一名50岁肥胖男性，经常感到胸闷、憋气和胸痛，有时疼痛会放射至背部，舌质紫暗而苔薄腻，脉象弦滑。在治疗过程中，应该选择哪种中药来缓解患者的症状？,气滞血瘀->常用药品->丹参,0.82,常用药品
30岁男性，间断性上腹痛3年，呕血400毫升，排黑便4次，头晕心悸，HBsAg阳性，最可能的诊断？,消化性溃疡->并发症->上消化道出血,0.25,并发症
对于一个12岁的患者，出现两小腿皮肤米粒大小、鲜红色、微痒且触之碍手的斑疹，应该首选哪种中药方剂进行治疗？,湿疹->症状->鲜红色斑疹,0.26,症状
一位42岁的女性患者甲状腺部位疼痛并出现结节，血沉加速，甲状腺摄131I率明显下降，经泼尼松治疗后，临床症状迅速消失。这种情况最可能诊断为何种甲状腺疾病？,亚急性甲状腺炎->常用药品->泼尼松,0.74,常用药品
根据一位42岁女性患者的病史和体征，其反复发作的黄疸在劳累后发作20年，无发热、腹部不适、食欲不振，小便颜色正常，巩膜轻度黄染，且化验显示总胆红素升高但1分钟胆红素正常，其他检查结果无异常。请问，这位患者最可能患有什么疾病？,Gilbert综合征->疾病描述->间歇性非结合性高胆红素血症,0.92,疾病描述
根据一位30岁女性停经46天后出现下腹部隐痛和不规则阴道少量出血十余天的症状，加上尿妊娠试验可疑阳性和触摸到右侧附件有鸡蛋大韧性包块的情况，最可能的诊断是什么？,宫颈炎->症状->阴道出血,0.15,症状
一位57岁男性，患有慢性阻塞性肺疾病12年，最近一周咳嗽气喘加重，出现明显发绀和烦躁，血气分析结果为pH7.39，PaO2 40mmHg，PaCO2 70mmHg。经过积极治疗效果不佳，可能发生哪些严重并发症？哪一种并发症是不会发生的？,慢性阻塞性肺疾病->并发症->心律失常,0.76,并发症
一位53岁的女性患者，胸闷乏力数月，并偶尔感到胸痛，无发热，X线检查结果显示多发性肺部病灶。根据这些临床表现和X线结果，最可能的诊断是什么？,肺部肿瘤性病变->常用药品->抗肿瘤药物,0.15,常用药品
一名50岁男性患者，长期吸烟，每日20支，最近经常咳嗽，痰中带有血丝，并在一周前突然感到呼吸困难。X线透视显示右侧胸腔有大片致密阴影，且胸腔穿刺抽出了大量血性胸水。根据这些症状，应该首先考虑哪种病情？,肺癌->可以治疗疾病->胸腔积液,0.21,可以治疗疾病
72岁男性，突发心前区疼痛，含硝酸甘油不缓解，心电图ST段抬高并伴有Q波，最可能的诊断？,急性心肌梗死->易患人群->老年人,0.65,易患人群
42天停经女性少量阴道出血，腰痛腹痛，乏力，面色苍白，舌淡苔白，脉细滑，尿妊娠试验阳性。首选中药方剂？,气血不足->治疗方法->胎元饮,0.27,治疗方法
一名56岁男性患者，患有肺痨五年，表现出咳嗽无力、声低懒言、痰中夹血、色淡红，以及午后低热、面白颧红等症状。舌嫩红有齿痕，苔薄白，脉细弱数。在这种情况下，若患者咳血、咯血较为严重，应优先采用何种中药来补络止血，进行治疗？,白及枇杷丸->疾病描述->阴虚内热,0.77,疾病描述
6岁患儿，高热3天，头痛，呕吐，皮肤有淤点、淤斑，项强直(+)，血白细胞21×10/L，中性粒细胞82%，脑脊液外观浑浊，脑脊液直接涂片细菌阳性。请问此病的传染源是什么？,脑膜炎->治疗方法->抗生素治疗,0.59,治疗方法
一位19岁的女性患者，表现为经期前后不定，经量或多或少，经行不畅且有血块，并伴有胸胁、乳房和少腹的胀痛，精神抑郁，舌苔薄白，脉弦。根据这些症状，最适合的中医治疗方剂是什么？,肝气郁结->症状->乳房胀痛和情绪抑郁,0.24,症状
一位38岁的男性患者，居住在沿海地区，腰背部疼痛已超过半年。根据提供的影像资料，他最可能被诊断为什么疾病？,氟骨症->诊断检查->骨密度测定,0.81,诊断检查
一名28岁男性病人出现上腹痛1周、黑便3天、每天排便3～4次且量较多，并伴有头昏、乏力、心慌，有间断上腹痛病史3年，饮酒史4年且每天摄入2两白酒，曾有乙肝病史。基于这些临床表现，你认为该病人最可能的诊断是什么？,乙肝->并发症->食管静脉曲张,0.08,并发症
一位50岁女性患者，被诊断为耐青霉素G的金黄色葡萄球菌性心内膜炎，且青霉素皮试结果为阴性，既往病史包括慢性肾盂肾炎。在这种情况下，应选用哪种抗生素进行治疗？,耐青霉素G的金黄色葡萄球菌性心内膜炎->常用药品->氨苄西林,0.12,常用药品
患者出现大便赤白黏垢、腹痛绵绵、午后潮热、形瘦乏力、失眠盗汗、舌干红、少苔、脉细数等症状，应选用哪种方剂进行治疗？,大便异常->可能患有疾病->肠道湿热,0.12,可能患有疾病
一名3岁患儿出现胸骨左缘第2、3肋间Ⅱ~Ⅲ级收缩期吹风样杂音，肺动脉瓣区第二音亢进和固定分裂，心电图显示右心室增大的情况，可能的诊断是什么？,房间隔缺损->检查疾病->心电图右心室增大,0.28,诊断检查
根据患者的查体结果，包括神志清楚、言语流利、眼底检查图像及颅神经检查结果，初步诊断是什么？,中枢神经系统正常->诊断->眼底检查正常,0.27,诊断检查
根据某患者体表的表现，即10余枚大小不一、质地柔软、表面光滑、有囊性感并可压入皮下的肿块，放手后随即弹起，这种情况可诊断为什么病？,柔软肿块->症状->表皮囊肿,0.83,症状
根据一位49岁女性患者，近半年来反复出现头痛、头晕、四肢麻木、周身发热、情绪不稳等症状，体检未见神经系统体征，X线片显示颈5~6椎体后缘轻度骨质增生，MRI显示颈髓无明显受压，你认为最可能的诊断是什么？,头晕->推荐食谱->山药红枣汤,0.16,推荐食谱
根据一名9岁女孩的症状，包括干咳1周、咽痛、低热，右下肺呼吸音减弱以及X线显示两下肺呈云雾状浸润影，哪种药物最适合用于该患儿的治疗？,肺炎支原体->治疗方法->红霉素,0.21,治疗方法
一名20岁男性，出现全身水肿半个月，最近呼吸困难和尿量减少，血压升高至170/120mmHg，并伴随全身高度水肿以及右侧胸腔及腹腔积液。经诊断为肾病综合征，请问此患者首先应使用哪种药物进行治疗？,肾病综合征->并发症->高血压,0.75,并发症
一位32岁的女性患者出现1个月的低热、盗汗和腹胀，并伴有阵发性腹部绞痛以及停止排气和排便10小时。根据这些症状，针对确定疾病的诊断，目前应进行哪种首选检查？,消化道梗阻->症状->停止排气排便,0.53,症状
一名2岁患儿已患肺炎1周，近日全身中毒症状加重，并出现高热持续不退、呼吸困难加重、频繁咳嗽、面色发绀和低血压。综合这些症状，最有可能的诊断是什么？,面色发绀->治疗方法->使用外用膏药,0.07,治疗方法
一名患者产后7天，全身疼痛，下肢尤甚，并且恶露量少，色黯夹有血块，小腹疼痛拒按，舌黯，苔白，脉弦涩。基于这些症状，应该首选什么方剂进行治疗？,产后恢复->常用药品->补气汤,0.51,常用药品
患者表现恶寒发热，无汗，鼻流清涕，咳嗽痰多，气短懒言，倦怠乏力，苔白脉弱。首选治疗方剂？,气虚->症状->倦怠乏力,0.55,症状
针对一名54岁女性患者，具有两年痢疾史，症状表现为时痢时歇，缠绵经年，饮食减少，倦怠神疲，畏寒懒言，发作时便下赤白，里急后重。舌质淡，苔腻，脉象虚数，应该选择哪种治疗方案？,痢疾->治疗方法->连理汤,0.95,治疗方法
一位65岁的男性患者体检结果显示：三酰甘油（TG）水平为3.20mmol/L，低密度脂蛋白胆固醇（LDL-C）水平为2.6mmol/L，高密度脂蛋白胆固醇（HDL-C）水平为1.23mmol/L。在这种情况下，应选择哪种调血脂药物进行治疗？,TG升高->食物有害于疾病->高糖饮食,0.74,食物有害于疾病
一名患有7年慢性腹泻的32岁男性患者，其大便每日2～3次，常带有少量脓血。通过粪便镜检发现红、白细胞均15/HP，纤维结肠镜检查显示降结肠以下黏膜充血、假息肉形成，并有少数散在浅溃疡的情况下，最合适的初始治疗药物是什么？,溃疡性结肠炎->并发症->肠出血,0.49,并发症
一位25岁的女性患者近一周出现双侧枕部中度钝痛，站立行走时头痛加重，卧床休息时头痛减轻或消失。这种头痛最可能的原因是什么？,自发性颅内低压->治疗方法->卧床休息,0.62,治疗方法
根据一名52岁男性患者的症状：劳累性心慌气短10年，近年加重，曾有过夜间不能平卧以及6个月前的偏瘫史，身体检查显示脉率完全不规律，心尖区有舒张期隆隆样杂音，超声波检查结果为二尖瓣口1.2cm、瓣口钙化和瓣下结构不清，左心房内无明确血栓，应该选择哪种治疗方案？,二尖瓣狭窄->治疗方法->球囊扩张术,0.65,治疗方法
一位24岁的初产妇在低位产钳分娩后立即出现阴道持续流血400ml，且血色鲜红，血压为14.7/9.33kPa，子宫坚硬，此时最适宜的处理步骤是什么？,产后出血->治疗方法->止血药物,0.18,治疗方法
一名45岁男性患者突然感到胸痛，4小时后前往医院就诊。在排除急性心肌梗死时，哪项检查最为有帮助？,急性心肌梗死->诊断检查->肌钙蛋白检测,0.89,诊断检查
15岁男性患者，4年前开始出现发作性四肢抽搐、意识不清，每次发作持续数分钟，常伴有舌咬伤。口服苯妥英钠维持治疗后，发作次数减少。数天前因故停服苯妥英钠，现患者再次发作，每次发作持续半小时以上，一天内发生多次。请问治疗癫痫持续状态的首选药物是什么？,癫痫持续状态->治疗方法->苯妥英钠,0.78,治疗方法
一名6岁男孩发热持续两周，并出现关节游走痛。体检发现心率每分钟100次，心尖区有二级收缩期杂音，C反应蛋白呈阳性，血沉增快，疑似风湿热。对于这种情况，首选哪种药物进行治疗？,风湿热->常用药品->阿司匹林,0.33,常用药品
对于一个临床表现为“肾病综合征”的15岁病人，在经过4周足量泼尼松治疗后症状明显改善，其肾脏病理表现最可能是什么？,肾病综合征->诊断检查->电子显微镜,0.75,诊断检查
根据以下病情描述，确定该6个月男婴的营养不良类型：出生体重3.0kg，生后人工喂养，皮下脂肪消失，轻度水肿，精神萎靡，反应差，体温低，腹泻与便秘交替进行。,营养不良->症状->水肿,0.21,症状
对于急性白血病患者出现头痛、恶心呕吐、脑脊液压力增高、蛋白质增多、细胞大多为白血病细胞的情况，鞘内注射应首先使用哪种药物进行治疗？,脑白血病->治疗方法->甲氨蝶呤,0.27,治疗方法
请根据以下症状描述，确定最可能的诊断：一名23岁的女性患者出现左眼睁眼困难，视物成双，症状在午后加重而清晨消失，无头痛或头晕。神经系统检查显示双瞳孔直径3mm，对光反应正常，但左眼上睑下垂，眼球向上、向下和内收运动受限，其他神经系统未见异常。,重症肌无力->症状->午后症状加重,0.72,症状
38岁女性患者，出现颈前肿痛、胸闷不适、口苦咽干、急躁易怒、心悸多汗、舌苔薄黄、脉弦数，请判断其对应的中医证型是什么？,心悸多汗->可能患有疾病->心阳虚,0.18,可能患有疾病
月经周期为四到五十天，月经量少且色淡红无血块，伴头晕眼花、心悸失眠、面色苍白、舌质淡红、脉细弱，应选哪种中药方剂？,气血两虚->治疗方法->大补元煎,0.91,治疗方法
45岁男萨克斯演奏家，颈部皮下柔软肿物一周，体检显示局部皮温正常且无压痛。最可能的影像学特征是什么？,皮下气体积聚->并发症->气液平面,0.78,并发症
患者表现为胸部隐痛，严重时胸痛彻背，伴有喘息咳唾、短气、气从胁下上抢心，舌苔白腻，脉象沉弦。根据这些症状，应使用哪种中药方剂进行治疗？,痰浊阻滞->症状->喘息咳唾,0.23,症状
患者男性，55岁，3个月前因胸胁部撞伤后出现胁肋刺痛症状，表现为痛有定处，入夜痛甚，舌质紫暗，脉沉涩。请问针对这一症状，应选用哪种中药方剂进行治疗？,胸胁刺痛->疾病描述->瘀血,0.78,疾病描述
针对5岁患者8月中旬出现高热、抽搐、面色苍白、意识朦胧及四肢凉等症状，并有食入不洁食物史，医师为确诊该患者的病情，下一步最应进行哪一项检查？,抽搐->可能患有疾病->脑膜炎,0.61,可能患有疾病
患者60/30mmHg，面色苍白，四肢湿冷，呼吸急促，心率快，腹平软，脐周压痛，肠鸣音活跃，脑膜刺激征阴性。请问在这种情况下，应立即进行哪项检查以帮助诊断问题的原因？,休克->辅助检查->心电图,0.65,诊断检查
一个8岁男性患者发现右阴囊内肿块1年，该肿块无痛且平卧时消失，扪之囊性感，透光试验呈阳性。请问根据这些情况，首选的治疗方法是什么？,交通性鞘膜积液->治疗科室->小儿外科,0.41,治疗科室
根据以下症状描述：王某，女57岁，咳喘12年，近半年下肢浮肿，经常心悸，动则尤甚，近2天来心悸咳喘加重，咯痰清稀，面部下肢浮肿，尿少，夜间不能平卧，面唇青紫，苔白滑舌胖质暗，脉沉细无力，该病例最可能的中医诊断是什么？,肺胀->诊断检查->舌苔检查,0.65,诊断检查
根据一名45岁男性患者间断腹痛、腹泻3年，无脓血和黏液，服小檗碱和氟哌酸可稍缓解，近期症状加重且大便频率增加至7～8次/天，大便常规及脂肪滴检查正常的情况，哪种疾病最需要被排除？,甲状腺功能亢进->症状->腹泻,0.28,症状
一名42岁的女性患者，最近一个月出现进行性腰部疼痛，尤其在夜间更加严重。她在一年前因乳腺癌进行了手术治疗。为了明确她腰痛的原因，哪种检查方法最有价值？,乳腺癌->症状->腰部疼痛,0.68,症状
一位17岁女性患者有腹泻、发热4天，并伴有全身皮疹出现和瘙痒2天的病史。她的病状包括黄色稀水样便、反复高热并在接受抗感染和补液治疗后病情无明显改善。目前皮疹表现为多部位大片状鲜红色隆起性红斑，伴有水肿且形状不规则。实验室检查显示白细胞增高和大便白细胞阳性。在这种情况下，指导患者治疗的主要原则是什么？,大便白细胞阳性 -> 可能患有疾病 -> 志贺氏菌感染,0.95,可能患有疾病
针对一位45岁女性患者出现右上腹胀痛伴皮肤巩膜黄染的症状，在体格检查中发现皮肤巩膜明显黄疸且腹水征为阴性，请问为了明确梗阻部位，首选的检查方法是什么？,胆管梗阻->治疗方法->手术治疗,0.69,治疗方法
一名26岁女性因车祸头部受伤后出现短暂昏迷，后来逐渐清醒，但1天后开始出现烦躁、头痛、呕吐，随后再次昏迷。体检显示伤侧瞳孔散大，对光反射消失，对侧肢体不完全性瘫痪，并有巴宾斯基征阳性。请问这种情况应考虑为哪种诊断？,急性硬膜外血肿->疾病描述->症状表现,0.93,疾病描述
针对一位63岁的男性患者，他出现小便频数清长、尿有余沥、遗尿、或小便点滴不爽且排尿无力，伴随心神恍惚和健忘，舌质润且苔薄，脉象沉细等症状，应选择哪种中药配伍进行治疗？,健忘->可能患有疾病->老年痴呆,0.21,可能患有疾病
根据患者60岁男性，症状包括反复咯血、咳痰粘稠、低热伴消瘦、活动后气短和乏力，以及X线胸片显示右肺上叶段片状及条索状阴影，并有透亮区、胸廓下陷、气管右移的情况，应首先考虑什么诊断？,肺结核->诊断检查->X线胸片表现,0.78,诊断检查
患者出现咽中不适，有异物感，咽之不下，咳之不出，伴胸中窒闷、呕恶、口苦等症状，舌苔黄而腻，脉滑数。这种情况下，应该使用哪种方剂进行治疗？,湿热困脾->症状->口苦,0.75,症状
56岁男性背痈溃后脓水稀少，坚肿不消，精神不振，面色无华，脉数无力。首选中药方剂？,气血不足->治疗方法->托里消毒散,0.87,治疗方法
患者50岁男性，右足刺伤10天后出现张口困难、颈项紧、饮水诱发手足痉挛、频繁抽搐及呼吸道分泌物多。为保持呼吸道通畅，最有效措施是什么？,破伤风->症状->肌肉痉挛,0.27,症状
一名50岁男性患者，长期吸烟，每日20支，最近经常咳嗽，痰中带有血丝，并在一周前突然感到呼吸困难。X线透视显示右侧胸腔有大片致密阴影，且胸腔穿刺抽出了大量血性胸水。根据这些症状，应该首先考虑哪种病情？,肺癌->治疗科室->肿瘤科,0.07,治疗科室
根据一个65岁男性患者，患有15年糖尿病且长期使用苯乙双胍的病史，因意识障碍入院，体检显示浅昏迷、呼吸深大、中度脱水，膝反射极弱，血压80/65 mmHg，血糖15mmol/L，CO2结合力12mmol/L，尿糖（+++），尿蛋白（++）及少量尿酮体（+），请问最可能的诊断是什么？,乳酸酸中毒->症状->深大呼吸,0.91,症状
中医诊断中，头摇肢颤、口干苦、舌红苔黄腻、脉沉滑，应选择哪个方剂？,白萝卜->食谱有益于疾病->消化不良,0.17,食谱有益于疾病
一位47岁的男性患者，出现脾胃气滞导致的脘腹胀痛，并伴有食欲不振和大便溏泻，治疗应着重行气止痛和健脾消食。应该选择哪种中药来治疗这个病症？,砂仁->常用药品->行气化湿药,0.14,常用药品
患者盛氏表现出全身浮肿，尤以身体下半身为重，伴有腹胀、喘满、二便不利，脉象为沉实有力。请问应选用哪种中药方剂进行治疗？,水肿->治疗方法->十枣汤,0.88,治疗方法
请根据患儿3岁男孩右腹股沟可复性包块超过1年，玩耍后出现哭闹伴呕吐症状，右侧阴囊肿胀并触及不可还纳的肿块，判断最可能的诊断是什么？,腹股沟疝->诊断检查->腹部超声检查,0.52,诊断检查
一名30岁男性，经历阵发性心悸10年，每次发作持续时间从半小时到3小时不等，此次心悸发作已持续半小时来就诊。检查显示血压为90/60mmHg，心率为200次/分钟，心律绝对规则，无杂音，肺部无异常。请问在这种情况下，最适合的治疗措施是什么？,心率增快->检查疾病->心律失常,0.87,诊断检查
单女士的胎儿在第二产程延长后，经过胎头吸引助产娩出，此时脐带绕颈2周，且Apgar评分为3分，应采取的首要紧急措施是什么？,胎儿复苏->治疗方法->通气支持,0.85,治疗方法
一位45岁男性患者，有2年以干咳为主的间断咳嗽病史，每年秋季症状出现并伴有夜间憋气，使用多种药物抗感染治疗无效，且症状自行消失后又再次出现。体格检查和胸部X线片无异常，通气功能正常。为明确诊断，应该进行什么进一步的检查？,雷诺综合征->诊断检查->支气管激发试验,0.85,诊断检查
一名40岁的男性患者，间断上腹痛3年，多饥饿痛和夜间痛，进食后减轻。为了明确诊断，急诊应该进行什么检查？,消化性溃疡->症状->饥饿痛,0.32,症状
根据患者曾某，女，53岁的症状：脘腹胀满疼痛，不思饮食，四肢倦怠，舌苔自腻，脉沉弦，应该选用哪种传统中药方剂进行治疗？,厚朴温中汤->治疗方法->温中散寒,0.06,治疗方法
65岁男性冠心病史，冠脉造影后恶心、食欲不振，实验室检查显示BUN为22mmol/L，肌酐为230mmol/L，尿量为500ml，血压140/80mmHg，最可能的诊断是什么？,急性肾损伤->并发症->高血糖,0.45,并发症
对于一名慢性牙周炎患者出现了剧烈阵发性疼痛且夜间无法入眠，在检查发现左侧后牙无龋坏牙，叩痛且有深牙周袋的情况下，为了确诊最主要的还应该进行哪项检查？,牙髓病变->诊断检查->热测验,0.88,诊断检查
青年男性，25岁，有右肩外伤史，今天转身开门时突然感到右肩部疼痛，不敢活动，并用左手托住右上肢来医院就诊。请问这种情况下最可能的诊断是什么？,肩关节脱位->治疗方法->复位治疗,0.21,治疗方法
某疟疾病患者在使用二盐酸奎宁进行抢救过程中，出现寒战、高热、血红蛋白尿等症状，此时应改用哪种药物继续进行抢救？,疟疾->常用药品->阿莫西林,0.59,常用药品
一名67岁女性患者，乳腺出现包块并伴有乳头溢液，病程为一个多月，通过X线检查后，你认为最有可能是什么诊断？,乳腺疾病->症状->乳腺包块,0.81,症状
一名5岁男孩出现面部和外生殖器皮肤颜色加深、智力退化、行走困难以及无热惊厥等症状，体检发现全身皮肤呈褐色、四肢肌张力高、膝反射亢进及双侧巴氏征阳性。这种疾病最可能的遗传方式是什么？,常染色体隐性遗传->症状->智力退化,0.22,症状
对于一位29岁女性患者，症状包括因外感风邪导致的全身关节烦疼，肩背沉重，舌苔白腻微黄，在这种情况下，应选用哪种方剂进行治疗？,湿热痹证->症状->肩背沉重,0.28,症状
一名1岁患儿腹泻伴中度脱水和酸中毒，经过补液及纠正酸中毒的治疗后出现腹胀、心音低钝和四肢腱反射减弱，这个患儿最可能出现了什么并发症？,低钾血症->食谱有益于疾病->香蕉泥,0.11,食谱有益于疾病
患者男性，50岁，表现为头晕、乏力半年，发作性晕厥2个月，检查发现脾肋下5cm，血红蛋白200g/L，白细胞6.4×10⁹/L，血小板360×10⁹/L，中性粒细胞碱性磷酸酶强阳性，积分120分。应选用何种药物治疗？,真性红细胞增多症->治疗方法->羟基脲,0.87,治疗方法
描述慢性粒细胞白血病患者脾的超声特征，结合病变形状和多普勒血流信号最可能的诊断是什么？,慢性粒细胞白血病->症状->脾肿大,0.84,症状
3岁女孩，身高75cm，智力低下，鼻梁低平，舌体宽厚，常伸出口外，伴腹轻胀、便秘及脐疝的症状，这些临床表现最可能指向哪种疾病的诊断？,先天性甲减->诊断检查->甲状腺功能测定,0.34,诊断检查
根据患者的症状描述，包括高热、腹痛、腹泻、食欲减退、淡红色斑丘疹，以及骨髓涂片找到了印戒细胞，你认为该患者最可能的诊断是什么？,伤寒->症状->高热,0.85,症状
一位12岁的女孩出现低热和关节疼痛半个月，检查发现其左肘关节附近外侧肱骨骨骺端有硬质无压痛的小结节，该结节与皮肤不粘连且在皮肤绷紧时容易发现，这种皮下结节最有可能是什么？,风湿性结节->并发症->关节炎,0.75,并发症
患者有癫病史，表现为神志恍惚、躁动不寐、多言善惊、口舌干燥、纳少，舌红少苔，脉沉细数，治疗上应该采用什么方法？,痰火扰神->治疗方法->黄连解毒汤,0.18,治疗方法
当患者出现卒然仆倒，不省人事，四肢强痉拘挛，口中有声，口吐白沫，烦躁不安，气高息短，痰鸣漉漉，口臭便于，舌红或暗红，舌苔黄腻，脉弦滑的症状时，该病证属于什么？,痰火扰神->诊断检查->舌苔观察,0.79,诊断检查
一名患有急性昏迷的患者出现轻度黄疸、双侧肢体肌张力对称性增高、瞳孔等大，并且尿蛋白及糖定性均为阴性。结合这些症状，这名患者最可能的诊断是什么？,肝性脑病->并发症->黄疸,0.38,并发症
一位71岁男性，出现右侧肢体无力逐渐加重，查体显示右侧Babinski征阳性和右偏身痛觉减退，头颅CT未见异常，请问对该患者最适宜的治疗措施是什么？,脑卒中->治疗方法->抗血小板药物,0.85,治疗方法
一名48岁男性患者，腘窝上方持续性钝痛2年，且疼痛加重，以往‘结核’治疗无效，体检显示腘窝上方有肿胀和局部压痛，实验室检查正常。请问根据提供的图像，导致这种症状的最可能病因是什么？,神经纤维瘤->并发症->肌肉萎缩,0.28,并发症
一位29岁男性患者出现间歇性下腰痛半年，CT检查显示双侧骶髂关节对称性增生硬化，关节面不规则，并且关节间隙变窄，基于这些临床表现和检查结果，最可能的诊断是什么？,腰椎间盘突出->症状->下腰痛,0.23,症状
根据患者的病情描述，特别是右锁骨上淋巴结的触诊结果、气管移位、右肺叩诊及胸液常规结果，最可能的诊断是什么？,右肺癌->诊断检查->X线检查,0.11,诊断检查
27岁女性患者，2年来多次在饭前昏迷，伴有恐惧感、心悸和发汗，且发觉及时进食可预防或缩短昏迷时间。发病以来食欲好，体重增加，但记忆力差。根据这些症状，应该考虑哪种医学诊断？,体重增加->治愈概率->0.6,0.21,治愈概率
一名20岁男性患者，颏下皮肤内有一个无痛性肿块缓慢生长了7年。检查该肿块发现它是圆形的，表面皮肤光滑，没有与皮肤及周围组织粘连，触诊时感觉坚韧而有弹性，穿刺后抽出乳白色豆腐渣样分泌物。根据这些特点，这个肿块最可能的诊断是什么？,皮脂腺囊肿->并发症->感染,0.62,并发症
一名7个月大的女婴在腹泻和呕吐3到4天后入院，检查时发现有精神萎靡、面色苍灰、口唇樱红、前囟及眼窝凹陷、皮肤弹性差、心肺无异常和腹软。入院诊断为腹泻病、中度失水、代谢性酸中毒。补液后，该婴儿出现抽搐。根据临床表现，这名婴儿出现抽搐最可能是什么原因导致的？,电解质失衡->症状->抽搐,0.82,症状
在足月顺产后，胎儿娩出时张女士阴道出血量约500ml，血液呈鲜红色且很快凝集成血块，但胎盘尚未娩出。这种情况下，出血的最可能原因是什么？,产后出血->诊断检查->软产道损伤,0.57,诊断检查
患者女性，30岁，因进行性心悸、气促3个月来诊，查体发现BP90/70mmHg，心界向双侧扩大，随体位改变，伴有奇脉，心率120次/分，律齐，心音低弱遥远，无病理性杂音。根据这些临床表现，最可能的诊断是什么？,心包积液->诊断检查->心脏超声,0.75,诊断检查
一名50岁女性患者，身高154cm，体重62kg，因外阴瘙痒就诊，血糖检测结果为13mmol／L，尿糖结果为(++)，血象正常。根据患者的情况，最适宜的治疗方案是什么？,糖尿病->并发症->高血糖,0.64,并发症
对于一名29岁的已婚女性，孕2产1，剖宫产术后7个月并处于哺乳期，未避孕且未转经，最近2个月出现恶心呕吐和阴道淋漓出血7天的情况，体检显示宫颈着色，宫体前倾，大小相当于12周，极软，活动度好，尿HCG呈阳性，B超显示子宫增大且后壁有绒毛。患者要求终止妊娠，在这种情况下，可以采用哪种终止妊娠的方法？,葡萄胎->治疗方法->吸宫术,0.95,治疗方法
某肺心病患者在急性加重期治疗后病情好转，但出现躁动、手足抽搐，血清钾及氯均降低，HCO₃⁻为38mmol/L，二氧化碳分压为40mmHg。这种情况下，患者可能出现了什么病理变化？,代谢性碱中毒->检查疾病->血气分析,0.72,诊断检查
对于一名5岁男孩，体温39.5℃，出现音哑和吸气性呼吸困难的情况下，医生应首先采取什么措施来处理可能的急性气道阻塞？,急性气道阻塞->并发症->喉头水肿,0.72,并发症
请详细描述一位男性患者摔伤右腕部后，在X光片上腕关节显现的具体损伤特征，并指出最可能的诊断是什么。,X光片检查->检查疾病->桡骨远端骨折,0.92,诊断检查
患有高血压、低血钾且没有表现出库欣综合征特征的一名28岁女性，其血钠水平为149mmol/L，血钾水平为3.1mmol/L，那么用于她高血压的特效治疗药物是什么？,原发性醛固酮增多症->常用药品->醛固酮拮抗剂,0.68,常用药品
患者在急性淋巴细胞白血病化疗完全缓解后的缓解期，出现了头痛、恶心、呕吐和手足抽搐的症状。这些症状表明患者最可能发生了什么情况？,急性淋巴细胞白血病->并发症->代谢异常,0.21,并发症
68岁男性，恶寒发热、头痛、微喘、无汗、全身骨节酸楚烦疼，舌苔薄白，脉浮紧而数，最合适的治疗原则是什么？,风寒表证->治疗方法->麻黄汤合方,0.48,治疗方法
10岁男孩阑尾切除术后出现面色苍白、皮肤湿冷、心率110次/min、血压80/60mmHg等症状，并未解小便。为明确诊断，应首先采取什么措施？,腹腔穿刺->检查疾病->术后腹腔出血,0.79,诊断检查
孕34周女性血压150/90mmHg，尿蛋白0.4g，诊断妊娠相关病症？,妊娠合并疾病->并发症->肾功能衰竭,0.11,并发症
一名7岁男孩左眼视力模糊1周，并且在眼球转动时感到疼痛，此前有感冒病史。检查显示瞳孔对光反射略迟钝。根据以上信息和眼底检查结果，请给出最可能的诊断是什么？,视神经炎->症状->眼球运动痛,0.85,症状
一位42岁的女性患者甲状腺部位疼痛并出现结节，血沉加速，甲状腺摄131I率明显下降，经泼尼松治疗后，临床症状迅速消失。这种情况最可能诊断为何种甲状腺疾病？,泼尼松->可以治疗疾病->风湿性疾病,0.14,可以治疗疾病
一名20岁的外地男性学生，在广州入院时有高热3天，抽搐、意识障碍1天的病史，体检发现体温40℃，呼吸30次每分，颈抵抗，阳性病理神经反射，四肢肌张力增高，外周血白细胞计数为20×10^9/L，中性粒细胞比例为92％，尿蛋白呈阳性。为了明确诊断，最重要的检查是什么？,感染->治疗方法->抗生素治疗,0.48,治疗方法
在跌倒时手掌撑地导致腕部肿胀、酸痛无力，局部有压痛以及桡腕关节活动受限且X光片无骨折征象的情况下，该患者应该被诊断为什么疾病？,桡腕关节扭伤->症状->酸痛无力,0.48,症状
一位32岁的女性在遇到寒冷时，双手顺序出现苍白、青紫和潮红，病程已有3年，逐渐加重且每次发作持续15到30分钟。根据该患者被诊断为雷诺综合征，请描述她在发作时的典型症状是什么？,雷诺综合征->易患人群->女性,0.25,易患人群
一名50岁男性患者，1周前突然发生脑血管意外，3日前开始呕血约500ml并伴有黑便，且过去无胃病与肝炎史。根据这些症状，最可能的诊断是什么？,急性糜烂性胃炎->诊断检查->胃镜检查,0.91,诊断检查
一个8岁男孩，身材矮小，上下肢比例正常，面容较幼稚，腹部皮下脂肪丰满，手腕骨X线片显示骨龄为5岁。根据这些临床特征，他可能患有什么疾病？,生长激素缺乏症->症状->身材矮小,0.88,症状
在患者男性，35岁，已行完善根管治疗且有深覆牙合的情况下，要对冠折1/2的牙齿进行修复，哪种修复方案最合适？,冠折1/2->症状->牙体缺损,0.82,症状
一名32岁的男性，右颈部肿大1个月，CT扫描显示右侧口咽及鼻咽有均匀密度的软组织肿物，双侧颈部及纵隔有多个边界清楚的肿大淋巴结。根据这些检查结果，最可能的诊断是什么？,淋巴瘤->患病概率->青年男性,0.46,患病概率
患者有10年糖尿病史，现出现眼睑及下肢浮肿、乏力、尿蛋白(++)及尿糖(+++)的症状，这种情况下该患者的糖尿病类型通常是什么类型？,糖尿病->常用药品->胰岛素,0.12,常用药品
45岁男性，畏寒、乏力、性欲减退，低血压低钠，2年前脑部肿瘤放疗，静脉输液后改善，体位性低血压，皮肤干燥，阴毛腋毛稀疏，睾丸小，贫血，尿渗透压高，最可能诊断？,激素不足->症状->性欲减退,0.54,症状
一名8岁男孩出现胸闷、气急等症状，查体发现颈静脉显露，结合胸片检查，你认为最可能的诊断是什么？,胸腔积液->症状->胸闷、气急、颈静脉显露,0.72,症状
一名31岁的男性因失眠长期服用某种药物治疗。在突然停药12小时后，他出现头痛、虚弱无力和肢体颤抖的症状，请问他最可能服用的是哪类药物？,药物戒断->症状->恶心,0.12,症状
一名35岁女性患者有急性胰腺炎病史，现感上腹不适。根据中上腹超声声像图表现，可以得出什么诊断？,胃炎->症状->上腹不适,0.23,症状
对于一名50岁男性患者，其主要症状包括左胸闷气2个月，胸痛20天，夜间加重，并伴有颜面、颈部及胸壁略肿胀、胸壁静脉曲张，左肺呼吸音消失。为了明确诊断，应该进行哪项检查？,胸部CT扫描->症状->胸痛,0.55,症状
根据患者症状，比如久病体弱，面色晄白，汗出畏寒，动则益甚，平时极易感冒，且舌苔薄白，脉象细弱，应该使用什么中药方剂进行调治？,气虚->常用药品->玉屏风散,0.88,常用药品
在患者伴有尿道口红肿、尿急、尿频、尿痛、淋沥不止等症状，且舌红苔黄腻、脉滑数的情况下，结合西医诊断为急性淋病，中医治疗应首选哪个方剂？,急性淋病->常用药品->八正散,0.85,常用药品
对于一名50岁女性患者，她有乏力和活动后气急的症状持续2年，并在最近一个月出现呼吸困难和下肢水肿。体检显示血压为120/70mmHg，心界向两侧扩大，心尖搏动及第一心音减弱。在这个情况下，应当选择哪种药物进行治疗？,心力衰竭->治疗方法->利尿剂治疗,0.78,治疗方法
55岁男性，晚宴后早晨被发现死亡，床上有少量咖啡色渣液，左侧腰腹部有大片青紫斑，最可能的死因是什么？,急性胰腺炎->并发症->肝衰竭,0.18,并发症
在体检中，患者发现右眼球外展位、不能内收并上下视困难，左侧肢体肌力减弱和出现左倾Babinski征阳性，这些症状指向哪种综合征的诊断？,动眼神经麻痹->治愈概率->0.6,0.13,治愈概率
一名42岁女性患者，经历了3年的劳力性胸闷和气促，发作时硝酸甘油无效。查体时在胸骨左缘第3肋间听到收缩期杂音。为确诊，首选应进行哪项检查？,劳力性胸闷->症状->心脏杂音,0.53,症状
对于急性白血病患者出现头痛、恶心呕吐、脑脊液压力增高、蛋白质增多、细胞大多为白血病细胞的情况，鞘内注射应首先使用哪种药物进行治疗？,急性白血病->治疗方法->支持疗法,0.21,治疗方法
一位43岁女性患者，表现出头痛畏寒、面色白、四肢不温、舌质淡胖、有齿痕、脉沉细等症状，请问对于这位患者，应该选择哪一种主要方剂来进行治疗？,阳气虚弱->治疗方法->温补阳气,0.35,治疗方法
一名28岁女性患者，2年前足月顺产一名女孩，并于1年前进行了皮下埋植术。现患者月经基本规律，但最近1个月出现淋漓出血。根据情况，哪项检查是不需要进行的？,皮下埋植->忌吃->含雌激素保健品,0.19,忌吃
描述一下学生16岁时在课堂上发生的发作事件特征，这种发作事件的最可能诊断是什么？,失神发作->症状->恢复迅速,0.89,症状
一名50岁男性患者视力略减退，眼外检查无异常，但眼底检查显示静脉曲张、动脉变细，并且乳头面上出现大片状火焰状出血，同时视网膜反光增强以及可能出现黄白色类脂质变性及出血。根据这些临床表现，这种情况最可能的诊断是什么？,中央视网膜静脉阻塞->症状->眼底出血,0.72,症状
"男性25岁,鼻部疖肿一周前出现,3日前受挤压后症状加重,出现发烧、脉率增快、两眼周围红肿,局部压痛,血白细胞计数升高。这种情况最可能并发了什么病症?",疖肿->并发症->眶蜂窝织炎,0.93,并发症
20岁女性，发现下腹部肿块2年，突然出现剧烈疼痛伴恶心呕吐，体检发现10cm×10cm×8cm肿块。最首选的辅助检查方法是什么？,下腹部肿块->检查疾病->超声检查,0.92,诊断检查
肾移植术后36小时，患者出现少尿、血肌酐持续升高，并伴有高热和寒战，应首先考虑什么病情？,急性排斥反应->食谱有益于疾病->低嘌呤食谱,0.07,食谱有益于疾病
一名40岁女性患者在乳晕旁出现1cm圆形肿物，该肿物活动、边界清晰，挤压时乳头有血性液体溢出。这种临床表现最可能的诊断是什么？,乳腺肿物->诊断检查->组织病理学评估,0.38,诊断检查
肝硬化患者因腹泻发生昏迷，其血钾水平测得为2mmol/L，应该选用哪种药物进行治疗？,低钾血症->症状->昏迷,0.06,症状
一名24岁的男性，患有小肠疝气，经常发作，现在表现为一侧阴囊偏坠肿胀，遇寒疼痛加重，痛引睾丸，舌淡苔白，脉弦紧。在治疗上，应该选择哪种中药来缓解症状？,天台乌药散->治疗方法->疏肝理气,0.55,治疗方法
根据患者头部、肩背部多汗、动则尤甚，神疲乏力，面色少华，易患感冒，舌质淡，苔薄白，脉细弱的症状，应如何判断其证候？,气虚->治疗方法->增强体质,0.58,治疗方法
对于一名3岁的室间隔缺损患儿，如果患者出现反复发热、咳嗽10余天，且胸片显示肺纹理增多及小片状阴影，基于这些症状和影像学表现，应该首先考虑诊断为哪种疾病？,肺纹理增多->可能患有疾病->肺炎,0.62,可能患有疾病
对于一名3岁的室间隔缺损患儿，如果患者出现反复发热、咳嗽10余天，且胸片显示肺纹理增多及小片状阴影，基于这些症状和影像学表现，应该首先考虑诊断为哪种疾病？,肺炎->诊断检查->胸片,0.71,诊断检查
三天大的男婴，出生后表现为不吃、不哭、不动，少尿和体温不升，胎龄32周早产，查体发现体温为34℃，呼吸不规则，反应低下，皮肤黄染，呼吸音低，心音低钝，伴随腹胀、面颊和臀部以及双下肢皮肤硬肿、压之凹陷，手足冰凉。根据这些临床表现，最可能的诊断是什么？,新生儿硬肿症->症状->腹胀,0.58,症状
患者右臀和下肢出现红斑和水疱后经过治疗皮损好转，但局部仍然疼痛且检查发现有色素沉着。在舌暗红、苔白、脉弦细的情况下，哪一种中药方剂加减可以最适宜地改善该患者的症状？,血府逐瘀汤->食物有益于疾病->红斑,0.18,食物有益于疾病
一名7岁的患儿，2周前得过猩红热，最近两天出现眼睑水肿，血压为16.0/10.7kPa(120/80mmHg)，尿常规显示蛋白++，红细胞5~8个/HP，目前水肿明显且尿量200ml/日。在护理过程中，应特别警惕发生哪种严重并发症？,急性肾小球肾炎->并发症->心力衰竭,0.94,并发症
70岁女性行走中滑倒致右髋部疼痛，伴右下肢缩短、外旋畸形，应诊断为何种骨折？,髋部疼痛->检查疾病->X线检查,0.77,诊断检查
根据以下症状：患儿男，10岁，受凉后出现发热、咳嗽、乏力，随后出现心悸、胸闷、烦躁不安。查体时面色苍白、皮肤发凉、血压降低、心率加快，第一心音低钝，面诊给予扩容及血管活性药物后，病情加重至神志不清、面色青灰、呼吸急促，血压测不到。请问该患儿的休克类型是什么？,面色苍白+低血压->可能患有疾病->心源性休克,0.81,可能患有疾病
一位17岁女性患者有腹泻、发热4天，并伴有全身皮疹出现和瘙痒2天的病史。她的病状包括黄色稀水样便、反复高热并在接受抗感染和补液治疗后病情无明显改善。目前皮疹表现为多部位大片状鲜红色隆起性红斑，伴有水肿且形状不规则。实验室检查显示白细胞增高和大便白细胞阳性。在这种情况下，指导患者治疗的主要原则是什么？,沙门氏菌感染 -> 治疗方法 -> 抗生素治疗,0.62,治疗方法
患者男性，50岁，表现为头晕、乏力半年，发作性晕厥2个月，检查发现脾肋下5cm，血红蛋白200g/L，白细胞6.4×10⁹/L，血小板360×10⁹/L，中性粒细胞碱性磷酸酶强阳性，积分120分。应选用何种药物治疗？,真性红细胞增多症->治疗方法->放血疗法,0.63,治疗方法
根据一名35岁男性患者的症状：头痛、复视半年，左侧肢体无力，右眼上睑下垂，右瞳孔散大，对光反应消失，左侧肢体肌力Ⅲ度，肌张力增高，膝反射亢进，Babinski征(+)，左侧鼻唇沟变浅，伸舌时左偏，请确定该患者的病变定位于哪个部位？,鼻唇沟变浅->可以治疗疾病->面瘫贴敷,0.07,可以治疗疾病
一位30岁女性患者有自幼发现的心脏杂音，1天前剧烈运动时突然出现心前区疼痛、心悸气短及下肢水肿，查体显示胸骨左缘可闻广泛连续性杂音，P亢进。针对这种情况，应该采取什么治疗措施？,动脉导管未闭->并发症->心悸,0.65,并发症
对于局限期小细胞肺癌患者，在经历了三个周期的化疗后，肿块明显缩小的情况下，接下来的最佳治疗方案是什么？,小细胞肺癌->治疗方法->单纯放疗,0.65,治疗方法
一名55岁男性患者，患有冠心病，经常出现胸闷、胸痛症状，最近因发热皮肤出现颜色较暗的疹点。针对这种情况，应选择哪种药物进行治疗？,冠心病->并发症->心力衰竭,0.24,并发症
一名38岁女性因突然右侧剧烈腰痛和肉眼血尿就诊，既往有风湿性心脏病和心房颤动病史，尿常规显示蛋白++，红细胞满视野，白细胞5～8/HP。根据以上症状，临床上首先考虑的诊断是什么？,剧烈腰痛->症状->急性肾梗死,0.81,症状
对于一位29岁女性患者，症状包括因外感风邪导致的全身关节烦疼，肩背沉重，舌苔白腻微黄，在这种情况下，应选用哪种方剂进行治疗？,风湿性疾病->食物有益于疾病->赤小豆,0.06,食物有益于疾病
患者王某反复呕吐清水痰涎、脘闷不食、头眩心悸、舌苔白腻、脉滑。最适合的中医方剂？,痰湿中阻->症状->呕吐,0.79,症状
32岁女性患者在进餐时与人发生口角后，突然感到呼吸困难。体检显示呼吸浅表频率达80次/分且无啰音。根据这些临床表现，该患者最可能的诊断是什么？,癔病->症状->呼吸困难,0.83,症状
一名女性患者，28岁，症状包括腰痛脚弱，下半身冷感，少腹拘急，小便不利，舌质淡胖，脉沉迟而弱，请问应选用哪种中药方剂进行治疗？,肾阳虚->常用药品->八味地黄丸,0.75,常用药品
在上消化道造影检查中，一名男性患者表现出夜间腹痛、恶心、呕吐以及剑突下压痛。这种症状最可能与哪种消化系统疾病有关？,夜间腹痛->症状->剑突下压痛,0.82,症状
一名55岁男性患者，出现右上腹痛2个月，伴有皮肤和巩膜黄染15天，并进行性加重，查体显示胆囊肿大，超声提示肝内胆管扩张且胆囊肿大，在胰腺平面以上肝外胆管扩张但胰头及胰管无明显异常的情况下，最可能观察到的影像学征象是什么？,胆囊肿大->治疗方法->胆囊切除术,0.16,治疗方法
根据患者症状描述，老年女性患者多年来在疲劳后出现尿频、尿痛等症状，同时伴有腰膝酸软、神疲乏力。检查发现双肾区叩击痛，尿白细胞升高，结合这些症状，最适合采用何种治疗方法进行治疗？,肾盂肾炎->治疗方法->抗生素治疗,0.89,治疗方法
一位36岁的女性患者最近出现不规则阴道出血，月经量增多，阴道排液增多并有恶臭，针对这种情况，应该进行什么检查来明确诊断？,慢性胃炎->检查疾病->胃镜检查,0.08,诊断检查
一名45岁妇女因性交后出血就诊，检查发现宫颈中度糜烂，子宫大小和活动情况正常，宫旁无异常，宫颈刮片巴氏Ⅲ级。术后证实有淋巴结转移，应采取哪种治疗措施？,宫颈刮片Ⅲ级->推荐食谱->补铁饮食,0.13,推荐食谱
患者出现皮肤黄染、小便色黄、大便秘结等症状，结合舌苔黄腻，脉滑数的情况，宜使用哪种药物与茵陈配伍以改善便秘症状？,湿热->治疗方法->茵陈与黄连配伍,0.79,治疗方法
针对一位颈部疼痛、四肢无力2年，并在检查时发现第二肋间感觉明显减弱的患者，哪种检查对于确诊最有意义？,四肢无力->推荐食谱->骨头汤,0.32,推荐食谱
对于一名表现为腹痛便秘，脐下绞结，绕脐不止，手足不温，舌苔白不渴，脉沉弦而迟的患者，应该采用什么方剂进行治疗？,温脾汤->常用药品->附子,0.52,常用药品
根据以下患者病情描述，请指出应用什么中药方剂加减治疗：女性患者，45岁，出现全身水肿，皮肤紧绷光亮，伴有胸脘痞闷、烦热口渴、小便短赤、大便不爽，舌红苔黄腻，脉濡数。,湿热内蕴->治疗方法->疏凿饮子,0.21,治疗方法
一位68岁的男性患者，表现出胸痛、呼吸困难、并伴有超过一个月的咳嗽症状。结合影像学检查，该患者最可能的诊断是什么？,间皮瘤->诊断检查->胸部CT,0.27,诊断检查
一名45岁女性患者左乳头溢血性液体，并在乳晕区可以触及直径约绿豆大小的结节。针对这种乳房的临床表现，为了明确诊断，应该首先进行哪种检查？,乳腺结节->诊断检查->乳腺超声,0.51,诊断检查
一名28岁女性因车祸受伤来院，检查发现右下肢短缩，髋关节屈曲、内收、内旋畸形，X线显示髋关节后脱位但无骨折，应该采用何种治疗方法来处理这些损伤？,髋关节脱位->治疗方法->手术治疗,0.37,治疗方法
一位58岁男性患者因过劳而反复出现腰痛，表现为静卧时痛减，阴雨天气加重，左侧腰疼剧烈，不能转侧，白天症状较轻晚上较重，痛处拒按，舌苔薄白腻，脉象弦，应选择什么中药方剂进行首选治疗？,腰痛治疗->方剂选择->补肾强腰汤,0.68,常用药品
针对一位38岁的女性患者，在假体隆乳术后出现右乳房疼痛、变硬，并伴有轻微触痛的情况下，结合其乳房外观不规则和质地变硬的体征，最可能的诊断是什么？,乳房肿块->疾病描述->乳腺良性肿瘤,0.59,疾病描述
妊娠晚期患者出现头晕头重、胸闷泛恶、全身抽搐等症状，其病因的根本是什么？,妊娠晚期->症状->贫血,0.65,症状
一名28岁女性患者，2年前足月顺产一名女孩，并于1年前进行了皮下埋植术。现患者月经基本规律，但最近1个月出现淋漓出血。根据情况，哪项检查是不需要进行的？,避孕埋植->常用药品->孕激素,0.23,常用药品
一个30岁男性患者右面部疼痛，CT显示右桥小脑角区有类椭圆形囊样病变，沿脑池生长，CT值为-10 HU，无强化，且局部脑组织及脑干轻度受压。根据这些影像学特征，该患者最可能的诊断是什么？,桥小脑角囊肿->检查疾病->CT脑部扫描,0.88,诊断检查
某男患者24岁，发热五至六日后热略减退，随后出现一系列症状，包括肢体无力、心烦口渴、咽喉干燥等。如果患者身热全退且食欲减退，口燥咽干较甚，应该选用哪一种中药方剂进行治疗？,气阴两虚->常用药品->益胃汤,0.85,常用药品
25岁女性，停经2个月，尿妊娠试验阳性，近1周阴道少量出血，妇科检查显示子宫增大如7周妊娠大小，未见异常组织物排出且无压痛。根据这些症状，最可能的诊断是什么？,先兆流产->症状->孕期腹痛,0.38,症状
一位30岁的女性表现出咽痛干痒、异物感、干咳少痰、颧红、潮热、耳鸣和多梦等症状，舌红苔少，脉细数。根据以上症状特征，宜选用的基础方剂是什么？,肺结核->传染性->强,0.09,传染性
一名20岁的女性患者出现发热、咳嗽、咳脓痰以及痰中带豆腐渣样物1天。X线胸片显示心包底左前侧有一直径7cm、密度不均、内有钙化的肿块。最可能的诊断是什么？,胸腔内畸胎瘤->检查疾病->胸部X线,0.91,诊断检查
患者ALT升高、ALP显著升高、总胆红素升高，肝脏B超形态正常。最可能的诊断是什么？,肝炎->诊断检查->血清病毒学检测,0.33,诊断检查
一名63岁女性患者，脑卒中后左下肢肿胀一周，超声检查显示左下肢深静脉血栓，她目前感觉胸部不适和呼吸困难。如果其肺通气显像结果正常，应如何高度诊断可能的病症是肺栓塞？,肺栓塞->诊断检查->CT肺血管造影,0.87,诊断检查
一名13岁女性患者出现头晕、乏力、尿黄1个月，血常规检查显示血红蛋白为86g/L，血小板为10×10^9/L，且Coombs试验阳性。根据这些症状和检查结果，最可能的诊断是什么？,Evans综合征->症状->Coombs试验阳性,0.85,症状
"许某, 男性, 79岁, 中风后言语不利, 善忘, 表情迟钝, 面色黎黑, 唇甲紫暗, 舌质, 脉涩。针对他的症状，应该选择哪种治疗方法？",中风后遗症->常用药品->血府逐瘀汤,0.83,常用药品
一名中年女性在剧烈咳嗽后右大腿卵圆窝部位出现肿块增大、变硬并伴随剧烈疼痛，1天后采用手法还纳后，她出现持续性腹痛，并伴有明显腹肌紧张、压痛和反跳痛的症状。基于这些临床表现，最可能的诊断是什么？,股疝->传染性->否,0.01,传染性
24岁女性患者，临床初诊为右肾结核、左肾积水，决定治疗方案时，哪项检查必不可少？,肾脏超声检查->检查疾病->肾积水诊断,0.19,诊断检查
一位55岁男性患者，间歇性发作咽下困难5个月，可因情绪激动诱发。食管造影未见异常。根据这些症状，应首先考虑什么诊断？,反流性食管炎->治疗方法->口服药物,0.47,治疗方法
一位25岁女性，有性生活史，停经近3个月，出现阴道少量流血，并且子宫如妊娠4个月大，软，双附件区各有5cmX5cmX3cm囊性肿物。这种情况下，应该如何诊断？,葡萄胎->症状->黄素囊肿,0.85,症状
根据某患者溃疡病并发幽门梗阻且反复呕吐入院后的血气分析结果：pH值为7.49，PaCO2为6.4kPa(48mmHg)，HCO3为36mmol/L，该患者的酸碱平衡紊乱类型是什么？,溃疡病->诊断检查->血气分析,0.94,诊断检查
一名28岁男性患贫血5年，血红蛋白60g/L，血小板25×10^9/L，白细胞2.8×10^9/L，网织细胞0.3%，骨髓增生活跃，其中浆细胞5%，淋巴细胞50%，组织嗜碱细胞3%，巨核细胞少见，Ham's试验阴性。请问对该患者来说，哪种治疗方法为最佳选择？,再生障碍性贫血->治疗方法->免疫抑制疗法,0.86,治疗方法
一名30岁的女性患者，出现尿频、尿急、尿痛症状已有一年。超声波检查发现其右肾轻度肿大，实质结构紊乱，并存在多个大小不等的不规则液性腔及钙化灶，且部分液性腔相互沟通并与扩张的肾盂相连，液性腔及肾盂的壁不规则，右输尿管全程扩张，膀胱壁表现为弥漫性增厚和僵硬，以及容积明显缩小。请综合描述最可能的诊断是什么？,肾结核->症状->膀胱增厚,0.75,症状
"对于28岁的女性患者, G1P0，患有原发痛经，子宫如孕6周大小，左卵巢有6cm大小的子宫内膜异位囊肿并伴有粘连，最佳的治疗方案是什么？",腹腔镜手术->治疗方法->处理卵巢粘连,0.85,治疗方法
一个一岁半的女孩因发热和咳嗽已经治疗几天但症状未见好转，全身检查和实验室检查显示感染症状及呼吸道改变，结合其大便每日4～5次且稀薄无脓血的情况，应该进行哪个首要的实验室检查来确定诊断方向？,呼吸道感染->症状->发热,0.25,症状
72岁男性，突发心前区疼痛，含硝酸甘油不缓解，心电图ST段抬高并伴有Q波，最可能的诊断？,急性心肌梗死->症状->呼吸困难,0.79,症状
6岁患儿，高热3天，头痛，呕吐，皮肤有淤点、淤斑，项强直(+)，血白细胞21×10/L，中性粒细胞82%，脑脊液外观浑浊，脑脊液直接涂片细菌阳性。请问此病的传染源是什么？,脑膜炎->并发症->脑水肿,0.65,并发症
根据一位55岁女性患者的症状表现为腹痛、大便秘结和腹泻交替，并在直肠指检阴性情况下，如果确诊为早期大肠癌，最优先选择哪种治疗方法？,早期大肠癌->治疗方法->药物治疗,0.35,治疗方法
对于一名患有风湿痹痛多年的61岁女性患者，出现腰膝酸痛、筋骨痿软无力、脉弦细等症状，应选择哪种药物进行治疗？请说明原因。,风湿痹痛->可以治疗疾病->腰膝酸痛,0.88,可以治疗疾病
48岁男性患者，自诉双髋关节疼痛4年，并在最近5个月加重导致跛行。4年前该患者因角膜炎长期服用激素。请根据这些信息判断该患者最可能的诊断是什么？,股骨头坏死->易患人群->长期使用激素者,0.57,易患人群
一名20岁男性，发热1周，伴牙龈出血，实验室检查结果显示WBC高于正常水平，Hb和PLT低于正常水平，同时纤维蛋白原降低。为了确定出血的原因，可以进行哪种具体的检验？,凝血功能检测->检查项目->凝血酶时间（TT）,0.77,诊断检查
一个6岁的孩子，经常盗汗，偶尔自汗，身体消瘦，精神不振，心烦少寐，有时会有低热，口干，手足心热，舌质淡且苔少，脉象细弱。针对这些症状，治疗首选的方剂是什么？,生脉散->治疗方法->补气养阴,0.28,治疗方法
针对一名30岁男性患者，出现恶寒发热、肌表无汗、头痛项强、肢体酸楚疼痛、口苦而渴、苔白、脉浮等症状，应优先选择哪种中药治疗？,小柴胡汤->治疗方法->清热解毒,0.73,治疗方法
对于一位25岁已婚妇女，尚未生育，停经2.5个月伴少量阴道出血3天，医生检查发现她的子宫大小明显超出停经月份，请问针对这种病人的下一步治疗方法是什么？,葡萄胎->治疗方法->免疫治疗,0.21,治疗方法
一位69岁男性患者，吸烟20年，最近出现刺激性咳嗽和痰中带血丝，胸部X线片显示右肺上叶结节影。请问针对这种情况，应首选哪种检查方式来确定诊断？,肺结节->诊断检查->CT检查,0.75,诊断检查
一名女性患者出现口干、尿少、厌食、恶心、软弱无力等症状，伴随有血红蛋白16 g/L，血钠132 mmol/L，CO2CP为27 mmol/L。结合这些临床表现和血液检验结果，你认为该患者可能出现了什么类型的脱水？,低渗性脱水->治疗方法->纠正电解质平衡,0.68,治疗方法
"男性, 42岁, 有5年肝硬化病史, 在3天前经历了500ml的呕血情况, 今天出现淡漠少言, 脑电图结果正常。根据这些临床表现, 他的最可能诊断是什么？",肝性脑病->诊断检查->脑电图,0.62,诊断检查
描述成人患者在手足背出现边界清楚的红斑，并伴有群集小疱和鳞屑痂，还有前臂及小腿的播散病损，这种症状最可能的诊断是什么？,手足背红斑->症状->边界清楚的红斑,0.84,症状
一名足月顺产女婴生后8天，母乳喂养，出现食欲减退、烦躁和呕吐等症状，体检发现皮肤黄染，呼吸增快，心率加快，同时总胆红素水平升至255μmol/L。结合这些临床表现和检查结果，最可能的诊断是什么？,新生儿败血症->症状->总胆红素水平升高,0.93,症状
一名中年男性出现腰痛、尿频、尿急，CT检查显示右肾上极有一个直径约5厘米的略低密度占位，边缘模糊并呈现环形强化，邻近肾周围有积液。这种情况下，应首先诊断为什么？,膀胱炎->症状->尿急,0.13,症状
一名48岁的女性出现多饮、多尿和体重下降3个月。其身高158厘米，体重51公斤，尿糖（++++），尿酮（-），空腹血糖19.5mmol/L，HbA1c为9.5%。在这种情况下，应如何制定她的治疗计划？,2型糖尿病->并发症->糖尿病视网膜病变,0.75,并发症
一位30岁的女性患者表现出头晕、头痛、全身不适、低热、易疲劳、食欲减退和体重下降等症状，并且体检发现双侧上肢血压压差增大，右侧脉搏触不到，及实验室检查显示血沉增快和C反应蛋白升高。对于该患者的诊断，哪种抗体的检测结果是特别有帮助的？,Takayasu动脉炎->诊断检查->血管造影,0.66,诊断检查
某患者诊断为初发劳力性心绞痛，已经服用硝酸异山梨酯和地尔硫卓治疗，但仍出现频繁的自发性心绞痛发作。在这种情况下，为了预防心绞痛的进一步发作以及潜在的心肌梗死风险，应该加用哪种药物来帮助改善患者的病情？,冠心病->治疗方法->他汀类药物,0.88,治疗方法
一名男性新生儿经产道分娩3天后，出现双眼睑红肿、畏光、结膜高度充血，以及大量黏脓性分泌物等症状，请指出最可能的疾病诊断。,淋球菌性结膜炎->治疗时长->7天,0.78,治疗时长
针对一名30岁男性患者，出现恶寒发热、肌表无汗、头痛项强、肢体酸楚疼痛、口苦而渴、苔白、脉浮等症状，应优先选择哪种中药治疗？,小柴胡汤->可以治疗疾病->和解少阳,0.85,可以治疗疾病
根据以下病例描述：一名41岁女性，以长期忧郁为诱因，出现表情淡漠、神识呆钝、喃喃独语、喜怒无常、言语有头无尾、污秽不避、终日不思饮食、舌苔腻、脉象弦滑等症状，试问该病例在中医上的诊断应该是什么？,癫证->治疗科室->中医科,0.09,治疗科室
根据一名45岁女性患者的症状：咳嗽十余天，近三天喘促不宁，痰涎壅盛，潮热，便秘，舌苔黄腻，脉右寸实大，应使用哪种中医方剂进行治疗？,宣白承气汤->可以治疗疾病->润肺止咳,0.67,可以治疗疾病
对于一名70岁的男性患者，在健康体检中发现胆囊内有直径约0.8cm的结石，随体位活动移动，口服胆囊造影显示充盈缺损不明显，且患者既往无胃病史、胆囊炎发作史、心脏病或糖尿病史，目前最佳的治疗建议是什么？,胆囊结石 -> 治疗方法 -> 手术切除,0.85,治疗方法
对于一名出现头晕、气短、畏风自汗、大便质烂、脱肛症状的60岁女性患者，应该选用哪种中成药进行治疗？,气虚->常用药品->四君子汤,0.75,常用药品
对于一名患有急性肾炎且表现有高血压、水肿、尿量减少、呼吸困难、心音低钝、肝肋下2cm增大以及X线示肺纹理增强的10岁儿童，这些体征和症状最可能提示哪个病理状态？,急性肾炎->并发症->肺淤血,0.65,并发症
针对一名30岁女性在体检时血压测量为150/100 mmHg的情况，请描述为了确诊是否有高血压，进一步应该进行的血压检查方式。,高血压->诊断检查->多次血压测量,0.89,诊断检查
女性患者腰麻术后4小时出现烦躁不安，下腹部膨隆且叩诊浊音，生命体征正常。最可能考虑？,术后并发症->治疗方法->导尿,0.61,治疗方法
疟疾患者使用二盐酸奎宁静滴抢救时出现寒战、高热、血红蛋白尿，应换用何药？,寒战->症状->副作用,0.11,症状
48岁的女性患者反复出现尿路感染，尿常规检查显示脓球(++)，卒腹血糖为7.5mmol/L。为了查清导致尿路感染的潜在原因，应进一步考虑进行哪项检查？,尿路感染->诊断检查->尿常规检查,0.88,诊断检查
一名70岁男性患者，1年前因壶腹癌行Whipple手术，手术恢复良好。近2个月反复发热，伴寒战，最高体温达39.5℃，WBC升至15×10^9/L，血清ALT升高至121U/L，TBil为589μmol/L。CT影像显示肝内有多处直径1～2cm的低密度灶，并且边缘强化明显。根据这些临床表现和影像学特点，最可能的诊断是什么？,肝脓肿->诊断检查->腹部CT,0.29,诊断检查
一位68岁的男性患者，表现出胸痛、呼吸困难、并伴有超过一个月的咳嗽症状。结合影像学检查，该患者最可能的诊断是什么？,间皮瘤->症状->胸痛,0.95,症状
针对一名60岁的男性患者，他在过去2周有多饮多尿的症状，并在过去2天内感到嗜睡，出现脱水表现。化验显示血尿素氮为42.9mmol/L，血钠为150mmol/L，尿酮体阴性，诊断为高渗性非酮症糖尿病昏迷。请问对此患者宜采用什么治疗措施？,高渗性非酮症糖尿病昏迷->治疗方法->低剂量胰岛素治疗,0.89,治疗方法
"在男性患者23岁入院时表现为“头痛、呕吐2天,抽搐、昏迷4小时”，脑脊液显示化脓性改变的情况下，应选择哪种抗生素作为经验性治疗？",脑脊液->诊断检查->化脓性改变,0.78,诊断检查
一名21岁的男性，近1周来突然感到乏力、厌食，并且右上腹隐痛。体检显示肝大肋下2cm，质中且有压痛。在怀疑为急性病毒性肝炎的情况下，应立即进行何种检查来确诊？,肝大->检查疾病->肝功能检查,0.74,诊断检查
对于自诉感冒后出现眼部不适的女性患者，她在这段期间使用了哪些治疗方法？,感冒后眼部不适->症状->使用人工泪液,0.25,症状
一位32岁的女性患者，表现为漫肿无头、皮色不变、酸痛无热、口中不渴，舌淡苔白，脉沉细。根据以上症状，应首选使用哪种中药？,桂枝->可以治疗疾病->寒湿阻滞,0.88,可以治疗疾病
一名60岁男性患者阴茎头部出现菜花样肿物，继而糜烂，边缘硬而不整齐，有分泌物、出血及恶臭。根据这些症状，该患者应诊断为何种疾病？,阴茎肿物->症状->泌尿系统感染,0.13,症状
一位69岁男性患者，吸烟20年，最近出现刺激性咳嗽和痰中带血丝，胸部X线片显示右肺上叶结节影。请问针对这种情况，应首选哪种检查方式来确定诊断？,肺结节->症状->咳嗽带血丝,0.62,症状
50岁男性患者在胃癌根治术后2小时出现腹腔引流出不凝血800ml，血压为86/60mmHg，中心静脉压从8cmH₂O降至4cmH₂O。请问在这种情况下最恰当的处理措施是什么？,失血性休克->治疗方法->输血,0.88,治疗方法
当患者出现腹大胀满、青筋暴露、面色晦滞、口燥、心烦、失眠、鼻齿衄血、小便短少、舌质红绛少津、脉弦细数等症状时，这通常属于哪种中医证型？,肝肾阴虚之鼓胀->诊断检查->舌红绛少津,0.67,诊断检查
一名42岁女性患者，经历了3年的劳力性胸闷和气促，发作时硝酸甘油无效。查体时在胸骨左缘第3肋间听到收缩期杂音。为确诊，首选应进行哪项检查？,心脏病->检查疾病->超声心动图,0.28,诊断检查
50岁男性患者在胃癌根治术后2小时出现腹腔引流出不凝血800ml，血压为86/60mmHg，中心静脉压从8cmH₂O降至4cmH₂O。请问在这种情况下最恰当的处理措施是什么？,失血性休克->治疗方法->手术探查止血,0.75,治疗方法
针对2岁患儿，今晨呕吐无异味且形体消瘦、面色苍白、指纹淡的症状，应首选哪种中药进行治疗？,脾胃虚弱->常用药品->丁萸理中汤,0.88,常用药品
对于一名5岁患儿，虽然没有任何临床症状和体征，且房室腔未见扩大，但在超声检查中通过胸骨旁左心长轴切面在房室沟处发现一圆形无回声区，大小为15mm×18mm，并且其开口于右房，请问最可能的诊断是什么？,无回声区->可能患有疾病->冠状窦扩张,0.89,可能患有疾病
42岁男性患者出现发热、咳嗽、咳痰并活动时气促，面部及手部出现红斑且红斑扩展至胸部、腰和膝关节。确诊的主要方法是什么？,皮肌炎->诊断检查->肌肉活检,0.97,诊断检查
一名37岁的男性患者出现腹泻和呕吐，在体检时有口唇干燥、眼窝下陷及低血压的症状。请问，在这种情况下，哪一种确诊方法是最重要的？,脱水->诊断检查->血液生化检查,0.68,诊断检查
根据患者头部、肩背部多汗、动则尤甚，神疲乏力，面色少华，易患感冒，舌质淡，苔薄白，脉细弱的症状，应如何判断其证候？,卫气不足->治疗方法->补充肺气,0.49,治疗方法
根据一个20岁男性患者出现头痛、头昏2个月，左侧肢体乏力伴恶心、呕吐近1周，以及左耳听力下降和步态不稳的症状分析，这些症状结合影像学检查，最可能诊断出什么疾病？,脑肿瘤->治疗方法->放疗,0.52,治疗方法
根据患者的症状和体征，包括腹痛、呕吐、发热16小时、体温38.9℃、血压90/60 mmHg、腹部稍隆起、腹肌紧张、压痛和反跳痛、肠鸣音减弱，尤其下腹部为甚，诊断应是什么？,急性腹膜炎->疾病描述->阑尾炎,0.85,疾病描述
根据患者夜间受凉后的症状表现，如腹痛、下痢赤白、恶寒发热、舌苔薄腻等，最佳治疗方剂是什么？,不换金正气散->可以治疗疾病->寒湿泄泻,0.78,可以治疗疾病
一名45岁男性，诊断为风湿性心脏病导致的二尖瓣病变5年，房颤持续半年。为了纠正房颤，该患者在出院后应持续维持治疗多长时间？,房颤->治疗科室->心血管内科,0.12,治疗科室
根据患者的症状和化验结果，该患者出现咽痛、鼻塞、低热、下颌淋巴结肿大，血白细胞计数偏低，请描述可能出现的与此病情相关的并发症。,传染性单核细胞增多症->并发症->疲劳综合症,0.62,并发症
一位62岁的女性患者有长期便秘史，在一次排便后出现头痛和右侧肢体麻木无力，病情逐渐进展。2天后头颅CT显示左侧壳核区高密度病灶。查体时会发现什么特定的体征？,右侧麻木->可能患有疾病->周围神经病变,0.17,可能患有疾病
一名15岁男性患者表现出少尿、水肿、咳嗽、气短，并且在发病前有喉痛史，体检发现高血压，尿液检查显示尿蛋白和红细胞显著增多，血液检查发现补体C3降低，如何诊断这种病情？,急性链球菌感染后肾小球肾炎->症状->水肿高血压,0.85,症状
一位30岁女性患者有自幼发现的心脏杂音，1天前剧烈运动时突然出现心前区疼痛、心悸气短及下肢水肿，查体显示胸骨左缘可闻广泛连续性杂音，P亢进。针对这种情况，应该采取什么治疗措施？,动脉导管未闭->症状->气短,0.49,症状
一名37岁的男性患者昨晚摄入大量油腻食物后半夜突发腹痛、腹泻及里急后重的症状，此时最适宜使用哪种中药治疗？,油腻饮食->症状->食积腹泻,0.24,症状
45岁女性，乳腺癌肿瘤2cm，侵犯皮肤并破溃，ER/PR阴性，Her-2阳性，病理2级，无淋巴结转移，无远处转移，TNM分期是什么？,肿瘤大小->症状->皮肤破溃,0.65,症状
42天停经女性少量阴道出血，腰痛腹痛，乏力，面色苍白，舌淡苔白，脉细滑，尿妊娠试验阳性。首选中药方剂？,妊娠不稳->治疗方法->补气养血固胎,0.21,治疗方法
根据10岁女孩的症状：胸背部疼痛3天伴随两下肢进行性无力和尿潴留，上肢肌力正常但下肢肌力为0、肌张力低、腱反射消失，病理反射未引出，第5胸椎水平以下深浅感觉消失，膀胱充盈脐下3厘米，临床上如何诊断该病情？,急性横贯性脊髓炎->症状->脊髓压迫,0.58,症状
一名78岁男性患者出现进行性吞咽困难5个月，完全不能进食3周。钡剂造影显示食管中段有阻塞，不能通过钡剂。针对这种情况，应该采用哪种治疗方案？,食管癌->诊断检查->内镜活检,0.29,诊断检查
如果一名65岁的男性患者有上腹部无规律性隐痛两个月，因饮酒后呕吐咖啡色物质和排柏油便而就诊，体检发现血压90/60mmHg，脉搏100/min，血红蛋白90g/L，上腹部轻度压痛，肝脾未触及，在这种情况下，哪种止血措施最有效？请详细说明原因。,出血->常用药品->质子泵抑制剂,0.68,常用药品
一名30岁男性工人，1个月前在工作中突然感到胸痛和心慌，随后出现气促症状逐渐加重。体检发现胸骨左缘第3〜4肋间有三级连续性粗糙杂音。结合这些症状和体征，最可能的疾病诊断是什么？,主动脉窦瘤破裂->症状->胸痛,0.86,症状
患者陈×出现吞咽困难、口干咽燥等症状，使用五汁安中饮治疗效果不佳，若要增加疗效，应该加用哪种药物来滋补患者的胃肾？,胃肾阴虚->治疗方法->滋阴补肾,0.72,治疗方法
一位长期有胃病的患者，最近因为饮食不规律出现了频繁嗳气，伴随酸腐食物味的嗝逆，肠鸣音亢进，大便稀烂且夹杂食物残渣，心下痞满，舌苔微黄。请问此患者应采用哪种中医方剂进行治疗？,胃病->症状->频繁嗳气、酸腐嗝逆,0.78,症状
58岁男性，咳嗽带血，骨蒸盗汗，腰酸，舌红少苔，脉细数。应选用中药方剂？,肺肾阴虚->诊断依据->骨蒸盗汗,0.63,诊断检查
25岁孕妇，怀孕26周，诉平卧时间长会出现恶心、胸闷、头昏，血压测量结果为95/55mmHg，心尖区听到Ⅰ～Ⅱ级吹风样收缩期杂音，胎心胎动良好，无宫缩。在这种情况下，最可能的诊断是什么？请说明理由。,仰卧位低血压综合征->症状->恶心、胸闷、头昏,0.87,症状
28岁女性，产后8个月出现月经周期延长，基础体温呈双相但高温相下降迟缓的情况下，诊断应为哪种女性生殖系统异常？,产后->症状->月经不规律,0.19,症状
对于出现持续发热和口腔溃疡的1岁女患儿，检查发现口腔黏膜充血水肿以及形成透明水泡和溃疡，哪种治疗措施不宜用于此病？,疱疹性口腔炎->诊断检查->咽拭子病毒检测,0.71,诊断检查
一位43岁的男性患者，出现全身高度浮肿、气喘、心悸、腹水和小便不利，脉象沉而有力。请问在治疗中应选择哪种中药方剂？,全身浮肿->可能患有疾病->水饮内停,0.26,可能患有疾病
在患者体检时发现脾肋下4指可触及，白细胞计数为3.0×10^9/L，中性粒细胞占30％，淋巴细胞占60％，单核细胞占10％的情况下，这种临床表现应该诊断为什么疾病？,脾肿大->症状->传染性单核细胞增多症,0.88,症状
对于一位80岁女性患者，长期患有喘息症状，伴随气短、心慌、耳鸣、腰膝酸软等表现，尤其在体力活动和劳累后症状加重，治疗上应选用哪种方剂来首选应对该患者的情况？,肾阳虚->治疗方法->生脉地黄汤,0.28,治疗方法
一位28岁男性患者从高处坠落导致左下肢肿痛3天，伴随以下症状：左足皮温低、感觉减退、足背动脉搏动未触及、足趾冰凉、甲床青紫色；X线片显示左胫腓骨中断粉碎性骨折。请问应采取什么处理方案？,骨折固定->治疗方法->外固定,0.62,治疗方法
一位24岁的孕妇，妊娠31周，表现为高血压、尿蛋白和浮肿等症状，血HCT为43%且全血黏度比值为3.8，针对这种情况，最佳的处理方法是什么？,先兆子痫->常用药品->硫酸镁,0.12,常用药品
根据一位46岁女性患者的症状：心悸、喘息不能平卧、颜面四肢水肿、腹胀、大便溏泻、小便短少，以及其舌象和脉象特征，结合诊断为“风心病，二窄并二漏”，在已知使用氧气和西药治疗的基础上，中医治疗应首选哪个方剂？,大便溏泻 -> 症状 -> 脾虚泄泻,0.48,症状
对于一名50岁女性患者，她有乏力和活动后气急的症状持续2年，并在最近一个月出现呼吸困难和下肢水肿。体检显示血压为120/70mmHg，心界向两侧扩大，心尖搏动及第一心音减弱。在这个情况下，应当选择哪种药物进行治疗？,心力衰竭->症状->下肢水肿,0.25,症状
一位38岁男性患者在高温环境工作3天后出现头痛、嗜睡、面色潮红等症状，要明确诊断，进行哪项体格检查最有价值？,中暑->检查疾病->神经系统检查,0.88,诊断检查
一个12岁的男孩出现发热及关节疼痛症状，持续2至3周，皮肤有淤点，心肺检查无异常，脾脏在肋下2厘米，病程已有数月且多次血培养及淤点涂片都能检测到病原菌。这一系列症状最符合哪种类型的流行性脑脊髓膜炎？,急性脑膜炎->症状->发热,0.55,症状
根据以下症状描述：王某，女57岁，咳喘12年，近半年下肢浮肿，经常心悸，动则尤甚，近2天来心悸咳喘加重，咯痰清稀，面部下肢浮肿，尿少，夜间不能平卧，面唇青紫，苔白滑舌胖质暗，脉沉细无力，该病例最可能的中医诊断是什么？,肺胀->症状->心悸,0.88,症状
针对一位42岁的女性患者，半年多来反复出现尿频、尿急、尿痛症状，并伴有左侧腰部胀痛及偶发终末期血尿。在经过抗生素治疗无效的情况下，哪种尿液检查能够为确诊提供确定性意义？,泌尿系结核->易患人群->中年女性,0.11,易患人群
根据一位50岁女性患者的病情，她被诊断为直肠癌并打算进行根治术，同时有27年风湿性心脏病史，出现心力衰竭并诊断为二尖瓣狭窄和中度肺动脉高压。ECG检查提示房颤。在这种情况下，应该首先采取什么处理措施？,房颤->治疗方法->抗凝治疗,0.88,治疗方法
当患者出现小便点滴而下或尿如细线，甚至阻塞不通，小腹胀满疼痛，舌紫暗或有瘀点，脉涩等症状时，应选用哪个方剂进行治疗？,尿路阻塞->常用药品->代抵当丸,0.88,常用药品
根据以下病情描述和实验室检查结果：38岁女性患者反复手指关节疼痛，并伴有面色苍白和乏力症状，实验室数据显示HGB为50g/L，白细胞和血小板均正常，血清铁为5.78μmol/L，铁蛋白为150μg/L，请问最可能的诊断是什么？,慢性病贫血->诊断检查->铁蛋白正常,0.25,诊断检查
一位60岁的男性患者在活动时出现胸骨后疼痛，听诊发现在胸骨右缘第2肋间有4/6级收缩期喷射样杂音。结合这些症状和体征，他最可能的心脏疾病诊断是什么？,主动脉瓣狭窄->症状->胸骨后疼痛,0.92,症状
一位32岁的女性左乳头溢液呈酱红色，并发现左乳晕旁有肿块。请问在这种情况下，目前最有诊断价值的检查方法是什么？,乳腺癌->诊断检查->乳腺导管镜检查,0.78,诊断检查
一名30岁的女性患者，出现尿频、尿急、尿痛症状已有一年。超声波检查发现其右肾轻度肿大，实质结构紊乱，并存在多个大小不等的不规则液性腔及钙化灶，且部分液性腔相互沟通并与扩张的肾盂相连，液性腔及肾盂的壁不规则，右输尿管全程扩张，膀胱壁表现为弥漫性增厚和僵硬，以及容积明显缩小。请综合描述最可能的诊断是什么？,肾结核->并发症->肾衰竭,0.51,并发症
根据患者的症状和体征，包括劳累性呼吸困难、不能平卧、呼吸困难加重、咳嗽、体力受限等表现，以及体检发现，如何评估该患者的心功能分级？,心功能分级->诊断检查->NYHA IV级,0.27,诊断检查
一位45岁的女性患者经过抗甲状腺药物治疗后复发，现计划行甲状腺双侧次全切除术后，最危急的并发症是什么？,甲状腺手术->并发症->喉返神经损伤,0.75,并发症
一名患者出现胸骨左缘第三肋间3/6级收缩期喷射性杂音，X线显示肺血减少、肺动脉段突出、右室增大。根据这些临床表现，最可能的诊断是什么？,肺动脉段突出->症状->肺动脉瓣狭窄,0.09,症状
哪种药物属于高效利尿剂且耳毒性低，适用于有听力缺陷及急性肾衰竭患者？,布美他尼->可以治疗疾病->急性肾衰竭,0.89,可以治疗疾病
一名30岁男性患者，刷牙时牙龈易出血2年多，检查发现口腔卫生不良，牙石为双阳性，龈缘红肿且探诊易出血，但没有发现附着丧失，血常规正常。基于这些信息，这名患者的诊断是什么？,牙龈炎->治疗方法->专业牙齿清洁,0.45,治疗方法
一名25岁女性患者持续性无尿1周，并有严重外伤史。从症状及病史分析，结合相关图像，最可能的诊断是什么？,创伤性横纹肌溶解症->治疗方法->补充液体和维持肾功能,0.67,治疗方法
28岁女性在停经70天进行人工流产术中，突然出现烦躁不安、寒战、咳嗽、呼吸困难等症状，应该首先应用哪种药物来处理这种情况？,羊水栓塞->症状->呼吸困难,0.47,症状
对于31岁初产妇产后10天仍有血性恶露伴随色淡质稀、无臭味，精神倦怠，小腹空坠，面色白光白，舌淡，苔白，脉缓弱的症状，应首选什么方剂进行治疗？,气虚->症状->精神倦怠,0.78,症状
一名6个月大的男婴患有化脓性脑膜炎，经过抗生素治疗后情况好转，但体温下降后原方案继续进行，两天后体温再次升高至39°C，并伴有频繁呕吐和前囟饱满的症状。请问在这种情况下，应首先考虑哪种病情变化？,硬脑膜下积液->诊断检查->头颅超声,0.71,诊断检查
根据病例描述，某男性患者，54岁，有心悸不安、胸闷不舒、心痛时作、唇甲青紫、舌紫暗及脉涩的症状，应选用何种中药来治疗？,血瘀->症状->胸闷心痛,0.78,症状
一名38岁的女性患者因反复肾结石入院，血钙水平为10mg/dl。口服钙负荷后，患者血钙未升高，但24小时尿钙排出量为350mg，空腹尿cAMP升高，口服钙负荷后尿cAMP降至正常。根据这些临床表现，最可能的诊断是什么？,特发性高钙尿症->患病概率->较高,0.75,患病概率
针对一位患有类风湿关节炎的23岁女性，她在左上眼睑和右眼巩膜上分别出现褐色斑点和蓝色斑块。结合她的病情历史和症状，最合适的诊断是什么？,类风湿关节炎->并发症->血管炎,0.33,并发症
某位在蓄电池厂工作的男工，工龄8年，出现头昏、头痛、乏力等症状，尿中6-ALA检测结果为28.6μmol/L。针对该病人的治疗，哪种药物是首选？,铅中毒->并发症->肾功能衰竭,0.31,并发症
一名5岁男孩患有驼背、疼痛5个月，并伴有消瘦、贫血和无神经症状，检查发现双肺浸润性结核和6~8胸椎结核伴椎旁脓肿，血沉为112 mm/h。在进行支持疗法及全身抗结核治疗的同时，应该首先采取什么方法来护理该患儿以帮助缓解症状并促进康复？,结核->易患人群->儿童,0.79,易患人群
一位18岁男性患者的X线胸片检查发现左侧胸腔第6胸椎旁有一直径约6cm的圆形肿块影，从这个位置和影像特征来看，这个肿块最可能的诊断是什么？,胸腔肿块->症状->后纵隔肿块,0.46,症状
患者出现四肢厥逆、恶寒蜷卧、神疲欲寐、面色苍白、腹痛下利、呕吐不渴等症状，舌苔白滑，脉微细，根据上述症状，最适合的治疗方剂是什么？,湿热下注->常用药品->龙胆泻肝汤,0.09,常用药品
20岁女性，发现下腹部肿块2年，突然出现剧烈疼痛伴恶心呕吐，体检发现10cm×10cm×8cm肿块。最首选的辅助检查方法是什么？,下腹部肿块->诊断检查->MRI检查,0.69,诊断检查
一名20岁的女性患者跌倒时右上唇的疖肿受到碰击，2小时后突然出现寒战﹑高热，面部高度肿胀，尤其是两眼附近的软组织肿胀最为明显。这种症状表现应该考虑是哪种疾病？,蜂窝织炎->症状->面部肿胀,0.67,症状
根据一名45岁女性患者的病情描述，她的下唇出现了暗红色斑块，中央稍凹陷，边缘稍隆起，损害黏膜侧有白色放射状条纹，皮肤侧有黑色围线，且组织病理表现为角质栓形成和固有层血管周围密集细胞浸润，结合她的长期日晒史，这种病损最可能诊断为什么？,日光性角化病->症状->白色放射状条纹,0.67,症状
一位30岁的患者，其11号牙齿冠折1/4，5年来没有叩痛和松动，牙齿色泽也没有改变，X线片显示11号牙齿的根尖没有阴影。根据这些情况，最适合的治疗方案是什么？,牙冠折->治疗方法->拔除牙齿,0.51,治疗方法
患者盛氏表现出全身浮肿，尤以身体下半身为重，伴有腹胀、喘满、二便不利，脉象为沉实有力。请问应选用哪种中药方剂进行治疗？,水肿->治疗方法->利水消肿,0.68,治疗方法
患者表现恶寒发热，无汗，鼻流清涕，咳嗽痰多，气短懒言，倦怠乏力，苔白脉弱。首选治疗方剂？,风寒感冒->可以治疗疾病->解表散寒,0.69,可以治疗疾病
一名55岁男性患者，患有冠心病，经常出现胸闷、胸痛症状，最近因发热皮肤出现颜色较暗的疹点。针对这种情况，应选择哪种药物进行治疗？,感染性心内膜炎->治疗科室->心内科,0.16,治疗科室
根据一名57岁男性患者表现出上腹隐痛、食欲缺乏、体重减轻4个月以及排黑便3次的症状，并且体检未发现腹部阳性体征，应该首先考虑的诊断是什么？,消化性溃疡->症状->黑便、上腹痛、体重减轻,0.65,症状
一名50岁女性患者，在触摸左颊黏膜时感觉到左颊和左下唇出现电击样剧痛，持续数秒钟，卡马西平治疗对其有效。请问该患者最可能的诊断是什么？,三叉神经痛->常用药品->卡马西平,0.27,常用药品
一名42岁的男性患者，突然出现阵发性腹痛，伴有腹胀和呕吐2天，体温38.5℃，脉搏93次/分，血压100/60mmHg。腹部饱胀并胀气，右下腹部有压痛，肠鸣音亢进。腹部X线平片检查显示小肠高度胀气、扩张，并有多个液气平面。请根据以上症状和检查结果，诊断该患者可能的疾病类型。,喉咙痛 -> 忌吃 -> 辛辣食物,0.17,忌吃
一位12岁的女孩出现低热和关节疼痛半个月，检查发现其左肘关节附近外侧肱骨骨骺端有硬质无压痛的小结节，该结节与皮肤不粘连且在皮肤绷紧时容易发现，这种皮下结节最有可能是什么？,风湿性结节->症状->风湿热,0.85,症状
根据2岁男孩的病情描述，包括发热、剧烈头痛、喷射性呕吐和脑膜刺激征阳性等症状，他被诊断为哪种类型的流行性脑膜炎？,脑膜炎奈瑟菌感染->推荐食谱->清淡易消化饮食,0.43,推荐食谱
一位27岁男性患者有2年发作性神志丧失和四肢抽搐的病史，今天凌晨发作后意识一直未恢复，来院后又出现了一次四肢抽搐。为控制发作后的维持治疗，应该首选哪种药物？,癫痫持续状态->并发症->脑水肿,0.17,并发症
一位27岁的已婚女性患者，产后恶露35天不止，颜色深红、质地稠粘并有臭味，伴随口燥咽干，舌红，脉虚细而数。根据这些症状，应该选择哪种中药方剂进行治疗？,阴虚内热->可能患有疾病->月经不调,0.17,可能患有疾病
对于某位70岁老年人中风后久卧在床的情况，如何正确处理已经形成的大水泡以防止感染？,水泡护理->症状->感染预防,0.15,症状
在总义齿患者的调牙合过程中，当下颌前伸至上下颌前牙切缘相对时，出现左右侧上下颌第二磨牙和第一磨牙与上颌第二双尖牙同时接触的现象，这种接触模式如何描述？,牙合接触->治疗方法->咬合调整,0.21,治疗方法
该病例中，4岁患儿曾患佝偻病，现在表现为鸡胸和严重的'X'型腿，请问应采取什么治疗原则？,佝偻病->治疗方法->手术治疗,0.27,治疗方法
患者有10年糖尿病史，现出现眼睑及下肢浮肿、乏力、尿蛋白(++)及尿糖(+++)的症状，这种情况下该患者的糖尿病类型通常是什么类型？,糖尿病->治疗方法->口服降糖药,0.15,治疗方法
根据患者的临床表现，辅助检查结果（特别是抗GBM抗体阳性、ANCA阴性、肾脏病理表现中的IgG和C3沿肾小球毛细血管壁呈光滑线条分布以及光镜下的新月体肾炎），明确该患者最可能的具体诊断是什么？,抗肾小球基膜病->诊断检查->抗GBM抗体阳性,0.28,诊断检查
患者骨蒸盗汗、心烦易怒、消渴多食、遗精尿赤、足膝热痛、舌红少苔、脉细数，应选哪种中药方剂？,阴虚火旺->常用药品->大补阴丸,0.84,常用药品
35岁女性慢性肾炎，GFR为50ml/min，血尿素氮为12mmol/L，血肌酐为256μmol/L，如何判断肾功能状况？,慢性肾病->诊断检查->肾脏超声检查,0.88,诊断检查
该患者入院后经过清创，考虑到烧伤部位为头面、颈、会阴、臀部及下肢深度烧伤，局部创面应采用哪种处理方法？,深度烧伤->治疗方法->口服抗生素,0.45,治疗方法
一名女性患者有20余年胃病病史，经常因饮食不慎而呕吐，时作时止，面色少华，倦怠乏力。最近因为饮食过多，出现呕吐酸腐，脘腹胀满，嗳气厌食的症状，此时治疗应该改用哪个方剂？,胃病->常用药品->香砂六君子汤,0.65,常用药品
根据一名52岁女性左小腿肿胀两年余，活动后稍加重，不痛不热的症状，以及所提供的图像，最可能的诊断是什么？,淋巴水肿->诊断检查->MRI,0.35,诊断检查
一位45岁的男性患者，出现腹大胀急、青筋张露、形体瘦削、面色晦滞、唇干口躁、潮热心烦、笔衄牙宣和尿少症状，舌质红降，苔薄少津，脉象弦细而数，针对这种表现应使用什么方剂进行治疗？,肝肾阴虚->症状->潮热心烦,0.65,症状
一名2岁男孩突然出现皮肤瘀斑瘀点，颜色鲜红，伴有齿衄、鼻衄、尿血等症状，面红目赤，心烦口渴，便秘尿少，舌红苔黄，脉数。在这些症状表现下，应选用哪种方剂进行治疗？,血热->治疗方法->活血止血,0.21,治疗方法
在患者体检时发现脾肋下4指可触及，白细胞计数为3.0×10^9/L，中性粒细胞占30％，淋巴细胞占60％，单核细胞占10％的情况下，这种临床表现应该诊断为什么疾病？,白细胞减少->食物有害于疾病->辛辣食物,0.18,食物有害于疾病
一名30岁男性患者，半年前上腹部受到钝性挫伤，两个月前出现上腹部肿物，伴有呕吐但无腹痛和发热。检查发现上腹部有巨大囊性肿物且无压痛，诊断为假性胰腺囊肿。请问此次病例的最佳治疗方法是什么？,上腹部钝性挫伤->可能患有疾病->胰腺损伤,0.71,可能患有疾病
请根据以下症状描述，指出最可能的诊断是什么：8岁患儿，持续4周水肿、少尿，体检显示血压反复在130～140／90～98 mmHg之间，眼睑水肿无法睁开，腹水征阳性，尿蛋白(+++)，尿红细胞每高倍视野12个，血白蛋白15g／L，血胆固醇6.5 mmol／L。,急性肾小球肾炎->治疗科室->肾内科,0.57,治疗科室
对于一名6岁已确诊为室间隔缺损的儿童，如果出现近1周持续发热、体温达到39℃、伴有咳嗽、呼吸困难和口唇发绀，且白细胞显著增高的症状，该儿童最可能发生什么并发症？,室间隔缺损->症状->口唇发绀,0.25,症状
根据发作性意识丧失和脑电图显示3Hz棘一慢波的症状，智力基本正常的6岁女童，应该选择哪种药物进行治疗？,失神癫痫->常用药品->乙琥胺,0.88,常用药品
根据患者的年龄、性格变化、对人冷漠、生活懒散等症状，这名18岁男性最可能被诊断出哪一种类型的精神疾病？,精神分裂症->症状->生活懒散,0.82,症状
一名50岁男性，10天前开始发冷、发热，体温39.5℃，伴有右侧胸痛、咳嗽、咳脓性臭痰，并有结核病密切接触史。为了进一步明确他的诊断，应该首先进行什么检查？,肺脓肿->诊断检查->胸部X线,0.96,诊断检查
女性患者腰麻术后4小时出现烦躁不安，下腹部膨隆且叩诊浊音，生命体征正常。最可能考虑？,尿潴留->症状->腹部膨隆,0.12,症状
一名患有急性昏迷的患者出现轻度黄疸、双侧肢体肌张力对称性增高、瞳孔等大，并且尿蛋白及糖定性均为阴性。结合这些症状，这名患者最可能的诊断是什么？,肌张力增高->可能患有疾病->肝性脑病,0.55,可能患有疾病
"根据一位76岁女性患者的情况，她有慢性咳嗽、咳痰病史超过20年，近期感冒后症状加重，并伴随显著气短，血气分析结果为pH 7.32, PaCO2 75 mmHg, PaO2 45 mmHg。在此情况下，医生认为应严格控制她吸氧时的氧浓度。请问，该患者吸氧时的氧浓度应控制在多少范围内？",气短->忌吃->冷饮,0.09,忌吃
一个胎龄39周的男婴因胎儿窘迫而剖宫产出生，出生后1小时出现呼吸急促、口吐白沫和口周青紫，查体显示呼吸音粗，两肺纹理粗且有少许斑片状影。基于上述症状和体征，该婴儿最可能的诊断是什么？,胎粪吸入综合征->传染性->否,0.13,传染性
一位50岁的女性，有30余年乙型肝炎病史，2小时前进食烧饼后突然出现呕血约800ml。查体结果显示全身皮肤、黏膜无黄染，无腹水。在这种情况下，若需要进行急诊手术，请问最佳的手术方式是什么？,食管静脉曲张->症状->门静脉高压,0.32,症状
对于一名35岁女性，右侧乳突区疼痛2天，口角左歪1天，诊断过程中，哪一项体征最能帮助确定病变部位？,面部检查->症状->口角歪斜,0.21,症状
一名4岁女孩，右侧颈部发现无热无痛的包块约两个月，CT检查结果显示如图所示。根据这些信息，包块最可能的诊断是什么？,无热无痛+颈部包块+缓慢生长->可能患有疾病->咽旁神经纤维瘤,0.87,可能患有疾病
根据一名48岁女性患者的症状，包括紧张不安、多虑、失眠、头晕、心痛、注意力不集中、阵发性心悸、胸闷和四肢无力，而头颅MRI未发现异常，请问该患者最可能被诊断为什么心理疾病？,癔症->症状->多言,0.08,症状
三天大的男婴，出生后表现为不吃、不哭、不动，少尿和体温不升，胎龄32周早产，查体发现体温为34℃，呼吸不规则，反应低下，皮肤黄染，呼吸音低，心音低钝，伴随腹胀、面颊和臀部以及双下肢皮肤硬肿、压之凹陷，手足冰凉。根据这些临床表现，最可能的诊断是什么？,新生儿硬肿症->疾病描述->新生儿休克,0.92,疾病描述
65岁男性患者，40多年咳嗽病史，近期病情加重，表现为神志恍惚、谵语、烦躁不安等，应该使用哪种中医治疗方法进行治疗？,痰湿内扰->并发症->神志不清,0.55,并发症
"一名27岁已婚妇女,在停经13周时出现不规则阴道出血,持续10余天,量不多且暗色。在妇科检查中,发现其子宫大小如新生儿头,张力较大,且两侧附件均可触及手拳大小、活动良好并光滑的肿物。最可能的诊断是什么?",葡萄胎->并发症->感染,0.19,并发症
根据患者三年前左膝关节轻微外伤史，以及目前的症状和影像学检查结果，最可能的诊断是什么？,半月板损伤->并发症->心脏病,0.25,并发症
一名20岁未婚女性患者，出现经行鼻衄已经3年，鼻血量较多，呈红色，伴随月经周期提前，经量偏少。患者在月经第2天出现鼻衄，情绪波动会影响出血量，舌质红，脉象细弦。根据这些症状，针对她的病情应选择哪种中药方剂进行治疗，并且加哪味药以达到最佳疗效？,顺经汤->常用药品->牛膝,0.69,常用药品
根据一名9岁男孩的症状，包括反复肢体抽搐、意识不清、记忆力减退，以及鼻翼旁颧部对称分布的浅粉色丘疹和智力低下，最先应进行哪种检查以帮助诊断？,结节性硬化症->诊断检查->MRI成像,0.77,诊断检查
对于一名30岁男性在车祸后30分钟出现发绀、烦躁不安、呼吸困难，并伴有左侧大块胸壁软化和两肺湿啰音的症状，首要的处理措施是什么？,呼吸困难->可能患有疾病->肺挫伤,0.76,可能患有疾病
27岁男性患者外感咳嗽，经解表宣肺治疗后仍咳嗽、咽痒，应选何方剂？,白萝卜汤->食谱有益于疾病->风寒咳嗽,0.49,食谱有益于疾病
一名55岁男性患者，出现右上腹痛2个月，伴有皮肤和巩膜黄染15天，并进行性加重，查体显示胆囊肿大，超声提示肝内胆管扩张且胆囊肿大，在胰腺平面以上肝外胆管扩张但胰头及胰管无明显异常的情况下，最可能观察到的影像学征象是什么？,胆囊肿大->诊断检查->超声检查,0.57,诊断检查
一名3岁男孩被诊断为营养性缺铁性贫血，伴有面色萎黄、唇甲淡白、发黄枯燥、容易脱落、心悸气短、头晕目眩、入睡困难、声音低微、精神萎靡、食欲不振、舌淡红、苔薄白、脉细弱、指纹淡红的症状。针对这些症状中医应首选哪种方剂进行调理？,脱发->传染性->是,0.11,传染性
患者庄某出现头痛恶寒、身重疼痛、面色淡黄、胸闷、舌苔白等症状，午后身热，但口不渴，此时应选择哪一种中药方剂进行治疗？,湿气阻滞->常用药品->藿香正气散,0.71,常用药品
根据女性患者28岁，经来先期，量少或多，色红质稠，手足心热，舌红少苔，脉细数等症状，应首选哪种方剂进行治疗？,阴虚血热->症状->脉细数,0.25,症状
一个2岁儿童出生后每天哭闹时出现嘴唇发绀，并伴有呼吸困难，最近母亲发现孩子手指末端也出现发绀，指甲末端拱形隆起和手指末节膨大，试分析导致手指变化的最可能原因是什么？,先天性心脏病->诊断检查->超声心动图,0.58,诊断检查
"男性25岁,鼻部疖肿一周前出现,3日前受挤压后症状加重,出现发烧、脉率增快、两眼周围红肿,局部压痛,血白细胞计数升高。这种情况最可能并发了什么病症?",眶蜂窝织炎->症状->眼睑红肿,0.39,症状
7岁小儿发热5天，咽痛，轻咳，血尿2天，尿量正常，无浮肿，血压不高，尿蛋白阴性，红细胞+++，无尿痛，近2年反复发生肉眼血尿的症状，最可能的诊断是什么？,反复血尿->疾病描述->薄基底膜肾病,0.92,疾病描述
患者在牙齿拔除后进行烤瓷修复，戴修复体1个月后出现食物嵌塞且牙龈易出血。经过检查，修复体无松动且边缘密合。导致此问题的最可能原因是什么？,修复体设计问题 -> 常用药品 -> 消炎药,0.53,常用药品
一名3岁患儿出现胸骨左缘第2、3肋间Ⅱ~Ⅲ级收缩期吹风样杂音，肺动脉瓣区第二音亢进和固定分裂，心电图显示右心室增大的情况，可能的诊断是什么？,房间隔缺损->症状->固定分裂第二心音,0.79,症状
一位25岁的男性患者因劳累时出现心悸和胸骨后疼痛1年，查体发现胸骨右缘第二肋间可闻及全收缩期3/6粗糙的吹风杂音，第二心音减弱。基于这些临床表现，可能的诊断是什么？,主动脉瓣狭窄->并发症->心衰,0.21,并发症
在体检中，患者发现右眼球外展位、不能内收并上下视困难，左侧肢体肌力减弱和出现左倾Babinski征阳性，这些症状指向哪种综合征的诊断？,右眼动眼障碍->可能患有疾病->Weber综合征,0.95,可能患有疾病
在上消化道造影检查中，一名男性患者表现出夜间腹痛、恶心、呕吐以及剑突下压痛。这种症状最可能与哪种消化系统疾病有关？,夜间腹痛->可能患有疾病->十二指肠溃疡,0.89,可能患有疾病
对于一位17岁女性患者，颏部发育不良，面下1/3高度偏大，存在Ⅱ类咬合关系，ANB角为7度，并且上下颌前牙明显拥挤。为了在治疗初期实现上颌磨牙的远中移动，哪种方法最为合适？,上颌磨牙远中移动->常用药品->无相关药物,0.13,常用药品
一名63岁女性患者，脑卒中后左下肢肿胀一周，超声检查显示左下肢深静脉血栓，她目前感觉胸部不适和呼吸困难。如果其肺通气显像结果正常，应如何高度诊断可能的病症是肺栓塞？,肺栓塞->症状->胸痛,0.25,症状
一名37岁男性，行胃癌根治术后一个多月，反复上腹胀和呕吐十天。请描述该患者所接受的具体根治术类型。,胃癌->治疗方法->毕Ⅱ式胃切除术,0.82,治疗方法
患有高血压、低血钾且没有表现出库欣综合征特征的一名28岁女性，其血钠水平为149mmol/L，血钾水平为3.1mmol/L，那么用于她高血压的特效治疗药物是什么？,原发性醛固酮增多症->常用药品->螺内酯,0.52,常用药品
一名中年女性在剧烈咳嗽后右大腿卵圆窝部位出现肿块增大、变硬并伴随剧烈疼痛，1天后采用手法还纳后，她出现持续性腹痛，并伴有明显腹肌紧张、压痛和反跳痛的症状。基于这些临床表现，最可能的诊断是什么？,股疝->症状->卵圆窝肿块,0.83,症状
一名2岁的男性患者，出现口腔黏膜突发簇集的针头大小透明疱疹及溃疡，并伴有啼哭声、流涎和发热。这种情况的最可能诊断是什么？,发热 -> 可能患有疾病 -> 流感,0.46,可能患有疾病
伤寒患者经过治疗后，体温从39.6℃下降到36.6℃，15天后体温再次升高到39.3℃并伴随症状加剧，同时血培养呈阳性。这种情况应被诊断为什么？,伤寒复发->常用药品->抗菌药物,0.61,常用药品
一位30岁的女性，停经43天，伴有右下腹隐痛2天并出现阴道少量出血，吸宫术后病理报告显示蜕膜组织。基于这些症状和检查结果，首先应该考虑哪种疾病？,蜕膜组织->推荐食谱->高蛋白饮食,0.14,推荐食谱
一位45岁的男性患者，出现腹大胀急、青筋张露、形体瘦削、面色晦滞、唇干口躁、潮热心烦、笔衄牙宣和尿少症状，舌质红降，苔薄少津，脉象弦细而数，针对这种表现应使用什么方剂进行治疗？,面色晦滞->可能患有疾病->肝脾气滞,0.07,可能患有疾病
一位68岁的男性患者，表现出胸痛、呼吸困难、并伴有超过一个月的咳嗽症状。结合影像学检查，该患者最可能的诊断是什么？,间皮瘤->治疗科室->胸外科,0.65,治疗科室
对于一名怀孕35周的25岁初孕妇，出现高血压160/110mmHg，下肢水肿（++），尿蛋白（+++），并伴有头痛和视物模糊的症状，首选哪种药物进行治疗？,子痫前期->常用药物->其他降压药物,0.21,常用药品
一名30岁男性患者，刷牙时牙龈易出血2年多，检查发现口腔卫生不良，牙石为双阳性，龈缘红肿且探诊易出血，但没有发现附着丧失，血常规正常。基于这些信息，这名患者的诊断是什么？,口腔卫生不良->症状->牙龈炎,0.76,症状
针对一名10个月大的女婴，长期母乳喂养且母亲素食为主，出现面色苍白、精神呆滞、贫血等症状，血红蛋白和网织红细胞水平偏低，外周血成熟红细胞以大细胞为主的情况，最佳的解决方案是什么？,维生素B12缺乏->治疗方法->叶酸补充,0.78,治疗方法
女性，22岁。感冒发烧后出现心悸、胸闷、呼吸困难及浮肿，查体显示心律不齐，心电图显示频发室性早搏。为了进一步明确诊断，应考虑进行哪项检查？,心肌炎->症状->呼吸困难,0.39,症状
根据一位46岁女性患者的症状：心悸、喘息不能平卧、颜面四肢水肿、腹胀、大便溏泻、小便短少，以及其舌象和脉象特征，结合诊断为“风心病，二窄并二漏”，在已知使用氧气和西药治疗的基础上，中医治疗应首选哪个方剂？,心阳虚 -> 常用药品 -> 真武汤,0.82,常用药品
45岁男萨克斯演奏家，颈部皮下柔软肿物一周，体检显示局部皮温正常且无压痛。最可能的影像学特征是什么？,皮下气体积聚->诊断检查->CT扫描,0.15,诊断检查
一位60岁的男性患者在活动时出现胸骨后疼痛，听诊发现在胸骨右缘第2肋间有4/6级收缩期喷射样杂音。结合这些症状和体征，他最可能的心脏疾病诊断是什么？,冠状动脉疾病->症状->胸骨后疼痛,0.55,症状
一名30岁的男性患者表现出大热烦躁、错语不眠、口燥咽干、小便黄赤、舌红苔黄和脉数有力的症状，请问针对这些症状适合选择哪种治疗方剂？,黄连解毒汤->并发症->心悸,0.55,并发症
在跌倒时手掌撑地导致腕部肿胀、酸痛无力，局部有压痛以及桡腕关节活动受限且X光片无骨折征象的情况下，该患者应该被诊断为什么疾病？,软组织损伤->症状->腕部肿胀,0.31,症状
对于一名60岁男性患者，咳嗽和痰中带血2个月，胸部CT显示右上叶近胸壁处有一个6cm×6cm块状影，为进一步确诊，此病例首选的检查方法是什么？,右上肺肿块->检查疾病->经皮肺穿刺活检,0.95,诊断检查
根据以下症状：患者肢体关节疼痛重着，痛处不移，局部微肿，扪之无灼热感，四肢沉重，肌肤麻术，接近关节处尤为明显，舌淡胖、边有齿痕，苔白腻，脉濡缓，应选用哪种中药方剂进行治疗？,湿痹->常用药品->薏苡仁汤,0.88,常用药品
根据患者出现喘逆严重、张口抬肩、鼻翼煽动、呼吸困难、不能平卧、心悸、烦躁不安、面唇青紫、汗出眩冷、脉浮大无根的症状，该病例的中医诊断是什么？,喘脱证->治疗方法->温阳益气、固脱回阳,0.22,治疗方法
一名25岁女性，在活动后出现气急，并且出现夜间不能平卧、痰中带血的症状。她的家人注意到她面颊部发红，并且在医院检查中发现心脏杂音。基于这些症状，最可能的疾病诊断是什么？,二尖瓣狭窄->治疗科室->心血管内科,0.12,治疗科室
对于一名2岁男孩，出现咳嗽伴气喘、发热、面赤鼻煽、气促等症状，并且有舌红苔黄、指纹浮紧在气关、脉浮数等表现，治疗这种症状的首选方剂是什么？,风热犯肺->治疗方法->清肺化痰汤,0.72,治疗方法
根据10岁女孩的症状：胸背部疼痛3天伴随两下肢进行性无力和尿潴留，上肢肌力正常但下肢肌力为0、肌张力低、腱反射消失，病理反射未引出，第5胸椎水平以下深浅感觉消失，膀胱充盈脐下3厘米，临床上如何诊断该病情？,急性横贯性脊髓炎->症状->脊髓出血或血栓,0.58,症状
一位19岁的女性患者，表现为经期前后不定，经量或多或少，经行不畅且有血块，并伴有胸胁、乳房和少腹的胀痛，精神抑郁，舌苔薄白，脉弦。根据这些症状，最适合的中医治疗方剂是什么？,逍遥散->治疗方法->疏肝理气调经,0.69,治疗方法
在CT平扫中，观察到一名40岁男性的肝脏密度大片减低，并且肝内血管清晰呈现较高密度，其分布走形规则。这种CT表现最可能提示何种肝脏病变？,肝脏病变->症状->腹痛,0.51,症状
根据以下症状：患者肢体关节疼痛重着，痛处不移，局部微肿，扪之无灼热感，四肢沉重，肌肤麻术，接近关节处尤为明显，舌淡胖、边有齿痕，苔白腻，脉濡缓，应选用哪种中药方剂进行治疗？,关节炎->症状->肢体疼痛,0.19,症状
足月女婴出生6小时全身黄染橘色，哭闹不安，尿色黄，舌红苔黄腻，指纹紫滞。中医治法？,哭闹->症状->婴儿不安,0.15,症状
一位24岁的女性患者因车祸导致面部外伤，X光片显示右侧上颌骨骨折，骨折线经过鼻背、眶部并穿过颧骨上方达到翼突。请问这种情况的诊断是什么？,Le Fort III型骨折->症状->鼻背骨折,0.82,症状
一名13岁女性患者出现头晕、乏力、尿黄1个月，血常规检查显示血红蛋白为86g/L，血小板为10×10^9/L，且Coombs试验阳性。根据这些症状和检查结果，最可能的诊断是什么？,Evans综合征->症状->贫血和黄疸,0.88,症状
根据患者的症状特点和体检结果，而且杂音随体位变化而改变，该患者最可能诊断为哪种心脏疾病？,左心房黏液瘤->诊断检查->超声心动图,0.03,诊断检查
一位67岁女性在导管室进行冠状动脉介入治疗时突发心悸和气短，体检显示血压为80/70 mmHg，口唇无发绀，颈静脉怒张，心率为90次/分且心律齐，心音低顿，并出现奇脉。在冠脉介入治疗已停止后，应立即采取什么治疗措施来改善病情？,心音低顿->可能患有疾病->心包填塞,0.72,可能患有疾病
根据一个72岁男性患者因剧烈咳嗽后出现的右腹股沟包块，并经过手法复位的特点，结合包块性质和触诊结果，疝出的内容物最可能是什么？,腹股沟疝->诊断检查->腹股沟彩超,0.78,诊断检查
一名30岁男性患者，头颅CT显示左小脑半球有一个3cm×4cm的囊样低密度区，并伴有壁结节，结节明显增强，四脑室受压变形及右移。根据这些影像特征，最可能的诊断是什么？,血管母细胞瘤->治疗科室->神经外科,0.58,治疗科室
在患者体检时发现脾肋下4指可触及，白细胞计数为3.0×10^9/L，中性粒细胞占30％，淋巴细胞占60％，单核细胞占10％的情况下，这种临床表现应该诊断为什么疾病？,白细胞减少->可能患有疾病->传染性单核细胞增多症,0.76,可能患有疾病
一位29岁女性患者，出现腹胀、便秘9个月，乏力、食欲不振、消瘦，且症状在近5个月加重。体检发现右下腹触及4cm×6cm肿块，质地中等，边缘不清，并伴有轻触痛。基于这些症状和体征，该患者最可能患有哪种疾病？,肠结核->症状->消瘦食欲不振,0.85,症状
6岁儿童突然出现头面眼睑浮肿，迅速波及全身，呈紧张性水肿，尿量减少，尿色如浓茶，并伴有发热、恶风、口渴、咽痛症状，舌尖红，苔薄黄，脉浮数。针对这些症状，应该选择哪种方剂进行治疗？,舌尖红->可能患有疾病->风热犯表,0.75,可能患有疾病
一位47岁的男性患者，出现脾胃气滞导致的脘腹胀痛，并伴有食欲不振和大便溏泻，治疗应着重行气止痛和健脾消食。应该选择哪种中药来治疗这个病症？,砂仁->可以治疗疾病->脾胃气滞,0.84,可以治疗疾病
一位8个月大的女婴，面色苍白，毛发稀疏、发黄，舌头有震颤。实验室检查显示MCV为104fl，MCH为38pg，Hb为90g/L。根据这些表现和检查结果，她早期最恰当的治疗方法是什么？,大细胞性贫血->诊断检查->血常规检查,0.64,诊断检查
41岁男性患者因土石方塌方受伤，腰椎1压缩性骨折，椎体前缘压缩约1/4。最佳治疗方案是什么？,腰椎压缩性骨折->检查疾病->X线检查,0.08,诊断检查
某位38岁的虚弱孕妇，出现胎漏、胎动不安、腰膝酸软等症状，证属肝肾亏虚、冲任不固。在这种情况下，应该选用哪一种中药来安胎？,肝肾亏虚->并发症->腰膝酸软,0.65,并发症
一名38岁女性患者，近半月来感到乏力、咽痛和阵发性刺激性咳嗽，无痰，3日来发热，X线检查发现双下肺有炎症浸润阴影。基于这些症状和检查结果，请问治疗该患者最合适的首选药物是什么？,肺炎->常用药品->阿奇霉素,0.95,常用药品
一名2岁患儿已患肺炎1周，近日全身中毒症状加重，并出现高热持续不退、呼吸困难加重、频繁咳嗽、面色发绀和低血压。综合这些症状，最有可能的诊断是什么？,脓胸->易患人群->儿童,0.55,易患人群
一名9岁男孩，颈前部肿大，按之柔软，随吞咽上下移动，诊断为气瘿，请问对此病应采用哪种中药方剂进行治疗？,气瘿->并发症->肿大结节,0.68,并发症
一位32岁的女性在遇到寒冷时，双手顺序出现苍白、青紫和潮红，病程已有3年，逐渐加重且每次发作持续15到30分钟。根据该患者被诊断为雷诺综合征，请描述她在发作时的典型症状是什么？,雷诺综合征->症状->手部颜色变化,0.95,症状
一名13岁女性患者出现头晕、乏力、尿黄1个月，血常规检查显示血红蛋白为86g/L，血小板为10×10^9/L，且Coombs试验阳性。根据这些症状和检查结果，最可能的诊断是什么？,Evans综合征->并发症->免疫性溶血,0.72,并发症
一名20岁男性，出现全身水肿半个月，最近呼吸困难和尿量减少，血压升高至170/120mmHg，并伴随全身高度水肿以及右侧胸腔及腹腔积液。经诊断为肾病综合征，请问此患者首先应使用哪种药物进行治疗？,肾病综合征->食物有益于疾病->低盐饮食,0.05,食物有益于疾病
一个患者，女性，21岁，14岁时初潮。她在每次月经期间都会感到小腹冷痛，喜欢温暖和按压，经量少，颜色黯淡，并且有腰膝酸冷的症状。舌苔淡白润，脉沉。在中医辨证中，这种情况一般归为哪种证型？,肾阳虚证->治疗方法->温补肾阳,0.05,治疗方法
一位52岁的男性患者，身高170cm，体重80kg，有糖尿病家族史，空腹血糖为8mmol/L。针对他的情况，首选的治疗方案是什么？,糖尿病->常用药品->二甲双胍,0.83,常用药品
一名居住在海拔1478米的8岁男孩体检显示：血红蛋白(Hb) 120g/L，平均血红蛋白量(MCH) 27pg/L，平均红细胞体积(MCV) 79fl，平均红细胞血红蛋白浓度(MCHC) 30%，血清铁蛋白11ug/L，红细胞游离原卟啉0.8umol/L。根据这些数据，如何评估该男孩的健康状况？,缺铁性贫血->治疗方法->补铁,0.87,治疗方法
一名25岁女性，在活动后出现气急，并且出现夜间不能平卧、痰中带血的症状。她的家人注意到她面颊部发红，并且在医院检查中发现心脏杂音。基于这些症状，最可能的疾病诊断是什么？,活动后气急->症状->肺淤血,0.88,症状
对于一名65岁患有慢性肺源性心脏病的女性患者，近两年来咳喘反复发作，并有心悸、气短、乏力的症状，因两日前感受风寒导致咳逆痰多、喘息不得卧及舌质暗浮、苔白腻略黄，该患者应首选哪种中药进行治疗？,慢性肺源性心脏病 -> 并发症 -> 呼吸衰竭,0.58,并发症
对于一名2岁的患儿，经历了为期4天的麻疹高热后，出现皮肤疹点密集成片、色紫红并遍及周身，同时伴有神昏和抽搐3次，应选用哪一种中药方剂进行治疗？,清热平肝方->治疗方法->羚角钩藤汤,0.77,治疗方法
在患有'肠痈'且表现为右下腹痛、发热恶寒、恶心、便秘、苔薄黄、脉数有力的患者，针灸治疗中除了使用阑尾穴以外，还应该选择哪些穴位？,脉数有力->治疗时长->1周内,0.12,治疗时长
23岁女性患有急性一氧化碳中毒且出现粉红色泡沫样痰液，最适合的氧疗方法是什么？,一氧化碳中毒->治疗方法->高流量氧气疗法,0.89,治疗方法
一位32岁的女性患者，表现为漫肿无头、皮色不变、酸痛无热、口中不渴，舌淡苔白，脉沉细。根据以上症状，应首选使用哪种中药？,舌淡苔白->可能患有疾病->脾阳虚,0.18,可能患有疾病
一个患者月经停闭7个月，面色萎黄，带下量少，头晕目眩，毛发脱落，手足心热，舌红，苔少，脉细数无力，针对这些症状应该选择哪种中药配方进行治疗？,月经停闭->治疗方法->归肾丸,0.05,治疗方法
25岁女性起床后颈背部僵痛、头部转动困难、右侧斜方肌压痛，最可能的疾病？,落枕->症状->颈部僵硬,0.88,症状
39岁女性，3个月前因怀孕2个月进行了人工流产，术后一直没有来月经，没有任何不适。自测基础体温呈现“双相”，妇科检查也无异常发现。根据该患者的情况，哪种处理方式是最佳的？,基础体温双相->可能患有疾病->无排卵性闭经,0.25,可能患有疾病
一名30岁女性因尿频、尿痛、血尿伴发热就医，经过12天连续静滴庆大霉素治疗后症状消失。但她逐渐出现颜面浮肿，尿量减少至每天约600ml，并伴随血肌酐从70μmol/L升至489μmol/L，尿蛋白阳性，尿沉渣中可见上皮细胞管型，B超未见肾盂积液。根据这些临床表现和检查结果，她的最可能诊断是什么？,庆大霉素->症状->水肿,0.65,症状
一名56岁男性患者，患肝病反复发作20余年，近期出现乏力、嗜睡、厌食、脾肿大、脾功能亢进、腹水，这些症状最有可能指向哪种诊断？,门静脉高压症->症状->乏力,0.87,疾病描述
在患有'肠痈'且表现为右下腹痛、发热恶寒、恶心、便秘、苔薄黄、脉数有力的患者，针灸治疗中除了使用阑尾穴以外，还应该选择哪些穴位？,羊肉->食物有害于疾病->发热,0.28,食物有害于疾病
根据27岁男性患者的症状：乏力、双下肢反复瘀点、重度贫血貌，全身可见散在出血点，血象显示贫血，中性粒细胞和血小板显著减少，且网织红细胞低，请给出最可能的临床诊断是什么？,再生障碍性贫血->疾病描述->三系细胞减少,0.11,疾病描述
在治疗患者谢××时，她病症表现为久痢顽固不愈，证见心烦失眠，口干口苦，腹痛隐隐，喜温喜按，舌质淡，苔黄腻，脉沉细。根据这些症状，应该选用哪种中药方剂进行治疗？,口干口苦->可以治疗疾病->口腔溃疡,0.12,可以治疗疾病
针对2岁患儿，今晨呕吐无异味且形体消瘦、面色苍白、指纹淡的症状，应首选哪种中药进行治疗？,脾胃虚弱->治疗方法->温中补气,0.23,治疗方法
某位38岁的虚弱孕妇，出现胎漏、胎动不安、腰膝酸软等症状，证属肝肾亏虚、冲任不固。在这种情况下，应该选用哪一种中药来安胎？,肝肾亏虚->常用药品->桑寄生,0.88,常用药品
根据患者的症状：干咳、喉痒、痰少粘连、痰中带血、口干等，以及舌质偏红、脉浮数等体征，确定最合适的中药方剂是什么？,肺阴虚->易患人群->长期吸烟者,0.13,易患人群
一位17岁女性患者，下颌发育不良，颏部外形欠佳，面部下1/3高度偏大，表现开5mm，覆盖8mm，Ⅱ类咬合，伴上下颌前牙拥挤、前牙开及唇侧扭转，生长发育接近完成。应采取哪些治疗措施？,面部比例异常->可能患有疾病->下颌后缩,0.05,可能患有疾病
对于自诉感冒后出现眼部不适的女性患者，她在这段期间使用了哪些治疗方法？,眼部不适->常用药品->使用人工泪液,0.75,常用药品
患者50岁男性，右足刺伤10天后出现张口困难、颈项紧、饮水诱发手足痉挛、频繁抽搐及呼吸道分泌物多。为保持呼吸道通畅，最有效措施是什么？,破伤风->症状->呼吸道分泌物多,0.13,症状
一位38岁男性患者，10天前患感冒，随后出现双下肢无力、尿潴留、双上肢无力以及吞咽困难、呼吸困难、构音不清等症状。体检显示肌力减弱、肌张力低、腱反射消失、病理征阴性以及颈平面以下痛觉减退。根据这些临床表现和查体结果，你认为应该考虑什么诊断？,急性横贯性脊髓炎->症状->吞咽困难和呼吸困难,0.85,症状
根据患者沈某的症状：身热夜甚，神烦少寐，时有谵语，脉数，舌绛而干，应选用哪种中药方剂进行治疗？,营热->症状->神烦,0.22,症状
一个患者常在劳累之后出现低热，并伴有头晕乏力、气短懒言、食少纳呆、大便溏薄的症状，舌淡苔白，脉弱。根据这些症状特征，应该采用什么治法？,头晕乏力->症状->气虚,0.27,症状
怀孕3个月女性确诊疟疾，最适合用药？,疟疾->治疗方法->青蒿素类,0.56,治疗方法
患者出现皮肤黄染、小便色黄、大便秘结等症状，结合舌苔黄腻，脉滑数的情况，宜使用哪种药物与茵陈配伍以改善便秘症状？,湿热->治疗方法->茵陈与枳实配伍,0.22,治疗方法
对于一名35岁女性，右侧乳突区疼痛2天，口角左歪1天，诊断过程中，哪一项体征最能帮助确定病变部位？,面部功能检查->症状->闭眼能力,0.08,症状
在肺组织病理学检查中，如果发现肺组织肿胀、重量增加、质地变硬，光镜下见纤维增生、肺泡壁增厚和巨噬细胞吞噬含铁血黄素，该患者最可能的临床诊断是什么？,慢性肺淤血 -> 常用药品 -> 心脏药物,0.56,常用药品
根据患者的病情描述，特别是右锁骨上淋巴结的触诊结果、气管移位、右肺叩诊及胸液常规结果，最可能的诊断是什么？,右肺癌->症状->胸水,0.52,症状
一个50岁女性，绝经1年，出现阴道流血1个月，阴道细胞学检查显示不典型腺上皮纤毛细胞，其最可能的诊断是什么？,绝经后出血->症状->子宫内膜癌,0.89,症状
患者贺某，30岁，男性，症状包括咳嗽痰稠带血、心烦易怒、胸胁作痛、咽干口苦、颊赤便秘，舌红苔黄，脉弦数。根据这些症状，应该使用哪种中药方剂进行治疗？,肝火犯肺->疾病描述->痰稠带血,0.25,疾病描述
对于一名3岁的室间隔缺损患儿，如果患者出现反复发热、咳嗽10余天，且胸片显示肺纹理增多及小片状阴影，基于这些症状和影像学表现，应该首先考虑诊断为哪种疾病？,肺炎->并发症->肺部感染,0.87,并发症
对于一位29岁女性患者，症状包括因外感风邪导致的全身关节烦疼，肩背沉重，舌苔白腻微黄，在这种情况下，应选用哪种方剂进行治疗？,湿热痹证->治疗方法->中药调理,0.71,治疗方法
慢性肠梗阻患者呕吐大量胃肠液，输液含大量低渗葡萄糖溶液后出现躁动、头痛、昏迷。最可能原因？,水中毒->症状->意识障碍,0.54,症状
一个7岁患儿，两周前患上感冒，三天前出现发热、易疲倦和脸色苍白。检查发现心率增快、心音低钝，并可闻及早搏，心电图显示P-R间期延长和ST段下移，实验室检查显示C反应蛋白增高。结合这些临床表现，该患儿最可能的临床诊断是什么？,病毒感染->可能患有疾病->心肌炎,0.62,可能患有疾病
根据一名45岁男性患者间断腹痛、腹泻3年，无脓血和黏液，服小檗碱和氟哌酸可稍缓解，近期症状加重且大便频率增加至7～8次/天，大便常规及脂肪滴检查正常的情况，哪种疾病最需要被排除？,甲状腺功能亢进->诊断->甲状腺激素水平,0.67,诊断检查
针对一名54岁女性患者，具有两年痢疾史，症状表现为时痢时歇，缠绵经年，饮食减少，倦怠神疲，畏寒懒言，发作时便下赤白，里急后重。舌质淡，苔腻，脉象虚数，应该选择哪种治疗方案？,腹泻->推荐食谱->胡萝卜小米粥,0.29,推荐食谱
一名20岁男性，发热1周，伴牙龈出血，实验室检查结果显示WBC高于正常水平，Hb和PLT低于正常水平，同时纤维蛋白原降低。为了确定出血的原因，可以进行哪种具体的检验？,凝血功能检测->检查项目->血栓弹力图（TEG）,0.77,诊断检查
对于一名70岁女性急性心肌梗死患者，如果她出现急性乳头肌功能不全，心脏听诊时会出现什么体征？,急性心肌梗死->并发症->肝脏肿大,0.09,并发症
一名50岁的男性患者腰疼4个月，伴有腰2、3叩击痛，影像检查显示腰2/3椎间隙变窄，相邻骨性终板有侵蚀样骨质破坏，腰2椎体压缩呈楔形，两侧腰大肌肿胀。基于这些临床表现和影像特征，应如何诊断此病症？,脊柱结核->并发症->腰大肌脓肿,0.52,并发症
某中年男性在乘坐汽车时发生车祸后出现右髋关节疼痛，活动受限，患肢短缩，并呈屈曲、内收、内旋畸形。根据这些症状，最可能的诊断是什么？,髋关节后脱位 -> 治疗科室 -> 骨科,0.55,治疗科室
32岁的女性患者出现尿频、尿痛、尿急和下腹部不适2天，但没有发热和肾区叩击痛现象。尿液显微镜检查显示白细胞满视野、红细胞2~4个/HP，肾功能正常。停用抗菌药物7天后复诊，症状消失，但清洁中段尿培养结果为阳性，细菌数量为1×10^5/ml，并且为同一菌株。在这种情况下，该患者应诊断为什么？,急性膀胱炎->症状->尿频,0.82,症状
一位61岁男性患者，有5年高血压病史，在饮用半斤白酒后突然出现剧烈头痛、头晕、呕吐、左侧肢体无力以及站立和行走不稳的症状。根据这些症状，这位患者最有可能出现了什么情况？,高血压->并发症->脑出血,0.89,并发症
一名6岁小儿因发热3小时并伴随抽搐1次入院，体检显示神志清醒但精神萎靡，血压为70/30 mmHg，下肢有大理石花纹，脑膜刺激征阴性，大便常规检查显示白细胞三加和红细胞一加。在2017年8月的这种情况下，结合临床表现和检查结果，该患儿最可能的诊断是什么？,感染性休克->并发症->肺炎,0.18,并发症
男性25岁，鼻部疖肿一周前出现，3日前受挤压后症状加重，出现发烧、脉率增快、两眼周围红肿，局部压痛，血白细胞计数升高。这种情况最可能并发了什么病症?,感冒->忌吃->生冷食物,0.12,忌吃
一位24岁的初产妇在低位产钳分娩后立即出现阴道持续流血400ml，且血色鲜红，血压为14.7/9.33kPa，子宫坚硬，此时最适宜的处理步骤是什么？,软产道撕裂->治疗方法->阴道或宫颈缝合,0.95,治疗方法
孙某，女性，60岁，长期喘息，气短，动时加重，吸气不利等症状，容易在劳累后发作。结合这些症状，应针对哪种病机进行治疗？,气短->症状->肾不纳气,0.04,症状
请描述一个12岁男性患儿，表现为身材矮小、长期面色苍白、乏力，巩膜轻度黄染并且脾大肋下3cm时，其实验室检查中最可能出现什么异常结果？,溶血性贫血->实验室检查->乳酸脱氢酶升高,0.72,诊断检查
对于一名30岁男性在车祸后30分钟出现发绀、烦躁不安、呼吸困难，并伴有左侧大块胸壁软化和两肺湿啰音的症状，首要的处理措施是什么？,气道开放->治疗科室->急诊科,0.18,治疗科室
一名3岁女孩，有青紫型先天性心脏病，连续5天发热伴腹泻，并在1天内出现头痛、两次惊厥以及左侧肢体活动障碍，这种情况下最可能的诊断是什么？,脑栓塞->症状->全身症状,0.84,症状
男性，30岁，出现间歇性畏寒、寒战、高热、出汗症状超过2周，10月份就诊。间歇期间无明显不适。体检结果显示体温41℃，轻度贫血貌，心率120次／min，肝脾触诊肋下肝1cm，脾2cm。化验血红蛋白结果为89g／L。基于以上信息，这位患者最可能患有什么病？,疟疾->并发症->黄疸,0.56,并发症
一位44岁男性患者，出现发热、畏寒、全身酸痛等症状，自行按感冒治疗后体温仍上升。经过一系列检查后被诊断为急性白血病。为了寻找发热的原因，除了哪项检查之外，其他检查应立即进行？,白血病->治疗科室->血液科,0.07,治疗科室
描述一下学生16岁时在课堂上发生的发作事件特征，这种发作事件的最可能诊断是什么？,失神发作->症状->没有明显的身体抽搐,0.85,症状
一名28岁男性患贫血5年，血红蛋白60g/L，血小板25×10^9/L，白细胞2.8×10^9/L，网织细胞0.3%，骨髓增生活跃，其中浆细胞5%，淋巴细胞50%，组织嗜碱细胞3%，巨核细胞少见，Ham's试验阴性。请问对该患者来说，哪种治疗方法为最佳选择？,再生障碍性贫血->治疗方法->骨髓移植,0.71,治疗方法
一名50岁女性患者，身高154cm，体重62kg，因外阴瘙痒就诊，血糖检测结果为13mmol／L，尿糖结果为(++)，血象正常。根据患者的情况，最适宜的治疗方案是什么？,糖尿病->检查疾病->糖化血红蛋白,0.16,诊断检查
对于一名表现出低热、盗汗、乏力等症状，并且PPD试验结果为强阳性的15岁女孩，她的脑脊液检查显示白细胞增多和蛋白升高，在胸片正常的情况下，应选择哪种药物组合进行强化治疗？,结核性脑膜炎->并发症->结核性脑膜炎并发脑水肿,0.65,并发症
一位45岁的男子，有5年胃痛病史，遇饮食生冷或劳累则发作，痛呈阵发性，空腹时较重，食后减轻。两天前因气候寒冷再发，症见上腹隐痛，喜温喜按，偶尔泛吐清水，精神疲倦，四肢欠温，舌淡苔白，脉虚弱。若其伴有形寒肢冷、腰膝酸软的症状，应使用哪种药方进行治疗？,胃虚寒->治疗方案->六君子汤,0.55,治疗方法
一名30岁女性患者，既往多次进行人工流产术，现人工流产术后4个月无月经，伴周期性下腹痛，周期约为30天。妇科检查发现子宫稍大，压痛，后穹窿饱满且软。根据上述症状和体征，该患者可能的诊断是什么？,宫腔粘连综合征->诊断->宫腔镜检查,0.32,诊断检查
在重症乙脑患者病程中，如果患者出现双侧瞳孔大小不等、呼吸节律不齐、血压上升和肌张力增强的情况下，应首先采取什么急救措施来缓解这些症状？,乙脑->治疗方法->头部抬高,0.79,治疗方法
一位32岁的男性患者在8月20日来诊，出现发热、头痛伴呕吐2天和意识障碍半天，体温39.6℃，颈抵抗（＋），Kerning征（＋），Babinski征（＋），血液中白细胞计数为16.0×10^9/L。请结合以上症状和检查结果，诊断该患者可能患有什么疾病？,细菌性脑膜炎->实验室检查->白细胞增高,0.68,诊断检查
一位32岁的男性患者，出现胃脘部痞硬不适、频繁嗳气、反胃呕吐、嗝逆暖气等症状，舌淡苔白腻，脉象缓而滑。请问此时应首选哪种中药方剂进行治疗？,旋覆代赭汤->常用药品->代赭石,0.85,常用药品
对于一位男性患者，25岁，近期发现有贫血但无明显自觉症状，体检发现浅表淋巴结不大，脾肋下4cm，血红蛋白80g/L，红细胞3×10^12/L，红细胞渗透脆性试验减低，且其母有贫血病史，你认为应该做哪项检查来确诊？,遗传性球形红细胞增多症->治疗方法->脾切除,0.22,治疗方法
针对一位35岁妇女，近数月来甲状腺肿大，有时心悸，稍觉多汗，食量无明显增多，无便频，消瘦不明显无眼征等症状，甲状腺Ⅱ度大，质地变硬不光滑，未闻及血管杂音，心率90次/分，血压偏高，在哪种处理方式下最不适宜针对她的这种病情？,甲状腺问题->治疗方法->抗甲状腺药物治疗,0.81,治疗方法
65岁男性患者，40多年咳嗽病史，近期病情加重，表现为神志恍惚、谵语、烦躁不安等，应该使用哪种中医治疗方法进行治疗？,痰湿内扰->常用药品->安宫牛黄丸,0.85,常用药品
一位36岁的女性患者最近出现不规则阴道出血，月经量增多，阴道排液增多并有恶臭，针对这种情况，应该进行什么检查来明确诊断？,高血压->检查疾病->动态血压监测,0.15,诊断检查
一位55岁的女性患者因肝硬化引起的门静脉高压出现呕血和黑便，入院后为了止血，应该选用哪种药物？,特利加压素->传染性->是,0.06,传染性
35岁男性患者因高处坠落导致胸背部疼痛以及双下肢感觉/运动功能完全丧失，但经过5小时的静脉使用甘露醇和地塞米松治疗后功能逐渐恢复，最可能的诊断是什么？,脊髓震荡->治疗方法->甘露醇和地塞米松,0.79,治疗方法
10岁男孩阑尾切除术后出现面色苍白、皮肤湿冷、心率110次/min、血压80/60mmHg等症状，并未解小便。为明确诊断，应首先采取什么措施？,面色苍白->症状->低血容量休克,0.74,症状
对于一名31岁的女性患者，她十年前患有肝炎并已治愈，一年前出现脾大和轻度食道下段静脉曲张，偶尔乏力但尚能工作，且没有呕血或黑便史，最合适的治疗方法是什么？,非选择性β受体阻滞剂->可以治疗疾病->食管静脉曲张,0.23,可以治疗疾病
对于一位36岁的女性患者，她因外伤休克导致血压70/50mmHg，中心静脉压16cmH2O，应该首先选择哪种药物进行治疗？,外伤休克->治疗药物->正肾上腺素,0.75,常用药品
"男性25岁,鼻部疖肿一周前出现,3日前受挤压后症状加重,出现发烧、脉率增快、两眼周围红肿,局部压痛,血白细胞计数升高。这种情况最可能并发了什么病症?",糖尿病->症状->白细胞升高,0.19,症状
一位17岁的女性在体检中发现肛周囊性肿物，壁较硬，与骶骨面界限不清，考虑为哪种疾病？,肛周囊肿->诊断检查->MRI,0.78,诊断检查
一位25岁的女性患者甲状腺肿大，边缘不清，质软无痛，肿块随吞咽上下移动，情绪波动亦影响其大小，治疗时首选哪个方剂？,甲状腺肿大->检查疾病->彩超,0.42,诊断检查
根据临床表现：一名30岁女性，阴道不规则流血持续20天，并伴有咳嗽症状。半年前曾进行人工流产，术后吸出物中看到绒毛组织。妇科检查发现子宫大小如40天妊娠，质地柔软，且双侧附件区各有约5cm的囊性包块。胸部X光显示双侧中下野多发棉球状阴影。请指出此患者最可能的诊断。,双侧肺部棉球状阴影->可能患有疾病->滋养细胞肿瘤,0.81,可能患有疾病
一位16岁男性，左膝部肿痛持续2周，无发热。结合左膝关节的MRI平扫和增强扫描片，诊断结果最可能是什么？,左膝肿痛->症状->外伤史,0.28,症状
描述一下学生16岁时在课堂上发生的发作事件特征，这种发作事件的最可能诊断是什么？,癫痫发作->症状->短暂意识丧失,0.55,症状
一名患者出现胸痛持续加剧，右胸导联心电图显示ST段明显上抬，伴有低血压（血压70／50mmHg）和肝大水肿，应选择使用什么药物进行优先治疗？,右心室心肌梗死->诊断检查->心电图,0.05,诊断检查
一名8岁男孩出现胸闷、气急等症状，查体发现颈静脉显露，结合胸片检查，你认为最可能的诊断是什么？,纵隔肿块->可能患有疾病->颈静脉显露、气急,0.85,可能患有疾病
一名45岁男性患者，食欲减退、乏力1年，血红蛋白为90g/L，红细胞体积分布直方图显示峰底增宽的双峰图形，这种血象变化最可能是由何种治疗状况所导致？,铁缺乏性贫血->症状->食欲减退,0.12,症状
70岁女性行走中滑倒致右髋部疼痛，伴右下肢缩短、外旋畸形，应诊断为何种骨折？,跌倒->可能患有疾病->髋部骨折,0.82,可能患有疾病
对于一名70岁女性急性心肌梗死患者，如果她出现急性乳头肌功能不全，心脏听诊时会出现什么体征？,急性心肌梗死->并发症->高血压,0.75,并发症
哪种药物属于高效利尿剂且耳毒性低，适用于有听力缺陷及急性肾衰竭患者？,布美他尼->常用药品->高效利尿剂,0.95,常用药品
一位50岁的女性，有30余年乙型肝炎病史，2小时前进食烧饼后突然出现呕血约800ml。查体结果显示全身皮肤、黏膜无黄染，无腹水。在这种情况下，若需要进行急诊手术，请问最佳的手术方式是什么？,门静脉高压引起的食管静脉曲张->症状->呕血,0.75,症状
一名39岁女性患者，因右上腹疼痛1天就诊。体检显示巩膜黄染，体温39.5℃，右上腹压痛并伴有轻度肌紧张。B超检查发现胆管轻度扩张且胆管内有结石。如果不及时治疗，该患者最可能出现什么严重并发症？,急性胆管炎->传染性->是,0.07,传染性
对于一位45岁女性患者，出现突发持续性中上腹痛2小时，伴向背部放射和频繁呕吐，体检发现腹部平软但有压痛和反跳痛，心电图显示心房纤颤，化验白细胞计数为15×10^9/L，针对这些症状和检查结果，哪个进一步检查最有助于确诊？,急性胰腺炎->症状->放射性背痛,0.11,症状
一位25岁的女性患者近一周出现双侧枕部中度钝痛，站立行走时头痛加重，卧床休息时头痛减轻或消失。这种头痛最可能的原因是什么？,自发性颅内低压->症状->体位性头痛,0.88,症状
对于一名52岁男性患者，他患有高血压10年和糖尿病3年，最近一周出现严重头痛和有时恶心。测量血压为25.3/15.9kPa（190/120mmHg），尿液检查显示尿蛋白和尿糖均为阳性（++），血肌酐为226μmol/L。根据这些临床信息，应该首先考虑使用哪种药物进行治疗？,高血压急症->治疗方法->拉贝洛尔,0.88,治疗方法
一名70岁男性患者出现头痛、嗜睡和癫痫发作症状，经MRI平扫及增强扫描发现颅内多发病灶，并经过放射治疗后病灶明显缩小，结合这些信息，最可能的诊断是什么？,脑转移癌->治疗方法->化疗,0.22,治疗方法
根据以下病例特征：患者18岁女性，上唇红肿疼痛持续5天，伴有寒战、高热、头痛；体检显示上唇隆起呈紫红色，中心组织坏死塌陷，伴随多个脓栓和鼻部、眼部及其周围广泛肿胀。化验结果表明白细胞总数增加，达到WBC 25×10^9/L，且中性粒细胞比例为0.90。这些临床表现和化验结果最可能的诊断是什么？,唇痈->可能患有疾病->海绵窦血栓,0.74,可能患有疾病
一位24岁的孕妇，妊娠31周，表现为高血压、尿蛋白和浮肿等症状，血HCT为43%且全血黏度比值为3.8，针对这种情况，最佳的处理方法是什么？,先兆子痫->治疗方法->及时分娩,0.82,治疗方法
根据以下情况诊断该患者的高血压状态：女性，46岁。发现血压增高7年，血压经常在21/12～13kPa(160/90～98mmHg)。1年来多次尿液检查蛋白(+)，红细胞(+)。本次因症状加重入院。入院后心电图正常，尿液检查蛋白(+)，红细胞(++)。血清肌酐125μmol／L，血钾为4.2mmol／L，眼底检查可见动静脉有交叉压迫现象。,眼底动静脉交叉压迫->诊断检查->眼底镜,0.56,诊断检查
一名72岁男性患者打哈欠后突然出现下颌不能闭合、流涎及下颌中线偏向一侧的情况。针对这种情况，最常用的治疗方法是什么？,下颌脱位->治疗方法->手法复位,0.92,治疗方法
一位30岁的女性患者表现出头晕、头痛、全身不适、低热、易疲劳、食欲减退和体重下降等症状，并且体检发现双侧上肢血压压差增大，右侧脉搏触不到，及实验室检查显示血沉增快和C反应蛋白升高。对于该患者的诊断，哪种抗体的检测结果是特别有帮助的？,Takayasu动脉炎->症状->血压压差和脉搏减弱,0.89,症状
根据临床症状和检查，44岁女性右下后牙牙龈反复肿胀疼痛半年多，颊侧牙龈有一瘘管，近中探诊深度7mm，叩诊阳性，牙髓活力正常，最可能的诊断是什么？,牙髓感染->症状->牙髓感染性脓肿,0.17,症状
对于一名18岁男性患者，右上1牙在备洞过程中发生意外穿髓，穿髓孔直径约0.5mm，请问应使用何种治疗方法？,牙髓暴露->症状->牙髓炎,0.18,症状
当患者出现腹大胀满、青筋暴露、面色晦滞、口燥、心烦、失眠、鼻齿衄血、小便短少、舌质红绛少津、脉弦细数等症状时，这通常属于哪种中医证型？,肝肾阴虚之鼓胀->治疗科室->中医肝病科,0.34,治疗科室
一位60岁的男性患者确诊为帕金森病，因经济原因无法负担昂贵的药物治疗，当前临床上应推荐哪种药物作为首选？,帕金森病->常用药品->金刚烷胺,0.85,常用药品
一个56岁的患者突然出现剧烈胸背部疼痛，短时间内出现截瘫或四肢瘫，病变水平以下出现痛温觉丧失而深感觉保留，同时大小便功能障碍。基于这些症状，应诊断为何种综合征？,急性脊髓前动脉综合征->并发症->大小便功能障碍,0.67,并发症
一名70岁男性，高热、咳嗽、咳脓血痰1周，伴有糖尿病病史10年。查体显示体温39.5℃，精神差，双肺底可闻及湿性啰音，胸部X线片显示双下肺斑片状影，多发小气囊腔，血液检查显示白细胞计数18.2×10^9/L，中性粒细胞占92%。根据这些临床表现和检查结果，该患者最可能感染的病原体是什么？,金黄色葡萄球菌->并发症->败血症,0.85,并发症
一名58岁的男性患者有胃病史，最近因饮食不当而复发，症状包括恶心呕吐，伴有胃脘痞闷，纳呆神疲，大便微溏，口淡不渴，舌淡苔薄白，脉虚无力。在这种情况下，哪个中药方剂最适合用于治疗？,香砂六君子汤->治疗方法->补中益气,0.91,治疗方法
13岁女生刷牙时牙龈出血，牙龈充血水肿，X线无牙槽骨吸收。最可能的诊断是什么？,青春期龈炎->治疗科室->消化内科,0.05,治疗科室
一位29岁男性患者出现尿频、尿痛、米汤样尿和终末血尿3个月，经过实验室和影像学检查确诊为左肾结核。在抗生素治疗无效的情况下，应该首先采取哪种治疗措施？,肾结核->治疗方法->抗结核药物治疗,0.87,治疗方法
患者症见肢节烦疼、肩背沉重，舌苔白腻微黄，脉濡数，内蕴湿热，外受风邪，此时应选用哪种中药方剂进行治疗？,当归拈痛汤->治疗->湿热夹风邪,0.91,治疗方法
一名45岁的男性患者，最近发生心跳过速。查体结果显示心率为170次/分，心律规则。在按压颈动脉窦后，心率突然减慢至90次/分。基于这些信息，最可能的诊断是什么？,室上性心动过速->症状->心动过速,0.82,症状
对于一位44岁的男性肝硬化患者，出现畏寒发热、全腹痛和尿量减少等症状，为了进一步治疗，应该采用哪种措施？,肝硬化->并发症->肝性脑病,0.09,并发症
一名40岁女性患者发现右侧卵巢有肿物近三个月，肿物稍有增大，经过手术切除后，发现肿物呈圆形，有包膜，切面灰白色，可见纵横交错编织状条纹，无明显出血坏死，肿瘤细胞为梭形，并且有胶原纤维形成，细胞无明显异型性，未见分裂像。根据这些特征，该肿瘤最可能是什么类型？,卵巢纤维瘤->并发症->包膜形成,0.68,并发症
一名50岁男性患者，长期吸烟，每日20支，最近经常咳嗽，痰中带有血丝，并在一周前突然感到呼吸困难。X线透视显示右侧胸腔有大片致密阴影，且胸腔穿刺抽出了大量血性胸水。根据这些症状，应该首先考虑哪种病情？,肺癌->症状->痰中带血,0.92,症状
请问对于一名45岁男性患者，体检结果显示血压150/96mmHg，心率80次/分，血糖8.0mmol/L，糖化血红蛋白8.0%，血蛋白酶500μmol/L，首选哪种降压药物？,高血压->治疗科室->心内科,0.16,治疗科室
一名63岁的男性患者出现心胸疼痛和胸部闷窒，在含化复方丹参滴丸治疗无效后仍有这些症状，并伴有心悸、喘促、出汗、舌体胖大、舌质暗淡、苔白、脉细无力，应选择哪种方剂进行首选治疗？,心气虚->治疗方法->保元汤,0.95,治疗方法
足月女婴出生6小时全身黄染橘色，哭闹不安，尿色黄，舌红苔黄腻，指纹紫滞。中医治法？,黄疸->症状->湿热,0.79,症状
一名54岁男性患者在生产有机磷农药的工作中出现中毒症状，经过阿托品静脉给药达到阿托品化状态，但仍出现面部、四肢抽搐。此时应进行怎样的进一步治疗？,有机磷中毒->治疗方法->解磷定,0.91,治疗方法
一名50岁男性患者视力略减退，眼外检查无异常，但眼底检查显示静脉曲张、动脉变细，并且乳头面上出现大片状火焰状出血，同时视网膜反光增强以及可能出现黄白色类脂质变性及出血。根据这些临床表现，这种情况最可能的诊断是什么？,中央视网膜静脉阻塞->诊断检查->眼底检查,0.84,诊断检查
某患者诊断为初发劳力性心绞痛，已经服用硝酸异山梨酯和地尔硫卓治疗，但仍出现频繁的自发性心绞痛发作。在这种情况下，为了预防心绞痛的进一步发作以及潜在的心肌梗死风险，应该加用哪种药物来帮助改善患者的病情？,心律失常->治疗方法->抗心律失常药物,0.33,治疗方法
一名患者发热3天，伴有头痛和呕吐，脑脊液检查显示微混、压力为270mmH2O，Pancy试验阳性，蛋白含量为1.28g/L，糖为1.1mmol/L，氯化物为90mmol/L。根据这些临床表现和检查结果，如何诊断该患者的脑部疾病类型？,脑膜炎->诊断检查->脑脊液压力,0.78,诊断检查
一名20岁的外地男性学生，在广州入院时有高热3天，抽搐、意识障碍1天的病史，体检发现体温40℃，呼吸30次每分，颈抵抗，阳性病理神经反射，四肢肌张力增高，外周血白细胞计数为20×10^9/L，中性粒细胞比例为92％，尿蛋白呈阳性。为了明确诊断，最重要的检查是什么？,中枢神经感染->症状->头痛,0.18,症状
患者ALT升高、ALP显著升高、总胆红素升高，肝脏B超形态正常。最可能的诊断是什么？,药物性肝损伤->诊断检查->肝功能检测,0.28,诊断检查
一个患者常在劳累之后出现低热，并伴有头晕乏力、气短懒言、食少纳呆、大便溏薄的症状，舌淡苔白，脉弱。根据这些症状特征，应该采用什么治法？,脾虚->常用药品->健脾补气,0.72,常用药品
奚某，男，68岁，出现喘咳短气、痰多稀白、胸膈满闷、腰痛脚软、两下肢略有浮肿等症状，舌苔白滑，脉弦滑，这种状况应选用哪种中药方剂进行治疗？,喘咳->常用药品->苏子降气汤,0.87,常用药品
患者出现发热、咳嗽、呼吸急促、黄色痰，肺部影像显示阴影。最可能诊断？,肺部感染->症状->咳嗽,0.57,症状
对于一名30岁女性，持续发热10天，精神萎靡，体温39.5℃，心率70次/分，血液检查结果显示白细胞数1.4×10^9/L，中性粒细胞占60%，淋巴细胞占40%，肥达氏反应O 1:80（+），H 1:160（+），ALT 180μmol/L，总胆红素22.2μmol/L。为了确诊应首先进行哪项检查？,伤寒->症状->持续发热,0.91,症状
对于一位明确诊断为心肌梗死且拒绝入院治疗的清醒患者，医生应该如何在尊重患者自主权的同时确保其得到合适的医疗处理？,心肌梗死->治疗方法->溶栓治疗,0.06,治疗方法
青年男性，25岁，有右肩外伤史，今天转身开门时突然感到右肩部疼痛，不敢活动，并用左手托住右上肢来医院就诊。请问这种情况下最可能的诊断是什么？,肩关节损伤->可能患有疾病->肩关节脱位,0.49,可能患有疾病
一位38岁的女性患者，10年前患有葡萄胎，现在出现2个月的阴道流血，量时多时少，诊刮病理报告显示滋养细胞增生活跃，未见绒毛结构。根据这些信息，最可能的诊断是什么？,绒毛膜癌->症状->阴道流血,0.95,症状
45岁男萨克斯演奏家，颈部皮下柔软肿物一周，体检显示局部皮温正常且无压痛。最可能的影像学特征是什么？,皮下气体积聚->治疗方法->气体吸收,0.21,治疗方法
根据患者三年前左膝关节轻微外伤史，以及目前的症状和影像学检查结果，最可能的诊断是什么？,半月板损伤->症状->发热,0.28,症状
根据一名35岁男性患者的症状：头痛、复视半年，左侧肢体无力，右眼上睑下垂，右瞳孔散大，对光反应消失，左侧肢体肌力Ⅲ度，肌张力增高，膝反射亢进，Babinski征(+)，左侧鼻唇沟变浅，伸舌时左偏，请确定该患者的病变定位于哪个部位？,左侧肢体无力->检查疾病->MRI,0.73,诊断检查
心理医生通过详细了解病史和周密检查后，明确告诉患者他的躯体症状是功能性的而非严重的器质性疾病，从而减轻了患者的焦虑。心理医生这种行为在心理支持中被称为什么？,焦虑症->常用药品->劳拉西泮,0.02,常用药品
一名28岁女性患者，2年前足月顺产一名女孩，并于1年前进行了皮下埋植术。现患者月经基本规律，但最近1个月出现淋漓出血。根据情况，哪项检查是不需要进行的？,皮下埋植术->并发症->不规则阴道出血,0.38,并发症
患者宋某出现干咳少痰、痰中带血丝、形瘦气短、虚烦盗汗等症状，结合脉象为虚数，以及咽干舌燥、大便难、虚热时发等表现，试问应选用哪种中药汤剂进行治疗？,炙甘草汤->可以治疗疾病->气阴两虚,0.07,可以治疗疾病
9岁男孩，出现颜面水肿和深色尿液，且有抽搐和昏睡等症状，结合这些症状和病史描述，请说明最优先应该进行哪种治疗措施？,急性肾炎->治疗方法->药物治疗,0.87,治疗方法
一位52岁的男性患者，身高170cm，体重80kg，有糖尿病家族史，空腹血糖为8mmol/L。针对他的情况，首选的治疗方案是什么？,糖尿病->推荐食谱->低糖饮食,0.18,推荐食谱
如果患者表现为经行量多如崩，经色鲜红后淡，有血块，伴有心悸气短，面色苍白，舌淡胖，舌边有瘀点瘀斑，舌苔厚，脉象弦细无力，应该选择哪种中药进行治疗？,气虚血瘀->治疗方法->补气活血,0.38,治疗方法
对于一名1岁患儿，出现低热伴咳嗽3周并消瘦，血沉为40mm/h，PPD试验为阴性，X线胸片显示右肺中部有炎症影伴随右肺门淋巴结肿大，且近期患过麻疹，这种情况下最可能的诊断是什么？,原发型肺结核->症状->长期低热,0.91,症状
一位35岁的初产妇在妊娠34周时出现心慌、不能平卧一天，体征为心率120次/分，呼吸30次/分，血压140/90mmHg，心界向左下扩大，双肺布满湿啰音，胎心率145次/分。请问针对这种情况，应该采取什么处理措施？,妊娠期心力衰竭->治疗科室->产科,0.69,治疗科室
根据患者的症状，如发热、关节痛、乏力、恶心，以及实验室检查结果显示尿蛋白增加、红细胞及白细胞升高、血肌酐升高、P-ANCA阳性、胸片显示双下肺纹理增多，结合上述临床表现和实验室结果，患者最可能的诊断是什么？,显微镜下多血管炎 -> 疾病描述 -> 肾脏和肺部受累的系统性小血管炎,0.88,疾病描述
一名25岁的女性在7天前无意中发现甲状腺肿块，并在最近3天内肿块迅速增长，伴有胀痛。甲状腺核素扫描结果显示甲状腺右叶存在冷结节。根据这些信息，应如何初步诊断该患者的甲状腺病变？,胀痛->症状->囊肿出血,0.35,症状
对于一名32岁的女性，产后5个月完全哺乳，无月经，且以往月经规律，要求放置宫内节育器，在避孕咨询中不需要进行哪项检查？,内分泌功能检查->检查->哺乳期影响,0.58,诊断检查
一位30岁的女性患者表现出头晕、头痛、全身不适、低热、易疲劳、食欲减退和体重下降等症状，并且体检发现双侧上肢血压压差增大，右侧脉搏触不到，及实验室检查显示血沉增快和C反应蛋白升高。对于该患者的诊断，哪种抗体的检测结果是特别有帮助的？,血沉增快->可能患有疾病->系统性炎症性血管病,0.59,可能患有疾病
这名20岁女性患者自幼牙齿磨耗，牙冠微黄色，严重的釉质缺损，牙本质暴露且无明显反应，并有家族史，其症状最可能指向哪种牙齿疾病？,牙本质发育不全->传染性->是,0.17,传染性
一位48岁的女性患者，近一年常出现午后潮热和五心烦热，近两个月心悸且思虑过度，服用安定片后可缓解。她有心悸易惊、头晕耳鸣、易怒、口燥咽干等症状，舌红苔少而干，脉细数。针对这些症状，应选择哪种中药方剂进行治疗？,心肝肾阴虚->治疗方法->六味地黄丸,0.76,治疗方法
肾移植术后36小时，患者出现少尿、血肌酐持续升高，并伴有高热和寒战，应首先考虑什么病情？,急性排斥反应->诊断检查->肾功能监测,0.68,诊断检查
一位30岁的女性患者表现出失眠多梦、易惊醒、胆怯心悸、遇事善惊、气短乏力、舌淡、脉弦细的症状，针对这些症状，应该选择哪种中药方剂进行治疗？,失眠多梦->并发症->气短,0.11,并发症
一位18岁男性患者的X线胸片检查发现左侧胸腔第6胸椎旁有一直径约6cm的圆形肿块影，从这个位置和影像特征来看，这个肿块最可能的诊断是什么？,胸腔肿块->常用药品->抗肿瘤药物,0.68,常用药品
在重症乙脑患者病程中，如果患者出现双侧瞳孔大小不等、呼吸节律不齐、血压上升和肌张力增强的情况下，应首先采取什么急救措施来缓解这些症状？,乙脑->并发症->脑水肿,0.32,并发症
针对一位38岁的女性患者，在假体隆乳术后出现右乳房疼痛、变硬，并伴有轻微触痛的情况下，结合其乳房外观不规则和质地变硬的体征，最可能的诊断是什么？,乳房肿块->症状->乳腺炎,0.19,症状
一个足月出生的男婴，顺产，体重3.2kg，出生后20小时出现黄疸，胆红素水平为210μmmol/L。为了明确诊断，应首先进行哪项检查？,黄疸->症状->出生后20小时黄疸,0.75,症状
针对一位女性患者症状为尿频、尿急、腰腹拘急疼痛3天，并伴有寒热往来、口苦呕恶、大便多天一行、小便黄、舌红苔黄腻、脉濡数的情况，应该采用哪种中药方剂进行治疗？,尿急->可能患有疾病->湿热下注,0.02,可能患有疾病
对于一位65岁男性肺癌患者，在化学治疗期间出现左下肢肿胀和疼痛，经Doppler超声检查诊断为深静脉炎，并在抗凝治疗后症状有所改善。在早餐时突然出现气急、胸闷和心前区疼痛，呈进行性加重，口唇发绀，坐位，心界扩大，心率120次/分，P2亢进，右下肺呼吸音降低，既往有高血压和冠心病史。此时进行的哪项非创伤性检查最有诊断价值？,口唇发绀->检查疾病->呼吸衰竭,0.47,诊断检查
一个出生7天的男婴出现了啼哭和哺乳困难，临床检查发现其两颊黏膜和软腭充血，并出现散在的白色柔软小斑点，这些斑点用力擦拭后可以去掉。根据这些临床表现，该婴儿可能患有什么疾病？,鹅口疮->症状->新生儿口腔感染,0.88,症状
一位44岁男性患者，出现发热、畏寒、全身酸痛等症状，自行按感冒治疗后体温仍上升。经过一系列检查后被诊断为急性白血病。为了寻找发热的原因，除了哪项检查之外，其他检查应立即进行？,全身酸痛->可能患有疾病->病毒感染,0.74,可能患有疾病
对于一名1岁患儿，出现低热伴咳嗽3周并消瘦，血沉为40mm/h，PPD试验为阴性，X线胸片显示右肺中部有炎症影伴随右肺门淋巴结肿大，且近期患过麻疹，这种情况下最可能的诊断是什么？,结核感染->诊断检查->PPD试验,0.49,诊断检查
一名59岁男性患者，上腹不适2周，经过检查并进行电子胃镜检查及超声内镜后，最佳的进一步治疗方案是什么？,胃癌->治疗方法->靶向治疗,0.75,治疗方法
根据一个72岁男性患者因剧烈咳嗽后出现的右腹股沟包块，并经过手法复位的特点，结合包块性质和触诊结果，疝出的内容物最可能是什么？,大网膜->可以治疗疾病->包块内容物回纳,0.01,可以治疗疾病
一位43岁的男性患者，出现全身高度浮肿、气喘、心悸、腹水和小便不利，脉象沉而有力。请问在治疗中应选择哪种中药方剂？,水饮内停->治疗方法->十枣汤,0.75,治疗方法
根据某患者体表的表现，即10余枚大小不一、质地柔软、表面光滑、有囊性感并可压入皮下的肿块，放手后随即弹起，这种情况可诊断为什么病？,肿块->症状->纤维瘤,0.77,症状
"一名27岁已婚妇女,在停经13周时出现不规则阴道出血,持续10余天,量不多且暗色。在妇科检查中,发现其子宫大小如新生儿头,张力较大,且两侧附件均可触及手拳大小、活动良好并光滑的肿物。最可能的诊断是什么?",葡萄胎->症状->阴道流血,0.18,症状
一名26岁未产妇女，停经48日后出现阴道少量流血伴右下腹隐痛。今晨突然感到右下腹剧烈疼痛就诊。经过体格检查和相关化验检查，描述其体征和化验结果后，请问该患者最可能的诊断是什么？,异位妊娠->诊断检查->超声检查,0.32,诊断检查
一名30岁男性患有十二指肠球部溃疡4年，突然出现上腹部剧痛5小时，并伴随全腹痛和大汗淋漓。体检显示全腹压痛和反跳痛。为了明确是否发生了溃疡病穿孔，急诊中应优先进行哪种检查？,十二指肠球部溃疡->并发症->溃疡穿孔,0.92,并发症
根据某患者溃疡病并发幽门梗阻且反复呕吐入院后的血气分析结果：pH值为7.49，PaCO2为6.4kPa(48mmHg)，HCO3为36mmol/L，该患者的酸碱平衡紊乱类型是什么？,溃疡病->治疗方法->酸碱紊乱治疗,0.01,治疗方法
一位70岁男性患者，症状包括神志恍惚、谵妄、烦躁不安、撮空理线、嗜睡、昏迷、肢体瞤动抽搐、咳逆喘促、痰鸣，舌质暗红或淡紫、苔白腻、脉细数，依据上述症状，治疗的首选方是什么？,涤痰汤->症状->神志不清,0.78,症状
一位25岁的女性患者，停经30周，出现进食油腻食物后左上腹持续性疼痛伴发热和频繁呕吐。根据她的临床表现，最适合的首选影像学检查方法是什么？,胆囊炎->诊断检查->超声检查,0.98,诊断检查
一名33岁的初孕妇，孕8周，出现心悸、夜间胸闷、心率120次/分、呼吸22次/分、心界向左扩大、心尖部舒张期杂音、肺底部湿啰音和双下肢浮肿的症状，什么是恰当的处理方案？,利尿剂治疗->治疗方法->缓解水肿,0.65,治疗方法
患者出现咽中不适，有异物感，咽之不下，咳之不出，伴胸中窒闷、呕恶、口苦等症状，舌苔黄而腻，脉滑数。这种情况下，应该使用哪种方剂进行治疗？,痰热蕴结->可能患有疾病->胃气逆上,0.18,可能患有疾病
43岁男性患者，双眼视力下降1个多月，伴有头痛、耳鸣，既往有高血压病史但药物控制良好，检查发现双眼角膜后沉着物（KP）和玻璃体混浊，视乳头水肿，眼底表现为多灶性渗出性视网膜脱离和下方大泡状视网膜脱离，该患者最可能的眼科诊断是什么？,葡萄膜炎->症状->视力下降,0.52,症状
孕34周女性血压150/90mmHg，尿蛋白0.4g，诊断妊娠相关病症？,妊娠相关疾病->检查疾病->胎心监护,0.08,诊断检查
一位16岁男性，左膝部肿痛持续2周，无发热。结合左膝关节的MRI平扫和增强扫描片，诊断结果最可能是什么？,左膝肿痛->诊断检查->关节炎,0.75,诊断检查
对于一个7岁的孩子，出现眼睑水肿5天，血尿、少尿2天伴烦躁气促的情况，查体结果显示血压120/80mmHg，双肺底可闻少许湿啰音，心率142次/分，肝肋下2cm。在这种情况下，首先应该使用哪种药物进行治疗？,急性肾小球肾炎->症状->烦躁气促,0.63,症状
一名72岁的男性患者，有22年的高血压病史，出现右眼突然视力丧失，眼科检查显示右眼角膜透明，前房深度正常，瞳孔对光反应迟钝，视乳头颜色淡、边缘模糊，动脉和静脉管径变细，视网膜水肿苍白，黄斑区呈红色。 根据这些症状和检查结果，最可能的诊断是什么？,视网膜中央动脉阻塞->治疗方法->抗血小板治疗,0.17,治疗方法
一名72岁男性患者打哈欠后突然出现下颌不能闭合、流涎及下颌中线偏向一侧的情况。针对这种情况，最常用的治疗方法是什么？,下颌脱位->治疗方法->局部麻醉,0.84,治疗方法
对于一位术后出现体温上升和轻度呼吸不畅的患者，胸片显示胸腔内有气液平，为了进一步诊断最重要的检查手段是什么？,胸腔气液平->症状->呼吸不畅,0.32,症状
根据以下病情描述，确定该6个月男婴的营养不良类型：出生体重3.0kg，生后人工喂养，皮下脂肪消失，轻度水肿，精神萎靡，反应差，体温低，腹泻与便秘交替进行。,营养不良->症状->体重下降,0.72,症状
孕34周女性血压150/90mmHg，尿蛋白0.4g，诊断妊娠相关病症？,妊娠合并症->治疗方法->降压药物,0.19,治疗方法
一个5岁男孩发热2天，伴有微恶风寒、鼻塞流涕、咳嗽、眼睑红赤、泪水汪汪、口腔颊黏膜红赤、细小白色疹点、周围红晕、小便黄、舌苔薄黄的症状，对于这种情况下首选的中医方剂是什么？,发热->推荐食谱->生冷饮食,0.21,推荐食谱
一个7岁患儿，两周前患上感冒，三天前出现发热、易疲倦和脸色苍白。检查发现心率增快、心音低钝，并可闻及早搏，心电图显示P-R间期延长和ST段下移，实验室检查显示C反应蛋白增高。结合这些临床表现，该患儿最可能的临床诊断是什么？,心肌炎->症状->心音低钝,0.89,症状
32岁女性患者在进餐时与人发生口角后，突然感到呼吸困难。体检显示呼吸浅表频率达80次/分且无啰音。根据这些临床表现，该患者最可能的诊断是什么？,过度通气综合症->并发症->胸痛,0.55,并发症
一名7岁的患儿，2周前得过猩红热，最近两天出现眼睑水肿，血压为16.0/10.7kPa(120/80mmHg)，尿常规显示蛋白++，红细胞5~8个/HP，目前水肿明显且尿量200ml/日。在护理过程中，应特别警惕发生哪种严重并发症？,急性肾小球肾炎->症状->蛋白尿,0.37,症状
一名62岁的男性患者佩戴可摘局部义齿1个月后，咀嚼时经常咬到颊黏膜。考虑到患者的下颌舌侧第一磨牙至磨牙后垫区有压痛现象，导致患者咬颊黏膜的具体原因是什么？,咬合干扰->症状->咬颊黏膜,0.31,症状
郭女士，45岁，出现吞咽困难、胸膈疼痛等一系列症状，病情加重后表现为食物无法下咽而反吐，甚至水饮难下，大便干燥如羊屎，或吐出物如赤豆汁，面色晦滞，形体更为消瘦，肌肤枯燥，舌红少津带青紫，脉细涩。根据这些症状，应该选用哪种中药方来进行治疗？,吞咽困难->治疗方剂->黄芪建中汤,0.47,常用药品
38岁女性患者，出现颈前肿痛、胸闷不适、口苦咽干、急躁易怒、心悸多汗、舌苔薄黄、脉弦数，请判断其对应的中医证型是什么？,口苦咽干->症状->肝火上炎,0.86,症状
请根据以下症状描述，指出最可能的诊断是什么：8岁患儿，持续4周水肿、少尿，体检显示血压反复在130～140／90～98 mmHg之间，眼睑水肿无法睁开，腹水征阳性，尿蛋白(+++)，尿红细胞每高倍视野12个，血白蛋白15g／L，血胆固醇6.5 mmol／L。,蛋白尿->诊断检查->尿常规,0.78,诊断检查
"男性25岁,鼻部疖肿一周前出现,3日前受挤压后症状加重,出现发烧、脉率增快、两眼周围红肿,局部压痛,血白细胞计数升高。这种情况最可能并发了什么病症?",鼻炎->治疗方法->热敷,0.29,治疗方法
对于一位47岁女性患者来说，她的腕关节肿痛持续了3个月，掌指关节肿痛持续了6周，并伴有早晨僵硬症状，哪项检查对确立诊断最有意义？,腕关节肿痛->症状->晨僵,0.76,症状
一个38岁的男性在4小时前从6米高处跌落，左腰部撞击石块，出现左腰部疼痛和轻微压痛，并且尿常规检查显示红细胞阳性。血压正常。根据这些症状和检查结果，最可能的诊断是什么？,肾脏损伤->症状->腰部疼痛,0.87,症状
患者表现为角弓反张状、四肢伸直和肌张力增高，呼之不应，这种状态被称为什么？,去脑强直->治疗方法->脑损伤处理,0.58,治疗方法
一名35岁女性患者，主诉头晕、乏力、面色苍白，伴随红细胞数下降和血铁蛋白降低。实验室检查结果显示外周血涂片中红细胞为中央淡染区扩大。为了进一步了解其贫血的原因，应该进行哪项检查？,缺铁性贫血->诊断检查->转铁蛋白饱和度,0.67,诊断检查
当一位患者因施用有机磷农药出现恶心、呕吐、腹痛、腹泻、视力模糊等症状时，急诊室处理中的首选措施是什么？,有机磷农药中毒->症状->恶心呕吐与视力模糊,0.35,症状
24岁女性患者，临床初诊为右肾结核、左肾积水，决定治疗方案时，哪项检查必不可少？,肾功能评估->诊断检查->血清肌酐检测,0.88,诊断检查
一名5岁男孩患有驼背、疼痛5个月，并伴有消瘦、贫血和无神经症状，检查发现双肺浸润性结核和6~8胸椎结核伴椎旁脓肿，血沉为112 mm/h。在进行支持疗法及全身抗结核治疗的同时，应该首先采取什么方法来护理该患儿以帮助缓解症状并促进康复？,椎体结核->治疗时长->6~12个月,0.77,治疗时长
根据10岁女孩的症状：胸背部疼痛3天伴随两下肢进行性无力和尿潴留，上肢肌力正常但下肢肌力为0、肌张力低、腱反射消失，病理反射未引出，第5胸椎水平以下深浅感觉消失，膀胱充盈脐下3厘米，临床上如何诊断该病情？,急性横贯性脊髓炎->症状->下肢无力、尿潴留、感觉缺失,0.92,症状
一位8岁的男孩在吃生黄瓜后出现腹部不适，高热和抽搐，查体显示神志不清，瞳孔等大且对光反射好，颈软，血压10.7/6.7kPa(80/50mmHg)。在这种情况下，首选的检查是什么？,食物中毒->检查方法->胃内容物培养,0.36,诊断检查
一个2岁儿童出生后每天哭闹时出现嘴唇发绀，并伴有呼吸困难，最近母亲发现孩子手指末端也出现发绀，指甲末端拱形隆起和手指末节膨大，试分析导致手指变化的最可能原因是什么？,先天性心脏病->症状->脱发,0.12,症状
对于一名患有急性肾炎且表现有高血压、水肿、尿量减少、呼吸困难、心音低钝、肝肋下2cm增大以及X线示肺纹理增强的10岁儿童，这些体征和症状最可能提示哪个病理状态？,心音低钝->治疗方法->物理治疗,0.12,治疗方法
一个38岁的男性在4小时前从6米高处跌落，左腰部撞击石块，出现左腰部疼痛和轻微压痛，并且尿常规检查显示红细胞阳性。血压正常。根据这些症状和检查结果，最可能的诊断是什么？,肾脏损伤->并发症->感染,0.26,并发症
32岁女性患者在进餐时与人发生口角后，突然感到呼吸困难。体检显示呼吸浅表频率达80次/分且无啰音。根据这些临床表现，该患者最可能的诊断是什么？,癔病->诊断检查->心理评估,0.35,诊断检查
跌落后患者短暂不省人事，清醒后神志清楚，呼吸急促，口唇发绀。最可能的颅脑损伤？,脑挫伤->诊断检查->神经功能评估,0.22,诊断检查
在45岁女性接受回肠及部分空肠切除术后，出现每日10余次稀水样便，进食后病情加重的情况下，导致腹泻的主要原因是什么？,胆盐性腹泻->症状->腹泻,0.36,症状
针对面色白、时常自汗、恶风、易感冒以及脉浮无力的症状，这位54岁女性患者宜使用何种中药进行治疗？,气虚->治疗方法->黄芪,0.93,治疗方法
患者出现咽中不适，有异物感，咽之不下，咳之不出，伴胸中窒闷、呕恶、口苦等症状，舌苔黄而腻，脉滑数。这种情况下，应该使用哪种方剂进行治疗？,痰热蕴结->症状->胸中窒闷,0.91,症状
一位35岁女性患者右胸痛持续3个月，同时伴有胸闷气短逐渐加重及消瘦。X线胸片示右侧胸腔积液，CT显示右侧胸膜凹凸不平。根据这些症状和检查结果，最可能的诊断是什么？,胸痛->疾病描述->胸腔积液,0.75,疾病描述
根据以下情况诊断该患者的高血压状态：女性，46岁。发现血压增高7年，血压经常在21/12～13kPa(160/90～98mmHg)。1年来多次尿液检查蛋白(+)，红细胞(+)。本次因症状加重入院。入院后心电图正常，尿液检查蛋白(+)，红细胞(++)。血清肌酐125μmol／L，血钾为4.2mmol／L，眼底检查可见动静脉有交叉压迫现象。,蛋白尿->食物有害于疾病->高盐饮食,0.19,食物有害于疾病
针对一名有长期胃溃疡病史，近期上腹痛加剧且药物治疗无效，体重减轻的患者，体检发现上腹部轻压痛并可触及包块，进一步确诊需要进行何种检查？,胃部包块->诊断检查->CT扫描,0.85,诊断检查
这名20岁女性患者自幼牙齿磨耗，牙冠微黄色，严重的釉质缺损，牙本质暴露且无明显反应，并有家族史，其症状最可能指向哪种牙齿疾病？,牙本质发育不全->易患人群->有家族史者,0.23,易患人群
一位40岁的男性患者突发眩晕、视物旋转、恶心、呕吐2天，并伴有右侧耳鸣和听力减退，血压正常，眼震阳性，四肢肌力正常，病理征阴性，病前1周有上呼吸道感染史。基于这些临床表现，他最可能患有什么类型的眩晕？,前庭神经炎->症状->眩晕,0.52,症状
一位68岁男性，有高血压病史超过10年，心率56次/分，血压160/90mmHg，血肌酐水平为365μmol/L。在这种情况下，哪种降压药物最适合首先使用？,氨氯地平->可以治疗疾病->高血压,0.83,可以治疗疾病
一位52岁的女性在盆浴后出现白带增多、外阴瘙痒、尿频，阴道黏膜有散在出血点且后穹隆有大量黄色泡沫状分泌物，要确诊这种情况，最简便的方法是什么？,滴虫性阴道炎->治疗方法->抗滴虫药物,0.68,治疗方法
对于48岁的患者体检中发现的左肺下叶外带圆形阴影，为明确诊断，应该使用哪一种简单而重要的检查方法？,肺部阴影->可能患有疾病->肺癌,0.75,可能患有疾病
根据患者的自发性钝痛症状、冷热刺激引起疼痛、以及X线片上显示的右上第一磨牙高密度影像达髓腔，这颗牙齿可能的诊断是什么？,残髓炎->疾病描述->高密度影像,0.55,疾病描述
对于一名患有风湿痹痛多年的61岁女性患者，出现腰膝酸痛、筋骨痿软无力、脉弦细等症状，应选择哪种药物进行治疗？请说明原因。,肾虚->忌吃->寒凉食物,0.19,忌吃
描述一位25岁女性患者因腹痛、腹泻便秘交替3个月就诊，并在胃肠钡餐检查中发现回盲部激惹和“钡影跳跃征象”的情况下，最可能的诊断是什么？,胃肠炎->症状->腹泻,0.18,症状
一名80岁女性患者有20年高血压病史，并伴有间断头晕和痛风史，现查体血压为180/90mmHg，心率52次/分，心律齐无杂音，血肌酐为100μmol/L，血钾正常。请问针对该患者，最适宜的降压治疗方案是什么？,钙通道拮抗剂->可以治疗疾病->高血压,0.95,可以治疗疾病
一名5岁女童，已患急性淋巴细胞性白血病8个月，并接受了正规化疗。她现在发热1天，体温40.1℃，精神萎靡，皮肤上出现了较多皮疹，其中包括丘疹和疱疹，疱疹内为浑浊液体。基于这些症状，最可能的诊断是什么？,水痘-带状疱疹病毒->治疗方法->免疫治疗,0.17,治疗方法
一位40岁的女性患者，下腹部出现积块，触摸时发现不坚且固定不移，同时伴随腰腹疼痛、经行量多，舌苔厚腻且舌边有瘀点，脉象沉涩。根据这些症状，治疗应首选哪种中药方剂？,瘀血内阻->症状->腰腹疼痛,0.79,症状
对于一位怀孕5个月的女性患者，出现尿少、尿液颜色偏黄、排尿艰涩疼痛、面色发红、心烦、口舌生疮等症状，伴随舌红苔黄和脉细滑数，应该采用哪种治疗方法？,湿热->并发症->尿液颜色偏黄,0.47,并发症
对于一个12岁的患者，出现两小腿皮肤米粒大小、鲜红色、微痒且触之碍手的斑疹，应该首选哪种中药方剂进行治疗？,消风散->可以治疗疾病->风热湿疹,0.69,可以治疗疾病
一位65岁的女性，患有冠心病和下壁心肌梗死，10年前因三度房室传导阻滞植入了VVI起搏器，起搏频率设定为72次/分。当前需要采取什么治疗措施？,VVI起搏器->可能患有疾病->心房失同步,0.58,可能患有疾病
一名65岁男性患者突发呼吸困难，双肺可闻及哮呜音，既往有哮喘及冠心病史，针对这种情况，哪种药物最适宜用来缓解患者的症状？,氨茶碱->常用药品->不增加心脏负担,0.83,常用药品
对于出现周期性下腹痛半年余且无月经来潮的青春期女性，首先应进行哪项检查以便于准确确认问题？,下腹痛->症状->尿路感染,0.56,症状
对于一位45岁女性患者，出现突发持续性中上腹痛2小时，伴向背部放射和频繁呕吐，体检发现腹部平软但有压痛和反跳痛，心电图显示心房纤颤，化验白细胞计数为15×10^9/L，针对这些症状和检查结果，哪个进一步检查最有助于确诊？,腹痛->常用药品->吗啡,0.14,常用药品
42岁女性患者，症状包括厌食、乏力、肝区痛5天伴随尿色加深，检查结果显示ALT 400U，总胆红素50μmol/L，确诊为急性黄疸型病毒性肝炎。在这种情况下，最主要的治疗措施应该是什么？,急性黄疸型病毒性肝炎->并发症->消化道出血,0.67,并发症
一位42岁的女性患者甲状腺部位疼痛并出现结节，血沉加速，甲状腺摄131I率明显下降，经泼尼松治疗后，临床症状迅速消失。这种情况最可能诊断为何种甲状腺疾病？,甲状腺疼痛+131I摄取率低->可能患有疾病->亚急性甲状腺炎,0.91,可能患有疾病
对于一名28岁女性患者，表现为胸膈胀闷、上气喘急、心下痞满、不思饮食、腹满胀痛、大便秘结、嗳气，脉弦，您会优先考虑使用哪种中药来改善她的症状？,气虚->治疗方法->黄芪,0.19,治疗方法
某女性患者婚久不孕，伴有月经先期、量少色红，头晕眼花，腰膝酸软，午后低热，性情急躁，舌质偏红，苔少，脉细数等症状，诊断其主要病证为何？,肾阴虚->症状->月经先期量少,0.72,症状
对于一名26岁已婚女性，停经49天后行人工流产术，术后一个多月阴道出现淋漓出血，妇科检查显示子宫饱满、稍软、活动良好，彩色B超检查显示宫腔线清晰、前壁肌层有局灶性丰富血流信号，若要进一步明确诊断，应该首先选择哪种辅助检查？,人工流产术后并发症->检查方法->阴道镜检查,0.74,诊断检查
经来先期量多、色紫红、质黏稠，伴心烦面红口干，小便黄，大便燥结，舌红苔黄，脉滑数，选用哪种方剂？,血热->并发症->月经过多,0.12,并发症
一名26岁未产妇女，停经48日后出现阴道少量流血伴右下腹隐痛。今晨突然感到右下腹剧烈疼痛就诊。经过体格检查和相关化验检查，描述其体征和化验结果后，请问该患者最可能的诊断是什么？,异位妊娠->症状->右下腹疼痛,0.74,症状
一名5岁男孩患有驼背、疼痛5个月，并伴有消瘦、贫血和无神经症状，检查发现双肺浸润性结核和6~8胸椎结核伴椎旁脓肿，血沉为112 mm/h。在进行支持疗法及全身抗结核治疗的同时，应该首先采取什么方法来护理该患儿以帮助缓解症状并促进康复？,胸椎结核->并发症->椎旁脓肿,0.09,并发症
对于一位36岁初产妇，孕38周曾有不孕症病史，出现阵发性腹痛和见红，宫高40cm，腹围126cm，超声提示双顶径10.2cm，单胎，羊水指数20.6cm，在糖耐量试验正常的情况下，最佳的分娩方式是什么？,初产妇->治疗方法->刨宫产,0.82,治疗方法
针对有先天性心脏病史的3岁女孩，出现不规则发热、头痛3周、偶伴呕吐、右Barbinski征阳性及血WBC 18×10^9/L，N 0.86，L 0.14的情况，除了原有心脏体征及扁桃体Ⅱ度肿大伴黄白色渗出外，最可能合并什么疾病？,脑脓肿->症状->右Barbinski征阳性,0.83,症状
一名72岁男性因皮肤、巩膜黄染进行性加重伴消瘦、乏力2个月入院，入院后病人时有寒战及发热现象。在诊疗计划中，哪项检查对于明确病因最不重要？请解释理由。,黄疸->症状->寒战,0.52,症状
一名3个月大的女婴，进行混合喂养，腹泻持续50天，大便每天4到5次，是黄色稀糊状，食欲和精神状态正常，体重为6.8公斤。基于这些症状，你认为这个患儿的最可能诊断是什么？,腹泻->检查疾病->肠道感染,0.11,诊断检查
根据患者的症状，如发热、关节痛、乏力、恶心，以及实验室检查结果显示尿蛋白增加、红细胞及白细胞升高、血肌酐升高、P-ANCA阳性、胸片显示双下肺纹理增多，结合上述临床表现和实验室结果，患者最可能的诊断是什么？,系统性红斑狼疮 -> 易患人群 -> 青年女性,0.51,易患人群
一名50岁女性患者，身高154cm，体重62kg，因外阴瘙痒就诊，血糖检测结果为13mmol／L，尿糖结果为(++)，血象正常。根据患者的情况，最适宜的治疗方案是什么？,糖尿病->治疗方法->口服降糖药,0.51,治疗方法
某30岁女性患者在夏季外感后出现头痛胀痛、发热、口渴、小便黄、苔黄、脉浮数症状。在针灸治疗中，针对大椎穴，应该选择哪种具体的针刺方法？,风热感冒->症状->头痛,0.65,症状
4岁7个月男孩，右上后牙疼痛1天，体检发现远中邻面龋，叩诊反应微弱，X线显示深龋近髓，最可能的诊断是什么？,牙髓坏死->诊断检查->影像学检查,0.18,诊断检查
一位28岁女性在葡萄胎清宫术后3年，分娩一男婴8个月后，出现咳嗽、咯血和右胸部隐痛，胸部X线片显示两肺棉絮样阴影且β-HCG明显增高。针对这种情况的治疗，应首选什么处理方案？,免疫疗法->治疗方案->癌症治疗,0.51,治疗方法
一名40岁的女性患者，右桡骨远端疼痛已持续5个多月，并且局部有压痛。请结合其右腕关节的正侧位X光片，诊断出最可能的疾病是什么？,骨巨细胞瘤->症状->右桡骨远端疼痛,0.85,症状
一名28岁女性患者，四年间在活动后出现心悸气促症状，心尖区可闻及舒张期隆隆样杂音和二尖瓣开瓣音，超声心动图显示二尖瓣狭窄，无风湿活动和感染。针对这种病例，当前最适合的治疗方案是什么？,二尖瓣狭窄->治疗方法->经皮二尖瓣球囊成形术,0.85,治疗方法
一位45岁男性患者，有2年以干咳为主的间断咳嗽病史，每年秋季症状出现并伴有夜间憋气，使用多种药物抗感染治疗无效，且症状自行消失后又再次出现。体格检查和胸部X线片无异常，通气功能正常。为明确诊断，应该进行什么进一步的检查？,雷诺综合征->疾病描述->每年秋季症状加重,0.65,疾病描述
"男性25岁,鼻部疖肿一周前出现,3日前受挤压后症状加重,出现发烧、脉率增快、两眼周围红肿,局部压痛,血白细胞计数升高。这种情况最可能并发了什么病症?",支气管炎->常用药品->消炎止咳片,0.27,常用药品
28岁女性在停经70天进行人工流产术中，突然出现烦躁不安、寒战、咳嗽、呼吸困难等症状，应该首先应用哪种药物来处理这种情况？,羊水栓塞->治疗方法->肾上腺素,0.57,治疗方法
在55岁诊断为冠心病的男性患者，经过近2周治疗后出现心悸，脉律不齐，心电图示窦性心律，每分钟78次，频发房性早搏和短阵房速的情况下，哪一种药物不适用于治疗这种心律失常？,冠心病->并发症->心律失常,0.92,并发症
一位65岁的女性，患有冠心病和下壁心肌梗死，10年前因三度房室传导阻滞植入了VVI起搏器，起搏频率设定为72次/分。当前需要采取什么治疗措施？,心肌梗死->治愈概率->0.5,0.22,治愈概率
一名2岁的男性患者，出现口腔黏膜突发簇集的针头大小透明疱疹及溃疡，并伴有啼哭声、流涎和发热。这种情况的最可能诊断是什么？,辛辣食物->食物有害于疾病->水痘,0.09,食物有害于疾病
患者右上肢外伤后肩部疼痛，活动功能丧失，左手托右肘部。查体显示右肩方肩畸形，搭肩试验阳性，右上臂弹性固定于轻度外展位。根据这些症状，上臂最适宜的固定位置是什么？,肩部外伤->可能患有疾病->前脱位,0.79,可能患有疾病
根据患者的症状：干咳、喉痒、痰少粘连、痰中带血、口干等，以及舌质偏红、脉浮数等体征，确定最合适的中药方剂是什么？,桑杏汤->常用药品->桑叶,0.07,常用药品
怀孕3个月女性确诊疟疾，最适合用药？,疟疾->治疗方法->氯喹,0.88,治疗方法
根据临床表现：一名30岁女性，阴道不规则流血持续20天，并伴有咳嗽症状。半年前曾进行人工流产，术后吸出物中看到绒毛组织。妇科检查发现子宫大小如40天妊娠，质地柔软，且双侧附件区各有约5cm的囊性包块。胸部X光显示双侧中下野多发棉球状阴影。请指出此患者最可能的诊断。,咳嗽->传染性->肺结核,0.08,传染性
患者男性，50岁，表现为头晕、乏力半年，发作性晕厥2个月，检查发现脾肋下5cm，血红蛋白200g/L，白细胞6.4×10⁹/L，血小板360×10⁹/L，中性粒细胞碱性磷酸酶强阳性，积分120分。应选用何种药物治疗？,血液系统疾病->常用药品->羟基脲,0.82,常用药品
30岁女性，面部水肿、疲倦，蝶形红斑，血沉65mm/h，尿蛋白三级阳性，抗核抗体和抗Sm抗体阳性。最可能诊断？,血沉升高->症状->炎症反应,0.54,症状
对于一名27岁的女性患者，她肋腹胀痛、攻窜不定并且疼痛随着饮食变化呈现时轻时重的特点，舌苔白且脉象弦，应如何搭配中药以缓解其症状？,舌苔白->症状->脾虚寒湿,0.68,症状
根据一名4岁女孩的临床表现：面色苍白持续6个月并加重1个月，低热及皮肤瘀点持续3周，补血药物无效治疗史，以及结合血常规和骨髓检查结果，最可能的诊断是什么？,皮肤瘀点->可能患有疾病->骨髓增生异常综合征,0.89,可能患有疾病
对于一名72岁男性患者，反复腹泻2个月，每天大便3至4次，为稀烂便，有少许黏液，偶有血便，但无明显里急后重且体重减轻不明显，最可能的诊断是什么？,结肠癌->可能患有疾病->慢性结肠炎,0.75,可能患有疾病
患者有10年糖尿病史，现出现眼睑及下肢浮肿、乏力、尿蛋白(++)及尿糖(+++)的症状，这种情况下该患者的糖尿病类型通常是什么类型？,糖尿病->并发症->糖尿病肾病,0.92,并发症
患者进行抗凝溶栓治疗后出现情绪低落和记忆力减退，最有价值的检查是什么？,抗凝溶栓治疗后->诊断->MRI脑部扫描,0.54,可能患有疾病
一名45岁女性患者左乳头溢血性液体，并在乳晕区可以触及直径约绿豆大小的结节。针对这种乳房的临床表现，为了明确诊断，应该首先进行哪种检查？,乳腺结节->诊断检查->乳腺钼靶,0.58,诊断检查
一名9岁男孩患者在外伤后出血不止，实验室检查显示白细胞5×10^9/L，血红蛋白110g/L，血小板101×10^9/L，出血时间正常，凝血时间正常，KPTT为80s（正常对照30s），可被正常血清纠正，但不能被钡吸附正常血浆纠正。根据这些临床和实验室检查结果，请给出该患者的诊断。,血友病B->治疗方法->抗凝药物,0.19,治疗方法
患者是一名50岁肥胖男性，经常感到胸闷、憋气和胸痛，有时疼痛会放射至背部，舌质紫暗而苔薄腻，脉象弦滑。在治疗过程中，应该选择哪种中药来缓解患者的症状？,气滞血瘀->治疗方法->益气活血,0.75,治疗方法
患者李某，72岁，症状包括头晕目眩、耳鸣、记忆力差等，舌质淡红体胖大，苔薄白，脉沉弦无力。结合这些症状和舌脉表现，适合的治疗方法是什么？,肝肾阴虚->并发症->头晕,0.69,并发症
一名20岁女性患者反复出现牙龈出血和月经量增多1年半，伴有轻度贫血，检查发现血小板低至30×10^9/L，出血时间延长但凝血时间正常，骨髓增生明显活跃且红系占30%，巨核细胞明显增多，同时骨髓内外铁减少。基于这些临床和检验结果，确定该患者的诊断。,免疫性血小板减少性紫癜->治疗科室->血液科,0.97,治疗科室
30岁男性，三年右腹股沟可复性包块，突然右下腹痛伴呕吐1天，阵发性加重，无排便排气。体检：全腹不胀，无肠型，右下腹压痛无反跳痛，肠鸣音稍亢进，偶尔气过水声，右腹股沟2cm×2cm×3cm韧性压痛包块，局部皮肤阴囊正常。诊断？,肠梗阻->症状->肠鸣音亢进,0.65,症状
一名9岁男孩患者在外伤后出血不止，实验室检查显示白细胞5×10^9/L，血红蛋白110g/L，血小板101×10^9/L，出血时间正常，凝血时间正常，KPTT为80s（正常对照30s），可被正常血清纠正，但不能被钡吸附正常血浆纠正。根据这些临床和实验室检查结果，请给出该患者的诊断。,血友病B->并发症->溶血,0.12,并发症
一名35岁男性患者，反复腹泻4年，大便中常见食物残渣，多次大便常规和培养均正常，肠镜检查结果如图所示。根据这些信息，应该采用哪种根本治疗方案来解决其腹泻问题？,胰腺外分泌功能不全->治疗方法->营养支持,0.51,治疗方法
一位39岁的女性曾因胎盘早剥大出血导致休克，经过抢救后成功脱险，但产后闭经已有3年，现在伴有生殖器萎缩、脱发和全身无力等症状。根据这些临床表现，她的闭经属于哪一种类型的闭经？,垂体损伤->治疗方法->激素替代治疗,0.51,治疗方法
对于一名3岁的室间隔缺损患儿，如果患者出现反复发热、咳嗽10余天，且胸片显示肺纹理增多及小片状阴影，基于这些症状和影像学表现，应该首先考虑诊断为哪种疾病？,肺炎->症状->胸片小片状阴影,0.82,症状
腹泻、腹痛、脉弦的患者应该使用什么药物进行治疗？,腹泻->常用药品->补中益气汤,0.63,常用药品
哪种药物属于高效利尿剂且耳毒性低，适用于有听力缺陷及急性肾衰竭患者？,急性肾衰竭->治疗方法->使用利尿剂,0.67,治疗方法
奚某，男，68岁，出现喘咳短气、痰多稀白、胸膈满闷、腰痛脚软、两下肢略有浮肿等症状，舌苔白滑，脉弦滑，这种状况应选用哪种中药方剂进行治疗？,喘咳->症状->活血化瘀方,0.18,症状
一名21岁的男性，近1周来突然感到乏力、厌食，并且右上腹隐痛。体检显示肝大肋下2cm，质中且有压痛。在怀疑为急性病毒性肝炎的情况下，应立即进行何种检查来确诊？,急性病毒性肝炎->诊断检查->抗-HAV IgM,0.86,诊断检查
在一位45岁男性患者由于大量失血需输入库血1200ml的情况下，为防止枸橼酸钠中毒反应，护士应该按医嘱静脉推注哪种药物?,鱼肝油->食谱有益于疾病->夜盲症,0.08,食谱有益于疾病
一名45岁妇女因性交后出血就诊，检查发现宫颈中度糜烂，子宫大小和活动情况正常，宫旁无异常，宫颈刮片巴氏Ⅲ级。术后证实有淋巴结转移，应采取哪种治疗措施？,性交出血->宜吃->高纤维食物,0.17,宜吃
58岁男性，咳嗽带血，骨蒸盗汗，腰酸，舌红少苔，脉细数。应选用中药方剂？,腰酸->症状->肾虚,0.08,症状
针对一名在胆管结石行内镜下Oddi's括约肌切开术后出现头晕、大汗的25岁男性患者，在查体发现脉率120次/分，血压100/70mmHg，上腹压痛及肌紧张的情况下，首选的检查方法是什么？,术后并发症->诊断检查->腹腔液体分析,0.86,诊断检查
一个50岁女性，绝经1年，出现阴道流血1个月，阴道细胞学检查显示不典型腺上皮纤毛细胞，其最可能的诊断是什么？,阴道细胞学检查->诊断检查->子宫颈癌,0.58,诊断检查
对于一位3个月的女婴，家长发现其左眼瞳孔区发白持续1个月。眼部检查显示双眼眼压正常，左眼角膜清澈，前房深度正常，瞳孔约2×2mm，对光反射灵敏，但晶状体白色浑浊且眼底无法窥查，在这种情况下，哪项检查最有助于进一步诊断？,晶状体浑浊->检查疾病->眼部B超,0.91,诊断检查
48岁的女性患者反复出现尿路感染，尿常规检查显示脓球(++)，卒腹血糖为7.5mmol/L。为了查清导致尿路感染的潜在原因，应进一步考虑进行哪项检查？,糖尿病->并发症->尿路感染,0.59,并发症
根据一名27岁女性患者的症状，包括跳舞后突发右下腹剧烈疼痛、伴恶心和畏冷，查体发现右附件区有一个5*6*4cm大小的囊性肿物，并且触痛明显，最可能的诊断是什么？,卵巢囊肿蒂扭转->症状->右下腹剧烈疼痛,0.91,症状
咳嗽咳痰、痰黄黏稠、痰中夹血、心烦易怒、胸胁刺痛、口干咽燥、舌红苔黄、脉弦数，应该使用哪个中药方剂进行治疗？,肺热痰火->常用药品->麻杏石甘汤,0.58,常用药品
42岁女性患者，晨起出现剧烈疼痛伴呕吐，昏倒30分钟后清醒。胸片检查显示肺部有半透明小圆形阴影。病史中有阴道少量不规则出血2个月，咳嗽、痰中带血10天，曾G4P1，顺产1次，人流3次，末次妊娠2年前。结合病史和检查结果，最可能的诊断是什么？,肺部结节->可能患有疾病->肺转移瘤,0.14,可能患有疾病
一名8岁男孩，左下后牙有洞，冷热刺激痛持续1年，疼痛在最近4天加重，尤其是昨晚，导致无法入眠。根据这些症状，最可能的牙科诊断是什么？,牙髓炎->常用药品->消炎镇痛药,0.06,常用药品
一位45岁的女性患者，出现明显腹胀，伴有呼吸困难且无法平卧。查体发现呼吸频率为24次/分，心率为110次/分，双肺未见啰音，但腹部显著膨隆并伴有液波震颤，肝脏未能触及，脾脏位于左肋下5.0厘米。针对这种情况下，哪种治疗方法是最适宜的？,腹水->治疗方法->抗生素治疗,0.62,治疗方法
高血压患者争吵后突然倒地昏迷，一侧瘫痪，口斜眼歪。应优先考虑哪种疾病？,脑出血->症状->偏瘫,0.88,症状
根据以下病情描述和实验室检查结果：38岁女性患者反复手指关节疼痛，并伴有面色苍白和乏力症状，实验室数据显示HGB为50g/L，白细胞和血小板均正常，血清铁为5.78μmol/L，铁蛋白为150μg/L，请问最可能的诊断是什么？,慢性病贫血->并发症->铁利用障碍,0.62,并发症
对于全身情况不宜手术治疗而采用骨牵引的70岁男性左股骨转子骨折患者，应该重点预防哪种并发症？,长期卧床->并发症->肺部感染,0.88,并发症
一名48岁的女性出现多饮、多尿和体重下降3个月。其身高158厘米，体重51公斤，尿糖（++++），尿酮（-），空腹血糖19.5mmol/L，HbA1c为9.5%。在这种情况下，应如何制定她的治疗计划？,2型糖尿病->治疗方法->胰岛素,0.63,治疗方法
26岁初产妇在产后第4天出现发热、双乳胀痛，体温为38.2℃，双乳出现红肿、血管淋巴充盈和硬结。此时应做何种治疗？,乳汁淤积->症状->发热,0.72,症状
根据患者的症状描述，包括高热、腹痛、腹泻、食欲减退、淡红色斑丘疹，以及骨髓涂片找到了印戒细胞，你认为该患者最可能的诊断是什么？,淡红色斑丘疹->症状->皮肤表现,0.19,症状
一位65岁女性患者，诊断为慢支炎急性发作，目前感染已控制，但双下肢仍水肿，仍有气促，心率大于120次/分，呼吸频率大于24次/分，双肺底可闻及湿性啰音，使用利尿剂无效。根据这位患者的病情，应选择什么治疗方案？,心功能不全->治疗方法->心力衰竭治疗,0.46,治疗方法
在一位45岁男性患者由于大量失血需输入库血1200ml的情况下，为防止枸橼酸钠中毒反应，护士应该按医嘱静脉推注哪种药物?,低钙血症->并发症->心律失常,0.64,并发症
对于一名12岁患儿，痫病发作10年且屡发不止，并伴有智力迟钝、记忆力差、少气懒言以及肢体不温等症状，舌淡苔白，脉沉细，哪种治疗方法最为适宜？,痫病->治疗方法->温阳健脾补肾,0.92,治疗方法
根据患者曾某，女，53岁的症状：脘腹胀满疼痛，不思饮食，四肢倦怠，舌苔自腻，脉沉弦，应该选用哪种传统中药方剂进行治疗？,脘腹胀满->可能患有疾病->脾胃虚寒,0.39,可能患有疾病
一名45岁女性患者，出现头痛和癫痫症状，CT检查显示右颞叶有一个2×3厘米类圆形低密度的囊样病变，边界尚清楚并伴有轻度增强。基于这些临床表现和影像学特征，这种病变最有可能是什么类型的肿瘤？,枸杞猪脑汤->食谱有益于疾病->癫痫,0.22,食谱有益于疾病
对于一位术后出现体温上升和轻度呼吸不畅的患者，胸片显示胸腔内有气液平，为了进一步诊断最重要的检查手段是什么？,胸腔气液平->检查疾病->胸腔穿刺,0.88,诊断检查
男性患者，24岁，近2年来有胸骨后疼痛感，饮食睡眠情况可，体重不减轻，行X线钡餐检查。根据检查结果，最有可能的诊断是什么？,食管憩室->症状->胸骨后疼痛,0.88,症状
根据一位42岁女性患者的病史和体征，其反复发作的黄疸在劳累后发作20年，无发热、腹部不适、食欲不振，小便颜色正常，巩膜轻度黄染，且化验显示总胆红素升高但1分钟胆红素正常，其他检查结果无异常。请问，这位患者最可能患有什么疾病？,Gilbert综合征->症状->劳累后黄疸发作,0.85,症状
如果患者在过去一个月内频繁出现头痛，每周发作3至4次，并且口服奈普生无法很好地缓解疼痛，为了终止头痛的急性发作，应选用哪种药物？,偏头痛->常用药品->舒马普坦,0.87,常用药品
一位45岁的男子，有5年胃痛病史，遇饮食生冷或劳累则发作，痛呈阵发性，空腹时较重，食后减轻。两天前因气候寒冷再发，症见上腹隐痛，喜温喜按，偶尔泛吐清水，精神疲倦，四肢欠温，舌淡苔白，脉虚弱。若其伴有形寒肢冷、腰膝酸软的症状，应使用哪种药方进行治疗？,胃虚寒->治疗方案->四君子汤,0.65,治疗方法
8岁女孩因左耳垂下肿痛、发热伴腹痛、呕吐入院，体温39℃，左侧腮腺有压痛，存在左上腹部轻压痛。为了确诊，应进行何种辅助检查？,流行性腮腺炎->诊断检查->流行性腮腺炎IgM抗体检测,0.84,诊断检查
78岁女性患者数月的症状表现为口腔内多数牙受到冷、热刺激时酸痛，并在鼻咽癌放射治疗后出现口腔内牙颈部环状龋损。根据这些临床表现，如何诊断这种牙病变？,放射性龋齿->症状->牙齿酸痛,0.22,症状
一名28岁男性，烧伤面积为Ⅱ度以上40％，出现休克，最可能是哪种类型的休克？,休克->可能患有疾病->低血容量性休克,0.88,可能患有疾病
肾移植术后36小时，患者出现少尿、血肌酐持续升高，并伴有高热和寒战，应首先考虑什么病情？,肾移植术后->并发症->急性排斥反应,0.89,并发症
一位40岁女性，体型偏胖，近2年反复出现清晨不易唤醒的情况，喝糖水后可以缓解，并且发作逐渐频繁。根据这些症状，最可能的诊断是什么？,清晨不易唤醒->症状->嗜睡症,0.17,症状
一位45岁的男子，有5年胃痛病史，遇饮食生冷或劳累则发作，痛呈阵发性，空腹时较重，食后减轻。两天前因气候寒冷再发，症见上腹隐痛，喜温喜按，偶尔泛吐清水，精神疲倦，四肢欠温，舌淡苔白，脉虚弱。若其伴有形寒肢冷、腰膝酸软的症状，应使用哪种药方进行治疗？,胃虚寒->治疗方案->人参健脾汤,0.78,治疗方法
根据患者的症状：心悸不宁，心烦少寐，头晕目眩，手足心热，口干口渴，耳鸣腰酸，舌红，少苔，脉细数，应该选用哪种中药材配伍治疗？,阴虚火旺->治疗方法->清心火,0.78,治疗方法
某肺心病患者在急性加重期治疗后病情好转，但出现躁动、手足抽搐，血清钾及氯均降低，HCO₃⁻为38mmol/L，二氧化碳分压为40mmHg。这种情况下，患者可能出现了什么病理变化？,代谢性碱中毒->治疗方法->补钾治疗,0.76,治疗方法
"28岁女性患者反复水肿4年，并伴有近日厌食、恶心、齿龈出血、排柏油样便及逐渐昏迷症状，血压为170／100 mmHg，双下肢散在出血点，呼吸深大，Hb为70g／L, 血小板为70×10⁹/L，且1年前曾患肝炎。为了尽快明确诊断，哪项血液检查最有意义？",尿素氮+肌酐->检查方法->贫血检测,0.68,诊断检查
一名45岁女性患者，出现头痛和癫痫症状，CT检查显示右颞叶有一个2×3厘米类圆形低密度的囊样病变，边界尚清楚并伴有轻度增强。基于这些临床表现和影像学特征，这种病变最有可能是什么类型的肿瘤？,星形细胞瘤->治疗方法->伽玛刀,0.11,治疗方法
一位48岁的女性患者因左侧颈部包块伴有发热1个月余住院，活检镜下见弥漫性大细胞，免疫组化提示B细胞来源，发现脾肋下5厘米，肝不大，骨髓穿刺涂片内含13%淋巴细胞。请问该患者的临床分期是？,颈部包块->可能患有疾病->恶性淋巴瘤,0.75,可能患有疾病
根据患者的症状表现，包括失眠多梦、健忘、心悸、头晕和盗汗，结合舌苔薄白、脉细弱的特征，应该首选哪种中药进行治疗？,失眠->常用药品->酸枣仁汤,0.85,常用药品
对于一个2岁的孩子，出现形体消瘦、面色萎黄、毛发稀疏、食欲不振、易发脾气、大便不调且有酸臭味、尿如米泔等症状，并体重仅10kg，舌质淡红舌苔薄白时，应首先考虑是哪种中医诊断？,疳证->诊断->疳气,0.92,可能患有疾病
一名5岁男孩出现面部和外生殖器皮肤颜色加深、智力退化、行走困难以及无热惊厥等症状，体检发现全身皮肤呈褐色、四肢肌张力高、膝反射亢进及双侧巴氏征阳性。这种疾病最可能的遗传方式是什么？,肾上腺脑白质失养->诊断检查->神经功能测试,0.58,诊断检查
某肺心病患者在急性加重期治疗后病情好转，但出现躁动、手足抽搐，血清钾及氯均降低，HCO₃⁻为38mmol/L，二氧化碳分压为40mmHg。这种情况下，患者可能出现了什么病理变化？,代谢性碱中毒->并发症->高血糖,0.18,并发症
描述一个6岁女童的病例，她于1月13日入院，症状包括畏寒、高热、头痛、呕吐、昏迷、大片淤斑、颈强直及不规则呼吸节律，并观察到左侧瞳孔直径大于右侧。她的血液检查结果为白细胞19.0×10^9/L，血压8/5.5kPa (60/40mmHg)。请根据这些信息，判断最可能的诊断是什么？,脑膜炎球菌败血症->治疗方法->抗菌治疗,0.08,治疗方法
25岁男性患者，发热3天，体温38℃，左胸痛，查体发现左胸下部可闻胸膜摩擦音。根据这些症状和体征，诊断应是什么？,肺炎->并发症->干性胸膜炎,0.65,并发症
针对一名30岁男性患者，出现恶寒发热、肌表无汗、头痛项强、肢体酸楚疼痛、口苦而渴、苔白、脉浮等症状，应优先选择哪种中药治疗？,葛根汤+小柴胡汤->治疗方法->解表+和解少阳,0.78,治疗方法
一名30岁男性，经历阵发性心悸10年，每次发作持续时间从半小时到3小时不等，此次心悸发作已持续半小时来就诊。检查显示血压为90/60mmHg，心率为200次/分钟，心律绝对规则，无杂音，肺部无异常。请问在这种情况下，最适合的治疗措施是什么？,心率增快->检查疾病->心律失常,0.87,诊断检查
患者症见肢节烦疼、肩背沉重，舌苔白腻微黄，脉濡数，内蕴湿热，外受风邪，此时应选用哪种中药方剂进行治疗？,当归拈痛汤->症状->湿热引起的关节疼痛,0.35,症状
一位25岁的女性患者近一周出现双侧枕部中度钝痛，站立行走时头痛加重，卧床休息时头痛减轻或消失。这种头痛最可能的原因是什么？,自发性颅内低压->治疗方法->抗生素,0.22,治疗方法
请问对于一名45岁男性患者，体检结果显示血压150/96mmHg，心率80次/分，血糖8.0mmol/L，糖化血红蛋白8.0%，血蛋白酶500μmol/L，首选哪种降压药物？,高血压->常用药品->依那普利,0.85,常用药品
根据以下症状：发热有汗不解、口渴不欲多饮、胸闷气粗、入夜烦躁、梦语如谵、恶心呕吐、小溲短赤、舌苔黄腻、脉濡数，该患者的病证类型是什么？,暑湿弥漫三焦->症状->口渴不欲多饮,0.85,症状
患者表现恶寒发热，无汗，鼻流清涕，咳嗽痰多，气短懒言，倦怠乏力，苔白脉弱。首选治疗方剂？,鼻流清涕->症状->感冒,0.09,症状
对于手术后反复胸痛、伴轻度呼吸功能不全的左肺癌患者，若使用解热消炎镇痛药效果不佳，考虑使用中枢性镇痛药进行治疗，应选择哪种口服药物？,左肺癌->症状->呼吸困难,0.69,症状
一名37岁男性，行胃癌根治术后一个多月，反复上腹胀和呕吐十天。请描述该患者所接受的具体根治术类型。,上腹胀->推荐食谱->小米粥,0.09,推荐食谱
一位32岁的男性患者在8月20日来诊，出现发热、头痛伴呕吐2天和意识障碍半天，体温39.6℃，颈抵抗（＋），Kerning征（＋），Babinski征（＋），血液中白细胞计数为16.0×10^9/L。请结合以上症状和检查结果，诊断该患者可能患有什么疾病？,心血管疾病->症状->意识障碍,0.08,症状
对于一位80岁女性患者，长期患有喘息症状，伴随气短、心慌、耳鸣、腰膝酸软等表现，尤其在体力活动和劳累后症状加重，治疗上应选用哪种方剂来首选应对该患者的情况？,气阴两虚->常用药品->金水六君煎,0.82,常用药品
44岁男性，小细胞肺癌，脑CT示两个孤立病灶，体力良好，应选择哪种治疗方案？,脑转移->治疗方法->化疗,0.03,治疗方法
根据尿频尿痛、尿中白细胞增多、小腹胀痛和苔黄脉滑数的症状，这位23岁女性患者应选用哪种中药方剂进行治疗？,辣椒->食物有害于疾病->尿路感染,0.25,食物有害于疾病
一名68岁男性，患有慢性支气管炎和肺气肿十余年，近三天内咳嗽、气急加重，并有黄色痰液。痰涂片显示球状革兰阴性小杆菌。根据这些信息，该患者可能的病原体是什么？,抗生素治疗->推荐药物->阿莫西林克拉维酸钾,0.59,常用药品
对于一名32岁的女性，产后5个月完全哺乳，无月经，且以往月经规律，要求放置宫内节育器，在避孕咨询中不需要进行哪项检查？,内分泌功能检查->诊断检查->必要检查,0.84,诊断检查
对于一位45岁女性患者，出现突发持续性中上腹痛2小时，伴向背部放射和频繁呕吐，体检发现腹部平软但有压痛和反跳痛，心电图显示心房纤颤，化验白细胞计数为15×10^9/L，针对这些症状和检查结果，哪个进一步检查最有助于确诊？,中上腹痛->诊断检查->CT血管造影,0.59,诊断检查
一名2岁患儿已患肺炎1周，近日全身中毒症状加重，并出现高热持续不退、呼吸困难加重、频繁咳嗽、面色发绀和低血压。综合这些症状，最有可能的诊断是什么？,脓胸->治疗方法->胸腔引流,0.37,治疗方法
一名72岁男性因皮肤、巩膜黄染进行性加重伴消瘦、乏力2个月入院，入院后病人时有寒战及发热现象。在诊疗计划中，哪项检查对于明确病因最不重要？请解释理由。,黄疸->常用检查->CT扫描,0.73,诊断检查
根据患者的症状，如昏迷、不省人事、牙关紧闭、两手握固、面赤身热、躁扰不宁、大便小便闭、舌红苔黄腻、脉弦滑而数，请问该患者的诊断是什么？,中风阳闭证->症状->躁扰不宁,0.83,症状
一名20岁的女性患者跌倒时右上唇的疖肿受到碰击，2小时后突然出现寒战﹑高热，面部高度肿胀，尤其是两眼附近的软组织肿胀最为明显。这种症状表现应该考虑是哪种疾病？,败血症->症状->寒战,0.51,症状
一名57岁男性患者，患有慢性肝炎超过8年，目前症状为右胁下出现质地稍硬且固定不移的积块，按压时感到胀痛，伴有形体消瘦、食欲减退、面色晦暗、舌质暗以及脉细涩。根据这些症状，应选用哪种方剂进行治疗？,膈下逐瘀汤->治疗方法->活血化瘀,0.91,治疗方法
一名56岁男性患者，经历2个月间断无痛全程肉眼血尿，体检结果显示肾区无叩痛，尿检红细胞充满每高倍镜视野，并且静脉尿路造影显示右肾盂有充盈缺损，这些症状和检查结果最可能提示该患者患有什么疾病？,尿路上皮癌->症状->腹部疼痛,0.18,症状
针对一名30岁男性患者，出现恶寒发热、肌表无汗、头痛项强、肢体酸楚疼痛、口苦而渴、苔白、脉浮等症状，应优先选择哪种中药治疗？,葛根汤->治疗方法->解表祛风寒,0.91,治疗方法
一位57岁男性，患有慢性阻塞性肺疾病12年，最近一周咳嗽气喘加重，出现明显发绀和烦躁，血气分析结果为pH7.39，PaO2 40mmHg，PaCO2 70mmHg。经过积极治疗效果不佳，可能发生哪些严重并发症？哪一种并发症是不会发生的？,高碳酸血症->可能患有疾病->肺性脑病,0.78,可能患有疾病
患者出现腹大胀满，撑胀不甚，下肢水肿，神疲面青，小便不利，舌淡，边有齿印，苔厚腻水滑，脉沉弱等症状，治疗此证宜用哪种中药方剂？,水湿内停->常用药品->五苓散,0.81,常用药品
请根据以下症状描述，指出最可能的诊断是什么：8岁患儿，持续4周水肿、少尿，体检显示血压反复在130～140／90～98 mmHg之间，眼睑水肿无法睁开，腹水征阳性，尿蛋白(+++)，尿红细胞每高倍视野12个，血白蛋白15g／L，血胆固醇6.5 mmol／L。,高血压->并发症->心力衰竭,0.22,并发症
一位32岁的男性患者在8月20日来诊，出现发热、头痛伴呕吐2天和意识障碍半天，体温39.6℃，颈抵抗（＋），Kerning征（＋），Babinski征（＋），血液中白细胞计数为16.0×10^9/L。请结合以上症状和检查结果，诊断该患者可能患有什么疾病？,病毒性脑炎->症状->意识障碍,0.57,症状
对于一位46岁男性患者，出现心悸气短症状12年，并在心尖部听到舒张期隆隆样杂音，请描述心尖内侧听诊时可能出现的异常声音。,二尖瓣狭窄->症状->心悸气短,0.65,症状
根据24岁男性患者间断胸痛、低血压、身体特征（如蜘蛛指、漏斗胸）和心脏超声检查结果，确定导致其主动脉夹层的易患因素是什么？,主动脉夹层->治疗方法->血压管理,0.42,治疗方法
一位46岁女性有3年高血压病史，服用降压药钙拮抗剂，血压控制不满意，出现下肢乏力，尤其长时间行走时，B超检查发现右肾上腺有直径2cm的占位病变。在手术前准备期间，为改善和控制她的高血压，应首选哪种口服药物？,高血压->常用药品->螺内酯,0.88,常用药品
一名2岁男孩突然出现皮肤瘀斑瘀点，颜色鲜红，伴有齿衄、鼻衄、尿血等症状，面红目赤，心烦口渴，便秘尿少，舌红苔黄，脉数。在这些症状表现下，应选用哪种方剂进行治疗？,血热->治疗方法->清热解毒,0.78,治疗方法
一名50岁女性患者，在触摸左颊黏膜时感觉到左颊和左下唇出现电击样剧痛，持续数秒钟，卡马西平治疗对其有效。请问该患者最可能的诊断是什么？,三叉神经痛->症状->电击样剧痛,0.29,症状
一位57岁女性绝经3年，近2个月出现少量阴道流血，伴随下腹胀痛。经过盆腔冲洗液检查发现癌细胞，快速病理显示为透明细胞癌，侵及子宫肌层最深处达到1/2。根据FIGO2009的标准，她的癌症分期应该是什么？,透明细胞癌->治疗方法->手术治疗,0.59,治疗方法
一位23岁的女性患者，经期后小腹隐痛，空坠喜按，月经量少，色淡质稀，神疲乏力，面色无华，舌淡，脉细无力，请问应该首选哪种中药方剂进行治疗？,气血不足->常用药品->补气养血中药,0.82,常用药品
一名10岁的男性患有急性淋巴细胞性白血病，并出现双侧视物模糊。检查发现双侧视神经扩大、隆起，伴有出血和棉絮斑，提示急性白血病性视神经浸润。在这种情况下，应采取哪种紧急治疗方案以挽救视力？,急性白血病->治疗方法->糖皮质激素,0.72,治疗方法
"陈某, 男, 65岁, 长期咳喘且冬季病情加重，痰多为白色，胸闷，腰膝酸冷，活动时感心悸伴随出汗，舌苔白腻且舌体略胖，脉沉细滑。请根据这些症状描述判断其病机是什么？",肾阳虚->症状->腰膝酸冷,0.85,症状
根据患者呈现的症状和体征，包括劳力性心悸、气促、持续高热不退、心尖区全收缩期杂音及舒张中期杂音，还有血液检查白细胞增高和中性粒细胞比例较高等情况，可以诊断患者可能并发了什么疾病？,感染性心内膜炎->诊断检查->血液白细胞增高,0.82,诊断检查
一位48岁男性患者，具有15年高血压病史，现在突然出现剧烈的胸背部疼痛，伴有面色苍白。体检发现其脉搏为88次/分，血压为170/120mmHg，心电图正常。请问该患者最有可能被诊断为何种疾病？,主动脉夹层->检查方法->心电图,0.57,诊断检查
请根据以下症状描述，确定最可能的诊断：一名23岁的女性患者出现左眼睁眼困难，视物成双，症状在午后加重而清晨消失，无头痛或头晕。神经系统检查显示双瞳孔直径3mm，对光反应正常，但左眼上睑下垂，眼球向上、向下和内收运动受限，其他神经系统未见异常。,重症肌无力->治疗方法->免疫抑制药物,0.33,治疗方法
根据8岁患儿在春节期间因上感，注射青霉素40万单位后5小时出现高热、头痛、前胸出血点、低血压的情况，诊断最可能是什么？,青霉素过敏反应->治疗方法->过敏性反应处理,0.78,治疗方法
根据以下信息，给出患牙的最可能诊断：一位28岁女性，左下后牙进食时疼痛半年，常在食物进入洞后加剧，左下第一磨牙咬合面出现深龋，洞内有粉红色息肉状物。探诊时略感敏感，叩痛呈阳性，冷测反应迟钝，并能探及牙周袋。,牙髓坏死->症状->无痛,0.09,症状
患者张某，女，60岁，表现为低热多日，伴有头晕眼花、身倦乏力、心悸不宁，以及面白少华、唇甲色淡、舌质淡、脉细弱的症状，请问她的证型是什么？,血虚->症状->头晕眼花,0.23,症状
一名28岁女性患者有4年反复水肿病史，最近一个月出现厌食、恶心、齿龈出血，且近1日解柏油样大便并逐渐昏迷。其血压为21.3／13.3kPa(160／100mmHg)，血红蛋白为70g／L，血小板计数为7×10^9/L。一年前该患者曾患肝炎现已痊愈。请你指出为了尽快明确该患者的诊断，哪项血液检查最有意义，并说明理由。,肝硬化->并发症->门静脉高压,0.14,并发症
该患者入院后经过清创，考虑到烧伤部位为头面、颈、会阴、臀部及下肢深度烧伤，局部创面应采用哪种处理方法？,烧伤->易患人群->老年人,0.25,易患人群
针对一位80岁女性患者，有20年高血压史和痛风史，目前血压为180/90mmHg，心率52次/分，心律规则，心脏各瓣膜无杂音，血肌酐为100μmo1/L，血钾正常的情况，最适合的降压治疗方案是什么？请说明理由。,高血压->常用药品->氨氯地平和缬沙坦,0.22,常用药品
肾移植术后36小时，患者出现少尿、血肌酐持续升高，并伴有高热和寒战，应首先考虑什么病情？,肾移植术后->治疗方法->预防性抗排斥治疗,0.13,治疗方法
一个8岁男孩出现头痛，CT显示松果体区有结节状稍高密度影，并出现明显增强，且侧脑室室管膜增厚。根据这些临床和影像学特征，这名男孩最可能患有什么类型的肿瘤？,生殖细胞瘤->忌吃->高糖高脂食物,0.13,忌吃
在重症乙脑患者病程中，如果患者出现双侧瞳孔大小不等、呼吸节律不齐、血压上升和肌张力增强的情况下，应首先采取什么急救措施来缓解这些症状？,乙脑->常用药品->甘露醇,0.91,常用药品
根据患者的症状和检查结果，特别是症状如突起畏寒、高热、头痛、结膜充血、颈部抵抗感、腹股沟淋巴结肿大、腓肠肌压痛，以及脑脊液检查数据，如何诊断此患者的疾病？,钩端螺旋体病->诊断检查->脑脊液检查,0.72,诊断检查
一位68岁男性，有高血压病史超过10年，心率56次/分，血压160/90mmHg，血肌酐水平为365μmol/L。在这种情况下，哪种降压药物最适合首先使用？,氨氯地平->治疗科室->心血管内科,0.12,治疗科室
一名58岁男性患者，有5年糖尿病史，服用格列本脲，但在近期出现尿频、尿痛、尿急，并于昨天昏迷。其化验结果显示空腹血糖为24.0mmol/L，血钠为148mmol/L，血尿素氮为7.08mmol/L，尿糖为+++，尿酮为++。根据这些症状和化验结果，应诊断为何种病症？,糖尿病酮症酸中毒->症状->意识障碍,0.71,症状
一名42岁的女性佩戴活动义齿一周后，与基托吻合部的黏膜出现灼痛感，停戴义齿后症状缓解，再次使用又出现同样的症状。这种症状的最有可能的诊断是什么？,接触性口炎->治疗方法->检查义齿吻合度,0.37,治疗方法
根据一名45岁女性患者的症状：咳嗽十余天，近三天喘促不宁，痰涎壅盛，潮热，便秘，舌苔黄腻，脉右寸实大，应使用哪种中医方剂进行治疗？,宣白承气汤->治疗方法->清热化湿,0.78,治疗方法
一名38岁男性患者表现出脐周疼痛和间歇性腹泻持续3个月，粪便暗红色且有腥臭味。显微镜检显示大量红细胞、少量白细胞及夏-雷结晶。根据这些临床表现，最可能是哪种诊断？,腹泻->推荐食谱->清淡蔬菜汤,0.07,推荐食谱
一名28岁女性因车祸受伤来院，检查发现右下肢短缩，髋关节屈曲、内收、内旋畸形，X线显示髋关节后脱位但无骨折，应该采用何种治疗方法来处理这些损伤？,髋关节脱位->诊断检查->X线检查,0.27,诊断检查
一位30岁的女性表现出咽痛干痒、异物感、干咳少痰、颧红、潮热、耳鸣和多梦等症状，舌红苔少，脉细数。根据以上症状特征，宜选用的基础方剂是什么？,口干->宜吃->梨,0.14,宜吃
一位28岁女性在葡萄胎清宫术后3年，分娩一男婴8个月后，出现咳嗽、咯血和右胸部隐痛，胸部X线片显示两肺棉絮样阴影且β-HCG明显增高。针对这种情况的治疗，应首选什么处理方案？,局部放疗->治疗方案->癌症管理,0.32,治疗方法
42岁男性，乏力低热3个月，青霉素环丙沙星治疗无效，有静脉吸毒史，最可能感染病原体是什么？,抗生素治疗->治疗方法->细菌感染,0.51,治疗方法
一名45岁的女性在接受腰麻后4小时内出现烦躁不安，测量血压、脉搏和呼吸均正常。查体显示下腹部膨隆且叩诊呈浊音，请问这种情况下最可能的诊断是什么？,尿潴留->症状->下腹部膨隆,0.87,症状
一名76岁的男性患者突发表现为“糊涂，忘事”，反应迟钝，通过MRI检查后，你认为最可能的诊断是什么？,糊涂、忘事->症状->代谢紊乱,0.65,症状
一名35岁的女性在进行甲状腺次全切手术后，出现高热、心率160次/分、烦躁不安、大汗淋漓和腹泻等症状。在这种情况下，应考虑的最可能诊断是什么？,甲状腺危象->并发症->心力衰竭,0.66,并发症
一位32岁的女性左乳头溢液呈酱红色，并发现左乳晕旁有肿块。请问在这种情况下，目前最有诊断价值的检查方法是什么？,乳腺导管镜检查->诊断方法->乳腺病变,0.92,诊断检查
患者盛氏表现出全身浮肿，尤以身体下半身为重，伴有腹胀、喘满、二便不利，脉象为沉实有力。请问应选用哪种中药方剂进行治疗？,水肿->治疗方法->健脾益气,0.52,治疗方法
根据患者出现喘逆严重、张口抬肩、鼻翼煽动、呼吸困难、不能平卧、心悸、烦躁不安、面唇青紫、汗出眩冷、脉浮大无根的症状，该病例的中医诊断是什么？,喘脱证->症状->喘逆、张口抬肩,0.88,症状
根据以下信息，患者可诊断为何种类型的高脂血症：患者女性，39岁，有皮肤黄色斑块10年，伴随胸闷2年和反复发作的胸痛1年。心电图显示心肌缺血，血压138/90mmHg，心率74次/分，节律齐，无心脏杂音。她的双侧上眼睑有扁平黄色瘤，手指和足跟肌腱处见结节状黄色瘤，两眼有明显的角膜弓。血脂测定结果为：TC 12.3mmol/L，TG 1.5mmol/L，HDL-C 1.2mmol/L，LDL-C 8.0mmol/L。家族史显示母亲有冠心病，父亲有高血压，兄妹中一个有胆固醇增高。,家族性高胆固醇血症Ⅱa型->并发症->高血压,0.21,并发症
一名40岁的女性患者，头痛持续2年，CT显示右小脑桥脑角处有一个4×5cm的囊实性占位性病变，并跨越到鞍旁，实性部分显示增强，内听道正常。根据这些症状和影像学表现，这种病变最可能是什么类型的肿瘤？,囊实性占位性病变->疾病描述->三叉神经鞘瘤,0.57,疾病描述
根据10岁女孩的症状：胸背部疼痛3天伴随两下肢进行性无力和尿潴留，上肢肌力正常但下肢肌力为0、肌张力低、腱反射消失，病理反射未引出，第5胸椎水平以下深浅感觉消失，膀胱充盈脐下3厘米，临床上如何诊断该病情？,急性横贯性脊髓炎->症状->下肢无力、尿潴留、感觉缺失,0.93,症状
根据2岁儿童出现的症状：发热4天，伴咳嗽、流涕，眼结合膜充血、流泪，耳后、颈部、发际边缘出现稀疏不规则红色斑丘疹，疹间皮肤正常以及40℃的高烧，判断该儿童最有可能患上什么疾病？,麻疹->症状->高烧和红色斑丘疹,0.88,症状
一名53岁男性患者出现高热、寒战和背痛超过半个月，结合影像学检查，你认为最可能的诊断是什么？,高热->可能患有疾病->脓毒性脊椎炎,0.84,可能患有疾病
一位10岁出现高热、嗜睡呕吐、抽搐昏迷等症状并有不洁饮食史的患儿，脑脊液检查结果显示压力量大、Pandy氏反应为（±）、白细胞计数高，依据这些症状和检查结果，若需要尽早确诊为乙型脑炎，应进行哪项特异性检查？,乙型脑炎->常用药品->抗病毒药物,0.37,常用药品
患者出现腹大胀满，撑胀不甚，下肢水肿，神疲面青，小便不利，舌淡，边有齿印，苔厚腻水滑，脉沉弱等症状，治疗此证宜用哪种中药方剂？,脾肾阳虚->治疗方法->附子理中汤合五苓散,0.92,治疗方法
42岁女性，月经规律，轻微痛经，间断性下腹痛2年，反复发作伴腰酸无腥臭阴道分泌物。超声显示左附件区囊性条索状回声，近期腹痛加重，囊实性肿物增大，CA125为269IU/ml。最可能诊断是什么？,子宫肌瘤->症状->痛经,0.14,症状
对于全身情况不宜手术治疗而采用骨牵引的70岁男性左股骨转子骨折患者，应该重点预防哪种并发症？,肺炎->治疗方法->抗生素治疗,0.74,治疗方法
患者症见肢节烦疼、肩背沉重，舌苔白腻微黄，脉濡数，内蕴湿热，外受风邪，此时应选用哪种中药方剂进行治疗？,当归拈痛汤->并发症->脾胃湿热,0.21,并发症
对于一名31岁的女性患者，她十年前患有肝炎并已治愈，一年前出现脾大和轻度食道下段静脉曲张，偶尔乏力但尚能工作，且没有呕血或黑便史，最合适的治疗方法是什么？,门静脉高压->推荐食谱->高维生素低盐饮食,0.13,推荐食谱
对于一名6个月大的婴儿患者，在经历腹泻2天后症状有所缓解，当天大便减少至7-8次，已排尿，呕吐停止。在继续监测酸碱平衡并纠正及静脉补钾的情况下，第二天应选择哪种混合液进行静脉补液？请具体说明选择的理由。,Ringer's液->可以治疗疾病->腹泻,0.78,可以治疗疾病
一名2岁患儿已患肺炎1周，近日全身中毒症状加重，并出现高热持续不退、呼吸困难加重、频繁咳嗽、面色发绀和低血压。综合这些症状，最有可能的诊断是什么？,高热->推荐食谱->辛辣食物,0.17,推荐食谱
一个56岁的患者突然出现剧烈胸背部疼痛，短时间内出现截瘫或四肢瘫，病变水平以下出现痛温觉丧失而深感觉保留，同时大小便功能障碍。基于这些症状，应诊断为何种综合征？,急性脊髓前动脉综合征->症状->剧烈胸背部疼痛,0.88,症状
患者出现大便赤白黏垢、腹痛绵绵、午后潮热、形瘦乏力、失眠盗汗、舌干红、少苔、脉细数等症状，应选用哪种方剂进行治疗？,失眠盗汗->症状->阴虚,0.08,症状
8岁农村男孩突起高热、昏迷、抽搐，体温39.7℃，血压110/70mmHg，皮肤无淤点，左侧瞳孔较大光反应迟钝，颈部有抵抗感，心率120次/分，双侧Babinski征阳性。最可能诊断？,流行性脑脊髓膜炎->症状->皮肤无淤点,0.52,症状
一位48岁男性患者，具有15年高血压病史，现在突然出现剧烈的胸背部疼痛，伴有面色苍白。体检发现其脉搏为88次/分，血压为170/120mmHg，心电图正常。请问该患者最有可能被诊断为何种疾病？,主动脉夹层->并发症->休克,0.55,并发症
一名5岁女童，已患急性淋巴细胞性白血病8个月，并接受了正规化疗。她现在发热1天，体温40.1℃，精神萎靡，皮肤上出现了较多皮疹，其中包括丘疹和疱疹，疱疹内为浑浊液体。基于这些症状，最可能的诊断是什么？,水痘-带状疱疹病毒->治疗方法->抗病毒药物,0.85,治疗方法
一位32岁的女性患者出现1个月的低热、盗汗和腹胀，并伴有阵发性腹部绞痛以及停止排气和排便10小时。根据这些症状，针对确定疾病的诊断，目前应进行哪种首选检查？,腹部膨胀->诊断检查->腹部超声,0.73,诊断检查
根据患者的症状描述，如何判断这位60岁男性右膝关节问题的中医证型？,血瘀->症状->夜间疼痛加重,0.72,症状
根据患者的症状描述，如何判断这位60岁男性右膝关节问题的中医证型？,风寒湿痹->症状->寒冷潮湿天气加重,0.37,症状
一名42岁的男性患者，突然出现阵发性腹痛，伴有腹胀和呕吐2天，体温38.5℃，脉搏93次/分，血压100/60mmHg。腹部饱胀并胀气，右下腹部有压痛，肠鸣音亢进。腹部X线平片检查显示小肠高度胀气、扩张，并有多个液气平面。请根据以上症状和检查结果，诊断该患者可能的疾病类型。,打喷嚏 -> 可能患有疾病 -> 花粉过敏,0.15,可能患有疾病
一名5岁男孩因反复刺激性咳嗽、痰中带血和胸痛1年，多次胸片检查显示右肺门区钙化影，其数目和位置互不相同，右下肺有时出现局限性肺炎和肺不张表现，这种情况下，最可能的诊断是什么？,支气管炎->症状->咳嗽,0.12,症状
一位25岁女性，有性生活史，停经近3个月，出现阴道少量流血，并且子宫如妊娠4个月大，软，双附件区各有5cmX5cmX3cm囊性肿物。这种情况下，应该如何诊断？,葡萄胎->治疗方法->刮宫术,0.13,治疗方法
一名50岁女性患者，在触摸左颊黏膜时感觉到左颊和左下唇出现电击样剧痛，持续数秒钟，卡马西平治疗对其有效。请问该患者最可能的诊断是什么？,三叉神经痛->常用药品->卡马西平,0.44,常用药品
在患者治疗1周后，虽然身热退去，黄疸减轻，呕吐止住，但仍有胁肋隐痛，脘痞腹胀，食少口干苦，小便赤苔腻，脉弦数。此时应选用哪个方剂进行治疗？请说明理由。,茵陈四苓散->治疗方法->疏肝理气,0.32,治疗方法
一名28岁女性因车祸受伤来院，检查发现右下肢短缩，髋关节屈曲、内收、内旋畸形，X线显示髋关节后脱位但无骨折，应该采用何种治疗方法来处理这些损伤？,髋关节脱位->症状->髋关节屈曲畸形,0.25,症状
在跌倒时手掌撑地导致腕部肿胀、酸痛无力，局部有压痛以及桡腕关节活动受限且X光片无骨折征象的情况下，该患者应该被诊断为什么疾病？,桡腕关节扭伤->症状->软组织挫伤,0.74,症状
一名20岁女性病人在外伤后出现血性脑脊液从鼻腔溢出的情况，应该采取什么措施来处理这一症状？,脑脊液外漏->并发症->感染风险,0.68,并发症
患者在急性淋巴细胞白血病化疗完全缓解后的缓解期，出现了头痛、恶心、呕吐和手足抽搐的症状。这些症状表明患者最可能发生了什么情况？,急性淋巴细胞白血病->并发症->中枢神经系统感染,0.62,并发症
一位35岁的女性病人在输血后1小时内出现畏寒、寒战高热、头痛、出汗、恶心、呕吐和皮肤潮红，体温达到40℃。结合其有输血史的情况，最可能的临床诊断是什么？,输血相关发热->治疗方法->对症退热处理,0.04,治疗方法
一个5岁的男孩因2天无痛性暗红色血便入院，并有类似病史。在体检后为明确诊断，应该首选哪种检查方法？,无痛性血便->可能患有疾病->梅克尔憩室,0.38,可能患有疾病
一名40岁的女性患者，头痛持续2年，CT显示右小脑桥脑角处有一个4×5cm的囊实性占位性病变，并跨越到鞍旁，实性部分显示增强，内听道正常。根据这些症状和影像学表现，这种病变最可能是什么类型的肿瘤？,小脑桥脑角肿瘤->诊断检查->脑部CT扫描,0.72,诊断检查
一名50岁男性，10天前开始发冷、发热，体温39.5℃，伴有右侧胸痛、咳嗽、咳脓性臭痰，并有结核病密切接触史。为了进一步明确他的诊断，应该首先进行什么检查？,肺脓肿->治疗方法->抗感染治疗,0.55,治疗方法
一个8个月大的女孩反复出现呼吸道感染，检查结果显示她体内的IgA含量非常低，但IgG和IgM含量正常，请问这种情况下最可能的诊断是什么？,免疫缺陷->食物有害于疾病->生冷食物,0.18,食物有害于疾病
一名70岁男性患者，1年前因壶腹癌行Whipple手术，手术恢复良好。近2个月反复发热，伴寒战，最高体温达39.5℃，WBC升至15×10^9/L，血清ALT升高至121U/L，TBil为589μmol/L。CT影像显示肝内有多处直径1～2cm的低密度灶，并且边缘强化明显。根据这些临床表现和影像学特点，最可能的诊断是什么？,肝脓肿->治疗科室->消化内科,0.88,治疗科室
一名40岁的男性患者，间断上腹痛3年，多饥饿痛和夜间痛，进食后减轻。为了明确诊断，急诊应该进行什么检查？,消化性溃疡->诊断检查->胃镜检查,0.73,诊断检查
一位55岁男性患者，间歇性发作咽下困难5个月，可因情绪激动诱发。食管造影未见异常。根据这些症状，应首先考虑什么诊断？,反流性食管炎->症状->食管痉挛,0.68,症状
患者颈前偏左囊性包块随吞咽上下移动，突然增大伴疼痛，既往有手术史。最可能诊断？,手术史->可能患有疾病->囊肿复发,0.09,可能患有疾病
"陈某, 男, 65岁, 长期咳喘且冬季病情加重，痰多为白色，胸闷，腰膝酸冷，活动时感心悸伴随出汗，舌苔白腻且舌体略胖，脉沉细滑。请根据这些症状描述判断其病机是什么？",痰湿内盛->并发症->气虚,0.18,并发症
23岁女性患有急性一氧化碳中毒且出现粉红色泡沫样痰液，最适合的氧疗方法是什么？,肺水肿->症状->粉红色泡沫痰,0.68,症状
一名35岁的女性在进行甲状腺次全切手术后，出现高热、心率160次/分、烦躁不安、大汗淋漓和腹泻等症状。在这种情况下，应考虑的最可能诊断是什么？,甲状腺危象->症状->高热、心动过速、烦躁,0.88,症状
男性，30岁，持续低热，咳嗽并痰中带血丝20天，胸片显示右肺上叶不张。这种情况下，最可能的诊断是什么？,心衰->症状->呼吸困难,0.08,症状
一位30岁女性患者有自幼发现的心脏杂音，1天前剧烈运动时突然出现心前区疼痛、心悸气短及下肢水肿，查体显示胸骨左缘可闻广泛连续性杂音，P亢进。针对这种情况，应该采取什么治疗措施？,动脉导管未闭->治疗方法->介入封堵手术,0.92,治疗方法
根据患者的症状和化验结果，该患者出现咽痛、鼻塞、低热、下颌淋巴结肿大，血白细胞计数偏低，请描述可能出现的与此病情相关的并发症。,传染性单核细胞增多症->并发症->心脏并发症,0.71,并发症
一名37岁的男性患者昨晚摄入大量油腻食物后半夜突发腹痛、腹泻及里急后重的症状，此时最适宜使用哪种中药治疗？,腹泻->治疗科室->中医科,0.12,治疗科室
一名36岁的女性患者，发热盗汗，腹泻便秘交替持续2个月。体检显示腹部平软，右下腹轻度压痛，未扪及包块，粪检无特殊。在这种情况下，为了明确诊断，首选应进行哪项检查？,结肠镜->诊断检查->结肠造影,0.43,诊断检查
一名42岁的女性佩戴活动义齿一周后，与基托吻合部的黏膜出现灼痛感，停戴义齿后症状缓解，再次使用又出现同样的症状。这种症状的最有可能的诊断是什么？,接触性口炎->疾病描述->物理性刺激,0.18,疾病描述
根据患者的年龄、性格变化、对人冷漠、生活懒散等症状，这名18岁男性最可能被诊断出哪一种类型的精神疾病？,精神分裂症->症状->性格变化,0.38,症状
对于一名52岁男性患者，伴有逐渐出现的贫血、尿色浓茶、轻度黄染但无发热或出血症状，且肝脾不肿大的情况下，应该进行哪项检查以确诊溶血性贫血？,溶血性贫血->可能患有疾病->阵发性夜间血红蛋白尿,0.39,可能患有疾病
16岁男性患者反复呕血、黑便、皮肤粘膜出血一周，肝脾不大，血液检查结果显示Hb60G/l，RBC2.2X10¹²/L，WBC5.0X10⁹/L，BPC12X10⁹/L，骨髓增生活跃且幼稚型巨核细胞增加。请根据这些信息，说明该患者最可能的诊断是什么？,ITP->治疗科室->血液科,0.57,治疗科室
对于一位22岁男性患者，出现发热、乏力、食欲缺乏、恶心呕吐，尿色加深，胆红素水平升高，以及巩膜和皮肤中等度黄疸，肝区轻度叩痛等症状，抗HBs(+)和抗HAV IgM(+)均为阳性，肝肋下触及肝脏，质软，并未触及脾脏，该患者目前的主要治疗措施是什么？,急性甲型肝炎->治疗方法->维生素补充,0.48,治疗方法
一名55岁男性患者，出现右上腹痛2个月，伴有皮肤和巩膜黄染15天，并进行性加重，查体显示胆囊肿大，超声提示肝内胆管扩张且胆囊肿大，在胰腺平面以上肝外胆管扩张但胰头及胰管无明显异常的情况下，最可能观察到的影像学征象是什么？,肝门部胆管癌->症状->巩膜黄染,0.882,症状
患者50岁的女性，3年前体检时发现血压为180/115mmHg，间歇服药后血压波动于130～180/90～115mmHg，既往有脑梗死史，无吸烟史和糖尿病及早发心血管疾病家族史，本次就诊时血压为160/90mmHg。确定其高血压的分级和危险度。,脑梗死->并发症->高血压,0.19,并发症
针对3岁女童叶某，出现低热、双侧腮部肿痛、咀嚼不便、咽痛等症状，中医治疗首选的方剂是什么？,腮腺炎->常用药品->清热解毒汤,0.67,常用药品
对于一名出现拒食、呕吐、嗜睡、面色青灰、前囟紧张和脐部有脓性分泌物的2个月女婴，最关键的诊断检查应该是什么？,脑膜炎->症状->脓性分泌物,0.52,症状
43岁男性患者，双眼视力下降1个多月，伴有头痛、耳鸣，既往有高血压病史但药物控制良好，检查发现双眼角膜后沉着物（KP）和玻璃体混浊，视乳头水肿，眼底表现为多灶性渗出性视网膜脱离和下方大泡状视网膜脱离，该患者最可能的眼科诊断是什么？,Vogt-小柳-原田病->治疗方法->免疫抑制剂,0.68,治疗方法
"男性, 42岁, 有5年肝硬化病史, 在3天前经历了500ml的呕血情况, 今天出现淡漠少言, 脑电图结果正常。根据这些临床表现, 他的最可能诊断是什么？",肝硬化->症状->呕血,0.81,症状
某患者15岁，左颈部有3个中等硬度的肿大淋巴结，其中1个坏死且破溃形成瘘管，该病例可能是患了哪种疾病？,结核性淋巴结炎->可能患有疾病->肺结核,0.35,可能患有疾病
根据CT影像结果和患者的一年余右侧腰、腹部偶尔不适症状，请描述该患者右肾的最可能诊断。,右肾囊肿->诊断检查->CT影像,0.35,诊断检查
一位10岁出现高热、嗜睡呕吐、抽搐昏迷等症状并有不洁饮食史的患儿，脑脊液检查结果显示压力量大、Pandy氏反应为（±）、白细胞计数高，依据这些症状和检查结果，若需要尽早确诊为乙型脑炎，应进行哪项特异性检查？,乙型脑炎->诊断检查->脑脊液IgM抗体,0.51,诊断检查
一位17岁的女性在体检中发现肛周囊性肿物，壁较硬，与骶骨面界限不清，考虑为哪种疾病？,肛瘘->症状->肛周脓肿,0.35,症状
一名48岁男性患者，腘窝上方持续性钝痛2年，且疼痛加重，以往‘结核’治疗无效，体检显示腘窝上方有肿胀和局部压痛，实验室检查正常。请问根据提供的图像，导致这种症状的最可能病因是什么？,神经纤维瘤->并发症->压迫神经,0.68,并发症
一名30岁男性患者出现左肺萎缩60%、第9、10肋骨骨折和脾破裂，且血压为90/60 mmHg，脉搏为100次/分钟。在这种情况下，首要的处理措施是什么？,脾破裂->治疗科室->普外科,0.01,治疗科室
45岁的男性患者被诊断为肾病综合征合并严重肝功能不全，适合使用哪种糖皮质激素进行治疗？,肾病综合征->常用药品->甲泼尼龙,0.72,常用药品
一名20岁男性患者，数月来出现低热乏力和逐渐加重的呼吸困难，体检发现气管偏向右侧，左下肺叩诊呈浊音，语颤消失，且左上肺可闻及支气管呼吸音，下方肺泡呼吸音消失。结合上述体征，请问最可能的诊断是什么？,左下肺浊音->可能患有疾病->胸腔积液,0.84,可能患有疾病
针对一名有长期胃溃疡病史，近期上腹痛加剧且药物治疗无效，体重减轻的患者，体检发现上腹部轻压痛并可触及包块，进一步确诊需要进行何种检查？,消化系统疾病->诊断检查->腹部CT,0.71,诊断检查
"对于28岁的女性患者, G1P0，患有原发痛经，子宫如孕6周大小，左卵巢有6cm大小的子宫内膜异位囊肿并伴有粘连，最佳的治疗方案是什么？",腹腔镜手术->治疗方法->切除子宫,0.63,治疗方法
根据2岁儿童出现的症状：发热4天，伴咳嗽、流涕，眼结合膜充血、流泪，耳后、颈部、发际边缘出现稀疏不规则红色斑丘疹，疹间皮肤正常以及40℃的高烧，判断该儿童最有可能患上什么疾病？,麻疹->症状->眼结膜充血和流泪,0.61,症状
对于一位17岁女性患者，颏部发育不良，面下1/3高度偏大，存在Ⅱ类咬合关系，ANB角为7度，并且上下颌前牙明显拥挤。为了在治疗初期实现上颌磨牙的远中移动，哪种方法最为合适？,颏部发育不良->可能患有疾病->骨性II类错牙合,0.78,可能患有疾病
根据患者症状，比如久病体弱，面色晄白，汗出畏寒，动则益甚，平时极易感冒，且舌苔薄白，脉象细弱，应该使用什么中药方剂进行调治？,气虚->治疗方法->益气固表,0.78,治疗方法
一位24岁的孕妇，妊娠31周，表现为高血压、尿蛋白和浮肿等症状，血HCT为43%且全血黏度比值为3.8，针对这种情况，最佳的处理方法是什么？,先兆子痫->治疗方法->硫酸镁,0.35,治疗方法
51岁男性车祸后多发伤，休克表现，最佳诊断是什么？,创伤->并发症->失血性休克,0.59,并发症
对于一名怀孕35周的25岁初孕妇，出现高血压160/110mmHg，下肢水肿（++），尿蛋白（+++），并伴有头痛和视物模糊的症状，首选哪种药物进行治疗？,子痫前期->症状->头痛,0.52,症状
一位74岁的男性农民，早晨在菜地拔草时突然起立而昏倒，经过一段时间后病人神志渐清，但仍面色苍白，唇青，呼吸微弱，四肢冷汗出，大便失禁，而额头尚温，舌质淡，脉沉微。在中医治疗中，应选用哪一方剂进行处理？,气虚->症状->呼吸微弱,0.76,症状
45岁女性，乳腺癌肿瘤2cm，侵犯皮肤并破溃，ER/PR阴性，Her-2阳性，病理2级，无淋巴结转移，无远处转移，TNM分期是什么？,淋巴结活检->诊断检查->腋窝淋巴结,0.22,诊断检查
对于出现周期性下腹痛半年余且无月经来潮的青春期女性，首先应进行哪项检查以便于准确确认问题？,下腹痛->诊断检查->盆腔超声,0.74,诊断检查
一位30岁的女性产后哺乳1个月，右侧乳房出现紧韧肿硬，皮肤出现橘皮样改变，并且全身炎症反应不明显。根据这些临床表现，最可能的诊断是什么？,乳腺炎->治疗方法->抗生素治疗,0.09,治疗方法
43岁男性胸背部疼痛，肋骨及胸骨溶骨性破坏，骨髓异常浆细胞0.54，血清蛋白电泳窄底高峰，尿蛋白(+++)。不适当的治疗措施有哪些？,多发性骨髓瘤->治疗方法->抗生素,0.39,治疗方法
一位58岁男性患者因过劳而反复出现腰痛，表现为静卧时痛减，阴雨天气加重，左侧腰疼剧烈，不能转侧，白天症状较轻晚上较重，痛处拒按，舌苔薄白腻，脉象弦，应选择什么中药方剂进行首选治疗？,腰痛治疗->常用药品->身痛逐瘀汤,0.88,常用药品
一位24岁的男性患者出现四肢发作性抽搐，昏迷且有Babinski征阳性的症状，没有肢体瘫痪，应该选择哪种药物进行首次治疗？,癫痫发作->症状->四肢抽搐,0.33,症状
35岁男性跌倒后腕部肿胀和酸痛，无骨折征象，后期未治疗容易引发的情况？,软组织损伤->治疗方法->物理治疗,0.74,治疗方法
对于一位22岁男性患者，出现发热、乏力、食欲缺乏、恶心呕吐，尿色加深，胆红素水平升高，以及巩膜和皮肤中等度黄疸，肝区轻度叩痛等症状，抗HBs(+)和抗HAV IgM(+)均为阳性，肝肋下触及肝脏，质软，并未触及脾脏，该患者目前的主要治疗措施是什么？,急性甲型肝炎->并发症->肝脏损伤,0.65,并发症
男性患者，24岁，近2年来有胸骨后疼痛感，饮食睡眠情况可，体重不减轻，行X线钡餐检查。根据检查结果，最有可能的诊断是什么？,食管憩室->可能患有疾病->消化性溃疡,0.65,可能患有疾病
一位37岁女性，因车祸导致胫骨骨折十余天后，突然出现头痛和头晕。结合患者的病史和症状以及图像，最可能的诊断是什么？,车祸->并发症->头晕,0.19,并发症
一位17岁女性患者，下颌发育不良，颏部外形欠佳，面部下1/3高度偏大，表现开5mm，覆盖8mm，Ⅱ类咬合，伴上下颌前牙拥挤、前牙开及唇侧扭转，生长发育接近完成。应采取哪些治疗措施？,外科正颌手术->治疗方法->下颌前移术,0.52,治疗方法
42岁男性患者出现发热、咳嗽、咳痰并活动时气促，面部及手部出现红斑且红斑扩展至胸部、腰和膝关节。确诊的主要方法是什么？,皮肌炎->诊断检查->血清学检测,0.18,诊断检查
一位12岁的女孩出现低热和关节疼痛半个月，检查发现其左肘关节附近外侧肱骨骨骺端有硬质无压痛的小结节，该结节与皮肤不粘连且在皮肤绷紧时容易发现，这种皮下结节最有可能是什么？,风湿性结节->症状->小结节,0.68,症状
一名35岁女性，10年前做过胃大部切除术，现在出现头晕、乏力、面色苍白等症状，血常规显示红细胞减少，血红蛋白低，骨髓检查显示幼红细胞显著增生，尤其是中、晚期幼红细胞增多且体积小、蓝染质少，边缘不规则。请问针对这些情况，首选的治疗措施是什么？,维生素B12缺乏性贫血->症状->贫血,0.74,症状
对于一名1岁患儿，出现低热伴咳嗽3周并消瘦，血沉为40mm/h，PPD试验为阴性，X线胸片显示右肺中部有炎症影伴随右肺门淋巴结肿大，且近期患过麻疹，这种情况下最可能的诊断是什么？,麻疹->并发症->免疫抑制,0.33,并发症
一名26岁女性因车祸头部受伤后出现短暂昏迷，后来逐渐清醒，但1天后开始出现烦躁、头痛、呕吐，随后再次昏迷。体检显示伤侧瞳孔散大，对光反射消失，对侧肢体不完全性瘫痪，并有巴宾斯基征阳性。请问这种情况应考虑为哪种诊断？,脑损伤->症状->巴宾斯基征,0.59,症状
针对70岁男性患者出现心悸、喘促不能平卧、口唇爪甲青紫、烦躁、咳吐粉红色泡沫痰等症状，请问应该如何诊断？,急性左心衰竭->症状->急性肺水肿,0.92,症状
一名25岁男性患者，2个月前经历上呼吸道感染，10余天后出现浮肿和血尿伴随高血压，尿蛋白(++)，红细胞满视野，肾功能目前正常，但按急性肾炎进行治疗后病情未见改善，复查发现血红蛋白为14|D g/L，肌酐水平升高到380μmol/L，B超显示双肾稍增大。基于以上信息，详细说明在确定诊断或进一步处理上，目前最佳的医学步骤是什么？,B超检查->检查疾病->肾脏增大,0.75,诊断检查
一名55岁男性患者，患有冠心病，经常出现胸闷、胸痛症状，最近因发热皮肤出现颜色较暗的疹点。针对这种情况，应选择哪种药物进行治疗？,抗生素治疗->忌吃->酒精类饮品,0.03,忌吃
在尿急、尿痛伴尿道口脓性分泌物3天的情况下，若28岁男性患者未得到正规有效治疗，他可能出现的最严重并发症是什么？,尿道感染->并发症->尿道狭窄,0.89,并发症
一名50岁男性患者视力略减退，眼外检查无异常，但眼底检查显示静脉曲张、动脉变细，并且乳头面上出现大片状火焰状出血，同时视网膜反光增强以及可能出现黄白色类脂质变性及出血。根据这些临床表现，这种情况最可能的诊断是什么？,中央视网膜静脉阻塞->症状->眼底出血,0.88,症状
一个患者表现为四肢痿软麻木，身体困重，足胫发热，胸脘痞闷，小便短赤，舌苔黄腻，脉滑数。针对这些症状，应选用何种方剂进行治疗？,二妙散->可以治疗疾病->湿热痿证,0.83,可以治疗疾病
患者盛氏表现出全身浮肿，尤以身体下半身为重，伴有腹胀、喘满、二便不利，脉象为沉实有力。请问应选用哪种中药方剂进行治疗？,水肿->症状->腹胀,0.35,症状
一名15岁男性患者表现出少尿、水肿、咳嗽、气短，并且在发病前有喉痛史，体检发现高血压，尿液检查显示尿蛋白和红细胞显著增多，血液检查发现补体C3降低，如何诊断这种病情？,急性链球菌感染后肾小球肾炎->诊断检查->血液补体C3,0.72,诊断检查
45岁女性，乳腺癌肿瘤2cm，侵犯皮肤并破溃，ER/PR阴性，Her-2阳性，病理2级，无淋巴结转移，无远处转移，TNM分期是什么？,肿瘤标志物->诊断检查->ER PR检测,0.32,诊断检查
一名1岁的幼儿母乳喂养，近期莫名哭闹，并且其母亲出现全身瘙痒且夜间加重的症状。经检查，患儿母亲被确诊为疥疮，幼儿下腹部出现较多针尖大小的红色丘疹。在这种情况下，应该为此患儿使用哪种治疗方案？,疥疮->传染性->强,0.76,传染性
21岁女性患者，2年的关节痛病史，突发头晕、头痛，左上肢血压160/110mmHg，右上肢血压180/116mmHg，尿常规显示蛋白（+），血清肌酐为176μmol/L。为进一步确诊，应该进行哪项检查？,高安动脉炎->易患人群->年轻女性,0.58,易患人群
44岁男性，小细胞肺癌，脑CT示两个孤立病灶，体力良好，应选择哪种治疗方案？,小细胞肺癌->常用药品->顺铂,0.83,常用药品
一名30岁女性患者出现体重增加并伴有月经紊乱2年。体检时发现血压170/110mmHg，心率76次/分；有满月脸、水牛背、皮肤菲薄及腹部紫纹的症状。根据这些临床表现，最可能的诊断是什么？,体重增加->症状->月经不调,0.42,症状
21岁女性患者，2年的关节痛病史，突发头晕、头痛，左上肢血压160/110mmHg，右上肢血压180/116mmHg，尿常规显示蛋白（+），血清肌酐为176μmol/L。为进一步确诊，应该进行哪项检查？,多发性大动脉炎->检查疾病->血管超声,0.78,诊断检查
一位55岁男性患者，间歇性发作咽下困难5个月，可因情绪激动诱发。食管造影未见异常。根据这些症状，应首先考虑什么诊断？,胃食管反流病->诊断->胃镜检查,0.77,可能患有疾病
30岁女性，左小脑3×4cm囊样低密度区，壁结节增强，四脑室受压变形右移，最可能诊断是什么？,小脑肿瘤->疾病描述->囊变伴壁结节,0.38,疾病描述
一名45岁男性患者有上腹饱胀不适7年的病史，近3天出现柏油样便且大便潜血测试为阳性(+++)，胃镜检查结果显示胃窦部黏膜薄且透，见紫蓝色血管纹。根据这些临床表现和检查结果，他最可能被诊断为何种胃部疾病？,萎缩性胃炎->症状->黑便,0.87,症状
根据一位42岁女性患者的病史和体征，其反复发作的黄疸在劳累后发作20年，无发热、腹部不适、食欲不振，小便颜色正常，巩膜轻度黄染，且化验显示总胆红素升高但1分钟胆红素正常，其他检查结果无异常。请问，这位患者最可能患有什么疾病？,Gilbert综合征->症状->无显著肝功能异常,0.65,症状
对于一名56岁男性，症状包括大便次数增多、低热、厌食、消瘦，无抗生素疗效，甲状腺结节性肿大，心率加快和血压升高，以及甲状腺摄131I率3小时35%、24小时52%的情况下，若对抗甲状腺药物治疗无效，应该选择什么治疗方案？,甲亢->治疗方法->激素治疗,0.15,治疗方法
一位37岁女性，因车祸导致胫骨骨折十余天后，突然出现头痛和头晕。结合患者的病史和症状以及图像，最可能的诊断是什么？,车祸->并发症->脑静脉窦血栓形成,0.91,并发症
一位38岁男性患者在高温环境工作3天后出现头痛、嗜睡、面色潮红等症状，要明确诊断，进行哪项体格检查最有价值？,热射病->并发症->意识状态改变,0.91,并发症
一名30岁男性患者半年前有左膝外伤史，现出现左膝疼痛及不能伸直，伴随反复的膝关节‘交锁征’。体格检查显示回旋挤压试验阳性，抽屉试验及侧方挤压试验均阴性。根据这些资料，针对他的病情，最佳的治疗方法是什么？,半月板损伤->并发症->膝关节感染,0.08,并发症
根据一个54岁女性病人的情况：她反复尿频尿急4个月，并在最近3天症状加重伴有腰痛，尿检显示白细胞5～20/HP，红细胞10～25/HP，蛋白0.3g/L，夜尿增多，晨尿比重为1.010，pH值6.7，最可能的诊断是什么？,尿路感染->诊断检查->尿液分析,0.61,诊断检查
一名患者的x线胸片显示肺野外有多个半透明小圆形阴影，血HCG水平为220ng/ml。结合这些信息，该患者最可能的诊断是什么？,妊娠滋养细胞疾病->诊断检查->血HCG升高,0.31,诊断检查
一名24岁的男性在进食海产品4小时后出现发热、剧烈腹痛、腹泻、呕吐等症状，大便十余次呈血水样，偶有黏液血便。体检发现轻度脱水，血压为12/8 kPa，腹部柔软但有压痛。实验室检查显示每高倍镜视野白细胞5到8个，红细胞10到25个。根据这些症状和检查结果，最可能的诊断是什么？,副溶血性弧菌感染->忌吃->海鲜,0.85,忌吃
某老年高血压患者晨起锻炼发生头痛、呕吐和右侧肢体无力，查体发现血压180/100mmHg，右侧视野同向性偏盲，双眼向左侧凝视，并且出现失语症状。请问，基于这些临床表现，应考虑哪种类型的脑出血？,脑出血->治疗方法->降压治疗,0.12,治疗方法
某男，43岁，诊断为肝硬化8年，现表现为腹大胀满、脉络怒张、胁腹刺痛、面色晦暗、胁下痞块、面颈胸壁有红点赤缕、手掌赤痕、口干不欲饮、粪便色黑、舌紫暗、脉细涩。根据以上症状，适宜选择哪种中药方剂进行加减治疗？,肝郁血瘀->治疗方法->活血化瘀,0.62,治疗方法
一位29岁女性患者，出现腹胀、便秘9个月，乏力、食欲不振、消瘦，且症状在近5个月加重。体检发现右下腹触及4cm×6cm肿块，质地中等，边缘不清，并伴有轻触痛。基于这些症状和体征，该患者最可能患有哪种疾病？,肠结核->并发症->肠梗阻,0.21,并发症
一名42岁的女性患者，多年乏力，体检发现双侧甲状腺呈结节性肿大且质地较韧，考虑诊断为慢性淋巴细胞性甲状腺炎。为确诊该疾病，哪项检查具有决定性价值？,慢性淋巴细胞性甲状腺炎->症状->乏力,0.41,症状
如果一名65岁的男性患者有上腹部无规律性隐痛两个月，因饮酒后呕吐咖啡色物质和排柏油便而就诊，体检发现血压90/60mmHg，脉搏100/min，血红蛋白90g/L，上腹部轻度压痛，肝脾未触及，在这种情况下，哪种止血措施最有效？请详细说明原因。,呕吐咖啡色物质->症状->上消化道出血,0.89,症状
一名76岁的男性患者突发表现为“糊涂，忘事”，反应迟钝，通过MRI检查后，你认为最可能的诊断是什么？,糊涂、忘事->症状->认知障碍,0.75,症状
外感风寒患者误用泻下剂后出现发热头痛、汗出恶风、鼻鸣微喘、舌苔薄白、脉沉缓的症状时，应选择哪种治疗方剂？,外感风寒->治疗方剂->加味四物汤,0.18,常用药品
某女性患者婚久不孕，伴有月经先期、量少色红，头晕眼花，腰膝酸软，午后低热，性情急躁，舌质偏红，苔少，脉细数等症状，诊断其主要病证为何？,肾阴虚->治疗方法->清热解毒,0.35,治疗方法
一位43岁已婚女性，月经过多持续3年，本次月经持续超10天，经肌注丙酸睾丸酮后见好转。妇科检查显示宫颈糜烂Ⅰ°，子宫大小如鹅卵，质软，活动性良好，无附件异常，宫颈刮片未见癌细胞，血红蛋白60g/L。根据这些情况，最恰当的处理措施是什么？,贫血->治疗方法->输血治疗,0.88,治疗方法
32岁的女性患者出现尿频、尿痛、尿急和下腹部不适2天，但没有发热和肾区叩击痛现象。尿液显微镜检查显示白细胞满视野、红细胞2~4个/HP，肾功能正常。停用抗菌药物7天后复诊，症状消失，但清洁中段尿培养结果为阳性，细菌数量为1×10^5/ml，并且为同一菌株。在这种情况下，该患者应诊断为什么？,无症状菌尿->宜吃->多饮水,0.82,宜吃
根据患者的症状特点和体检结果，而且杂音随体位变化而改变，该患者最可能诊断为哪种心脏疾病？,左心房黏液瘤->治疗科室->心外科,0.42,治疗科室
根据2岁男孩的病情描述，包括发热、剧烈头痛、喷射性呕吐和脑膜刺激征阳性等症状，他被诊断为哪种类型的流行性脑膜炎？,脑膜炎奈瑟菌感染->症状->喷射性呕吐,0.93,症状
42岁女性，月经规律，轻微痛经，间断性下腹痛2年，反复发作伴腰酸无腥臭阴道分泌物。超声显示左附件区囊性条索状回声，近期腹痛加重，囊实性肿物增大，CA125为269IU/ml。最可能诊断是什么？,附件肿瘤->检查方法->CA125检测,0.22,诊断检查
一位24岁女性患者突发心悸，既往有类似发作史5年，体检显示心率170次/分，血压90/50mmHg，心电图显示QRS波群正常且P波不明显。根据这些信息，最可能的诊断是什么？,室上性心动过速->症状->血压下降,0.69,症状
对于一名31岁的女性患者，她十年前患有肝炎并已治愈，一年前出现脾大和轻度食道下段静脉曲张，偶尔乏力但尚能工作，且没有呕血或黑便史，最合适的治疗方法是什么？,门静脉高压->治疗方法->非选择性β受体阻滞剂,0.87,治疗方法
25岁孕妇，怀孕26周，诉平卧时间长会出现恶心、胸闷、头昏，血压测量结果为95/55mmHg，心尖区听到Ⅰ～Ⅱ级吹风样收缩期杂音，胎心胎动良好，无宫缩。在这种情况下，最可能的诊断是什么？请说明理由。,仰卧位低血压综合征->并发症->心脏杂音,0.65,并发症
一名20岁的女性患者在劳累后出现畏寒、高热和右胸痛。体检显示急性病容，口周有疱疹，右肺中下部分闻及管性呼吸音。根据这些临床表现，最可能引起她右肺炎的病原体是什么？,克雷白杆菌->常用药品->头孢他啶,0.62,常用药品
一名28岁的男性患者，不规则发热2个月，右颈部淋巴结肿大且韧。通过穿刺涂片观察到“镜影状”细胞，请问这最可能是诊断什么疾病？,霍奇金淋巴瘤->常用药品->抗癌药物,0.16,常用药品
25岁男性患者，发热3天，体温38℃，左胸痛，查体发现左胸下部可闻胸膜摩擦音。根据这些症状和体征，诊断应是什么？,肺炎->症状->胸膜摩擦音,0.65,症状
房颤中风后出现口舌歪斜、舌强不语、烦躁失眠、眩晕，舌质暗红少苔，脉细弦数，诊断是什么？,中风后遗症->并发症->记忆障碍,0.19,并发症
针对一名有长期胃溃疡病史，近期上腹痛加剧且药物治疗无效，体重减轻的患者，体检发现上腹部轻压痛并可触及包块，进一步确诊需要进行何种检查？,胃溃疡->诊断检查->胃镜,0.93,诊断检查
根据患者的症状描述，包括高热、腹痛、腹泻、食欲减退、淡红色斑丘疹，以及骨髓涂片找到了印戒细胞，你认为该患者最可能的诊断是什么？,伤寒->治疗方法->抗生素治疗,0.63,治疗方法
一位27岁男性患者有2年发作性神志丧失和四肢抽搐的病史，今天凌晨发作后意识一直未恢复，来院后又出现了一次四肢抽搐。为控制发作后的维持治疗，应该首选哪种药物？,四肢抽搐->症状->癫痫发作,0.38,症状
根据以下症状和体征，判断该5岁患儿最可能的诊断：弛张高热、气促、咳嗽有黄痰，突然出现明显的呼吸困难、烦躁、剧烈咳嗽、面色发绀、不能平卧。查体发现胸廓饱满，上方鼓音，下方实音，呼吸音减弱，心率140次/分，肝大肋下2.0cm。这些表征说明患儿可能合并了哪种病症？,脓气胸->症状->呼吸音减弱,0.85,症状
一位10岁出现高热、嗜睡呕吐、抽搐昏迷等症状并有不洁饮食史的患儿，脑脊液检查结果显示压力量大、Pandy氏反应为（±）、白细胞计数高，依据这些症状和检查结果，若需要尽早确诊为乙型脑炎，应进行哪项特异性检查？,乙型脑炎->疾病描述->脑脊液白细胞增高,0.12,疾病描述
在患者因肺部感染而出现高热，咳嗽气急，咽痛咳血等症状，舌红绛或紫绛，苔黄，脉滑数的情况下，应如何加减应用中药进行治疗？,肺热引起的咳嗽->治疗方法->清热解毒,0.37,治疗方法
某肺心病患者在急性加重期治疗后病情好转，但出现躁动、手足抽搐，血清钾及氯均降低，HCO₃⁻为38mmol/L，二氧化碳分压为40mmHg。这种情况下，患者可能出现了什么病理变化？,代谢性碱中毒->症状->手足抽搐、躁动,0.84,症状
一名3岁女孩，有青紫型先天性心脏病，连续5天发热伴腹泻，并在1天内出现头痛、两次惊厥以及左侧肢体活动障碍，这种情况下最可能的诊断是什么？,发热伴腹泻->可能患有疾病->脑栓塞,0.85,可能患有疾病
根据中医辨证理论，患者男，38岁，出现高热烦渴、抽搐项强、两目上翻、神志昏迷、舌红苔黄、脉弦数等症状，应该选用哪种中药进行治疗？,热极生风->常用药品->羚羊角钩藤汤,0.85,常用药品
如果一个10岁女孩在经历呼吸道感染后，因水肿、尿量减少及血尿在2天内入院，随后在2到4周后出现进行性尿量减少和肾功能下降，应考虑什么诊断？,急进性肾小球肾炎->诊断检查->尿液分析,0.33,诊断检查
对于一位46岁男性患者，出现心悸气短症状12年，并在心尖部听到舒张期隆隆样杂音，请描述心尖内侧听诊时可能出现的异常声音。,心脏杂音->症状->舒张期杂音,0.42,症状
一名20岁的女性患者跌倒时右上唇的疖肿受到碰击，2小时后突然出现寒战﹑高热，面部高度肿胀，尤其是两眼附近的软组织肿胀最为明显。这种症状表现应该考虑是哪种疾病？,过敏反应->症状->面部肿胀,0.36,症状
根据CT值为-10HU、超声显示强回声、及MRI成像特征(T1加权像略低信号，T2加权像等信号，强化不明显)，25岁男性肝右叶下段1.5cm占位的最可能诊断是什么？,T1略低信号->诊断检查->MRI提示非典型脂肪瘤,0.71,诊断检查
在尿急、尿痛伴尿道口脓性分泌物3天的情况下，若28岁男性患者未得到正规有效治疗，他可能出现的最严重并发症是什么？,脓性分泌物->可能患有疾病->淋病,0.36,可能患有疾病
患者长期喘息病，近日感冒，微热、怕风寒、咳嗽气短、微汗、舌苔淡白、脉浮缓弱。应给予何种中药治疗方案？,风寒感冒->常用药品->桂枝汤,0.88,常用药品
一名5岁女孩体格发育落后，自幼啼哭时唇面青紫，喜蹲踞，近2年活动后出现心悸、气促，并伴有明显发绀。体检无明显杵状指，血压90/60mmHg，胸骨左缘2～3肋间有3/6级收缩期杂音伴收缩期震颤，P2减弱且有单一感。EKG示电轴右偏，RV120mm。胸片显示靴形心，心腰凹陷，心尖上翘且肺纹理稀少。根据以上信息，最可能的心脏病诊断是什么？,法洛四联症->症状->发绀,0.86,症状
一名72岁的男性患者，有22年的高血压病史，出现右眼突然视力丧失，眼科检查显示右眼角膜透明，前房深度正常，瞳孔对光反应迟钝，视乳头颜色淡、边缘模糊，动脉和静脉管径变细，视网膜水肿苍白，黄斑区呈红色。 根据这些症状和检查结果，最可能的诊断是什么？,视网膜中央动脉阻塞->治疗方法->溶栓治疗,0.69,治疗方法
请根据患儿3岁男孩右腹股沟可复性包块超过1年，玩耍后出现哭闹伴呕吐症状，右侧阴囊肿胀并触及不可还纳的肿块，判断最可能的诊断是什么？,腹股沟疝->易患人群->儿童,0.12,易患人群
24岁已婚女性患者产后4周出现恶露不断，伴有量多、色淡红、小腹空坠等症状。结合中医辨证治疗原则，应采用哪种汤剂作为首选治疗方？,产后恶露不断->并发症->子宫出血,0.18,并发症
一名70岁男性患者，1年前因壶腹癌行Whipple手术，手术恢复良好。近2个月反复发热，伴寒战，最高体温达39.5℃，WBC升至15×10^9/L，血清ALT升高至121U/L，TBil为589μmol/L。CT影像显示肝内有多处直径1～2cm的低密度灶，并且边缘强化明显。根据这些临床表现和影像学特点，最可能的诊断是什么？,肝脓肿->治疗方法->抗生素治疗,0.35,治疗方法
42岁女性患者，晨起出现剧烈疼痛伴呕吐，昏倒30分钟后清醒。胸片检查显示肺部有半透明小圆形阴影。病史中有阴道少量不规则出血2个月，咳嗽、痰中带血10天，曾G4P1，顺产1次，人流3次，末次妊娠2年前。结合病史和检查结果，最可能的诊断是什么？,绒毛膜癌->食物有益于疾病->高蛋白饮食,0.19,食物有益于疾病
一名6岁男孩发热持续两周，并出现关节游走痛。体检发现心率每分钟100次，心尖区有二级收缩期杂音，C反应蛋白呈阳性，血沉增快，疑似风湿热。对于这种情况，首选哪种药物进行治疗？,风湿热->治疗方法->阿司匹林,0.47,治疗方法
一位50岁女性患者，被诊断为耐青霉素G的金黄色葡萄球菌性心内膜炎，且青霉素皮试结果为阴性，既往病史包括慢性肾盂肾炎。在这种情况下，应选用哪种抗生素进行治疗？,耐青霉素G的金黄色葡萄球菌性心内膜炎->常用药品->万古霉素,0.85,常用药品
一位65岁的男性患者，颈部出现了片状稍微隆起的紫红色浸润区，质地坚韧且界限不清，中央有多个脓栓。根据这些症状，应首先考虑是什么病症？,颈部肿块->易患人群->老年人,0.14,易患人群
一名8岁男孩出现胸闷、气急等症状，查体发现颈静脉显露，结合胸片检查，你认为最可能的诊断是什么？,纵隔肿块->诊断->气急、颈静脉显露,0.46,可能患有疾病
根据以下病例描述，女患者50岁，肩痛半年，颈部活动正常，压头与牵拉试验阴性，右肩三角肌萎缩，肩关节外展外旋受限，感觉无改变，X线检查显示颈椎间隙变窄和骨赘增生，而右肩关节仅有轻度骨质疏松没有其他异常。基于这些信息，该病例应诊断为哪种肩部疾病？,肩周炎->并发症->肌肉萎缩,0.66,并发症
48岁男性患者，自诉双髋关节疼痛4年，并在最近5个月加重导致跛行。4年前该患者因角膜炎长期服用激素。请根据这些信息判断该患者最可能的诊断是什么？,股骨头坏死->并发症->关节脱位,0.19,并发症
对于Cushing综合征患者，血浆ACTH为200pg/ml且大剂量地塞米松不能抑制的情况下，应该进一步进行何种影像学检查以帮助明确诊断？,异位ACTH综合征->症状->高血糖,0.08,症状
某男，43岁，诊断为肝硬化8年，现表现为腹大胀满、脉络怒张、胁腹刺痛、面色晦暗、胁下痞块、面颈胸壁有红点赤缕、手掌赤痕、口干不欲饮、粪便色黑、舌紫暗、脉细涩。根据以上症状，适宜选择哪种中药方剂进行加减治疗？,肝硬化->症状->腹胀,0.79,症状
对于一名25岁的男性患者，患有发作性意识丧失伴随四肢抽搐达8年。2天前患者自行调整了治疗药物，次日又出现频繁发作并伴有意识不清的情况。在这种情况下，医护人员应该立即采取什么处理措施？,癫痫->常用药品->拉莫三嗪,0.53,常用药品
一名20岁男性患者，数月来出现低热乏力和逐渐加重的呼吸困难，体检发现气管偏向右侧，左下肺叩诊呈浊音，语颤消失，且左上肺可闻及支气管呼吸音，下方肺泡呼吸音消失。结合上述体征，请问最可能的诊断是什么？,气管右移->诊断检查->胸部X线,0.33,诊断检查
一个一岁半的女孩因发热和咳嗽已经治疗几天但症状未见好转，全身检查和实验室检查显示感染症状及呼吸道改变，结合其大便每日4～5次且稀薄无脓血的情况，应该进行哪个首要的实验室检查来确定诊断方向？,呼吸道症状->检查方法->脑电图,0.03,诊断检查
一名21岁男性，右膕窝部无痛性肿块持续2年，质地坚硬且较固定，最近局部出现疼痛。结合右股骨的正侧位X光片，最可能的诊断是什么？,骨肿瘤->可能患有疾病->皮质旁骨肉瘤,0.13,可能患有疾病
一名5岁男孩因反复刺激性咳嗽、痰中带血和胸痛1年，多次胸片检查显示右肺门区钙化影，其数目和位置互不相同，右下肺有时出现局限性肺炎和肺不张表现，这种情况下，最可能的诊断是什么？,支气管淋巴结结核->症状->慢性咳嗽,0.92,症状
一位28岁的男性被沸水烫伤，各部位表现出不同症状。左上肢、颈部、胸腹部、双足和双小腿有水泡且剧痛，右手掌有焦痂呈皮革状且不痛，面部有红斑表面干燥，并发生低血容量性休克。请计算该患者Ⅱ度烧伤的总面积百分比。,胸腹部->可能患有疾病->大面积烧伤,0.04,可能患有疾病
一名70岁男性患者，半年大便秘结，后逐渐变细，近4个月出现反复脓血样大便，每天3-4次，治疗稍缓解。5天前开始未排便，伴有呕吐及无法进食。体检发现全腹胀，无肠鸣音亢进及肿块，肛诊未触及肿块。结肠镜检显示距肛门10厘米处环形狭窄，呈菜花样外观且肠镜无法通过。请问这种临床表现最可能的诊断是什么？,直肠癌->症状->脓血样大便,0.92,症状
一名3岁男性患儿患有麻疹并未及时治疗，目前症状包括高热烦躁、神昏谵语、偶尔抽搐、皮疹遍及全身呈紫红色、舌红绛及脉弦数，针对这样的病情，应采用何种治疗方法？,麻疹->症状->皮疹,0.39,症状
一位40岁的女性患者，下腹部出现积块，触摸时发现不坚且固定不移，同时伴随腰腹疼痛、经行量多，舌苔厚腻且舌边有瘀点，脉象沉涩。根据这些症状，治疗应首选哪种中药方剂？,瘀血内阻->治疗方法->活血化瘀,0.55,治疗方法
根据一名9岁男孩的症状，包括反复肢体抽搐、意识不清、记忆力减退，以及鼻翼旁颧部对称分布的浅粉色丘疹和智力低下，最先应进行哪种检查以帮助诊断？,结节性硬化症->易患人群->儿童,0.64,易患人群
一名20岁的女性患者在劳累后出现畏寒、高热和右胸痛。体检显示急性病容，口周有疱疹，右肺中下部分闻及管性呼吸音。根据这些临床表现，最可能引起她右肺炎的病原体是什么？,肺炎->诊断检查->胸部影像检查,0.68,诊断检查
对于一位左眼被铁屑崩伤2小时且角膜缘处结膜有2cm伤口的22岁男性患者，眼部检查未发现明显异物，下一步应该进行什么检查来排除眼内潜在异物？,异物进入眼内->食物有害于疾病->酒精饮料,0.13,食物有害于疾病
一个32岁的男性患者，烧伤40%，伤后第10天出现高烧40℃、心率140次/分、呼吸36次/分，创面湿润且有灶性积脓，创周炎症明显，血白细胞计数为20×10/L，但血培养未见细菌生长。这种情况下应考虑患者可能出现了什么并发症？,大面积烧伤->并发症->脓毒症,0.96,并发症
一位65岁的男性患者，颈部出现了片状稍微隆起的紫红色浸润区，质地坚韧且界限不清，中央有多个脓栓。根据这些症状，应首先考虑是什么病症？,簇性疖->常用药品->青霉素,0.69,常用药品
一名3岁女孩，有青紫型先天性心脏病，连续5天发热伴腹泻，并在1天内出现头痛、两次惊厥以及左侧肢体活动障碍，这种情况下最可能的诊断是什么？,脑栓塞->症状->左侧肢体活动障碍,0.63,症状
请根据以下症状描述，确定最可能的诊断：一名23岁的女性患者出现左眼睁眼困难，视物成双，症状在午后加重而清晨消失，无头痛或头晕。神经系统检查显示双瞳孔直径3mm，对光反应正常，但左眼上睑下垂，眼球向上、向下和内收运动受限，其他神经系统未见异常。,重症肌无力->症状->头晕,0.55,症状
一名5岁女孩体格发育落后，自幼啼哭时唇面青紫，喜蹲踞，近2年活动后出现心悸、气促，并伴有明显发绀。体检无明显杵状指，血压90/60mmHg，胸骨左缘2～3肋间有3/6级收缩期杂音伴收缩期震颤，P2减弱且有单一感。EKG示电轴右偏，RV120mm。胸片显示靴形心，心腰凹陷，心尖上翘且肺纹理稀少。根据以上信息，最可能的心脏病诊断是什么？,法洛四联症->疾病描述->肺动脉狭窄+室间隔缺损+主动脉骑跨+右心室肥大,0.81,疾病描述
根据患者沈某的症状：身热夜甚，神烦少寐，时有谵语，脉数，舌绛而干，应选用哪种中药方剂进行治疗？,清营汤->疾病描述->营分热盛,0.51,疾病描述
根据患者的症状描述，包括高热、腹痛、腹泻、食欲减退、淡红色斑丘疹，以及骨髓涂片找到了印戒细胞，你认为该患者最可能的诊断是什么？,印戒细胞->可能患有疾病->恶性肿瘤,0.52,可能患有疾病
一名50岁男性，大量饮酒后出现上腹部剧烈疼痛，伴呕吐。保守治疗3天后病情恶化，并出现休克。查体显示体温38.9℃，脐周及背部可见大片青紫瘀斑，上腹腹肌紧张，腹部压痛和反跳痛明显，肠鸣音减弱。根据这些症状和体征，你首先考虑的诊断是什么？,急性重症胰腺炎->症状->青紫瘀斑,0.68,症状
一名60岁的男性有长期吸烟史，伴随症状包括咳嗽咳痰、呼吸困难，并在最近3个月痰中带血。经过检查发现他在吸气和呼气时均有喘鸣音。根据这些临床表现，应考虑的最可能诊断是什么？,肺癌->症状->痰中带血,0.32,症状
一名45岁男性患者有上腹饱胀不适7年的病史，近3天出现柏油样便且大便潜血测试为阳性(+++)，胃镜检查结果显示胃窦部黏膜薄且透，见紫蓝色血管纹。根据这些临床表现和检查结果，他最可能被诊断为何种胃部疾病？,萎缩性胃炎->并发症->胃出血,0.39,并发症
请问对于一名45岁男性患者，体检结果显示血压150/96mmHg，心率80次/分，血糖8.0mmol/L，糖化血红蛋白8.0%，血蛋白酶500μmol/L，首选哪种降压药物？,高血压->食物有益于疾病->低盐饮食,0.09,食物有益于疾病
一个患者表现为四肢痿软麻木，身体困重，足胫发热，胸脘痞闷，小便短赤，舌苔黄腻，脉滑数。针对这些症状，应选用何种方剂进行治疗？,舌苔黄腻->可能患有疾病->湿热下注,0.79,可能患有疾病
根据患者的症状表现和体质情况，怀孕50天的女性患者出现腰酸腹痛、阴道少量出血等问题，首选哪种中药进行治疗？,寿胎丸->并发症->肾虚、气血不足,0.59,并发症
一个4岁的男孩1岁开始频繁惊厥，查体发现躯干部色素脱失斑，以及颜面部鼻唇沟附近有多个血管纤维瘤，怀疑是结节性硬化。为了确诊结节性硬化并检测脑室周围及皮质钙化灶，应进行哪种检查？,结节性硬化->可能患有疾病->脑室周围钙化,0.25,可能患有疾病
对于一名27岁的女性患者，她肋腹胀痛、攻窜不定并且疼痛随着饮食变化呈现时轻时重的特点，舌苔白且脉象弦，应如何搭配中药以缓解其症状？,疼痛->传染性->否,0.08,传染性
根据一位服用阿司匹林的56岁女性患者，最近10余天间断上腹部隐痛或不适，并且昨天出现两次黑便的症状，试分析最可能导致她消化道出血的病因是什么？,阿司匹林->并发症->胃黏膜损伤,0.58,并发症
对于一名5岁男孩，体温39.5℃，出现音哑和吸气性呼吸困难的情况下，医生应首先采取什么措施来处理可能的急性气道阻塞？,急性气道阻塞->治疗方法->氧气吸入,0.92,治疗方法
某中年男性在乘坐汽车时发生车祸后出现右髋关节疼痛，活动受限，患肢短缩，并呈屈曲、内收、内旋畸形。根据这些症状，最可能的诊断是什么？,髋关节后脱位 -> 疾病描述 -> 患肢短缩、屈曲、内收、内旋畸形,0.85,疾病描述
一个2岁儿童出生后每天哭闹时出现嘴唇发绀，并伴有呼吸困难，最近母亲发现孩子手指末端也出现发绀，指甲末端拱形隆起和手指末节膨大，试分析导致手指变化的最可能原因是什么？,先天性心脏病->症状->肌肉无力,0.18,症状
在一个青少年患者中，如果出现发热、淋巴结肿大、咽痛、白细胞增高、淋巴细胞比例增高和异型淋巴细胞，该症状表现最可能是哪种疾病？,传染性单核细胞增多症->传染性->是,0.02,传染性
针对一名在胆管结石行内镜下Oddi's括约肌切开术后出现头晕、大汗的25岁男性患者，在查体发现脉率120次/分，血压100/70mmHg，上腹压痛及肌紧张的情况下，首选的检查方法是什么？,术后并发症->检查方法->血液分析,0.68,诊断检查
对于一位17岁女性患者，颏部发育不良，面下1/3高度偏大，存在Ⅱ类咬合关系，ANB角为7度，并且上下颌前牙明显拥挤。为了在治疗初期实现上颌磨牙的远中移动，哪种方法最为合适？,Ⅱ类错牙合->诊断检查->头影测量分析,0.31,诊断检查
男，50岁，因肝硬化食管静脉曲张、腹水入院，放腹水后出现精神错乱、幻觉、扑击样震颤、脑电图异常等肝昏迷表现。针对该患者的情况，安排何种饮食最为合适？,扑击样震颤->治疗方法->物理治疗,0.18,治疗方法
根据以下病例描述，女患者50岁，肩痛半年，颈部活动正常，压头与牵拉试验阴性，右肩三角肌萎缩，肩关节外展外旋受限，感觉无改变，X线检查显示颈椎间隙变窄和骨赘增生，而右肩关节仅有轻度骨质疏松没有其他异常。基于这些信息，该病例应诊断为哪种肩部疾病？,肩周炎->诊断检查->X线检查显示轻度骨质疏松,0.83,诊断检查
一位23岁的女性患者，经期后小腹隐痛，空坠喜按，月经量少，色淡质稀，神疲乏力，面色无华，舌淡，脉细无力，请问应该首选哪种中药方剂进行治疗？,气血不足->易患人群->女性,0.59,易患人群
一位40岁的女性患者，20年前因甲状腺功能亢进接受了甲状腺大部切除术，术后恢复良好。她在10年前经历过产后大出血。目前，她因坏疽性阑尾炎接受了阑尾切除术。请问，这位患者术后可能出现的并发症是什么？,阑尾切除术->治疗科室->普通外科,0.62,治疗科室
青年男性，25岁，有右肩外伤史，今天转身开门时突然感到右肩部疼痛，不敢活动，并用左手托住右上肢来医院就诊。请问这种情况下最可能的诊断是什么？,肩关节脱位->症状->肩部剧痛,0.92,症状
患者出现皮肤黄染、小便色黄、大便秘结等症状，结合舌苔黄腻，脉滑数的情况，宜使用哪种药物与茵陈配伍以改善便秘症状？,湿热->症状->便秘,0.68,症状
根据临床表现：一名30岁女性，阴道不规则流血持续20天，并伴有咳嗽症状。半年前曾进行人工流产，术后吸出物中看到绒毛组织。妇科检查发现子宫大小如40天妊娠，质地柔软，且双侧附件区各有约5cm的囊性包块。胸部X光显示双侧中下野多发棉球状阴影。请指出此患者最可能的诊断。,阴道不规则流血->症状->绒毛膜癌,0.86,症状
女，58岁。经过1.5年的丙基硫氧嘧啶治疗后，患者的甲状腺有所缩小，且T抑制试验结果显示3小时抑制率大于50％，24小时抑制率小于50％，TT、TT正常。对于这一病例，应如何调整丙基硫氧嘧啶的使用剂量？,甲亢->常用药品->丙基硫氧嘧啶,0.38,常用药品
在一个青少年患者中，如果出现发热、淋巴结肿大、咽痛、白细胞增高、淋巴细胞比例增高和异型淋巴细胞，该症状表现最可能是哪种疾病？,传染性单核细胞增多症->并发症->肝脾肿大,0.38,并发症
一名8岁男孩出现胸闷、气急等症状，查体发现颈静脉显露，结合胸片检查，你认为最可能的诊断是什么？,化脓性脊椎炎->症状->胸闷、气急、颈静脉显露,0.88,症状
一名40岁女性患者发现右侧卵巢有肿物近三个月，肿物稍有增大，经过手术切除后，发现肿物呈圆形，有包膜，切面灰白色，可见纵横交错编织状条纹，无明显出血坏死，肿瘤细胞为梭形，并且有胶原纤维形成，细胞无明显异型性，未见分裂像。根据这些特征，该肿瘤最可能是什么类型？,卵巢纤维瘤->并发症->无明显异型性,0.78,并发症
一名25岁的初产妇，在足月妊娠后阴道顺产，产后两天突然出现剧烈的左下腹痛，伴随恶心和呕吐。妊娠期间曾有两次左下腹痛发作，在翻身后疼痛减轻。检查时发现体温36.7℃，脉搏每分钟100次，宫底在脐下一指，子宫左侧能触及一个界限尚清楚并且有明显压痛的拳头大小的包块。最可能的诊断是什么？,急性腹痛->可能患有疾病->卵巢囊肿蒂扭转,0.68,可能患有疾病
某患者出现怕冷、乏力、很少出汗、嗜睡、动作缓慢、思维迟钝、记忆力差、头发脱落和肢体水肿的症状，实验室检查显示血清FT3和FT4降低，TSH升高，TRH兴奋试验强阳性。根据这些临床表现和实验室结果，该患者最可能患有哪种疾病？,FT3降低->可能患有疾病->甲状腺功能减退症,0.84,可能患有疾病
根据患者牙龈肥大增生的症状及其病史，该患者的牙龈增生肥大最可能与长期服用哪种药物有关？,牙龈增生->治疗科室->口腔科,0.19,治疗科室
一位43岁女性患者，表现出头痛畏寒、面色白、四肢不温、舌质淡胖、有齿痕、脉沉细等症状，请问对于这位患者，应该选择哪一种主要方剂来进行治疗？,阳气虚弱->治疗方法->清热解毒,0.12,治疗方法
一名患者因全身瘙痒而抓挠皮肤，结果在皮肤上出现条索状隆起，服用抗组胺药有效，但停药后容易复发。这种症状应该被诊断为何种皮肤问题？,皮肤划纹症->并发症->皮肤损伤,0.62,并发症
孕34周女性血压150/90mmHg，尿蛋白0.4g，诊断妊娠相关病症？,妊娠高血压疾病->诊断检查->血压测量,0.78,诊断检查
一位43岁的男性患者因上腹隐痛半年就诊，ERCP检查显示主胰管粗细不均、扭曲、僵硬，且胆总管下端向内移位，这种表现首先考虑是哪种疾病？,慢性胰腺炎->症状->上腹隐痛,0.81,症状
一名56岁女性，颈部肿大20年，术后应采取什么药物处理措施？,单纯结节性甲状腺肿->忌吃->碘盐,0.29,忌吃
一名32岁的男性，右颈部肿大1个月，CT扫描显示右侧口咽及鼻咽有均匀密度的软组织肿物，双侧颈部及纵隔有多个边界清楚的肿大淋巴结。根据这些检查结果，最可能的诊断是什么？,淋巴瘤->诊断检查->CT扫描,0.92,诊断检查
一位38岁的男性患者，居住在沿海地区，腰背部疼痛已超过半年。根据提供的影像资料，他最可能被诊断为什么疾病？,氟骨症->疾病描述->骨骼钙化异常,0.89,疾病描述
对于48岁的患者体检中发现的左肺下叶外带圆形阴影，为明确诊断，应该使用哪一种简单而重要的检查方法？,肺结核->症状->消瘦盗汗,0.63,症状
根据患者的超声综合描述，腹主动脉下腔静脉前方可见10．1cm×9．3cm形态不规则低回声，边界清晰，内回声不均匀，且肝左叶受其推挤形态失常，请问该症状最可能诊断为何种肿瘤？,胃平滑肌肉瘤->诊断检查->超声检查,0.35,诊断检查
一位55岁的女性患者因肝硬化引起的门静脉高压出现呕血和黑便，入院后为了止血，应该选用哪种药物？,门静脉高压->症状->呕血与黑便,0.66,症状
48岁的女性患者反复出现尿路感染，尿常规检查显示脓球(++)，卒腹血糖为7.5mmol/L。为了查清导致尿路感染的潜在原因，应进一步考虑进行哪项检查？,糖尿病->检查疾病->葡萄糖耐量试验,0.45,诊断检查
一名63岁女性患者，脑卒中后左下肢肿胀一周，超声检查显示左下肢深静脉血栓，她目前感觉胸部不适和呼吸困难。如果其肺通气显像结果正常，应如何高度诊断可能的病症是肺栓塞？,肺栓塞->检查疾病->肺功能测试,0.12,诊断检查
根据患者的症状和检查结果，特别是症状如突起畏寒、高热、头痛、结膜充血、颈部抵抗感、腹股沟淋巴结肿大、腓肠肌压痛，以及脑脊液检查数据，如何诊断此患者的疾病？,钩端螺旋体病->症状->腓肠肌压痛,0.86,症状
对于一位65岁男性肺癌患者，在化学治疗期间出现左下肢肿胀和疼痛，经Doppler超声检查诊断为深静脉炎，并在抗凝治疗后症状有所改善。在早餐时突然出现气急、胸闷和心前区疼痛，呈进行性加重，口唇发绀，坐位，心界扩大，心率120次/分，P2亢进，右下肺呼吸音降低，既往有高血压和冠心病史。此时进行的哪项非创伤性检查最有诊断价值？,肺动脉栓塞->推荐食谱->高纤低脂饮食,0.21,推荐食谱
针对一名患者，表现为心下痞硬，噫气不除，或反胃呕逆，吐涎沫，舌淡，苔白滑，脉弦而虚，请问应选用哪种中药方剂进行治疗？,旋覆代赭汤->治疗方法->益气和胃,0.35,治疗方法
男性患者，24岁，近2年来有胸骨后疼痛感，饮食睡眠情况可，体重不减轻，行X线钡餐检查。根据检查结果，最有可能的诊断是什么？,食管憩室->诊断检查->钡餐影像,0.82,诊断检查
根据以下信息，给出患牙的最可能诊断：一位28岁女性，左下后牙进食时疼痛半年，常在食物进入洞后加剧，左下第一磨牙咬合面出现深龋，洞内有粉红色息肉状物。探诊时略感敏感，叩痛呈阳性，冷测反应迟钝，并能探及牙周袋。,慢性增生性牙髓炎->症状->牙髓息肉,0.88,症状
患者出现大便赤白黏垢、腹痛绵绵、午后潮热、形瘦乏力、失眠盗汗、舌干红、少苔、脉细数等症状，应选用哪种方剂进行治疗？,阴虚湿热->常用药品->驻车丸,0.89,常用药品
针对46岁女性患者表现出的口渴、小便频数、下半身冷感、腰痛脚软、舌淡胖苔薄白、脉沉弦等症状，应选用哪种中药进行治疗？,肾阳虚->治疗方法->金匮肾气丸,0.78,治疗方法
根据27岁男性患者的症状：乏力、双下肢反复瘀点、重度贫血貌，全身可见散在出血点，血象显示贫血，中性粒细胞和血小板显著减少，且网织红细胞低，请给出最可能的临床诊断是什么？,网织红细胞减少->可能患有疾病->再生障碍性贫血,0.19,可能患有疾病
一位28岁的女性结婚1年未避孕但未怀孕，出现腹胀1个月，妇科检查发现左侧附件区有8cm的囊实性肿块，B超彩色多普勒显示左卵巢囊实肿瘤且周边血供丰富。快速病理报告为浆液性囊腺瘤。在这种情况下，应该选择哪种手术方式？,浆液性囊腺瘤->治疗方法->囊肿剥除术,0.88,治疗方法
对于住院第2天检查时，患者的瘫痪肢体只能在水平面上移动而不能上抬，这表明其右下肢的肌力处于哪个级别？,肌力评估->症状->下肢无力,0.19,症状
孕34周女性血压150/90mmHg，尿蛋白0.4g，诊断妊娠相关病症？,先兆子痫->诊断检查->尿蛋白测定,0.39,诊断检查
一位28岁女性在葡萄胎清宫术后3年，分娩一男婴8个月后，出现咳嗽、咯血和右胸部隐痛，胸部X线片显示两肺棉絮样阴影且β-HCG明显增高。针对这种情况的治疗，应首选什么处理方案？,化疗->治疗方案->癌症治疗,0.37,治疗方法
根据一名45岁女性患者的病情描述，她的下唇出现了暗红色斑块，中央稍凹陷，边缘稍隆起，损害黏膜侧有白色放射状条纹，皮肤侧有黑色围线，且组织病理表现为角质栓形成和固有层血管周围密集细胞浸润，结合她的长期日晒史，这种病损最可能诊断为什么？,类风湿关节炎->症状->血管炎,0.48,症状
一名36岁的女性患者，发热盗汗，腹泻便秘交替持续2个月。体检显示腹部平软，右下腹轻度压痛，未扪及包块，粪检无特殊。在这种情况下，为了明确诊断，首选应进行哪项检查？,肠结核->诊断检查->胸片,0.72,诊断检查
一位24岁的男性患者出现四肢发作性抽搐，昏迷且有Babinski征阳性的症状，没有肢体瘫痪，应该选择哪种药物进行首次治疗？,癫痫->常用药品->苯妥英钠,0.59,常用药品
针对一名30岁女性在体检时血压测量为150/100 mmHg的情况，请描述为了确诊是否有高血压，进一步应该进行的血压检查方式。,高血压->诊断检查->血常规检查,0.55,诊断检查
56岁女性，右侧面部闪电样锐痛1个月，疼痛出现在右上唇、鼻翼、口角及颊黏膜，伴进食、洗脸、刷牙发作，手术治疗有效率是多少？,面部疼痛->症状->三叉神经痛,0.12,症状
某35岁女性因腹泻、脱水入院，既往有难产史，产后无乳、闭经，食欲不振，疲乏无力，血压偏低。在此情况下，进行哪项检查结果最可能出现异常？请详细说明。,席汉综合征->诊断检查->ACTH水平测定,0.37,诊断检查
患者出现咽中不适，有异物感，咽之不下，咳之不出，伴胸中窒闷、呕恶、口苦等症状，舌苔黄而腻，脉滑数。这种情况下，应该使用哪种方剂进行治疗？,脾胃虚弱->治疗方法->健脾祛湿,0.07,治疗方法
根据以下病例描述：一名41岁女性，以长期忧郁为诱因，出现表情淡漠、神识呆钝、喃喃独语、喜怒无常、言语有头无尾、污秽不避、终日不思饮食、舌苔腻、脉象弦滑等症状，试问该病例在中医上的诊断应该是什么？,癫证->常用药品->温胆汤,0.61,常用药品
对于一名26岁已婚女性，停经49天后行人工流产术，术后一个多月阴道出现淋漓出血，妇科检查显示子宫饱满、稍软、活动良好，彩色B超检查显示宫腔线清晰、前壁肌层有局灶性丰富血流信号，若要进一步明确诊断，应该首先选择哪种辅助检查？,妇科出血->检查方法->盆腔CT,0.59,诊断检查
一位48岁男性患者，具有15年高血压病史，现在突然出现剧烈的胸背部疼痛，伴有面色苍白。体检发现其脉搏为88次/分，血压为170/120mmHg，心电图正常。请问该患者最有可能被诊断为何种疾病？,主动脉夹层->检查方法->心电图,0.78,诊断检查
一名62岁的男性患者佩戴可摘局部义齿1个月后，咀嚼时经常咬到颊黏膜。考虑到患者的下颌舌侧第一磨牙至磨牙后垫区有压痛现象，导致患者咬颊黏膜的具体原因是什么？,基托设计欠佳->症状->义齿不适,0.62,症状
根据患者的症状和体征，包括腹痛、呕吐、发热16小时、体温38.9℃、血压90/60 mmHg、腹部稍隆起、腹肌紧张、压痛和反跳痛、肠鸣音减弱，尤其下腹部为甚，诊断应是什么？,急性腹膜炎->症状->腹痛、发热、腹肌紧张,0.88,症状
该患者入院后经过清创，考虑到烧伤部位为头面、颈、会阴、臀部及下肢深度烧伤，局部创面应采用哪种处理方法？,深度烧伤->传染性->病毒感染,0.19,传染性
对于一名35岁男性患者，患有血友病10年，近期出现发热、腹泻超过一个月，全身淋巴结肿大，CD4+/CD8+比值为0.8。在这样的情况中，可以使用哪种药物进行治疗？,血友病->可能患有疾病->淋巴腺炎,0.19,可能患有疾病
针对面色白、时常自汗、恶风、易感冒以及脉浮无力的症状，这位54岁女性患者宜使用何种中药进行治疗？,气虚->治疗方法->补气中药,0.69,治疗方法
一位23岁的女性患者，经期后小腹隐痛，空坠喜按，月经量少，色淡质稀，神疲乏力，面色无华，舌淡，脉细无力，请问应该首选哪种中药方剂进行治疗？,气血不足->常用药品->圣愈汤,0.88,常用药品
一个2岁儿童出生后每天哭闹时出现嘴唇发绀，并伴有呼吸困难，最近母亲发现孩子手指末端也出现发绀，指甲末端拱形隆起和手指末节膨大，试分析导致手指变化的最可能原因是什么？,先天性心脏病->症状->贫血,0.18,症状
青年男性，25岁，有右肩外伤史，今天转身开门时突然感到右肩部疼痛，不敢活动，并用左手托住右上肢来医院就诊。请问这种情况下最可能的诊断是什么？,肩关节脱位->诊断检查->X光检查,0.89,诊断检查
一个34岁的男性出现发热、背部疼痛、不能直立和局部软组织肿胀等症状，结合医学影像，他的症状最可能指向哪种疾病？,化脓性脊椎炎->诊断检查->影像学溶骨性改变,0.79,诊断检查
一名20岁的女性患者跌倒时右上唇的疖肿受到碰击，2小时后突然出现寒战﹑高热，面部高度肿胀，尤其是两眼附近的软组织肿胀最为明显。这种症状表现应该考虑是哪种疾病？,海绵窦血栓性静脉炎->症状->高热,0.88,症状
李某，女，55岁，反复脘闷不舒5年，伴脘腹满闷，时轻时重，纳呆便溏，神疲乏力，少气懒言，舌质淡，苔薄白，脉细弱。根据她的症状和体征，治疗时应首选哪种方剂进行调理？,脾胃虚弱->常用药品->四君子汤,0.58,常用药品
一名30岁女性患者，既往多次进行人工流产术，现人工流产术后4个月无月经，伴周期性下腹痛，周期约为30天。妇科检查发现子宫稍大，压痛，后穹窿饱满且软。根据上述症状和体征，该患者可能的诊断是什么？,周期性下腹痛->症状->宫腔积血,0.71,症状
一名60岁的男性有长期吸烟史，伴随症状包括咳嗽咳痰、呼吸困难，并在最近3个月痰中带血。经过检查发现他在吸气和呼气时均有喘鸣音。根据这些临床表现，应考虑的最可能诊断是什么？,肺癌->症状->喘鸣音,0.89,症状
一个男性患者表现为全身水肿，皮肤绷紧光亮，伴有胸脘痞闷、烦热口渴，经过治疗略有好转但水肿反复发作，同时口咽干燥、大便干结，舌红少苔，脉象细弦数。针对这种情况，应使用何种中药方剂进行治疗？,水肿->症状->皮肤光亮,0.59,症状
一名50岁男性，大量饮酒后出现上腹部剧烈疼痛，伴呕吐。保守治疗3天后病情恶化，并出现休克。查体显示体温38.9℃，脐周及背部可见大片青紫瘀斑，上腹腹肌紧张，腹部压痛和反跳痛明显，肠鸣音减弱。根据这些症状和体征，你首先考虑的诊断是什么？,急性重症胰腺炎->症状->腹部剧烈疼痛,0.89,症状
针对一位42岁的女性患者，半年多来反复出现尿频、尿急、尿痛症状，并伴有左侧腰部胀痛及偶发终末期血尿。在经过抗生素治疗无效的情况下，哪种尿液检查能够为确诊提供确定性意义？,泌尿系结核->症状->终末血尿,0.93,症状
27岁女性患者，2年来多次在饭前昏迷，伴有恐惧感、心悸和发汗，且发觉及时进食可预防或缩短昏迷时间。发病以来食欲好，体重增加，但记忆力差。根据这些症状，应该考虑哪种医学诊断？,心悸->忌吃->甜食,0.07,忌吃
请根据以下症状描述，确定最可能的诊断：一名23岁的女性患者出现左眼睁眼困难，视物成双，症状在午后加重而清晨消失，无头痛或头晕。神经系统检查显示双瞳孔直径3mm，对光反应正常，但左眼上睑下垂，眼球向上、向下和内收运动受限，其他神经系统未见异常。,重症肌无力->症状->视物成双,0.85,症状
一名2岁的男性患者，出现口腔黏膜突发簇集的针头大小透明疱疹及溃疡，并伴有啼哭声、流涎和发热。这种情况的最可能诊断是什么？,单纯疱疹病毒感染 -> 疾病描述 -> 初次感染常见于儿童，表现为发热和口腔疱疹,0.83,疾病描述
一名20岁女性病人在外伤后出现血性脑脊液从鼻腔溢出的情况，应该采取什么措施来处理这一症状？,脑脊液外漏->症状->血性脑脊液外漏,0.35,症状
某女性患者，26岁，长期患有精神疾病，表现为神志恍惚、魂梦颠倒，并常有心悸、体倦乏力、食欲不振，舌淡，舌苔薄白，脉象细无力。请根据上述症状进行诊断,血虚->可能患有疾病->心脾两虚,0.83,可能患有疾病
48岁的女性患者反复出现尿路感染，尿常规检查显示脓球(++)，卒腹血糖为7.5mmol/L。为了查清导致尿路感染的潜在原因，应进一步考虑进行哪项检查？,尿路感染->检查疾病->腹部超声检查,0.68,诊断检查
一位32岁的女性在遇到寒冷时，双手顺序出现苍白、青紫和潮红，病程已有3年，逐渐加重且每次发作持续15到30分钟。根据该患者被诊断为雷诺综合征，请描述她在发作时的典型症状是什么？,雷诺综合征->症状->手部颜色变化,0.93,症状
"一名27岁已婚妇女,在停经13周时出现不规则阴道出血,持续10余天,量不多且暗色。在妇科检查中,发现其子宫大小如新生儿头,张力较大,且两侧附件均可触及手拳大小、活动良好并光滑的肿物。最可能的诊断是什么?",葡萄胎->治疗方法->药物治疗,0.22,治疗方法
一位30岁的女性表现出咽痛干痒、异物感、干咳少痰、颧红、潮热、耳鸣和多梦等症状，舌红苔少，脉细数。根据以上症状特征，宜选用的基础方剂是什么？,肺阴虚->症状->干咳少痰,0.84,症状
一名20岁男性，发热1周，伴牙龈出血，实验室检查结果显示WBC高于正常水平，Hb和PLT低于正常水平，同时纤维蛋白原降低。为了确定出血的原因，可以进行哪种具体的检验？,凝血功能检测->检查项目->D-二聚体检测,0.83,诊断检查
当一位患者因施用有机磷农药出现恶心、呕吐、腹痛、腹泻、视力模糊等症状时，急诊室处理中的首选措施是什么？,有机磷农药中毒->并发症->副交感神经过度刺激,0.68,并发症
一名26岁女性患者，自觉进食时牙龈易出血已有5个月，牙龈呈鲜红色且高度水肿、肥大，并且有龈袋形成和牙石。该患者已怀孕5个月。根据这些症状，最有可能的诊断是什么？,妊娠期龈炎->症状->牙龈出血,0.94,症状
男性，44岁，长期足癣，左小腿反复红肿疼痛，病变边界清晰隆起，伴腹股沟淋巴结肿大。最可能诊断？,链球菌感染->疾病描述->丹毒,0.21,疾病描述
56岁男性充血性心力衰竭，心率100～110次/分钟，使用地高辛两周无明显效果，应该选择哪种药物治疗？,心力衰竭->常用药品->β-受体阻滞剂,0.87,常用药品
一名糖尿病患者晨起活动后突发神志不清、跌倒，约3分钟后自行缓解，但主诉双眼视物不清。查体发现其双眼球不能上视，双动眼神经部分麻痹，双瞳孔光反射迟钝，记忆力差，双眼视力仅为眼前指数，头颅CT未见异常。结合以上症状，应考虑哪一种临床诊断？,基底动脉尖综合征->检查疾病->血管影像学检查,0.75,诊断检查
65岁男性冠心病史，冠脉造影后恶心、食欲不振，实验室检查显示BUN为22mmol/L，肌酐为230mmol/L，尿量为500ml，血压140/80mmHg，最可能的诊断是什么？,急性肾损伤->可能患有疾病->冠脉造影后肾损伤,0.55,可能患有疾病
根据CT值为-10HU、超声显示强回声、及MRI成像特征(T1加权像略低信号，T2加权像等信号，强化不明显)，25岁男性肝右叶下段1.5cm占位的最可能诊断是什么？,占位病变->忌吃->辛辣刺激食物,0.09,忌吃
根据患者牙龈肥大增生的症状及其病史，该患者的牙龈增生肥大最可能与长期服用哪种药物有关？,苯妥英钠->可以治疗疾病->癫痫,0.86,可以治疗疾病
根据以下症状：患者肢体关节疼痛重着，痛处不移，局部微肿，扪之无灼热感，四肢沉重，肌肤麻术，接近关节处尤为明显，舌淡胖、边有齿痕，苔白腻，脉濡缓，应选用哪种中药方剂进行治疗？,风湿病->治疗方法->活血止痛,0.77,治疗方法
一名53岁的女性患者上腹部疼痛不适半年以上，出现进行性皮肤及巩膜黄染。超声检查显示的声像图特点是什么，可以确诊为胆总管下段癌？,胆总管下段癌->症状->肝内胆管扩张,0.83,症状
对于一名70岁的男性患者，在健康体检中发现胆囊内有直径约0.8cm的结石，随体位活动移动，口服胆囊造影显示充盈缺损不明显，且患者既往无胃病史、胆囊炎发作史、心脏病或糖尿病史，目前最佳的治疗建议是什么？,胆囊结石 -> 易患人群 -> 老年男性,0.62,易患人群
一位27岁的已婚女性患者，产后恶露35天不止，颜色深红、质地稠粘并有臭味，伴随口燥咽干，舌红，脉虚细而数。根据这些症状，应该选择哪种中药方剂进行治疗？,阴虚内热->症状->口燥咽干,0.68,症状
一名37岁男性，行胃癌根治术后一个多月，反复上腹胀和呕吐十天。请描述该患者所接受的具体根治术类型。,胃癌->并发症->胃排空障碍,0.34,并发症
一名44岁的女性，间断便血呈鲜红色滴下10年，肛指检查结果为阴性，肛镜检查发现齿状线上直肠黏膜隆起呈紫红色。这种症状最可能诊断为哪种疾病？,便血->症状->肛裂,0.69,症状
一名24岁女性患者在咽痛2周后出现肉眼血尿，尿液分析显示红细胞遍布于视野中，且有链球菌感染病史，尿蛋白定量为0.9g/d，肾功能和血压正常，ANA结果为阴性。基于这些信息，最可能的诊断是什么？,急性链球菌感染后肾小球肾炎->症状->血尿,0.87,症状
根据一位46岁女性的超声检查结果，她的月经量不多，无痛经史，今年龄段最可能的子宫异常诊断是什么？,子宫异常->可能患有疾病->多囊卵巢综合症,0.18,可能患有疾病
跌落后患者短暂不省人事，清醒后神志清楚，呼吸急促，口唇发绀。最可能的颅脑损伤？,脑震荡->诊断检查->头颅CT,0.75,诊断检查
一位24岁的孕妇，妊娠31周，表现为高血压、尿蛋白和浮肿等症状，血HCT为43%且全血黏度比值为3.8，针对这种情况，最佳的处理方法是什么？,先兆子痫->常用药品->硫酸镁,0.55,常用药品
对于一名患有风湿痹痛多年的61岁女性患者，出现腰膝酸痛、筋骨痿软无力、脉弦细等症状，应选择哪种药物进行治疗？请说明原因。,筋骨无力->症状->肝肾不足,0.76,症状
一名59岁男性患者，上腹不适2周，经过检查并进行电子胃镜检查及超声内镜后，最佳的进一步治疗方案是什么？,胃癌->治疗方法->化疗,0.61,治疗方法
对于一名41岁女性，身高164cm、体重65kg，在近半年表现出多饮、多尿及乏力症状，血压为20／13.3kPa，空腹血糖为6.9mmol/L。在该情况下，哪项检查可以明确诊断为糖尿病？,糖尿病->诊断检查->口服糖耐量试验（OGTT）,0.35,诊断检查
一名56岁男性，患有高血压10年，近期因工作繁忙出现头晕、头胀、胸闷等症状，并伴有气促和心慌，血压为186/112mmHg，心率为118次/min。针对该患者的治疗，最重要的措施是什么？,高血压危象->治疗方法->硝普钠,0.78,治疗方法
根据患者的症状，如发热、关节痛、乏力、恶心，以及实验室检查结果显示尿蛋白增加、红细胞及白细胞升高、血肌酐升高、P-ANCA阳性、胸片显示双下肺纹理增多，结合上述临床表现和实验室结果，患者最可能的诊断是什么？,显微镜下多血管炎 -> 症状 -> 尿蛋白增加,0.93,症状
对于一位25岁已婚妇女，尚未生育，停经2.5个月伴少量阴道出血3天，医生检查发现她的子宫大小明显超出停经月份，请问针对这种病人的下一步治疗方法是什么？,葡萄胎->检查方法->血清β-HCG水平,0.75,诊断检查
单女士的胎儿在第二产程延长后，经过胎头吸引助产娩出，此时脐带绕颈2周，且Apgar评分为3分，应采取的首要紧急措施是什么？,胎儿复苏->治疗方法->解开脐带绕颈,0.92,治疗方法
一名38岁女性患者，近半月来感到乏力、咽痛和阵发性刺激性咳嗽，无痰，3日来发热，X线检查发现双下肺有炎症浸润阴影。基于这些症状和检查结果，请问治疗该患者最合适的首选药物是什么？,肺炎->治疗科室->皮肤科,0.01,治疗科室
针对一名10个月大的女婴，长期母乳喂养且母亲素食为主，出现面色苍白、精神呆滞、贫血等症状，血红蛋白和网织红细胞水平偏低，外周血成熟红细胞以大细胞为主的情况，最佳的解决方案是什么？,维生素B12缺乏->治疗方法->抗生素,0.23,治疗方法
根据患者三年前左膝关节轻微外伤史，以及目前的症状和影像学检查结果，最可能的诊断是什么？,半月板损伤->治疗方法->手术治疗,0.58,治疗方法
根据某患者体表的表现，即10余枚大小不一、质地柔软、表面光滑、有囊性感并可压入皮下的肿块，放手后随即弹起，这种情况可诊断为什么病？,肿块->症状->皮下气囊肿,0.68,症状
患者进行抗凝溶栓治疗后出现情绪低落和记忆力减退，最有价值的检查是什么？,抗凝溶栓治疗后->治疗方法->抗抑郁药物,0.63,治疗方法
对于一位明确诊断为心肌梗死且拒绝入院治疗的清醒患者，医生应该如何在尊重患者自主权的同时确保其得到合适的医疗处理？,溶栓药物->可以治疗疾病->心肌梗死,0.23,可以治疗疾病
根据患者夜间受凉后的症状表现，如腹痛、下痢赤白、恶寒发热、舌苔薄腻等，最佳治疗方剂是什么？,山药莲子粥->食谱有益于疾病->寒湿泄泻,0.29,食谱有益于疾病
一位38岁女性患者，经历5年的心悸、气短、下肢浮肿和纳差症状，并在最近2周加重。体检发现，其心脏区域有级别为3/6的收缩期杂音，心率为120次/分钟，心律规整，双肺底部有湿啰音，肝脏下降至肋下3厘米并有轻度压痛。结合这些体征和症状，请给出该患者的具体心功能诊断。,心力衰竭->症状->下肢浮肿,0.88,症状
一名30岁女性患者，既往多次进行人工流产术，现人工流产术后4个月无月经，伴周期性下腹痛，周期约为30天。妇科检查发现子宫稍大，压痛，后穹窿饱满且软。根据上述症状和体征，该患者可能的诊断是什么？,多次人工流产->可能患有疾病->宫腔粘连综合征,0.86,可能患有疾病
"16岁未婚女患者, 以往月经规律, 因夏季过食冷饮导致末次月经过期10余日才来，并伴有小腹绵绵作痛和便溏的症状，请问此病例的诊断是什么？",寒湿困脾->并发症->小腹作痛,0.11,并发症
一名39岁女性患者，因右上腹疼痛1天就诊。体检显示巩膜黄染，体温39.5℃，右上腹压痛并伴有轻度肌紧张。B超检查发现胆管轻度扩张且胆管内有结石。如果不及时治疗，该患者最可能出现什么严重并发症？,急性胆管炎->症状->右上腹痛与发热,0.63,症状
疟疾患者使用二盐酸奎宁静滴抢救时出现寒战、高热、血红蛋白尿，应换用何药？,奎宁不良反应->治疗方法->换用青蒿素类,0.67,治疗方法
患者出现腹大胀满，撑胀不甚，下肢水肿，神疲面青，小便不利，舌淡，边有齿印，苔厚腻水滑，脉沉弱等症状，治疗此证宜用哪种中药方剂？,脾肾阳虚->治疗方法->温阳补气药,0.67,治疗方法
一名39岁的男性患者在癫痫发作期间，表现出胃部一股气体上升、咀嚼和吞咽动作、喃喃自语、走动，并似乎在寻找东西但对呼唤无反应，整个过程持续约4分钟，请问这种情况属于哪种癫痫发作类型？,复杂部分性癫痫发作->并发症->认知障碍,0.61,并发症
一名45岁的女性患者有心肌缺血病史，最近出现心慌和气短的症状，经心电图检查诊断为阵发性室上性心动过速。根据她的病情，哪种药物是治疗这种情况的最佳选择？,心房颤动->症状->心悸,0.09,症状
一名28岁女性患者有4年反复水肿病史，最近一个月出现厌食、恶心、齿龈出血，且近1日解柏油样大便并逐渐昏迷。其血压为21.3／13.3kPa(160／100mmHg)，血红蛋白为70g／L，血小板计数为7×10^9/L。一年前该患者曾患肝炎现已痊愈。请你指出为了尽快明确该患者的诊断，哪项血液检查最有意义，并说明理由。,肝硬化->治疗科室->消化内科,0.44,治疗科室
55岁男性，晚宴后早晨被发现死亡，床上有少量咖啡色渣液，左侧腰腹部有大片青紫斑，最可能的死因是什么？,急性胰腺炎->治疗方法->止痛药,0.75,治疗方法
患有高血压、低血钾且没有表现出库欣综合征特征的一名28岁女性，其血钠水平为149mmol/L，血钾水平为3.1mmol/L，那么用于她高血压的特效治疗药物是什么？,原发性醛固酮增多症->常用药品->螺内酯治疗,0.91,常用药品
根据一名35岁男性患者的症状：头痛、复视半年，左侧肢体无力，右眼上睑下垂，右瞳孔散大，对光反应消失，左侧肢体肌力Ⅲ度，肌张力增高，膝反射亢进，Babinski征(+)，左侧鼻唇沟变浅，伸舌时左偏，请确定该患者的病变定位于哪个部位？,Babinski征阳性->疾病描述->锥体束受损,0.84,疾病描述
25岁女性，停经2个月，尿妊娠试验阳性，近1周阴道少量出血，妇科检查显示子宫增大如7周妊娠大小，未见异常组织物排出且无压痛。根据这些症状，最可能的诊断是什么？,先兆流产->治疗方法->超声检查,0.72,治疗方法
"根据一位76岁女性患者的情况，她有慢性咳嗽、咳痰病史超过20年，近期感冒后症状加重，并伴随显著气短，血气分析结果为pH 7.32, PaCO2 75 mmHg, PaO2 45 mmHg。在此情况下，医生认为应严格控制她吸氧时的氧浓度。请问，该患者吸氧时的氧浓度应控制在多少范围内？",咳嗽->食谱有益于疾病->川贝炖雪梨,0.11,食谱有益于疾病
针对一位38岁的女性患者，在假体隆乳术后出现右乳房疼痛、变硬，并伴有轻微触痛的情况下，结合其乳房外观不规则和质地变硬的体征，最可能的诊断是什么？,假体隆乳术->并发症->被膜挛缩,0.35,并发症
一位67岁的男性支气管哮喘患者，其缓解期表现为气短声低，咳痰清稀色白，平素自汗，怕风，常易感冒，舌淡苔白，脉细弱。根据这些症状，应该选择哪种中药方剂进行治疗？,咳痰清稀->食物有害于疾病->油腻煎炸食物,0.61,食物有害于疾病
45岁的男性患者被诊断为肾病综合征合并严重肝功能不全，适合使用哪种糖皮质激素进行治疗？,肾病综合征->治疗方法->泼尼松龙,0.83,治疗方法
一位39岁的女性曾因胎盘早剥大出血导致休克，经过抢救后成功脱险，但产后闭经已有3年，现在伴有生殖器萎缩、脱发和全身无力等症状。根据这些临床表现，她的闭经属于哪一种类型的闭经？,Sheehan综合征->治疗方法->外科手术治疗,0.15,治疗方法
根据一名35岁男性患者的症状：头痛、复视半年，左侧肢体无力，右眼上睑下垂，右瞳孔散大，对光反应消失，左侧肢体肌力Ⅲ度，肌张力增高，膝反射亢进，Babinski征(+)，左侧鼻唇沟变浅，伸舌时左偏，请确定该患者的病变定位于哪个部位？,复视->可能患有疾病->脑干病变,0.84,可能患有疾病
一名患者因全身瘙痒而抓挠皮肤，结果在皮肤上出现条索状隆起，服用抗组胺药有效，但停药后容易复发。这种症状应该被诊断为何种皮肤问题？,皮肤划纹症->治疗方法->局部激素治疗,0.49,治疗方法
一名30岁的男性患者因左侧季肋部撞击伤导致左侧第9、10肋骨骨折，经过保守治疗3天后出现晕厥，伴心率118次/分和血压85/55mmHg。基于这些症状，最可能的原因是什么？,脾破裂->症状->晕厥与低血压,0.86,症状
一名50岁男性，10天前开始发冷、发热，体温39.5℃，伴有右侧胸痛、咳嗽、咳脓性臭痰，并有结核病密切接触史。为了进一步明确他的诊断，应该首先进行什么检查？,结核病->治疗方法->抗结核药物,0.52,治疗方法
一名45岁的男性由于心肌梗死导致心源性晕厥，在进行心脏除颤后恢复了窦性心律，意识清醒且血压逐渐恢复正常。为了预防酸碱失衡，应该立即补充哪种溶液？,心肌梗死->并发症->乳酸堆积,0.74,并发症
30岁女性，左小脑3×4cm囊样低密度区，壁结节增强，四脑室受压变形右移，最可能诊断是什么？,小脑肿瘤->并发症->脑室受压,0.18,并发症
一名31岁的男性因失眠长期服用某种药物治疗。在突然停药12小时后，他出现头痛、虚弱无力和肢体颤抖的症状，请问他最可能服用的是哪类药物？,失眠->常见药物->抗抑郁药,0.55,常用药品
请根据以下症状描述确定适宜的中药方剂：患者男，65岁，症见发热，体温可高达39℃，自汗出，渴喜温饮，少气懒言，面色苍白，大便稀溏，舌质淡，苔薄白，脉虚洪。,气虚->常用药品->补中益气汤,0.88,常用药品
一位40岁的女性患者，下腹部出现积块，触摸时发现不坚且固定不移，同时伴随腰腹疼痛、经行量多，舌苔厚腻且舌边有瘀点，脉象沉涩。根据这些症状，治疗应首选哪种中药方剂？,瘀血内阻->常用药品->桂枝茯苓汤,0.88,常用药品
某疟疾病患者在使用二盐酸奎宁进行抢救过程中，出现寒战、高热、血红蛋白尿等症状，此时应改用哪种药物继续进行抢救？,疟疾->常用药品->青蒿素类药物,0.87,常用药品
针对7岁患儿出现高热、昏迷、抽搐及严重低血压的情况，其粪便检查结果显示脓细胞和红细胞阳性，说明为细菌感染。为预防该病，最重要的综合措施是什么？,细菌性痢疾->传染性->高,0.39,传染性
一名9岁男孩，颈前部肿大，按之柔软，随吞咽上下移动，诊断为气瘿，请问对此病应采用哪种中药方剂进行治疗？,气瘿->常用药品->四海舒郁丸,0.88,常用药品
对于一位30岁的女性患者，其双眼上睑下垂症状在休息或睡眠后有所改善，哪项检查最有助于鉴别诊断该病症的原因？,重症肌无力->诊断检查->新斯的明试验,0.95,诊断检查
患者长期喘息病，近日感冒，微热、怕风寒、咳嗽气短、微汗、舌苔淡白、脉浮缓弱。应给予何种中药治疗方案？,舌苔淡白->症状->寒邪,0.11,症状
45岁女性，乳腺癌肿瘤2cm，侵犯皮肤并破溃，ER/PR阴性，Her-2阳性，病理2级，无淋巴结转移，无远处转移，TNM分期是什么？,远处转移->诊断检查->影像学检查,0.18,诊断检查
38岁男性患者突然出现上腹剧痛并波及全腹，伴有面色苍白、出冷汗、全腹压痛、反跳痛和肌紧张，请问针对这种情况最先应进行哪种检查？,消化道穿孔->症状->全腹压痛,0.05,症状
一名5岁女童，已患急性淋巴细胞性白血病8个月，并接受了正规化疗。她现在发热1天，体温40.1℃，精神萎靡，皮肤上出现了较多皮疹，其中包括丘疹和疱疹，疱疹内为浑浊液体。基于这些症状，最可能的诊断是什么？,水痘-带状疱疹病毒->并发症->免疫抑制状态,0.62,并发症
根据一位46岁女性的超声检查结果，她的月经量不多，无痛经史，今年龄段最可能的子宫异常诊断是什么？,子宫异常->可能患有疾病->子宫内膜退行性变化,0.88,可能患有疾病
25岁孕妇，怀孕26周，诉平卧时间长会出现恶心、胸闷、头昏，血压测量结果为95/55mmHg，心尖区听到Ⅰ～Ⅱ级吹风样收缩期杂音，胎心胎动良好，无宫缩。在这种情况下，最可能的诊断是什么？请说明理由。,仰卧位低血压综合征->治疗方法->侧卧,0.78,治疗方法
一个5岁的男孩因2天无痛性暗红色血便入院，并有类似病史。在体检后为明确诊断，应该首选哪种检查方法？,梅克尔憩室->症状->无痛性血便,0.93,症状
对于一名7岁女孩，出现尿频尿急5天并伴有寒战，全身温度39.0℃，双肾区有叩击痛，确诊这种情况下首选的检查是什么？,尿频+寒战+肾区叩击痛->检查疾病->尿培养,0.87,诊断检查
一名45岁的男性由于心肌梗死导致心源性晕厥，在进行心脏除颤后恢复了窦性心律，意识清醒且血压逐渐恢复正常。为了预防酸碱失衡，应该立即补充哪种溶液？,心肌梗死->并发症->代谢性酸中毒,0.85,并发症
对于一名6个月大的婴儿患者，在经历腹泻2天后症状有所缓解，当天大便减少至7-8次，已排尿，呕吐停止。在继续监测酸碱平衡并纠正及静脉补钾的情况下，第二天应选择哪种混合液进行静脉补液？请具体说明选择的理由。,乳酸氯化钠液->可以治疗疾病->腹泻,0.64,可以治疗疾病
根据27岁男性患者的症状：乏力、双下肢反复瘀点、重度贫血貌，全身可见散在出血点，血象显示贫血，中性粒细胞和血小板显著减少，且网织红细胞低，请给出最可能的临床诊断是什么？,再生障碍性贫血->诊断检查->骨髓穿刺,0.86,诊断检查
一名2岁男孩突然出现皮肤瘀斑瘀点，颜色鲜红，伴有齿衄、鼻衄、尿血等症状，面红目赤，心烦口渴，便秘尿少，舌红苔黄，脉数。在这些症状表现下，应选用哪种方剂进行治疗？,血热->治疗方法->犀角地黄汤,0.89,治疗方法
30岁女性，面部水肿、疲倦，蝶形红斑，血沉65mm/h，尿蛋白三级阳性，抗核抗体和抗Sm抗体阳性。最可能诊断？,红斑狼疮->诊断依据->尿蛋白阳性,0.65,诊断检查
一名48岁男性患者，腘窝上方持续性钝痛2年，且疼痛加重，以往‘结核’治疗无效，体检显示腘窝上方有肿胀和局部压痛，实验室检查正常。请问根据提供的图像，导致这种症状的最可能病因是什么？,神经纤维瘤->诊断检查->MRI,0.85,诊断检查
3岁患儿，发热39.8℃，烦躁不安，面红目赤，口渴欲饮，丘疹、疱疹、结痂散布，舌红绛苔黄糙，脉洪数。应该选择什么药物进行治疗？,热毒内蕴->并发症->肝功能损伤,0.63,并发症
一名43岁男性，患有扩张型心脏病，突发心悸来到急诊。结合心电图结果，针对该患者的病情，首选的治疗方案是什么？,扩张型心脏病->治疗方法->利多卡因（室速治疗）,0.85,治疗方法
一位56岁的男性患者，具有3年风湿性关节炎病史，近期因病情加重服用大量NSAID后，出现黑便。请问黑便的最可能原因是什么？,消化道溃疡->症状->黑便,0.84,症状
32岁的女性患者出现尿频、尿痛、尿急和下腹部不适2天，但没有发热和肾区叩击痛现象。尿液显微镜检查显示白细胞满视野、红细胞2~4个/HP，肾功能正常。停用抗菌药物7天后复诊，症状消失，但清洁中段尿培养结果为阳性，细菌数量为1×10^5/ml，并且为同一菌株。在这种情况下，该患者应诊断为什么？,尿频->可能患有疾病->尿道炎,0.13,可能患有疾病
男性，30岁，出现间歇性畏寒、寒战、高热、出汗症状超过2周，10月份就诊。间歇期间无明显不适。体检结果显示体温41℃，轻度贫血貌，心率120次／min，肝脾触诊肋下肝1cm，脾2cm。化验血红蛋白结果为89g／L。基于以上信息，这位患者最可能患有什么病？,疟疾->并发症->肺炎,0.09,并发症
对于一名18岁男性患者，右上1牙在备洞过程中发生意外穿髓，穿髓孔直径约0.5mm，请问应使用何种治疗方法？,牙髓暴露->治疗方法->氢氧化钙盖髓,0.78,治疗方法
一个5岁的女孩因浮肿和尿量减少3至4天入院，体检显示眼睑浮肿，尿液检查蛋白质和红细胞增多，血压为140/100mmHg。根据这些症状和检查结果，她可能被诊断为什么病？,白细胞增多->可能患有疾病->急性肾小球肾炎,0.12,可能患有疾病
一名55岁男性患者，出现右上腹痛2个月，伴有皮肤和巩膜黄染15天，并进行性加重，查体显示胆囊肿大，超声提示肝内胆管扩张且胆囊肿大，在胰腺平面以上肝外胆管扩张但胰头及胰管无明显异常的情况下，最可能观察到的影像学征象是什么？,肝门部胆管癌->症状->巩膜黄染,0.76,症状
在患者因肺部感染而出现高热，咳嗽气急，咽痛咳血等症状，舌红绛或紫绛，苔黄，脉滑数的情况下，应如何加减应用中药进行治疗？,肺热引起的咳嗽->并发症->咳嗽咳血,0.85,并发症
一名56岁男性患者，患有肺痨五年，表现出咳嗽无力、声低懒言、痰中夹血、色淡红，以及午后低热、面白颧红等症状。舌嫩红有齿痕，苔薄白，脉细弱数。在这种情况下，若患者咳血、咯血较为严重，应优先采用何种中药来补络止血，进行治疗？,白及枇杷丸->治疗方法->止血润肺,0.91,治疗方法
一位48岁的女性有10年上腹痛病史，近3个月症状加重。胃镜检查显示胃角溃疡，并且HP检查呈阳性。请问针对这种情况，最佳的治疗方案是什么？,胃角溃疡->诊断检查->胃镜,0.53,诊断检查
一位46岁女性有3年高血压病史，服用降压药钙拮抗剂，血压控制不满意，出现下肢乏力，尤其长时间行走时，B超检查发现右肾上腺有直径2cm的占位病变。在手术前准备期间，为改善和控制她的高血压，应首选哪种口服药物？,高血压->治疗方法->降压药,0.75,治疗方法
一位50岁女性患者，被诊断为耐青霉素G的金黄色葡萄球菌性心内膜炎，且青霉素皮试结果为阴性，既往病史包括慢性肾盂肾炎。在这种情况下，应选用哪种抗生素进行治疗？,耐青霉素G的金黄色葡萄球菌性心内膜炎->治疗方法->药物敏感性试验,0.75,治疗方法
一位47岁的男性患者，出现脾胃气滞导致的脘腹胀痛，并伴有食欲不振和大便溏泻，治疗应着重行气止痛和健脾消食。应该选择哪种中药来治疗这个病症？,砂仁->食物有益于疾病->消化不良,0.89,食物有益于疾病
一名63岁的男性患者出现心胸疼痛和胸部闷窒，在含化复方丹参滴丸治疗无效后仍有这些症状，并伴有心悸、喘促、出汗、舌体胖大、舌质暗淡、苔白、脉细无力，应选择哪种方剂进行首选治疗？,保元汤->治疗时长->两周,0.38,治疗时长
对于药物治疗无效的反复发作室性心动过速或心室颤动的心力衰竭患者，最适宜的治疗方法是什么？,心律失常->治疗方法->导管消融术,0.88,治疗方法
一名男性新生儿经产道分娩3天后，出现双眼睑红肿、畏光、结膜高度充血，以及大量黏脓性分泌物等症状，请指出最可能的疾病诊断。,淋球菌性结膜炎->治疗方法->抗生素滴眼,0.77,治疗方法
一名46岁男性胃癌患者手术后接受顺铂和阿霉素的化学治疗，出现严重恶心呕吐，哪种药物被认为是止吐效果最好的？,顺铂->治疗科室->肿瘤科,0.03,治疗科室
对于药物治疗无效的反复发作室性心动过速或心室颤动的心力衰竭患者，最适宜的治疗方法是什么？,心力衰竭->可以治疗疾病->ICD植入,0.81,可以治疗疾病
针对3岁女童叶某，出现低热、双侧腮部肿痛、咀嚼不便、咽痛等症状，中医治疗首选的方剂是什么？,流行性腮腺炎->症状->双侧腮部肿痛,0.88,症状
某患者15岁，左颈部有3个中等硬度的肿大淋巴结，其中1个坏死且破溃形成瘘管，该病例可能是患了哪种疾病？,结核性淋巴结炎->症状->颈部淋巴结肿大,0.77,症状
一名中年女性在剧烈咳嗽后右大腿卵圆窝部位出现肿块增大、变硬并伴随剧烈疼痛，1天后采用手法还纳后，她出现持续性腹痛，并伴有明显腹肌紧张、压痛和反跳痛的症状。基于这些临床表现，最可能的诊断是什么？,肠坏死->并发症->腹膜炎,0.61,并发症
根据以下症状：患者肢体关节疼痛重着，痛处不移，局部微肿，扪之无灼热感，四肢沉重，肌肤麻术，接近关节处尤为明显，舌淡胖、边有齿痕，苔白腻，脉濡缓，应选用哪种中药方剂进行治疗？,风湿病->治疗方法->消炎止痛药,0.07,治疗方法
"一名27岁已婚妇女,在停经13周时出现不规则阴道出血,持续10余天,量不多且暗色。在妇科检查中,发现其子宫大小如新生儿头,张力较大,且两侧附件均可触及手拳大小、活动良好并光滑的肿物。最可能的诊断是什么?",葡萄胎->症状->不规则阴道出血,0.83,症状
患者陈×出现吞咽困难、口干咽燥等症状，使用五汁安中饮治疗效果不佳，若要增加疗效，应该加用哪种药物来滋补患者的胃肾？,吞咽困难->可能患有疾病->阴虚证,0.86,可能患有疾病
针对一位成年男性，他有三个月来双下肢无力麻木逐渐加重，背后疼痛且咳嗽时加剧的症状。检查显示左半侧T8以下痛温觉消失，右下肢肌力3级，腱反射亢进，Babinski征阳性，同时右下肢足趾振动觉和位置觉消失。根据这些临床表现，最可能的诊断是位于什么位置的脊髓病变？,脊髓病变->诊断->胸椎脊髓损伤右侧T8,0.72,可能患有疾病
3岁患儿，发热39.8℃，烦躁不安，面红目赤，口渴欲饮，丘疹、疱疹、结痂散布，舌红绛苔黄糙，脉洪数。应该选择什么药物进行治疗？,热毒内蕴->治疗方法->抗生素,0.13,治疗方法
一位32岁的女性患者，表现为漫肿无头、皮色不变、酸痛无热、口中不渴，舌淡苔白，脉沉细。根据以上症状，应首选使用哪种中药？,寒湿阻滞->治疗科室->中医内科,0.83,治疗科室
在患者女性17岁海鲜过敏后的这次急性发作中，若出现喘急鼻煸、张口抬肩、胸高气促、面青、汗出、肢冷、脉浮大无根的症状，应使用什么药物进行治疗？,过敏性休克->症状->喘急,0.75,症状
8岁女孩因左耳垂下肿痛、发热伴腹痛、呕吐入院，体温39℃，左侧腮腺有压痛，存在左上腹部轻压痛。为了确诊，应进行何种辅助检查？,流行性腮腺炎->检查疾病->腹部超声,0.72,诊断检查
根据患者的病例描述，包括头部外伤、近期出现的头痛、头昏以及视力下降等症状，同时结合既往病史和体格检查结果，该患者最可能被诊断为何种疾病？,硬膜下血肿->治疗方法->手术治疗,0.69,治疗方法
13岁女生刷牙时牙龈出血，牙龈充血水肿，X线无牙槽骨吸收。最可能的诊断是什么？,牙龈出血->可能患有疾病->青春期龈炎,0.95,可能患有疾病
26岁男性，右下颌区肿块超过4个月，抗感染治疗无效，穿刺出黏稠液体，口腔内部无异常，最可能的诊断是什么？,右下颌肿块->可能患有疾病->舌下腺囊肿,0.89,可能患有疾病
一位50岁的女性，有30余年乙型肝炎病史，2小时前进食烧饼后突然出现呕血约800ml。查体结果显示全身皮肤、黏膜无黄染，无腹水。在这种情况下，若需要进行急诊手术，请问最佳的手术方式是什么？,食管静脉曲张->治疗方法->食管止血术,0.62,治疗方法
患者右臀和下肢出现红斑和水疱后经过治疗皮损好转，但局部仍然疼痛且检查发现有色素沉着。在舌暗红、苔白、脉弦细的情况下，哪一种中药方剂加减可以最适宜地改善该患者的症状？,血府逐瘀汤->治疗方法->活血化瘀,0.58,治疗方法
44岁女性患者，半年内出现阴道不规则出血，检查发现子宫如孕9周大小，手术探查和全子宫切除术中未发现盆腔组织异常。病理检查显示为子宫平滑肌肉瘤，ER(++)PR(++)。请问，根据FIGO分期，该子宫平滑肌肉瘤的分期可能是多少？,子宫平滑肌肉瘤->症状->阴道不规则出血,0.01,症状
根据以下症状描述，患者白带量多，外阴瘙痒，白带呈豆腐渣样，伴有心烦失眠，舌苔黄腻，脉弦，其分泌物检查结果为霉菌(+)。请问，应选用哪种中药方剂进行治疗？,霉菌性阴道炎 -> 症状 -> 白带呈豆腐渣样,0.39,症状
一名72岁男性患者打哈欠后突然出现下颌不能闭合、流涎及下颌中线偏向一侧的情况。针对这种情况，最常用的治疗方法是什么？,下颌脱位->治疗方法->手术,0.51,治疗方法
根据患者的症状和体征及确诊的胃癌情况，针对这名46岁女性患者，持续性上腹痛并伴有腹水，直肠前壁有坚硬结节，最合理的治疗方案是什么？,胃癌->治疗方法->免疫治疗,0.65,治疗方法
一名8岁男患者出现恶寒发热1天后，伴有头面红肿掀痛、咽痛、口渴舌燥、舌红苔黄、脉浮数等症状。根据这些症状，应选用哪种中药方剂进行治疗？,普济消毒饮->常用药品->黄芩,0.56,常用药品
在总义齿患者的调牙合过程中，当下颌前伸至上下颌前牙切缘相对时，出现左右侧上下颌第二磨牙和第一磨牙与上颌第二双尖牙同时接触的现象，这种接触模式如何描述？,咬合平衡->诊断检查->咬合分析,0.65,诊断检查
患者表现为胸部隐痛，严重时胸痛彻背，伴有喘息咳唾、短气、气从胁下上抢心，舌苔白腻，脉象沉弦。根据这些症状，应使用哪种中药方剂进行治疗？,痰浊阻滞->常用药品->枳实薤白桂枝汤,0.88,常用药品
一位60岁的男性患者在活动时出现胸骨后疼痛，听诊发现在胸骨右缘第2肋间有4/6级收缩期喷射样杂音。结合这些症状和体征，他最可能的心脏疾病诊断是什么？,主动脉瓣狭窄->症状->4/6级喷射样杂音,0.86,症状
一名67岁女性患者，乳腺出现包块并伴有乳头溢液，病程为一个多月，通过X线检查后，你认为最有可能是什么诊断？,乳腺疾病->症状->乳腺钙化,0.52,症状
43岁男性胸背部疼痛，肋骨及胸骨溶骨性破坏，骨髓异常浆细胞0.54，血清蛋白电泳窄底高峰，尿蛋白(+++)。不适当的治疗措施有哪些？,多发性骨髓瘤->治疗方法->COP化疗方案,0.74,治疗方法
一名50岁男性患者视力略减退，眼外检查无异常，但眼底检查显示静脉曲张、动脉变细，并且乳头面上出现大片状火焰状出血，同时视网膜反光增强以及可能出现黄白色类脂质变性及出血。根据这些临床表现，这种情况最可能的诊断是什么？,中央视网膜静脉阻塞->检查疾病->眼底检查,0.85,诊断检查
患者陈×出现吞咽困难、口干咽燥等症状，使用五汁安中饮治疗效果不佳，若要增加疗效，应该加用哪种药物来滋补患者的胃肾？,胃肾阴虚->忌吃->辛温燥热食物,0.17,忌吃
一名50岁的女性感到乏力、食欲下降，并在两个月内明显消瘦。妇科检查发现盆腔有包块。根据超声检查结果，该包块最可能的诊断是什么？,卵巢癌->诊断检查->超声检查,0.91,诊断检查
如果一个10岁女孩在经历呼吸道感染后，因水肿、尿量减少及血尿在2天内入院，随后在2到4周后出现进行性尿量减少和肾功能下降，应考虑什么诊断？,急进性肾小球肾炎->并发症->肾功能下降,0.87,并发症
9岁的男孩王某2周前曾出现咽痛，口服药物后症状缓解，但近两日晨起眼睑浮肿，小便色红伴尿潜血阳性，血压130/70mmHg，被诊断为肾炎。其表现为发热不恶寒，咽喉疼痛，口干口渴，头面浮肿，尿少色赤，舌红苔薄黄，脉浮数。根据中医证候学的辨证，此时应选用哪种治疗方剂？,湿热蕴结->症状->头面浮肿,0.55,症状
对于一位有长期高血压和冠心病历史的70岁女性患者，在经历近期病情恶化后接受初步治疗，但血压仍保持在165/70mmHg的情况下，若需要调整用药以更好地控制血压，你会建议添加哪些药物来达到此目的？,高血压治疗->常用药品->地尔硫卓,0.85,常用药品
一位48岁的女性患者因左侧颈部包块伴有发热1个月余住院，活检镜下见弥漫性大细胞，免疫组化提示B细胞来源，发现脾肋下5厘米，肝不大，骨髓穿刺涂片内含13%淋巴细胞。请问该患者的临床分期是？,发热->诊断检查->血常规,0.18,诊断检查
咳嗽咳痰、痰黄黏稠、痰中夹血、心烦易怒、胸胁刺痛、口干咽燥、舌红苔黄、脉弦数，应该使用哪个中药方剂进行治疗？,痰热->常用药品->清肺化痰方,0.85,常用药品
一位46岁女性有3年高血压病史，服用降压药钙拮抗剂，血压控制不满意，出现下肢乏力，尤其长时间行走时，B超检查发现右肾上腺有直径2cm的占位病变。在手术前准备期间，为改善和控制她的高血压，应首选哪种口服药物？,高血压->可能患有疾病->肾上腺功能亢进,0.57,可能患有疾病
根据2岁男孩的病情描述，包括发热、剧烈头痛、喷射性呕吐和脑膜刺激征阳性等症状，他被诊断为哪种类型的流行性脑膜炎？,脑膜炎奈瑟菌感染->食物有益于疾病->绿豆汤,0.25,食物有益于疾病
患者陈×出现吞咽困难、口干咽燥等症状，使用五汁安中饮治疗效果不佳，若要增加疗效，应该加用哪种药物来滋补患者的胃肾？,山药->可以治疗疾病->胃肾阴虚,0.83,可以治疗疾病
一名35岁的女性在进行甲状腺次全切手术后，出现高热、心率160次/分、烦躁不安、大汗淋漓和腹泻等症状。在这种情况下，应考虑的最可能诊断是什么？,甲状腺危象->检查疾病->甲状腺激素水平检测,0.84,诊断检查
左眼睑下垂、外肌瘫痪、瞳孔散大、突出、视力仅0.1，应考虑什么诊断？,青光眼->症状->眼球突出,0.26,症状
某少女出现月经停止半年，同时伴有神疲肢倦、心悸气短、面色淡黄等症状，舌象为淡胖有齿痕、苔白腻，脉象缓弱。根据这些临床表现，应使用哪种中药方剂进行治疗？,肝硬化 -> 并发症 -> 腹水,0.05,并发症
在患者视力骤降、神膏混浊、视衣脱离，伴随情绪急躁易怒、失眠多梦、耳鸣如潮、口苦、舌红苔黄、脉弦数的情况下，宜选用哪种中药方剂进行治疗？,龙胆泻肝汤->常用药品->黄芩,0.82,常用药品
一位54岁男性患者，间歇性上腹部不适4年，餐后加重，嗳气来诊。胃镜检查显示如图所示的结果。请问对这种情况下的治疗方案，应该采取怎样的处理方式？,胃溃疡->治疗方法->质子泵抑制剂,0.94,治疗方法
患者颈前偏左囊性包块随吞咽上下移动，突然增大伴疼痛，既往有手术史。最可能诊断？,甲状舌管囊肿感染->症状->囊性包块,0.88,症状
一名21岁男性，右膕窝部无痛性肿块持续2年，质地坚硬且较固定，最近局部出现疼痛。结合右股骨的正侧位X光片，最可能的诊断是什么？,皮质旁骨肉瘤->治疗方法->手术切除,0.89,治疗方法
一个38岁的男性在4小时前从6米高处跌落，左腰部撞击石块，出现左腰部疼痛和轻微压痛，并且尿常规检查显示红细胞阳性。血压正常。根据这些症状和检查结果，最可能的诊断是什么？,肾脏损伤->症状->尿血,0.82,症状
根据一个72岁男性患者因剧烈咳嗽后出现的右腹股沟包块，并经过手法复位的特点，结合包块性质和触诊结果，疝出的内容物最可能是什么？,腹股沟疝->可以治疗疾病->腹壁薄弱,0.62,可以治疗疾病
一名24岁的男性在进食海产品4小时后出现发热、剧烈腹痛、腹泻、呕吐等症状，大便十余次呈血水样，偶有黏液血便。体检发现轻度脱水，血压为12/8 kPa，腹部柔软但有压痛。实验室检查显示每高倍镜视野白细胞5到8个，红细胞10到25个。根据这些症状和检查结果，最可能的诊断是什么？,副溶血性弧菌感染->症状->血水样腹泻,0.89,症状
一名31岁的男性因失眠长期服用某种药物治疗。在突然停药12小时后，他出现头痛、虚弱无力和肢体颤抖的症状，请问他最可能服用的是哪类药物？,失眠->常见药物->巴比妥类,0.88,常用药品
男性，44岁，长期足癣，左小腿反复红肿疼痛，病变边界清晰隆起，伴腹股沟淋巴结肿大。最可能诊断？,淋巴结肿大->症状->感染反应,0.14,症状
一名45岁男性患者有上腹饱胀不适7年的病史，近3天出现柏油样便且大便潜血测试为阳性(+++)，胃镜检查结果显示胃窦部黏膜薄且透，见紫蓝色血管纹。根据这些临床表现和检查结果，他最可能被诊断为何种胃部疾病？,萎缩性胃炎->症状->上腹饱胀,0.91,症状
一名28岁男性患者在上呼吸道感染后2周出现肉眼血尿和颜面水肿，经过2个月治疗后，尿检显示蛋白（＋＋），红细胞15～20个/HP，血压变化不大，但血清肌酐升至400μmol/L，B超显示双肾增大。为了进一步明确诊断，应该选择哪种辅助检查？,双肾增大->可能患有疾病->急进性肾炎,0.73,可能患有疾病
一位25岁的女性患者近一周出现双侧枕部中度钝痛，站立行走时头痛加重，卧床休息时头痛减轻或消失。这种头痛最可能的原因是什么？,自发性颅内低压->并发症->心脏病,0.18,并发症
一名30岁男性患者夜间发作性腹部烧灼样痛持续两个月，进食后迅速缓解，近期出现柏油样便和晕厥的症状，检查显示低血压和四肢厥冷。请问该病人最可能的基本病因是什么？,幽门螺杆菌感染->症状->烧灼样腹痛,0.85,症状
对于一名20岁女性患者，面部和颈部及双上肢被火焰烧伤已7小时，面颈部肿胀明显，伴有大小不等水疱和部分腐皮脱落，创面基底红白相间且痛觉较迟钝，针对这种临床表现，宜采用哪种创面处理方法？,干燥敷料治疗->治疗方法->创面处理,0.29,治疗方法
当患者出现腹大胀满、青筋暴露、面色晦滞、口燥、心烦、失眠、鼻齿衄血、小便短少、舌质红绛少津、脉弦细数等症状时，这通常属于哪种中医证型？,肝肾阴虚之鼓胀->治疗方法->滋阴清热,0.21,治疗方法
患者出现尿频、尿急、尿痛，声像图显示右肾轻度肿大，多个液性腔及钙化灶，最可能的诊断是什么？,尿路症状->检查疾病->肾脏肿瘤,0.54,诊断检查
对于一名发热3天、流涕、流泪、怕光，并且耳后、颈部、面部出现充血性红色斑丘疹的2岁女童，如果她的口腔颊内侧黏膜可见白色斑点，她的隔离期应该是出疹后多久？,麻疹->传染性->儿童易感人群,0.51,传染性
某男，43岁，诊断为肝硬化8年，现表现为腹大胀满、脉络怒张、胁腹刺痛、面色晦暗、胁下痞块、面颈胸壁有红点赤缕、手掌赤痕、口干不欲饮、粪便色黑、舌紫暗、脉细涩。根据以上症状，适宜选择哪种中药方剂进行加减治疗？,肝郁血瘀->治疗方法->膈下逐瘀汤,0.88,治疗方法
根据一个54岁女性病人的情况：她反复尿频尿急4个月，并在最近3天症状加重伴有腰痛，尿检显示白细胞5～20/HP，红细胞10～25/HP，蛋白0.3g/L，夜尿增多，晨尿比重为1.010，pH值6.7，最可能的诊断是什么？,急性肾盂肾炎->诊断检查->尿液分析,0.91,诊断检查
根据病史中女性患者40岁，反复10多年咳嗽并有时咳黄痰，及3天前突然咯血150毫升，结合体检和胸部X线片显示双肺下野纹理略增强，请问最可能的诊断是什么？,咯血->症状->黄痰,0.57,症状
根据10岁女孩的症状：胸背部疼痛3天伴随两下肢进行性无力和尿潴留，上肢肌力正常但下肢肌力为0、肌张力低、腱反射消失，病理反射未引出，第5胸椎水平以下深浅感觉消失，膀胱充盈脐下3厘米，临床上如何诊断该病情？,急性横贯性脊髓炎->症状->脊髓损伤、感觉缺失、尿潴留,0.85,症状
对于一名2岁的患儿，经历了为期4天的麻疹高热后，出现皮肤疹点密集成片、色紫红并遍及周身，同时伴有神昏和抽搐3次，应选用哪一种中药方剂进行治疗？,清热解毒方->常用药品->羚角钩藤汤,0.85,常用药品
一名患者左足足跖部位有一个黄豆大小的角化性斑块，表面粗糙且局部有刺状物，周围有数个角化性小丘疹，并伴有明显的挤压痛。根据这些症状，最可能的诊断是什么？,跖疣->治疗方法->冷冻疗法,0.51,治疗方法
35岁女性慢性肾炎，GFR为50ml/min，血尿素氮为12mmol/L，血肌酐为256μmol/L，如何判断肾功能状况？,慢性肾病->诊断检查->GFR,0.87,诊断检查
一名28岁男性，烧伤面积为Ⅱ度以上40％，出现休克，最可能是哪种类型的休克？,休克->治疗方法->抗生素治疗,0.34,治疗方法
一位39岁的女性曾因胎盘早剥大出血导致休克，经过抢救后成功脱险，但产后闭经已有3年，现在伴有生殖器萎缩、脱发和全身无力等症状。根据这些临床表现，她的闭经属于哪一种类型的闭经？,Sheehan综合征->并发症->垂体功能减退,0.57,并发症
一名18岁男性患者的X线胸片检查发现左侧胸腔第6胸椎旁有一直径约6cm的圆形肿块影，从这个位置和影像特征来看，这个肿块最可能的诊断是什么？,神经鞘瘤->常用药品->良性肿瘤,0.57,常用药品
一名28岁的男性患者，不规则发热2个月，右颈部淋巴结肿大且韧。通过穿刺涂片观察到“镜影状”细胞，请问这最可能是诊断什么疾病？,霍奇金淋巴瘤->诊断检查->淋巴结活检,0.61,诊断检查
26岁初产妇在妊娠39周时顺利经阴道分娩后，立即出现多量鲜红色阴道流血，持续不断。在这种情况下，最可能的病因是什么？,软产道裂伤 -> 治疗科室 -> 妇产科,0.55,治疗科室
针对一名65岁男性患者，患有高血压及原发性高脂血症，症状包括头痛、眩晕、急躁易怒、心悸和失眠，且其病理表现为肝阳上亢，推荐使用哪一种中成药进行治疗？,高血压->疾病描述->松龄血脉康胶囊,0.85,疾病描述
一名20岁女性患者反复出现牙龈出血和月经量增多1年半，伴有轻度贫血，检查发现血小板低至30×10^9/L，出血时间延长但凝血时间正常，骨髓增生明显活跃且红系占30%，巨核细胞明显增多，同时骨髓内外铁减少。基于这些临床和检验结果，确定该患者的诊断。,免疫性血小板减少性紫癜->症状->牙龈出血,0.92,症状
一名6个月大的男婴患有化脓性脑膜炎，经过抗生素治疗后情况好转，但体温下降后原方案继续进行，两天后体温再次升高至39°C，并伴有频繁呕吐和前囟饱满的症状。请问在这种情况下，应首先考虑哪种病情变化？,前囟饱满->症状->颅内压增高,0.89,症状
某中年男性在乘坐汽车时发生车祸后出现右髋关节疼痛，活动受限，患肢短缩，并呈屈曲、内收、内旋畸形。根据这些症状，最可能的诊断是什么？,髋关节后脱位 -> 并发症 -> 褥疮、感染,0.45,并发症
患者出现咽中不适，有异物感，咽之不下，咳之不出，伴胸中窒闷、呕恶、口苦等症状，舌苔黄而腻，脉滑数。这种情况下，应该使用哪种方剂进行治疗？,湿热困脾->治疗方法->调理脾胃,0.68,治疗方法
一名6岁男孩患有法洛四联症，出现意识不清伴频繁抽搐、腹泻和呕吐等症状。结合病史和症状，他最可能的病因是什么？,法洛四联症->并发症->胃肠感染,0.22,并发症
患者长期喘息病，近日感冒，微热、怕风寒、咳嗽气短、微汗、舌苔淡白、脉浮缓弱。应给予何种中药治疗方案？,风寒感冒->治疗方法->参苏饮,0.58,治疗方法
一名28岁的男性患者，不规则发热2个月，右颈部淋巴结肿大且韧。通过穿刺涂片观察到“镜影状”细胞，请问这最可能是诊断什么疾病？,霍奇金淋巴瘤->疾病描述->发热,0.83,疾病描述
根据患者三年前左膝关节轻微外伤史，以及目前的症状和影像学检查结果，最可能的诊断是什么？,半月板损伤->症状->膝关节疼痛,0.85,症状
一位52岁的女性在盆浴后出现白带增多、外阴瘙痒、尿频，阴道黏膜有散在出血点且后穹隆有大量黄色泡沫状分泌物，要确诊这种情况，最简便的方法是什么？,滴虫性阴道炎->推荐食谱->避免辛辣食物,0.25,推荐食谱
一位40岁的女性患者，下腹部出现积块，触摸时发现不坚且固定不移，同时伴随腰腹疼痛、经行量多，舌苔厚腻且舌边有瘀点，脉象沉涩。根据这些症状，治疗应首选哪种中药方剂？,瘀血内阻->可能患有疾病->卵巢囊肿,0.19,可能患有疾病
根据CT值为-10HU、超声显示强回声、及MRI成像特征(T1加权像略低信号，T2加权像等信号，强化不明显)，25岁男性肝右叶下段1.5cm占位的最可能诊断是什么？,强回声->症状->脂肪瘤,0.83,症状
一名28岁男性患者在上呼吸道感染后2周出现肉眼血尿和颜面水肿，经过2个月治疗后，尿检显示蛋白（＋＋），红细胞15～20个/HP，血压变化不大，但血清肌酐升至400μmol/L，B超显示双肾增大。为了进一步明确诊断，应该选择哪种辅助检查？,新月体性肾小球肾炎->诊断检查->肾活检,0.91,诊断检查
根据患者的超声综合描述，腹主动脉下腔静脉前方可见10．1cm×9．3cm形态不规则低回声，边界清晰，内回声不均匀，且肝左叶受其推挤形态失常，请问该症状最可能诊断为何种肿瘤？,腹膜后脂肪肉瘤->诊断检查->超声检查,0.61,诊断检查
38岁女性患者，出现颈前肿痛、胸闷不适、口苦咽干、急躁易怒、心悸多汗、舌苔薄黄、脉弦数，请判断其对应的中医证型是什么？,急躁易怒->症状->肝郁化火,0.83,症状
1岁8个月女婴间断发热20天，抽搐，体温37.6°C，脾肿大，颈部抵抗和克氏征阳性。脑脊液白细胞260×10⁶/L，中性粒细胞40%，淋巴细胞60%，糖1.8mmol/L，氯280mmol/L。最可能诊断？,细菌性脑膜炎->症状->发热,0.56,症状
对于全身情况不宜手术治疗而采用骨牵引的70岁男性左股骨转子骨折患者，应该重点预防哪种并发症？,肺炎->治疗科室->呼吸内科,0.14,治疗科室
一名30岁男性患者因车祸挤压伤急诊入院，第二天出现头痛、头晕、呼吸费力，且24小时尿量仅为300毫升，基于这些症状，考虑他可能发生了什么情况？,胃肠出血->并发症->低血压,0.15,并发症
李某，女，55岁，反复脘闷不舒5年，伴脘腹满闷，时轻时重，纳呆便溏，神疲乏力，少气懒言，舌质淡，苔薄白，脉细弱。根据她的症状和体征，治疗时应首选哪种方剂进行调理？,脾胃虚弱->常用药品->健脾化湿汤,0.65,常用药品
根据一位49岁女性患者，近半年来反复出现头痛、头晕、四肢麻木、周身发热、情绪不稳等症状，体检未见神经系统体征，X线片显示颈5~6椎体后缘轻度骨质增生，MRI显示颈髓无明显受压，你认为最可能的诊断是什么？,周身发热->可能患有疾病->围绝经期综合征,0.84,可能患有疾病
25岁男性患者，发热3天，体温38℃，左胸痛，查体发现左胸下部可闻胸膜摩擦音。根据这些症状和体征，诊断应是什么？,肺炎->并发症->肺积水,0.49,并发症
26岁女性人流术后微热、下腹坠痛、子宫触痛，应考虑哪种疾病？,子宫内膜炎->治疗方法->抗生素,0.76,治疗方法
根据一名52岁男性患者的症状：劳累性心慌气短10年，近年加重，曾有过夜间不能平卧以及6个月前的偏瘫史，身体检查显示脉率完全不规律，心尖区有舒张期隆隆样杂音，超声波检查结果为二尖瓣口1.2cm、瓣口钙化和瓣下结构不清，左心房内无明确血栓，应该选择哪种治疗方案？,二尖瓣狭窄->诊断检查->超声心动图,0.92,诊断检查
根据病史和检查结果分析，18岁女性，无月经来潮伴有周期性下腹痛，检查发现无阴道开口，肛查发现向直肠突出的包块，诊断出可能的先天性疾病类型是什么？,阴道闭锁->症状->肛查发现包块,0.67,症状
患者为38岁女性，双额黏膜存在白色病变1年，活检标本显示上皮萎缩、表面不全角化、上皮钉突不规则延长，基底细胞层液化变性以及固有层内近上皮区淋巴细胞浸润。根据这些病理特征，诊断应为哪种疾病？,口腔扁平苔藓->可能患有疾病->免疫介导的炎性疾病,0.85,可能患有疾病
某位在蓄电池厂工作的男工，工龄8年，出现头昏、头痛、乏力等症状，尿中6-ALA检测结果为28.6μmol/L。针对该病人的治疗，哪种药物是首选？,铅中毒->常用药品->硫酸亚铁,0.84,常用药品
一名40岁女性患者在乳晕旁出现1cm圆形肿物，该肿物活动、边界清晰，挤压时乳头有血性液体溢出。这种临床表现最可能的诊断是什么？,乳腺乳头状瘤->症状->血性乳头溢液,0.94,症状
描述一个6岁女童的病例，她于1月13日入院，症状包括畏寒、高热、头痛、呕吐、昏迷、大片淤斑、颈强直及不规则呼吸节律，并观察到左侧瞳孔直径大于右侧。她的血液检查结果为白细胞19.0×10^9/L，血压8/5.5kPa (60/40mmHg)。请根据这些信息，判断最可能的诊断是什么？,脑膜炎球菌败血症->症状->大片淤斑,0.88,症状
对于一名6岁已确诊为室间隔缺损的儿童，如果出现近1周持续发热、体温达到39℃、伴有咳嗽、呼吸困难和口唇发绀，且白细胞显著增高的症状，该儿童最可能发生什么并发症？,室间隔缺损->并发症->肺炎,0.89,并发症
78岁女性患者数月的症状表现为口腔内多数牙受到冷、热刺激时酸痛，并在鼻咽癌放射治疗后出现口腔内牙颈部环状龋损。根据这些临床表现，如何诊断这种牙病变？,猛性龋->症状->牙齿酸痛,0.35,症状
23岁女性患有急性一氧化碳中毒且出现粉红色泡沫样痰液，最适合的氧疗方法是什么？,一氧化碳中毒->治疗方法->高压氧舱治疗,0.85,治疗方法
一位8岁的男孩在吃生黄瓜后出现腹部不适，高热和抽搐，查体显示神志不清，瞳孔等大且对光反射好，颈软，血压10.7/6.7kPa(80/50mmHg)。在这种情况下，首选的检查是什么？,脑膜炎->检查方法->脑脊液检查,0.74,诊断检查
根据患者三年前左膝关节轻微外伤史，以及目前的症状和影像学检查结果，最可能的诊断是什么？,半月板损伤->并发症->膝关节肿胀,0.67,并发症
一名患者出现胸痛持续加剧，右胸导联心电图显示ST段明显上抬，伴有低血压（血压70／50mmHg）和肝大水肿，应选择使用什么药物进行优先治疗？,右心室心肌梗死->治疗方法->多巴酚丁胺,0.96,治疗方法
对于全身情况不宜手术治疗而采用骨牵引的70岁男性左股骨转子骨折患者，应该重点预防哪种并发症？,老年卧床患者->易患人群->肺部感染,0.18,易患人群
糖尿病患者长期血糖控制不佳，出现多处皮肤溃烂且难以愈合的疮疡，最适合选用的中药方剂？,糖尿病皮肤溃烂->治疗方法->清热解毒,0.85,治疗方法
一名45岁女性患者，出现头痛和癫痫症状，CT检查显示右颞叶有一个2×3厘米类圆形低密度的囊样病变，边界尚清楚并伴有轻度增强。基于这些临床表现和影像学特征，这种病变最有可能是什么类型的肿瘤？,低密度病灶->患有脑囊虫病,0.43,可能患有疾病
当患者出现卒然仆倒，不省人事，四肢强痉拘挛，口中有声，口吐白沫，烦躁不安，气高息短，痰鸣漉漉，口臭便于，舌红或暗红，舌苔黄腻，脉弦滑的症状时，该病证属于什么？,舌苔黄腻->常用药品->泻心汤,0.13,常用药品
对于出现周期性下腹痛半年余且无月经来潮的青春期女性，首先应进行哪项检查以便于准确确认问题？,下腹痛->治疗方法->抗生素治疗,0.11,治疗方法
患者症见肢节烦疼、肩背沉重，舌苔白腻微黄，脉濡数，内蕴湿热，外受风邪，此时应选用哪种中药方剂进行治疗？,湿热->并发症->消化不良,0.18,并发症
一名68岁男性，患有慢性支气管炎和肺气肿十余年，近三天内咳嗽、气急加重，并有黄色痰液。痰涂片显示球状革兰阴性小杆菌。根据这些信息，该患者可能的病原体是什么？,流感嗜血杆菌->食谱有益于疾病->呼吸道感染,0.17,食谱有益于疾病
患者在牙齿拔除后进行烤瓷修复，戴修复体1个月后出现食物嵌塞且牙龈易出血。经过检查，修复体无松动且边缘密合。导致此问题的最可能原因是什么？,牙龈炎 -> 常用药品 -> 消炎药,0.29,常用药品
针对一名46岁女性患者，表现为白带增多、偶尔粉红色，以及近3个月有性交出血，妇科检查显示宫颈中度糜烂，活检结果显示癌细胞已突破基底膜5mm，并有淋巴管受侵情况下，单纯盆腔大野照射治疗宫颈癌时，B点剂量应给予多少cGy？,宫颈癌->并发症->淋巴管受侵,0.71,并发症
一名42岁的女性患者，多年乏力，体检发现双侧甲状腺呈结节性肿大且质地较韧，考虑诊断为慢性淋巴细胞性甲状腺炎。为确诊该疾病，哪项检查具有决定性价值？,慢性淋巴细胞性甲状腺炎->诊断检查->细针穿刺活检,0.88,诊断检查
一位56岁的男性患者被诊断为稳定性心绞痛，在经过一段时间的治疗后效果不佳，医生决定采用联合用药。针对这种情况，哪种药物组合较为合理，可以更有效地帮助患者改善病情？,稳定性心绞痛->治疗方法->β-受体阻滞剂、钙通道阻滞剂,0.78,治疗方法
22岁女性感冒发热后心悸、胸闷、呼吸困难和水肿，心律不齐，心电图显示频发室性期前收缩。应进行何种检查明确诊断？,病毒性心肌炎->诊断检查->肌钙蛋白检测,0.91,诊断检查
根据10岁女孩的症状：胸背部疼痛3天伴随两下肢进行性无力和尿潴留，上肢肌力正常但下肢肌力为0、肌张力低、腱反射消失，病理反射未引出，第5胸椎水平以下深浅感觉消失，膀胱充盈脐下3厘米，临床上如何诊断该病情？,急性横贯性脊髓炎->症状->脊髓损伤、感觉缺失、尿潴留,0.82,症状
请根据患者的症状描述和实验室结果，诊断此8岁男性最可能患上的疾病是什么？,疟疾->治疗方法->抗疟药,0.16,治疗方法
对于一名2岁男孩，出现咳嗽伴气喘、发热、面赤鼻煽、气促等症状，并且有舌红苔黄、指纹浮紧在气关、脉浮数等表现，治疗这种症状的首选方剂是什么？,风热犯肺->治疗方法->虎汤合葶苈大枣泻肺汤,0.92,治疗方法
一位27岁的已婚女性患者，产后恶露35天不止，颜色深红、质地稠粘并有臭味，伴随口燥咽干，舌红，脉虚细而数。根据这些症状，应该选择哪种中药方剂进行治疗？,阴虚内热->常用药品->保阴煎,0.75,常用药品
一位患者表现为月经周期延迟，量少，色淡红，质薄，逐渐发展到经闭不行，同时伴随神疲肢倦，头晕眼花，心悸气短，面色萎黄，舌淡，苔薄，脉沉缓等症状。根据中医辨证论治原则，应选用哪种方剂进行治疗？,血虚->治疗方法->当归补血汤,0.08,治疗方法
一位32岁的女性患者，表现为漫肿无头、皮色不变、酸痛无热、口中不渴，舌淡苔白，脉沉细。根据以上症状，应首选使用哪种中药？,桂枝->治疗方法->温经散寒,0.72,治疗方法
患者有10年糖尿病史，现出现眼睑及下肢浮肿、乏力、尿蛋白(++)及尿糖(+++)的症状，这种情况下该患者的糖尿病类型通常是什么类型？,糖尿病->可能患有疾病->糖尿病肾病,0.13,可能患有疾病
描述一个16岁男孩逐渐变得少语少动，不与人交往，孤僻离群，对亲友冷淡，不讲究个人卫生，有时发呆的症状，其最可能的精神疾病诊断是什么？,精神分裂症->检查疾病->心理评估,0.52,诊断检查
一名45岁男性，诊断为风湿性心脏病导致的二尖瓣病变5年，房颤持续半年。为了纠正房颤，该患者在出院后应持续维持治疗多长时间？,风湿性心脏病->治疗时长->终身管理,0.54,治疗时长
患者血氧检查显示PaO2 50mmHg，动脉血氧含量15ml/dl，动-静脉血氧含量差4ml/dl。缺氧类型是什么？,呼吸衰竭->诊断检查->胸片,0.12,诊断检查
一名36岁的女性患者，发热盗汗，腹泻便秘交替持续2个月。体检显示腹部平软，右下腹轻度压痛，未扪及包块，粪检无特殊。在这种情况下，为了明确诊断，首选应进行哪项检查？,腹部CT->诊断检查->B超,0.58,诊断检查
根据以下患者病情描述，请指出应用什么中药方剂加减治疗：女性患者，45岁，出现全身水肿，皮肤紧绷光亮，伴有胸脘痞闷、烦热口渴、小便短赤、大便不爽，舌红苔黄腻，脉濡数。,湿热内蕴->治疗方法->疏凿饮子加减,0.52,治疗方法
对于一名20岁女性患者，面部和颈部及双上肢被火焰烧伤已7小时，面颈部肿胀明显，伴有大小不等水疱和部分腐皮脱落，创面基底红白相间且痛觉较迟钝，针对这种临床表现，宜采用哪种创面处理方法？,烧伤创面清洗->治疗方法->水疗法,0.15,治疗方法
某35岁女性因腹泻、脱水入院，既往有难产史，产后无乳、闭经，食欲不振，疲乏无力，血压偏低。在此情况下，进行哪项检查结果最可能出现异常？请详细说明。,垂体功能减退->症状->闭经,0.84,症状
35岁男性患者因高处坠落导致胸背部疼痛以及双下肢感觉/运动功能完全丧失，但经过5小时的静脉使用甘露醇和地塞米松治疗后功能逐渐恢复，最可能的诊断是什么？,脊髓震荡->并发症->脊髓损伤,0.49,并发症
32岁男性，右耳流脓1年，CT显示外耳道嵴骨消失、软组织密度影，听小骨及鼓室壁破坏。最可能的诊断是什么？,右耳流脓->诊断->过敏性耳炎,0.63,可能患有疾病
一名25岁女性，在活动后出现气急，并且出现夜间不能平卧、痰中带血的症状。她的家人注意到她面颊部发红，并且在医院检查中发现心脏杂音。基于这些症状，最可能的疾病诊断是什么？,心脏杂音->诊断检查->心脏超声,0.87,诊断检查
一位32岁的男性患者，出现胃脘部痞硬不适、频繁嗳气、反胃呕吐、嗝逆暖气等症状，舌淡苔白腻，脉象缓而滑。请问此时应首选哪种中药方剂进行治疗？,四君子汤->常用药品->人参,0.77,常用药品
5岁小儿0T试验1：1000浓度24小时后复诊，局部红硬结直径15mm，最恰当的处理措施是什么？,结核试验->治疗方法->进一步复诊,0.75,治疗方法
一位44岁男性患者，出现发热、畏寒、全身酸痛等症状，自行按感冒治疗后体温仍上升。经过一系列检查后被诊断为急性白血病。为了寻找发热的原因，除了哪项检查之外，其他检查应立即进行？,急性白血病->并发症->感染,0.36,并发症
患者症见肢节烦疼、肩背沉重，舌苔白腻微黄，脉濡数，内蕴湿热，外受风邪，此时应选用哪种中药方剂进行治疗？,当归拈痛汤->治疗->外受风邪引起的症状,0.61,治疗方法
一位19岁的女大学生来自山区，在城市上学时不能面对马路上的汽车，感到强烈恐惧并担心汽车会撞到自己，最佳的心理治疗方法是什么？,系统脱敏疗法->推荐食谱->香蕉牛奶,0.82,推荐食谱
根据患者60岁男性，症状包括反复咯血、咳痰粘稠、低热伴消瘦、活动后气短和乏力，以及X线胸片显示右肺上叶段片状及条索状阴影，并有透亮区、胸廓下陷、气管右移的情况，应首先考虑什么诊断？,肺结核->治疗方法->抗结核治疗,0.65,治疗方法
一名男性患者颈部有直径约3厘米的肿物，质地柔软，色暗红如海绵状，按压后可缩小。请问这种肿物可能的诊断是什么？,海绵状血管瘤->疾病描述->海绵状,0.85,疾病描述
一名58岁的男性患者有胃病史，最近因饮食不当而复发，症状包括恶心呕吐，伴有胃脘痞闷，纳呆神疲，大便微溏，口淡不渴，舌淡苔薄白，脉虚无力。在这种情况下，哪个中药方剂最适合用于治疗？,香砂六君子汤->症状->腹胀,0.77,症状
35岁男性跌倒后腕部肿胀和酸痛，无骨折征象，后期未治疗容易引发的情况？,软组织损伤->并发症->腕关节炎,0.83,并发症
45岁女性，乳腺癌肿瘤2cm，侵犯皮肤并破溃，ER/PR阴性，Her-2阳性，病理2级，无淋巴结转移，无远处转移，TNM分期是什么？,乳腺癌->疾病描述->肿瘤侵犯皮肤,0.79,疾病描述
针对一名在胆管结石行内镜下Oddi's括约肌切开术后出现头晕、大汗的25岁男性患者，在查体发现脉率120次/分，血压100/70mmHg，上腹压痛及肌紧张的情况下，首选的检查方法是什么？,术后并发症->检查方法->CT扫描,0.75,诊断检查
43岁男性胸背部疼痛，肋骨及胸骨溶骨性破坏，骨髓异常浆细胞0.54，血清蛋白电泳窄底高峰，尿蛋白(+++)。不适当的治疗措施有哪些？,多发性骨髓瘤->治疗方法->止痛药,0.51,治疗方法
一名67岁男性患者，数天来出现头痛和呕吐，4个月前曾有头部摔伤史。头颅CT显示右额颞顶新月形中等密度影。请问这种情况下，该患者的首选治疗方法是什么？,慢性硬膜下血肿->治疗方法->钻孔引流术,0.87,治疗方法
一位23岁的女性患者，经期后小腹隐痛，空坠喜按，月经量少，色淡质稀，神疲乏力，面色无华，舌淡，脉细无力，请问应该首选哪种中药方剂进行治疗？,气血不足->症状->小腹隐痛,0.66,症状
一名50岁的男性患者出现了近期恶心、呕吐、发热、咳嗽症状，每日尿量约400ml，血压165/97mmHg，血红蛋白78g/L，Cr545μmol/L（6.2mg/dl），Ccrl5ml/min。为了明确诊断，该进行哪项无创影像学检查？,急性肾损伤->治疗科室->肾内科,0.69,治疗科室
一名60岁的男性在使用煤气热水器的浴室内被发现神志不清，送到急诊，出现昏迷状态，并且口唇呈樱桃红色。根据这些症状，最可能的诊断是什么？,缺氧->症状->昏迷,0.62,症状
一个62岁的男性患者，出现腹胀、右下腹部阵发性隐痛6个月，同时伴有乏力、消瘦、近3个月来贫血的症状。根据这些症状，首先应考虑的诊断是什么？,右侧结肠癌->症状->贫血,0.89,症状
一名37岁男性，行胃癌根治术后一个多月，反复上腹胀和呕吐十天。请描述该患者所接受的具体根治术类型。,胃癌术后->症状->上腹胀,0.66,症状
一名40岁的男性患者表现为发热、咳嗽并伴有臭脓痰长达2周，有时痰中带血。他有多年的吸烟史，血液检查显示白细胞计数为23×10^9/L，中性粒细胞为90%。X线胸片显示右下肺有大片状阴影，并出现空洞和液平面。在此情况下，应该采取怎样的处理措施？,肺脓肿->治疗方法->戒烟建议,0.55,治疗方法
一名63岁的男性患者出现心胸疼痛和胸部闷窒，在含化复方丹参滴丸治疗无效后仍有这些症状，并伴有心悸、喘促、出汗、舌体胖大、舌质暗淡、苔白、脉细无力，应选择哪种方剂进行首选治疗？,胸部闷窒->可能患有疾病->心气虚,0.75,可能患有疾病
26岁男性，右下颌区肿块超过4个月，抗感染治疗无效，穿刺出黏稠液体，口腔内部无异常，最可能的诊断是什么？,右下颌肿块->并发症->深静脉血栓,0.63,并发症
8岁农村男孩突起高热、昏迷、抽搐，体温39.7℃，血压110/70mmHg，皮肤无淤点，左侧瞳孔较大光反应迟钝，颈部有抵抗感，心率120次/分，双侧Babinski征阳性。最可能诊断？,脑膜刺激征->症状->颈部抵抗,0.79,症状
一名4岁女孩，右侧颈部发现无热无痛的包块约两个月，CT检查结果显示如图所示。根据这些信息，包块最可能的诊断是什么？,神经纤维瘤->传染性->否,0.07,传染性
怀孕3个月女性确诊疟疾，最适合用药？,妊娠合并疾病->治疗方法->奎宁结合克林霉素,0.78,治疗方法
"根据一位76岁女性患者的情况，她有慢性咳嗽、咳痰病史超过20年，近期感冒后症状加重，并伴随显著气短，血气分析结果为pH 7.32, PaCO2 75 mmHg, PaO2 45 mmHg。在此情况下，医生认为应严格控制她吸氧时的氧浓度。请问，该患者吸氧时的氧浓度应控制在多少范围内？",慢性阻塞性肺疾病->治疗方法->低流量吸氧,0.81,治疗方法
根据患者的症状，包括左眼闭合不全、口角向右歪、左耳部疼痛、查体发现左侧周围性面瘫征、左侧舌前2/3味觉丧失及左侧外耳道小疱疹，这些表现表明病变最可能发生在哪个解剖部位？,带状疱疹->治疗方法->抗病毒药物,0.59,治疗方法
根据某患者体表的表现，即10余枚大小不一、质地柔软、表面光滑、有囊性感并可压入皮下的肿块，放手后随即弹起，这种情况可诊断为什么病？,肿块->症状->气瘤,0.87,症状
在患者男性，35岁，已行完善根管治疗且有深覆牙合的情况下，要对冠折1/2的牙齿进行修复，哪种修复方案最合适？,牙齿断裂->常用药品->止痛片,0.08,常用药品
奚某，男，68岁，出现喘咳短气、痰多稀白、胸膈满闷、腰痛脚软、两下肢略有浮肿等症状，舌苔白滑，脉弦滑，这种状况应选用哪种中药方剂进行治疗？,喘咳->症状->祛湿化痰方,0.62,症状
如果一名65岁的男性患者有上腹部无规律性隐痛两个月，因饮酒后呕吐咖啡色物质和排柏油便而就诊，体检发现血压90/60mmHg，脉搏100/min，血红蛋白90g/L，上腹部轻度压痛，肝脾未触及，在这种情况下，哪种止血措施最有效？请详细说明原因。,内镜止血->可以治疗疾病->消化道出血,0.74,可以治疗疾病
根据一名45岁女性患者的症状：咳嗽十余天，近三天喘促不宁，痰涎壅盛，潮热，便秘，舌苔黄腻，脉右寸实大，应使用哪种中医方剂进行治疗？,宣白承气汤->并发症->便秘,0.62,并发症
根据病例描述，26岁女性婚后二年未孕，伴随月经规律，但在末次月经后20天出现了阴道出血，持续半个月，且止血药无效，今天早上出现小腹疼痛并冷汗，身体检查显示血压90/60 mmHg，脉搏110次/分，内诊结果为后穹隆饱满下垂、子宫体水平位稍大、宫颈有举摆痛。根据这些症状，该患者最可能的诊断是什么？,宫外孕->症状->冷汗,0.61,症状
针对一位女性患者症状为尿频、尿急、腰腹拘急疼痛3天，并伴有寒热往来、口苦呕恶、大便多天一行、小便黄、舌红苔黄腻、脉濡数的情况，应该采用哪种中药方剂进行治疗？,小柴胡汤->常用药品->黄芩,0.76,常用药品
患者出现皮肤黄染、小便色黄、大便秘结等症状，结合舌苔黄腻，脉滑数的情况，宜使用哪种药物与茵陈配伍以改善便秘症状？,右侧输尿管结石->症状->恶心呕吐,0.63,症状
48岁男性患者，自诉双髋关节疼痛4年，并在最近5个月加重导致跛行。4年前该患者因角膜炎长期服用激素。请根据这些信息判断该患者最可能的诊断是什么？,股骨头坏死->疾病描述->长期使用激素,0.88,疾病描述
一位25岁的女性患者近一周出现双侧枕部中度钝痛，站立行走时头痛加重，卧床休息时头痛减轻或消失。这种头痛最可能的原因是什么？,自发性颅内低压->并发症->脑脊液漏,0.86,并发症
30岁女性，左小脑3×4cm囊样低密度区，壁结节增强，四脑室受压变形右移，最可能诊断是什么？,脑肿瘤->治疗方法->手术切除,0.05,治疗方法
描述成人患者在手足背出现边界清楚的红斑，并伴有群集小疱和鳞屑痂，还有前臂及小腿的播散病损，这种症状最可能的诊断是什么？,湿疹->常用药品->使用糖皮质激素类药膏,0.87,常用药品
一位28岁男性患者从高处坠落导致左下肢肿痛3天，伴随以下症状：左足皮温低、感觉减退、足背动脉搏动未触及、足趾冰凉、甲床青紫色；X线片显示左胫腓骨中断粉碎性骨折。请问应采取什么处理方案？,骨折治疗->症状->肢体缺血,0.69,症状
在治疗患者谢××时，她病症表现为久痢顽固不愈，证见心烦失眠，口干口苦，腹痛隐隐，喜温喜按，舌质淡，苔黄腻，脉沉细。根据这些症状，应该选用哪种中药方剂进行治疗？,虚寒湿热->常用药品->乌梅丸,0.85,常用药品
针对一位35岁妇女，近数月来甲状腺肿大，有时心悸，稍觉多汗，食量无明显增多，无便频，消瘦不明显无眼征等症状，甲状腺Ⅱ度大，质地变硬不光滑，未闻及血管杂音，心率90次/分，血压偏高，在哪种处理方式下最不适宜针对她的这种病情？,甲状腺问题->治疗方法->药物治疗,0.55,治疗方法
根据患者黄疸消退后出现的症状，如脘腹痞闷、肢倦乏力、胁肋隐痛不适、饮食欠香、大便不调、苔薄白、脉弦细，请诊断其证候是什么？,肝脾不调->症状->肢倦乏力,0.57,症状
一位30岁的女性患者表现出头晕、头痛、全身不适、低热、易疲劳、食欲减退和体重下降等症状，并且体检发现双侧上肢血压压差增大，右侧脉搏触不到，及实验室检查显示血沉增快和C反应蛋白升高。对于该患者的诊断，哪种抗体的检测结果是特别有帮助的？,ANCA->治疗方法->糖皮质激素治疗,0.09,治疗方法
患者出现咽中不适，有异物感，咽之不下，咳之不出，伴胸中窒闷、呕恶、口苦等症状，舌苔黄而腻，脉滑数。这种情况下，应该使用哪种方剂进行治疗？,脾胃虚弱->症状->咳之不出,0.64,症状
一名53岁男性患者出现高热、寒战和背痛超过半个月，结合影像学检查，你认为最可能的诊断是什么？,脓毒性脊椎炎->治疗方法->抗生素治疗,0.11,治疗方法
对于一名5岁患儿，虽然没有任何临床症状和体征，且房室腔未见扩大，但在超声检查中通过胸骨旁左心长轴切面在房室沟处发现一圆形无回声区，大小为15mm×18mm，并且其开口于右房，请问最可能的诊断是什么？,圆形结构->诊断检查->MRI,0.14,诊断检查
根据一名48岁女性患者的症状，包括紧张不安、多虑、失眠、头晕、心痛、注意力不集中、阵发性心悸、胸闷和四肢无力，而头颅MRI未发现异常，请问该患者最可能被诊断为什么心理疾病？,焦虑障碍->症状->心悸,0.81,症状
根据患者的症状和检查结果，特别是症状如突起畏寒、高热、头痛、结膜充血、颈部抵抗感、腹股沟淋巴结肿大、腓肠肌压痛，以及脑脊液检查数据，如何诊断此患者的疾病？,钩端螺旋体病->传染性->是,0.17,传染性
根据患者因车祸头部受伤后出现的症状，如左侧瞳孔散大、对光反应消失、右侧肢体瘫痪等，结合病情进展过程，推断患者最可能出现什么类型的脑部病情变化？,头部外伤->诊断检查->CT扫描,0.69,诊断检查
一位65岁女性患者，诊断为慢支炎急性发作，目前感染已控制，但双下肢仍水肿，仍有气促，心率大于120次/分，呼吸频率大于24次/分，双肺底可闻及湿性啰音，使用利尿剂无效。根据这位患者的病情，应选择什么治疗方案？,心功能不全->治疗方法->无创通气,0.73,治疗方法
一名63岁女性患者，脑卒中后左下肢肿胀一周，超声检查显示左下肢深静脉血栓，她目前感觉胸部不适和呼吸困难。如果其肺通气显像结果正常，应如何高度诊断可能的病症是肺栓塞？,肺栓塞->诊断检查->肺灌注扫描,0.77,诊断检查
一名58岁的男性患者有胃病史，最近因饮食不当而复发，症状包括恶心呕吐，伴有胃脘痞闷，纳呆神疲，大便微溏，口淡不渴，舌淡苔薄白，脉虚无力。在这种情况下，哪个中药方剂最适合用于治疗？,香砂六君子汤->症状->舌淡苔薄白,0.68,症状
针对63岁男性肝硬化患者，出现右肋部疼痛、发热及血性腹水增多，应首选进行哪项检测以判断病情变化？,血性腹水增多->可能患有疾病->肝硬化,0.88,可能患有疾病
根据以下病情描述，确定该6个月男婴的营养不良类型：出生体重3.0kg，生后人工喂养，皮下脂肪消失，轻度水肿，精神萎靡，反应差，体温低，腹泻与便秘交替进行。,营养不良->症状->精神萎靡,0.45,症状
某35岁女性因腹泻、脱水入院，既往有难产史，产后无乳、闭经，食欲不振，疲乏无力，血压偏低。在此情况下，进行哪项检查结果最可能出现异常？请详细说明。,贫血->症状->面色苍白,0.43,症状
一名20岁的女性患者出现发热、咳嗽、咳脓痰以及痰中带豆腐渣样物1天。X线胸片显示心包底左前侧有一直径7cm、密度不均、内有钙化的肿块。最可能的诊断是什么？,钙化肿块->常用药品->碳酸钙,0.15,常用药品
39岁女性，3个月前因怀孕2个月进行了人工流产，术后一直没有来月经，没有任何不适。自测基础体温呈现“双相”，妇科检查也无异常发现。根据该患者的情况，哪种处理方式是最佳的？,基础体温双相->诊断检查->激素六项,0.66,诊断检查
一名45岁的女性在接受腰麻后4小时内出现烦躁不安，测量血压、脉搏和呼吸均正常。查体显示下腹部膨隆且叩诊呈浊音，请问这种情况下最可能的诊断是什么？,尿潴留->症状->烦躁不安,0.58,症状
一位74岁的男性农民，早晨在菜地拔草时突然起立而昏倒，经过一段时间后病人神志渐清，但仍面色苍白，唇青，呼吸微弱，四肢冷汗出，大便失禁，而额头尚温，舌质淡，脉沉微。在中医治疗中，应选用哪一方剂进行处理？,阳虚->治疗方法->四逆汤,0.88,治疗方法
一名3个月大的女婴，进行混合喂养，腹泻持续50天，大便每天4到5次，是黄色稀糊状，食欲和精神状态正常，体重为6.8公斤。基于这些症状，你认为这个患儿的最可能诊断是什么？,腹泻->可能患有疾病->生理性腹泻,0.93,可能患有疾病
一名28岁男性，烧伤面积为Ⅱ度以上40％，出现休克，最可能是哪种类型的休克？,烧伤->并发症->低血容量性休克,0.95,并发症
一名48岁的女性出现多饮、多尿和体重下降3个月。其身高158厘米，体重51公斤，尿糖（++++），尿酮（-），空腹血糖19.5mmol/L，HbA1c为9.5%。在这种情况下，应如何制定她的治疗计划？,2型糖尿病->治疗方法->自我血糖监测,0.47,治疗方法
一位48岁的女性患者，近一年常出现午后潮热和五心烦热，近两个月心悸且思虑过度，服用安定片后可缓解。她有心悸易惊、头晕耳鸣、易怒、口燥咽干等症状，舌红苔少而干，脉细数。针对这些症状，应选择哪种中药方剂进行治疗？,心肝肾阴虚->症状->心悸,0.23,症状
一名48岁的女性出现多饮、多尿和体重下降3个月。其身高158厘米，体重51公斤，尿糖（++++），尿酮（-），空腹血糖19.5mmol/L，HbA1c为9.5%。在这种情况下，应如何制定她的治疗计划？,2型糖尿病->治疗方法->生活方式改变、二甲双胍、胰岛素,0.92,治疗方法
在一位45岁男性患者由于大量失血需输入库血1200ml的情况下，为防止枸橼酸钠中毒反应，护士应该按医嘱静脉推注哪种药物?,氯化钙->治疗时长->数分钟内见效,0.48,治疗时长
针对一名46岁女性患者，表现为白带增多、偶尔粉红色，以及近3个月有性交出血，妇科检查显示宫颈中度糜烂，活检结果显示癌细胞已突破基底膜5mm，并有淋巴管受侵情况下，单纯盆腔大野照射治疗宫颈癌时，B点剂量应给予多少cGy？,宫颈癌->治疗方法->B点剂量,0.85,治疗方法
一位36岁的女性患者，表现出上颌前牙唇倾并伴有散隙，前牙深覆导致上颌牙龈被咬伤，以及个别前牙Ⅰ～Ⅱ度松动，覆盖6mm，并缺失下颌右侧第一磨牙，第二磨牙及第二双尖牙向缺牙隙倾斜。在这种情况下，患者最首先需要接受哪种治疗？,牙周炎->治疗方法->牙周治疗,0.89,治疗方法
一名42岁的女性佩戴活动义齿一周后，与基托吻合部的黏膜出现灼痛感，停戴义齿后症状缓解，再次使用又出现同样的症状。这种症状的最有可能的诊断是什么？,接触性口炎->并发症->口腔溃疡,0.15,并发症
一名43岁男性，患有扩张型心脏病，突发心悸来到急诊。结合心电图结果，针对该患者的病情，首选的治疗方案是什么？,扩张型心脏病->症状->心悸,0.22,症状
一名30岁男性工人，1个月前在工作中突然感到胸痛和心慌，随后出现气促症状逐渐加重。体检发现胸骨左缘第3〜4肋间有三级连续性粗糙杂音。结合这些症状和体征，最可能的疾病诊断是什么？,主动脉窦瘤破裂->诊断检查->心脏超声,0.63,诊断检查
某30岁女性患者在夏季外感后出现头痛胀痛、发热、口渴、小便黄、苔黄、脉浮数症状。在针灸治疗中，针对大椎穴，应该选择哪种具体的针刺方法？,风热感冒->治疗->清热解表,0.79,治疗方法
32岁已婚女性，月经规律，近3年未避孕未怀孕，丈夫精液检查正常，输卵管造影提示双侧输卵管梗阻。最适合的治疗方法是什么？,双侧输卵管梗阻->治疗方法->体外受精,0.89,治疗方法
25岁孕妇，怀孕26周，诉平卧时间长会出现恶心、胸闷、头昏，血压测量结果为95/55mmHg，心尖区听到Ⅰ～Ⅱ级吹风样收缩期杂音，胎心胎动良好，无宫缩。在这种情况下，最可能的诊断是什么？请说明理由。,仰卧位低血压综合征->症状->血压低,0.83,症状
在患有'肠痈'且表现为右下腹痛、发热恶寒、恶心、便秘、苔薄黄、脉数有力的患者，针灸治疗中除了使用阑尾穴以外，还应该选择哪些穴位？,右下腹痛->可能患有疾病->肠痈,0.94,可能患有疾病
一名9岁男孩患者在外伤后出血不止，实验室检查显示白细胞5×10^9/L，血红蛋白110g/L，血小板101×10^9/L，出血时间正常，凝血时间正常，KPTT为80s（正常对照30s），可被正常血清纠正，但不能被钡吸附正常血浆纠正。根据这些临床和实验室检查结果，请给出该患者的诊断。,血友病B->并发症->贫血,0.11,并发症
对一个9个月大的女婴来说，她面色苍白2个月，检查结果为小细胞低色素性贫血。在这种情况下，为了进一步确诊最应该进行哪项检查？,小细胞低色素性贫血->诊断检查->血清铁水平检测,0.88,诊断检查
请根据以下症状描述确定适宜的中药方剂：患者男，65岁，症见发热，体温可高达39℃，自汗出，渴喜温饮，少气懒言，面色苍白，大便稀溏，舌质淡，苔薄白，脉虚洪。,舌质淡->推荐食谱->山药莲子粥,0.58,推荐食谱
如果患者在过去一个月内频繁出现头痛，每周发作3至4次，并且口服奈普生无法很好地缓解疼痛，为了终止头痛的急性发作，应选用哪种药物？,偏头痛->治疗方法->曲普坦类药物,0.95,治疗方法
一位45岁的女性患者经过抗甲状腺药物治疗后复发，现计划行甲状腺双侧次全切除术后，最危急的并发症是什么？,甲状腺手术->并发症->喉血肿,0.95,并发症
对于一名70岁的男性患者，在健康体检中发现胆囊内有直径约0.8cm的结石，随体位活动移动，口服胆囊造影显示充盈缺损不明显，且患者既往无胃病史、胆囊炎发作史、心脏病或糖尿病史，目前最佳的治疗建议是什么？,胆囊结石 -> 并发症 -> 胆囊炎,0.39,并发症
一名56岁男性，患有高血压10年，近期因工作繁忙出现头晕、头胀、胸闷等症状，并伴有气促和心慌，血压为186/112mmHg，心率为118次/min。针对该患者的治疗，最重要的措施是什么？,高血压危象->症状->胸闷,0.35,症状
一名35岁女性，10年前做过胃大部切除术，现在出现头晕、乏力、面色苍白等症状，血常规显示红细胞减少，血红蛋白低，骨髓检查显示幼红细胞显著增生，尤其是中、晚期幼红细胞增多且体积小、蓝染质少，边缘不规则。请问针对这些情况，首选的治疗措施是什么？,维生素B12缺乏性贫血->治疗方法->补充维生素B12（肌肉注射）,0.88,治疗方法
对于一位左眼被铁屑崩伤2小时且角膜缘处结膜有2cm伤口的22岁男性患者，眼部检查未发现明显异物，下一步应该进行什么检查来排除眼内潜在异物？,眼部异物->诊断检查->眼部CT,0.88,诊断检查
一位65岁的男性患者，颈部出现了片状稍微隆起的紫红色浸润区，质地坚韧且界限不清，中央有多个脓栓。根据这些症状，应首先考虑是什么病症？,簇性疖->症状->多个脓栓,0.87,症状
根据患者的症状和体征，特别是突然昏倒、语言謇涩、面色潮红、舌质红苔黄燥及脉象等特点，哪种方药最适合作为治疗方案？,天麻钩藤饮->常用药品->天麻,0.01,常用药品
根据患者描述：水肿多年，尤其下肢明显，按压后不易恢复；伴有脘腹胀闷、食欲不振、便溏、面色萎黄、精神疲倦、四肢寒冷以及小便短少。舌淡胖，有齿痕，舌苔白腻，脉沉弱等症状，最适合采用哪种中医方剂进行治疗？,脾阳虚->常用药品->实脾饮,0.95,常用药品
当护士在候诊室发现一名年轻女患者表现出精神不振，并伴有肝区隐痛、疲乏、食欲差及双眼巩膜黄染等症状，在尿检显示三胆阳性的情况下，护士应如何处理此患者以防止传染病扩散？,绿豆汤->食谱有益于疾病->肝热,0.39,食谱有益于疾病
一名20岁女性病人在外伤后出现血性脑脊液从鼻腔溢出的情况，应该采取什么措施来处理这一症状？,脑脊液外漏->治疗方法->影像学检查,0.62,治疗方法
30岁男性，三年右腹股沟可复性包块，突然右下腹痛伴呕吐1天，阵发性加重，无排便排气。体检：全腹不胀，无肠型，右下腹压痛无反跳痛，肠鸣音稍亢进，偶尔气过水声，右腹股沟2cm×2cm×3cm韧性压痛包块，局部皮肤阴囊正常。诊断？,嵌顿疝->治疗方法->手术治疗,0.55,治疗方法
一名24岁的男性在进食海产品4小时后出现发热、剧烈腹痛、腹泻、呕吐等症状，大便十余次呈血水样，偶有黏液血便。体检发现轻度脱水，血压为12/8 kPa，腹部柔软但有压痛。实验室检查显示每高倍镜视野白细胞5到8个，红细胞10到25个。根据这些症状和检查结果，最可能的诊断是什么？,副溶血性弧菌感染->疾病描述->海产品相关食源性感染,0.06,疾病描述
根据一个65岁男性患者，患有15年糖尿病且长期使用苯乙双胍的病史，因意识障碍入院，体检显示浅昏迷、呼吸深大、中度脱水，膝反射极弱，血压80/65 mmHg，血糖15mmol/L，CO2结合力12mmol/L，尿糖（+++），尿蛋白（++）及少量尿酮体（+），请问最可能的诊断是什么？,苯乙双胍->并发症->乳酸酸中毒,0.95,并发症
描述一个16岁男孩逐渐变得少语少动，不与人交往，孤僻离群，对亲友冷淡，不讲究个人卫生，有时发呆的症状，其最可能的精神疾病诊断是什么？,精神分裂症->症状->情感平淡,0.87,症状
根据以下症状：发热有汗不解、口渴不欲多饮、胸闷气粗、入夜烦躁、梦语如谵、恶心呕吐、小溲短赤、舌苔黄腻、脉濡数，该患者的病证类型是什么？,暑湿弥漫三焦->症状->小溲短赤,0.38,症状
患者在牙齿拔除后进行烤瓷修复，戴修复体1个月后出现食物嵌塞且牙龈易出血。经过检查，修复体无松动且边缘密合。导致此问题的最可能原因是什么？,牙龈出血 -> 常用药品 -> 止血药,0.72,常用药品
对于一位25岁已婚妇女，尚未生育，停经2.5个月伴少量阴道出血3天，医生检查发现她的子宫大小明显超出停经月份，请问针对这种病人的下一步治疗方法是什么？,葡萄胎->治疗方法->清宫术,0.83,治疗方法
患者出现经前吐血、衄血且出血量较多、色鲜红，伴有月经提前、量少，心烦易怒、两胁胀痛等症状。舌象为舌红、苔黄，脉象为弦数。针对上述症状，治疗应首选的方剂是什么？,血热妄行->常用药品->清肝引经汤,0.81,常用药品
一名5岁男孩出现面部和外生殖器皮肤颜色加深、智力退化、行走困难以及无热惊厥等症状，体检发现全身皮肤呈褐色、四肢肌张力高、膝反射亢进及双侧巴氏征阳性。这种疾病最可能的遗传方式是什么？,常染色体隐性遗传->症状->智力退化,0.18,症状
患者出现发热、咳嗽、呼吸急促、黄色痰，肺部影像显示阴影。最可能诊断？,细菌性肺炎->诊断检查->胸部X光,0.78,诊断检查
一个6岁的孩子，经常盗汗，偶尔自汗，身体消瘦，精神不振，心烦少寐，有时会有低热，口干，手足心热，舌质淡且苔少，脉象细弱。针对这些症状，治疗首选的方剂是什么？,生脉散->治疗方法->生津止汗,0.69,治疗方法
糖尿病患者长期血糖控制不佳，出现多处皮肤溃烂且难以愈合的疮疡，最适合选用的中药方剂？,糖尿病皮肤溃烂->治疗方法->补益气血,0.58,治疗方法
一名28岁女性患者，四年间在活动后出现心悸气促症状，心尖区可闻及舒张期隆隆样杂音和二尖瓣开瓣音，超声心动图显示二尖瓣狭窄，无风湿活动和感染。针对这种病例，当前最适合的治疗方案是什么？,二尖瓣狭窄->治疗方法->心脏药物治疗,0.22,治疗方法
一个患者表现为四肢痿软麻木，身体困重，足胫发热，胸脘痞闷，小便短赤，舌苔黄腻，脉滑数。针对这些症状，应选用何种方剂进行治疗？,湿热困阻->忌吃->辛辣油腻食物,0.18,忌吃
一个1岁的孩子腹泻3天，每天大便10次，量多，呈蛋花汤样，精神萎靡，眼泪少，尿少，血清钠水平为133mmol/L，皮肤弹性差，唇红，呼吸深快。请根据这些症状和血液化验结果诊断该患儿的具体病情。,急性腹泻->症状->腹泻和大便异常,0.89,症状
根据一名4岁女孩的临床表现：面色苍白持续6个月并加重1个月，低热及皮肤瘀点持续3周，补血药物无效治疗史，以及结合血常规和骨髓检查结果，最可能的诊断是什么？,骨髓增生异常综合征->症状->贫血,0.56,症状
对于一名6个月大的婴儿患者，在经历腹泻2天后症状有所缓解，当天大便减少至7-8次，已排尿，呕吐停止。在继续监测酸碱平衡并纠正及静脉补钾的情况下，第二天应选择哪种混合液进行静脉补液？请具体说明选择的理由。,Ringer乳酸盐液->可以治疗疾病->腹泻,0.94,可以治疗疾病
一名50岁的男性患者腰疼4个月，伴有腰2、3叩击痛，影像检查显示腰2/3椎间隙变窄，相邻骨性终板有侵蚀样骨质破坏，腰2椎体压缩呈楔形，两侧腰大肌肿胀。基于这些临床表现和影像特征，应如何诊断此病症？,脊柱结核->治疗方法->抗结核治疗,0.11,治疗方法
患者有10年糖尿病史，现出现眼睑及下肢浮肿、乏力、尿蛋白(++)及尿糖(+++)的症状，这种情况下该患者的糖尿病类型通常是什么类型？,糖尿病->症状->多饮多尿,0.18,症状
一位35岁的男性患者有每日饮酒习惯，正在服用甲硝唑治疗牙龈炎。治疗期间，他如常饮酒后出现面部潮红、头痛、头晕、胸闷等症状。请问这些症状最可能是什么原因导致的？,甲硝唑->并发症->胃肠反应,0.55,并发症
患者长期喘息病，近日感冒，微热、怕风寒、咳嗽气短、微汗、舌苔淡白、脉浮缓弱。应给予何种中药治疗方案？,气虚->症状->咳嗽气短,0.74,症状
一位23岁的女性患者因突发腹痛和晕厥入院，被诊断为宫外孕大出血并接受了紧急手术。在术后第二天，患者出现进行性加深的皮肤巩膜黄疸，血清胆红素为50μmol/L，ALT为70U/L，AST为130U/L。基于上述情况，术后肝功能障碍的原因和特性是什么？,术后大出血->并发症->肝缺血性损伤,0.87,并发症
月经周期为四到五十天，月经量少且色淡红无血块，伴头晕眼花、心悸失眠、面色苍白、舌质淡红、脉细弱，应选哪种中药方剂？,大补元煎->宜吃->羊肉汤,0.51,宜吃
一位30岁女性患者有自幼发现的心脏杂音，1天前剧烈运动时突然出现心前区疼痛、心悸气短及下肢水肿，查体显示胸骨左缘可闻广泛连续性杂音，P亢进。针对这种情况，应该采取什么治疗措施？,动脉导管未闭->诊断检查->心脏听诊,0.21,诊断检查
患者出现发热、咳嗽、呼吸急促、黄色痰，肺部影像显示阴影。最可能诊断？,发热->症状->病毒感染,0.12,症状
一位60岁的男性患者确诊为帕金森病，因经济原因无法负担昂贵的药物治疗，当前临床上应推荐哪种药物作为首选？,金刚烷胺->药物->不完全疗效,0.55,常用药品
28岁女性在停经70天进行人工流产术中，突然出现烦躁不安、寒战、咳嗽、呼吸困难等症状，应该首先应用哪种药物来处理这种情况？,羊水栓塞->症状->寒战,0.73,症状
一名56岁女性，颈部肿大20年，术后应采取什么药物处理措施？,单纯结节性甲状腺肿->治疗方法->甲状腺手术,0.75,治疗方法
对于一名50岁的女性患者，表现为上腹部持续性疼痛伴腰背部放射12小时，有胆总管结石病史，检查发现体温38℃，腹略膨隆，上腹正中压痛，轻度肌紧张和反跳痛，移动性浊音阳性，肠鸣音减弱，血白细胞计数为20×10^9/L。请回答哪项化验结果可以提示病情严重？,急性胰腺炎->治疗科室->消化内科,0.14,治疗科室
一名58岁男性患者，胃镜显示胃小弯有一大病灶。病理报告中，细胞较小，大小一致，呈线状分布，内无腺管结构。这种病理特征的诊断是什么？,未分化癌->并发症->胃穿孔,0.71,并发症
一名患者出现胸痛持续加剧，右胸导联心电图显示ST段明显上抬，伴有低血压（血压70／50mmHg）和肝大水肿，应选择使用什么药物进行优先治疗？,低血压->治疗方法->硝酸甘油,0.15,治疗方法
一位28岁的男性因心悸气急被诊断为风湿性心脏病。最近一周症状加重，无法平卧，体检发现颈静脉充盈，心界左扩大，心率每分钟130次，心律齐整，心尖部闻及奔马律和Ⅲ级收缩期杂音，两肺底有细湿啰音，下肢稍肿。在这种情况下，综合治疗中哪种处理方法被认为效果最佳？,急性左心衰->症状->无法平卧,0.84,症状
一个一岁半的女孩因发热和咳嗽已经治疗几天但症状未见好转，全身检查和实验室检查显示感染症状及呼吸道改变，结合其大便每日4～5次且稀薄无脓血的情况，应该进行哪个首要的实验室检查来确定诊断方向？,大便性状->诊断检查->肠镜检查,0.38,诊断检查
根据62岁男性患者头晕2个月伴言语不清和步态不稳等临床表现及脑电图结果，入院后病情迅速恶化，出现表情淡漠和肌阵挛加重等症状，您认为最可能的诊断是什么？,克雅氏病->症状->肌阵挛,0.92,症状
对于31岁初产妇产后10天仍有血性恶露伴随色淡质稀、无臭味，精神倦怠，小腹空坠，面色白光白，舌淡，苔白，脉缓弱的症状，应首选什么方剂进行治疗？,气虚->治疗方法->补中益气汤,0.91,治疗方法
对于一个临床表现为“肾病综合征”的15岁病人，在经过4周足量泼尼松治疗后症状明显改善，其肾脏病理表现最可能是什么？,肾病综合征->治疗方法->激素治疗,0.46,治疗方法
根据10岁女孩的症状：胸背部疼痛3天伴随两下肢进行性无力和尿潴留，上肢肌力正常但下肢肌力为0、肌张力低、腱反射消失，病理反射未引出，第5胸椎水平以下深浅感觉消失，膀胱充盈脐下3厘米，临床上如何诊断该病情？,急性横贯性脊髓炎->症状->胸椎T5水平病变,0.88,症状
一名女性患者有20余年胃病病史，经常因饮食不慎而呕吐，时作时止，面色少华，倦怠乏力。最近因为饮食过多，出现呕吐酸腐，脘腹胀满，嗳气厌食的症状，此时治疗应该改用哪个方剂？,食积->症状->呕吐酸腐,0.88,症状
患者男性，55岁，3个月前因胸胁部撞伤后出现胁肋刺痛症状，表现为痛有定处，入夜痛甚，舌质紫暗，脉沉涩。请问针对这一症状，应选用哪种中药方剂进行治疗？,胸胁刺痛->治疗方法->复元活血汤,0.91,治疗方法
8岁农村男孩突起高热、昏迷、抽搐，体温39.7℃，血压110/70mmHg，皮肤无淤点，左侧瞳孔较大光反应迟钝，颈部有抵抗感，心率120次/分，双侧Babinski征阳性。最可能诊断？,流行性乙型脑炎->症状->高热,0.88,症状
根据一名23岁女性患者的症状表现，如发热、腹泻便秘交替和右下腹部轻度压痛等，为了明确诊断，应该进行哪项检查最为重要？,肠道疾病->诊断检查->腹部CT扫描,0.82,诊断检查
对于一名60岁男性患者，咳嗽和痰中带血2个月，胸部CT显示右上叶近胸壁处有一个6cm×6cm块状影，为进一步确诊，此病例首选的检查方法是什么？,咯血->可能患有疾病->肺癌,0.68,可能患有疾病
一名42岁的女性佩戴活动义齿一周后，与基托吻合部的黏膜出现灼痛感，停戴义齿后症状缓解，再次使用又出现同样的症状。这种症状的最有可能的诊断是什么？,接触性口炎->症状->黏膜红肿,0.75,症状
一位65岁的男性患者体检结果显示：三酰甘油（TG）水平为3.20mmol/L，低密度脂蛋白胆固醇（LDL-C）水平为2.6mmol/L，高密度脂蛋白胆固醇（HDL-C）水平为1.23mmol/L。在这种情况下，应选择哪种调血脂药物进行治疗？,高甘油三酯血症->治疗方法->非诺贝特,0.81,治疗方法
55岁男性，晚宴后早晨被发现死亡，床上有少量咖啡色渣液，左侧腰腹部有大片青紫斑，最可能的死因是什么？,急性胰腺炎->症状->咖啡色渣液,0.88,症状
一名65岁男性患者突发呼吸困难，双肺可闻及哮呜音，既往有哮喘及冠心病史，针对这种情况，哪种药物最适宜用来缓解患者的症状？,氨茶碱->药物->缓解哮喘症状,0.32,常用药品
32岁女性患者在进餐时与人发生口角后，突然感到呼吸困难。体检显示呼吸浅表频率达80次/分且无啰音。根据这些临床表现，该患者最可能的诊断是什么？,癔病->治疗方法->心理治疗,0.79,治疗方法
对于一名52岁男性患者，他患有高血压10年和糖尿病3年，最近一周出现严重头痛和有时恶心。测量血压为25.3/15.9kPa（190/120mmHg），尿液检查显示尿蛋白和尿糖均为阳性（++），血肌酐为226μmol/L。根据这些临床信息，应该首先考虑使用哪种药物进行治疗？,高血压急症->治疗方法->ACE抑制剂,0.58,治疗方法
在跌倒时手掌撑地导致腕部肿胀、酸痛无力，局部有压痛以及桡腕关节活动受限且X光片无骨折征象的情况下，该患者应该被诊断为什么疾病？,软组织损伤->症状->局部压痛,0.55,症状
一位48岁的女性有10年上腹痛病史，近3个月症状加重。胃镜检查显示胃角溃疡，并且HP检查呈阳性。请问针对这种情况，最佳的治疗方案是什么？,幽门螺杆菌感染->检查疾病->呼气试验,0.51,诊断检查
24岁女性患者，临床初诊为右肾结核、左肾积水，决定治疗方案时，哪项检查必不可少？,右肾结核->诊断检查->影像学检查,0.96,诊断检查
对于一名27岁的女性患者，她肋腹胀痛、攻窜不定并且疼痛随着饮食变化呈现时轻时重的特点，舌苔白且脉象弦，应如何搭配中药以缓解其症状？,饮食变化->忌吃->生冷食物,0.24,忌吃
对于一位3个月的女婴，家长发现其左眼瞳孔区发白持续1个月。眼部检查显示双眼眼压正常，左眼角膜清澈，前房深度正常，瞳孔约2×2mm，对光反射灵敏，但晶状体白色浑浊且眼底无法窥查，在这种情况下，哪项检查最有助于进一步诊断？,晶状体浑浊->并发症->眼底病变,0.61,并发症
一位43岁的男性患者因上腹隐痛半年就诊，ERCP检查显示主胰管粗细不均、扭曲、僵硬，且胆总管下端向内移位，这种表现首先考虑是哪种疾病？,胰腺癌->可能患有疾病->胰管改变,0.01,可能患有疾病
一名54岁男性患者在生产有机磷农药的工作中出现中毒症状，经过阿托品静脉给药达到阿托品化状态，但仍出现面部、四肢抽搐。此时应进行怎样的进一步治疗？,有机磷中毒->症状->面部抽搐,0.54,症状
面对一位27岁男性患者，他以左侧后牙自发痛和夜间痛为主要症状就诊，检查发现左侧后牙前倾阻生，牙冠与远中牙颈部形成的间隙有较多的食物嵌塞，远中冠周轻度充血，冠周袋无脓且触痛(-)，X线显示远中牙颈部深龋。请问在这种情况下，最恰当的应急处理措施是什么？,牙髓炎->治疗方法->开髓引流,0.86,治疗方法
根据患者的症状和体征及确诊的胃癌情况，针对这名46岁女性患者，持续性上腹痛并伴有腹水，直肠前壁有坚硬结节，最合理的治疗方案是什么？,胃癌->治疗方法->对症治疗,0.55,治疗方法
一名56岁绝经4年的女性患者，出现阴道浆液血性分泌物伴臭味3个月，检查发现宫颈正常大且光滑，子宫稍大稍软。为了确诊这个病例，应该选择哪种辅助检查方法？,诊断性刮宫->诊断检查->组织病理检查,0.82,诊断检查
一名2岁的男性患者，出现口腔黏膜突发簇集的针头大小透明疱疹及溃疡，并伴有啼哭声、流涎和发热。这种情况的最可能诊断是什么？,小儿腹泻 -> 并发症 -> 脱水,0.21,并发症
一位48岁的女性患者因左侧颈部包块伴有发热1个月余住院，活检镜下见弥漫性大细胞，免疫组化提示B细胞来源，发现脾肋下5厘米，肝不大，骨髓穿刺涂片内含13%淋巴细胞。请问该患者的临床分期是？,B细胞淋巴瘤->治疗时长->6个月,0.11,治疗时长
该病例中，4岁患儿曾患佝偻病，现在表现为鸡胸和严重的'X'型腿，请问应采取什么治疗原则？,佝偻病->治疗方法->维生素D补充,0.92,治疗方法
一名岁女性近半年偶有接触性出血，经妇科检查发现宫颈糜烂I度单纯型，宫颈刮片结果显示为不典型鳞状上皮细胞性质未定，若进一步的病理结果为CINⅢ，最佳的处理方法是什么？,全子宫切除术->治疗方法->宫颈癌预防,0.72,治疗方法
一名岁女性近半年偶有接触性出血，经妇科检查发现宫颈糜烂I度单纯型，宫颈刮片结果显示为不典型鳞状上皮细胞性质未定，若进一步的病理结果为CINⅢ，最佳的处理方法是什么？,宫颈糜烂->疾病描述->宫颈上皮内瘤变,0.89,疾病描述
一位45岁的男子，有5年胃痛病史，遇饮食生冷或劳累则发作，痛呈阵发性，空腹时较重，食后减轻。两天前因气候寒冷再发，症见上腹隐痛，喜温喜按，偶尔泛吐清水，精神疲倦，四肢欠温，舌淡苔白，脉虚弱。若其伴有形寒肢冷、腰膝酸软的症状，应使用哪种药方进行治疗？,胃虚寒->治疗方案->附子理中汤,0.92,治疗方法
患者张某，女，60岁，表现为低热多日，伴有头晕眼花、身倦乏力、心悸不宁，以及面白少华、唇甲色淡、舌质淡、脉细弱的症状，请问她的证型是什么？,血虚->症状->心悸,0.85,症状
一名30岁男性患者，刷牙时牙龈易出血2年多，检查发现口腔卫生不良，牙石为双阳性，龈缘红肿且探诊易出血，但没有发现附着丧失，血常规正常。基于这些信息，这名患者的诊断是什么？,牙龈炎->疾病描述->牙龈易出血,0.88,疾病描述
请解释为什么一位78岁患有冠心病慢性全心衰竭的女性患者在住院后可能出现便秘，其中有什么机制可能导致这种情况？,心理压力->可能患有疾病->自主神经功能紊乱,0.38,可能患有疾病
一位28岁男性患者从高处坠落导致左下肢肿痛3天，伴随以下症状：左足皮温低、感觉减退、足背动脉搏动未触及、足趾冰凉、甲床青紫色；X线片显示左胫腓骨中断粉碎性骨折。请问应采取什么处理方案？,急性骨筋膜室综合征->症状->急性缺血,0.87,症状
一位68岁男性，有高血压病史超过10年，心率56次/分，血压160/90mmHg，血肌酐水平为365μmol/L。在这种情况下，哪种降压药物最适合首先使用？,高血压->常用药品->氨氯地平,0.88,常用药品
30岁女性，左小脑3×4cm囊样低密度区，壁结节增强，四脑室受压变形右移，最可能诊断是什么？,血管母细胞瘤->诊断检查->CT增强扫描,0.88,诊断检查
在跌倒时手掌撑地导致腕部肿胀、酸痛无力，局部有压痛以及桡腕关节活动受限且X光片无骨折征象的情况下，该患者应该被诊断为什么疾病？,桡腕关节扭伤->症状->关节活动受限,0.62,症状
对于一名52岁男性患者，伴有逐渐出现的贫血、尿色浓茶、轻度黄染但无发热或出血症状，且肝脾不肿大的情况下，应该进行哪项检查以确诊溶血性贫血？,溶血性贫血->诊断检查->流式细胞术,0.09,诊断检查
一名28岁女性患者，四年间在活动后出现心悸气促症状，心尖区可闻及舒张期隆隆样杂音和二尖瓣开瓣音，超声心动图显示二尖瓣狭窄，无风湿活动和感染。针对这种病例，当前最适合的治疗方案是什么？,二尖瓣狭窄->治疗方法->二尖瓣球囊成形术,0.92,治疗方法
一位26岁的女性，持续发热1周并入院。她的体检显示体温40℃，神清，表情淡漠，反应迟钝，前胸可见淡红色、散在分布的皮疹7～8个，心率100次/分，律齐，两肺（－），肝未及，脾肋下2cm，质软，无压痛。根据这些临床表现，应诊断为什么疾病？,持续高热->症状->伤寒,0.91,症状
对于一位65岁的女性患者，既往有支气管哮喘史及高血压病史，未进行降压治疗，症状加重并伴随鼻出血，体检示血压180/120mmHg，尿蛋白（+），心脏彩超室间隔轻度增厚。在此情况下，哪种降压药物由于患者的病史而被禁止使用？,降压药物->药物选择->利尿剂,0.65,常用药品
一位74岁男性患者，突发头疼并意识丧失7小时，经过99Tc^m-HMPAO脑血流断层显像的结果显示，最准确的诊断是什么情况下会呈现这样的影像学特征？,脑血管事件->可能患有疾病->脑血栓,0.17,可能患有疾病
35岁女性慢性肾炎，GFR为50ml/min，血尿素氮为12mmol/L，血肌酐为256μmol/L，如何判断肾功能状况？,慢性肾病->治疗方法->透析治疗,0.65,治疗方法
一名30岁男性，经历阵发性心悸10年，每次发作持续时间从半小时到3小时不等，此次心悸发作已持续半小时来就诊。检查显示血压为90/60mmHg，心率为200次/分钟，心律绝对规则，无杂音，肺部无异常。请问在这种情况下，最适合的治疗措施是什么？,腺苷->可以治疗疾病->室上性心动过速,0.08,可以治疗疾病
患者颈前偏左囊性包块随吞咽上下移动，突然增大伴疼痛，既往有手术史。最可能诊断？,甲状舌管囊肿感染->治疗方法->手术治疗,0.62,治疗方法
根据以下症状和体征，判断该5岁患儿最可能的诊断：弛张高热、气促、咳嗽有黄痰，突然出现明显的呼吸困难、烦躁、剧烈咳嗽、面色发绀、不能平卧。查体发现胸廓饱满，上方鼓音，下方实音，呼吸音减弱，心率140次/分，肝大肋下2.0cm。这些表征说明患儿可能合并了哪种病症？,脓气胸->治愈概率->0.4,0.08,治愈概率
针对一位35岁妇女，近数月来甲状腺肿大，有时心悸，稍觉多汗，食量无明显增多，无便频，消瘦不明显无眼征等症状，甲状腺Ⅱ度大，质地变硬不光滑，未闻及血管杂音，心率90次/分，血压偏高，在哪种处理方式下最不适宜针对她的这种病情？,甲状腺问题->治疗方法->饮食调理,0.17,治疗方法
一位40岁的男性患者突发眩晕、视物旋转、恶心、呕吐2天，并伴有右侧耳鸣和听力减退，血压正常，眼震阳性，四肢肌力正常，病理征阴性，病前1周有上呼吸道感染史。基于这些临床表现，他最可能患有什么类型的眩晕？,脑梗死->症状->眩晕,0.11,症状
根据一名9岁男孩的症状，包括反复肢体抽搐、意识不清、记忆力减退，以及鼻翼旁颧部对称分布的浅粉色丘疹和智力低下，最先应进行哪种检查以帮助诊断？,抽搐->症状->结节性硬化症,0.37,症状
某老年高血压患者晨起锻炼发生头痛、呕吐和右侧肢体无力，查体发现血压180/100mmHg，右侧视野同向性偏盲，双眼向左侧凝视，并且出现失语症状。请问，基于这些临床表现，应考虑哪种类型的脑出血？,基底节区出血->治疗科室->神经内科,0.54,治疗科室
一名34岁的男性患者出现骤起高热，在高热持续几小时后大汗淋漓，随后体温降至正常，1天后高温再次骤起骤降。根据这些症状，患者最可能的诊断是什么？,疟疾->诊断检查->血液检查,0.91,诊断检查
一位45岁的女性患者经过抗甲状腺药物治疗后复发，现计划行甲状腺双侧次全切除术后，最危急的并发症是什么？,甲状腺疾病->症状->体重增加,0.22,症状
一名岁女性近半年偶有接触性出血，经妇科检查发现宫颈糜烂I度单纯型，宫颈刮片结果显示为不典型鳞状上皮细胞性质未定，若进一步的病理结果为CINⅢ，最佳的处理方法是什么？,CINⅢ->治疗方法->LEEP手术,0.93,治疗方法
一名45岁的女性在接受腰麻后4小时内出现烦躁不安，测量血压、脉搏和呼吸均正常。查体显示下腹部膨隆且叩诊呈浊音，请问这种情况下最可能的诊断是什么？,尿潴留->并发症->膀胱感染,0.06,并发症
对于一名2岁男孩，出现咳嗽伴气喘、发热、面赤鼻煽、气促等症状，并且有舌红苔黄、指纹浮紧在气关、脉浮数等表现，治疗这种症状的首选方剂是什么？,风热犯肺->症状->气促、面赤,0.79,症状
一位27岁的已婚女性患者，产后恶露35天不止，颜色深红、质地稠粘并有臭味，伴随口燥咽干，舌红，脉虚细而数。根据这些症状，应该选择哪种中药方剂进行治疗？,阴虚内热->治疗方法->清热凉血,0.75,治疗方法
在头皮撕脱伤患者中，如果撕脱面积较大且骨膜完整，但无法进行头皮回植的情况下，最佳的治疗方法是什么？,游离皮瓣移植->并发症->血液循环,0.42,并发症
一名48岁男性患者，腘窝上方持续性钝痛2年，且疼痛加重，以往‘结核’治疗无效，体检显示腘窝上方有肿胀和局部压痛，实验室检查正常。请问根据提供的图像，导致这种症状的最可能病因是什么？,神经纤维瘤->并发症->肿瘤破裂,0.62,并发症
一名8岁的患者皮肤出现瘀斑瘀点2周，双下肢对称分布，斑色淡红，压之不退色，伴有神疲乏力、气短懒言、大便稀溏，舌淡苔薄白，脉细弱。根据这些症状，应该采用什么治疗方法？,脾虚->常用药品->脾胃调理,0.82,常用药品
26岁女性，停经48天，出现阴道少量流血5天，偶有腹痛。月经平素规律，体温36.6℃，脉搏80次/分钟，血压120/65 mmHg。体检显示宫颈软，宫体稍大且软，附件无异常，血常规显示血红蛋白126g/L，白细胞计数7.3×10^9/L。请根据体征和检验结果，判断最可能的诊断是什么？,腹痛->可能患有疾病->宫外孕,0.81,可能患有疾病
某位38岁的虚弱孕妇，出现胎漏、胎动不安、腰膝酸软等症状，证属肝肾亏虚、冲任不固。在这种情况下，应该选用哪一种中药来安胎？,肝肾亏虚->可能患有疾病->妊娠期高血压,0.18,可能患有疾病
对于局限期小细胞肺癌患者，在经历了三个周期的化疗后，肿块明显缩小的情况下，接下来的最佳治疗方案是什么？,小细胞肺癌->治疗方法->预防性全脑放疗,0.81,治疗方法
一名45岁的男性患者，最近发生心跳过速。查体结果显示心率为170次/分，心律规则。在按压颈动脉窦后，心率突然减慢至90次/分。基于这些信息，最可能的诊断是什么？,房室结折返性心动过速->治疗方法->迷走神经刺激,0.77,治疗方法
根据一名9岁女孩的症状，包括干咳1周、咽痛、低热，右下肺呼吸音减弱以及X线显示两下肺呈云雾状浸润影，哪种药物最适合用于该患儿的治疗？,肺炎支原体->常用药品->阿奇霉素,0.85,常用药品
某患者出现怕冷、乏力、很少出汗、嗜睡、动作缓慢、思维迟钝、记忆力差、头发脱落和肢体水肿的症状，实验室检查显示血清FT3和FT4降低，TSH升高，TRH兴奋试验强阳性。根据这些临床表现和实验室结果，该患者最可能患有哪种疾病？,甲状腺功能减退症->治疗科室->内分泌科,0.07,治疗科室
根据一名45岁女性患者的症状：咳嗽十余天，近三天喘促不宁，痰涎壅盛，潮热，便秘，舌苔黄腻，脉右寸实大，应使用哪种中医方剂进行治疗？,宣白承气汤->治疗方法->清热化痰,0.88,治疗方法
针对一名患者，表现为心下痞硬，噫气不除，或反胃呕逆，吐涎沫，舌淡，苔白滑，脉弦而虚，请问应选用哪种中药方剂进行治疗？,旋覆代赭汤->治疗方法->化痰止呕,0.78,治疗方法
一位45岁的女性患者，出现明显腹胀，伴有呼吸困难且无法平卧。查体发现呼吸频率为24次/分，心率为110次/分，双肺未见啰音，但腹部显著膨隆并伴有液波震颤，肝脏未能触及，脾脏位于左肋下5.0厘米。针对这种情况下，哪种治疗方法是最适宜的？,腹水->治疗方法->血浆替代,0.72,治疗方法
对于一位50岁男性患者，他长期吸烟30年，半年前戒烟，近期出现咳嗽带血的症状。根据病史和表现，应首先进行哪种检查来鉴别诊断原因？,肺癌->诊断检查->胸部CT,0.92,诊断检查
某老年高血压患者晨起锻炼发生头痛、呕吐和右侧肢体无力，查体发现血压180/100mmHg，右侧视野同向性偏盲，双眼向左侧凝视，并且出现失语症状。请问，基于这些临床表现，应考虑哪种类型的脑出血？,高血压->并发症->基底节区脑出血,0.87,并发症
针对一位80岁女性患者，有20年高血压史和痛风史，目前血压为180/90mmHg，心率52次/分，心律规则，心脏各瓣膜无杂音，血肌酐为100μmo1/L，血钾正常的情况，最适合的降压治疗方案是什么？请说明理由。,高血压->常用药品->缬沙坦,0.18,常用药品
根据超声结果显示，一名31岁女性患者，闭经56天，阴道少量流血1天伴有下腹部隐痛，子宫内可见25mm妊娠囊和节律胎心搏动，左侧卵巢出现41mm×39mm的囊性占位物，其边界清楚，囊壁完整且透声良好。请问这个囊性占位物最可能是什么？,卵巢肿瘤->症状->阴道流血,0.47,症状
一个患者月经停闭7个月，面色萎黄，带下量少，头晕目眩，毛发脱落，手足心热，舌红，苔少，脉细数无力，针对这些症状应该选择哪种中药配方进行治疗？,肝肾阴虚->治疗方法->知柏地黄丸,0.72,治疗方法
一位30岁的男性患者，素有嗜食肥甘和饮酒史，出现午后和夜晚加重的发热症状，并伴有身重肢倦、头重痛、口不渴、面色淡黄、胸脘痞满，舌苔白厚腻，脉象濡缓等症状。在中医理论中，适合的治疗方法是什么？,寒湿困脾->症状->身重肢倦,0.78,症状
一名44岁的女性，间断便血呈鲜红色滴下10年，肛指检查结果为阴性，肛镜检查发现齿状线上直肠黏膜隆起呈紫红色。这种症状最可能诊断为哪种疾病？,内痔->症状->鲜红色便血,0.85,症状
根据淋巴瘤的分期原则，评估以下这种病人的分期：35岁女性，表现为发热、乏力伴消瘦，检查结果显示左颈、两侧腋窝和腹股沟可触及数个淋巴结，脾肋下3cm，骨髓正常，红细胞沉降率80mm/h，胸部X线检查阴性，肝区B超正常，淋巴结活检为混合细胞型。,脾肿大->可能患有疾病->淋巴瘤,0.07,可能患有疾病
对于一名72岁男性患者，反复腹泻2个月，每天大便3至4次，为稀烂便，有少许黏液，偶有血便，但无明显里急后重且体重减轻不明显，最可能的诊断是什么？,结肠癌->症状->腹泻和血便,0.88,症状
肾移植术后36小时，患者出现少尿、血肌酐持续升高，并伴有高热和寒战，应首先考虑什么病情？,少尿->可能患有疾病->急性排斥反应,0.82,可能患有疾病
根据患者症状，比如久病体弱，面色晄白，汗出畏寒，动则益甚，平时极易感冒，且舌苔薄白，脉象细弱，应该使用什么中药方剂进行调治？,气虚->治疗方法->玉屏风散,0.84,治疗方法
50岁中段食管癌患者，进食性吞咽困难6个月，完全不能进食，恶液质，左锁骨上2cm硬性淋巴结，最优先选择的治疗方法是什么？,食管癌->治疗方法->放疗,0.78,治疗方法
"16岁未婚女患者, 以往月经规律, 因夏季过食冷饮导致末次月经过期10余日才来，并伴有小腹绵绵作痛和便溏的症状，请问此病例的诊断是什么？",寒凝气滞->症状->月经不调,0.88,症状
患者张某，女，60岁，表现为低热多日，伴有头晕眼花、身倦乏力、心悸不宁，以及面白少华、唇甲色淡、舌质淡、脉细弱的症状，请问她的证型是什么？,血虚->症状->低热,0.88,症状
一名患者左足足跖部位有一个黄豆大小的角化性斑块，表面粗糙且局部有刺状物，周围有数个角化性小丘疹，并伴有明显的挤压痛。根据这些症状，最可能的诊断是什么？,跖疣->症状->足底斑块,0.89,症状
一名30岁男性患有十二指肠球部溃疡4年，突然出现上腹部剧痛5小时，并伴随全腹痛和大汗淋漓。体检显示全腹压痛和反跳痛。为了明确是否发生了溃疡病穿孔，急诊中应优先进行哪种检查？,十二指肠球部溃疡->症状->剧烈腹痛,0.75,症状
当一位患者因施用有机磷农药出现恶心、呕吐、腹痛、腹泻、视力模糊等症状时，急诊室处理中的首选措施是什么？,有机磷农药中毒->治疗方法->使用解磷定药物,0.75,治疗方法
一名35岁男性突发上腹部剧痛2小时，伴有恶心呕吐。体检发现腹部板样强直，全腹明显压痛，肠鸣音消失，肝浊音界缩小。在这种情况下，哪一种检查最有针对性能够帮助诊断？,消化道穿孔->症状->腹部压痛,0.67,症状
对于一位怀孕5个月的女性患者，出现尿少、尿液颜色偏黄、排尿艰涩疼痛、面色发红、心烦、口舌生疮等症状，伴随舌红苔黄和脉细滑数，应该采用哪种治疗方法？,妊娠期疾病->治疗方法->清热解毒,0.69,治疗方法
一个8岁的男孩发烧到39℃，接着出现右下腹疼痛和每天3到4次腹泻。体检显示脐部轻压痛，腹部柔软且无反跳痛。在这种情况下，你首先应该考虑哪种疾病的可能性？,耶尔森氏菌感染->诊断检查->粪便培养,0.69,诊断检查
对于一名25岁的男性患者，患有发作性意识丧失伴随四肢抽搐达8年。2天前患者自行调整了治疗药物，次日又出现频繁发作并伴有意识不清的情况。在这种情况下，医护人员应该立即采取什么处理措施？,癫痫->宜吃->高镁食物,0.09,宜吃
一名患者发热3天，伴有头痛和呕吐，脑脊液检查显示微混、压力为270mmH2O，Pancy试验阳性，蛋白含量为1.28g/L，糖为1.1mmol/L，氯化物为90mmol/L。根据这些临床表现和检查结果，如何诊断该患者的脑部疾病类型？,化脓性细菌性脑膜炎->症状->头痛呕吐,0.94,症状
对于一名28岁女性患者，表现为胸膈胀闷、上气喘急、心下痞满、不思饮食、腹满胀痛、大便秘结、嗳气，脉弦，您会优先考虑使用哪种中药来改善她的症状？,气滞->治疗方法->乌药,0.88,治疗方法
一位74岁的男性农民，早晨在菜地拔草时突然起立而昏倒，经过一段时间后病人神志渐清，但仍面色苍白，唇青，呼吸微弱，四肢冷汗出，大便失禁，而额头尚温，舌质淡，脉沉微。在中医治疗中，应选用哪一方剂进行处理？,气虚->治疗方法->四逆汤,0.15,治疗方法
李某，女，55岁，反复脘闷不舒5年，伴脘腹满闷，时轻时重，纳呆便溏，神疲乏力，少气懒言，舌质淡，苔薄白，脉细弱。根据她的症状和体征，治疗时应首选哪种方剂进行调理？,脾胃虚弱->症状->少气懒言,0.18,症状
请根据以下症状描述，确定最可能的诊断：一名23岁的女性患者出现左眼睁眼困难，视物成双，症状在午后加重而清晨消失，无头痛或头晕。神经系统检查显示双瞳孔直径3mm，对光反应正常，但左眼上睑下垂，眼球向上、向下和内收运动受限，其他神经系统未见异常。,重症肌无力->症状->眼睑下垂,0.92,症状
怀孕3个月女性确诊疟疾，最适合用药？,感染性疾病->治疗方法->抗生素,0.12,治疗方法
某位在蓄电池厂工作的男工，工龄8年，出现头昏、头痛、乏力等症状，尿中6-ALA检测结果为28.6μmol/L。针对该病人的治疗，哪种药物是首选？,铅中毒->常用药品->钙制剂,0.81,常用药品
一名60岁男性患者，出现左腰部酸胀痛，向左臀部及股后放射，特别是在晨起和久坐之后加重，活动后有所好转。查体发现腰椎生理弯曲变平，脊柱弹性和活动度均差，双侧腰竖脊肌痉挛，左侧尤为明显，且在L3到S1左椎旁有压痛并放射到左臀部及股后。直腿抬高试验阴性，双下肢肌力正常，皮肤感觉和反射均未见异常。根据上述临床表现，该患者最可能的诊断是什么？,腰脊神经后支卡压 -> 诊断检查 -> 影像学检查,0.72,诊断检查
对于一位36岁初产妇，孕38周曾有不孕症病史，出现阵发性腹痛和见红，宫高40cm，腹围126cm，超声提示双顶径10.2cm，单胎，羊水指数20.6cm，在糖耐量试验正常的情况下，最佳的分娩方式是什么？,见红->症状->分娩方式选择,0.49,症状
根据一名35岁男性患者的症状：头痛、复视半年，左侧肢体无力，右眼上睑下垂，右瞳孔散大，对光反应消失，左侧肢体肌力Ⅲ度，肌张力增高，膝反射亢进，Babinski征(+)，左侧鼻唇沟变浅，伸舌时左偏，请确定该患者的病变定位于哪个部位？,中脑->治疗科室->神经内科,0.61,治疗科室
男性，30岁，出现间歇性畏寒、寒战、高热、出汗症状超过2周，10月份就诊。间歇期间无明显不适。体检结果显示体温41℃，轻度贫血貌，心率120次／min，肝脾触诊肋下肝1cm，脾2cm。化验血红蛋白结果为89g／L。基于以上信息，这位患者最可能患有什么病？,疟疾->并发症->贫血,0.76,并发症
一位4岁女孩，身体瘦弱，不思饮食，食不知味，面色少华，精神乏力，多汗，且大便溏薄，常见不消化食物。舌淡苔薄白，脉象缓无力。根据这些症状，应该选用哪个基础方剂来进行调理？,脾胃虚弱->常用药品->四君子汤,0.82,常用药品
根据患者的症状和体征，包括劳累性呼吸困难、不能平卧、呼吸困难加重、咳嗽、体力受限等表现，以及体检发现，如何评估该患者的心功能分级？,心功能分级->诊断检查->心脏彩超,0.68,诊断检查
8岁农村男孩突起高热、昏迷、抽搐，体温39.7℃，血压110/70mmHg，皮肤无淤点，左侧瞳孔较大光反应迟钝，颈部有抵抗感，心率120次/分，双侧Babinski征阳性。最可能诊断？,抽搐->症状->神经系统异常,0.06,症状
一名53岁男性患者出现高热、寒战和背痛超过半个月，结合影像学检查，你认为最可能的诊断是什么？,脓毒性脊椎炎->治疗时长->数周至数月,0.18,治疗时长
一位50岁的男性患者出现下腹隐痛不适和偶尔粘液血便，经过慢性结肠炎的治疗效果不佳。在这种情况下，你认为应该首先进行哪种检查方法？,结肠镜检查->诊断检查->组织活检,0.65,诊断检查
对于患有慢性肺心病的65岁男性患者石某，他因感冒出现气急、咳嗽、痰不易咳出等症状，同时伴有口唇发绀及下肢水肿，体温38.9℃，脉搏110次/min，呼吸24次/min，情绪不稳，对疾病缺乏正确认识。在这种情况下，建议对患者采取何种吸氧方案？,慢性肺心病急性加重->治疗方法->高流量吸氧、低流量吸氧,0.66,治疗方法
一位66岁男性突发心前区疼痛，含硝酸甘油不缓解，出现呼吸困难，不能平卧。心电图显示V1到V5导联的ST段弓背向上抬高，并出现宽而深的Q波。这种心电图特征对应于哪个部位的心肌梗死？,心肌梗死->治疗科室->心内科,0.37,治疗科室
一名7个月大的女婴在腹泻和呕吐3到4天后入院，检查时发现有精神萎靡、面色苍灰、口唇樱红、前囟及眼窝凹陷、皮肤弹性差、心肺无异常和腹软。入院诊断为腹泻病、中度失水、代谢性酸中毒。补液后，该婴儿出现抽搐。根据临床表现，这名婴儿出现抽搐最可能是什么原因导致的？,低钠血症->症状->抽搐,0.22,症状
根据一名4岁女孩的临床表现：面色苍白持续6个月并加重1个月，低热及皮肤瘀点持续3周，补血药物无效治疗史，以及结合血常规和骨髓检查结果，最可能的诊断是什么？,骨髓增生异常综合征->治疗科室->血液科,0.38,治疗科室
患者表现为角弓反张状、四肢伸直和肌张力增高，呼之不应，这种状态被称为什么？,去脑强直->症状->肌张力增高,0.75,症状
一名30岁男性患有十二指肠球部溃疡4年，突然出现上腹部剧痛5小时，并伴随全腹痛和大汗淋漓。体检显示全腹压痛和反跳痛。为了明确是否发生了溃疡病穿孔，急诊中应优先进行哪种检查？,急腹症->诊断检查->腹部透视,0.95,诊断检查
一名40岁的女性患者，头痛持续2年，CT显示右小脑桥脑角处有一个4×5cm的囊实性占位性病变，并跨越到鞍旁，实性部分显示增强，内听道正常。根据这些症状和影像学表现，这种病变最可能是什么类型的肿瘤？,小脑桥脑角肿瘤->疾病描述->三叉神经鞘瘤,0.31,疾病描述
56岁男性充血性心力衰竭，心率100～110次/分钟，使用地高辛两周无明显效果，应该选择哪种药物治疗？,心力衰竭->并发症->心律失常,0.18,并发症
一名8岁男患者出现恶寒发热1天后，伴有头面红肿掀痛、咽痛、口渴舌燥、舌红苔黄、脉浮数等症状。根据这些症状，应选用哪种中药方剂进行治疗？,风热上攻->宜吃->清淡食物,0.85,宜吃
对于一位17岁女性患者，颏部发育不良，面下1/3高度偏大，存在Ⅱ类咬合关系，ANB角为7度，并且上下颌前牙明显拥挤。为了在治疗初期实现上颌磨牙的远中移动，哪种方法最为合适？,Ⅱ类咬合关系->治疗方法->头帽,0.89,治疗方法
一名33岁女性患者出现高热伴意识障碍，既往有系统性红斑狼疮史。入院查体显示浅昏迷，脑膜刺激征阳性，并出现喷射性呕吐。基于这些表现，入院后应首先进行哪项轴位扫描以辅助诊断？,脑膜刺激征阳性->可能患有疾病->中枢神经系统感染,0.89,可能患有疾病
50岁男性患者在胃癌根治术后2小时出现腹腔引流出不凝血800ml，血压为86/60mmHg，中心静脉压从8cmH₂O降至4cmH₂O。请问在这种情况下最恰当的处理措施是什么？,失血性休克->并发症->内出血,0.79,并发症
一位29岁女性患者，出现腹胀、便秘9个月，乏力、食欲不振、消瘦，且症状在近5个月加重。体检发现右下腹触及4cm×6cm肿块，质地中等，边缘不清，并伴有轻触痛。基于这些症状和体征，该患者最可能患有哪种疾病？,肠结核->治疗方法->抗结核治疗,0.78,治疗方法
1岁8个月女婴间断发热20天，抽搐，体温37.6°C，脾肿大，颈部抵抗和克氏征阳性。脑脊液白细胞260×10⁶/L，中性粒细胞40%，淋巴细胞60%，糖1.8mmol/L，氯280mmol/L。最可能诊断？,发热->症状->感染,0.18,症状
对于一个8个月大，腹泻伴呕吐，6小时无尿的男婴，其临床表现包括前囟凹陷，皮肤弹性差等，实验室检查血钠浓度为134mmol/L。在这种情况下，初步快速扩容静脉输液应该给予什么类型的含钠液体？,呕吐->忌吃->油炸食品,0.34,忌吃
根据病例描述，26岁女性婚后二年未孕，伴随月经规律，但在末次月经后20天出现了阴道出血，持续半个月，且止血药无效，今天早上出现小腹疼痛并冷汗，身体检查显示血压90/60 mmHg，脉搏110次/分，内诊结果为后穹隆饱满下垂、子宫体水平位稍大、宫颈有举摆痛。根据这些症状，该患者最可能的诊断是什么？,宫外孕->症状->小腹疼痛,0.87,症状
一位怀孕8个月的24岁女性，近一个月来常在卧位时出现突发性头痛、心悸和多汗，测得最高血压为230/140mmHg，但坐起后症状可逐渐缓解，血压恢复正常，空腹血糖为7.8mmol/L，电解质及肝肾功能正常。根据这些症状和检验结果，最可能的诊断是什么？,嗜铬细胞瘤->治疗方法->肾上腺肿瘤切除术,0.25,治疗方法
一位37岁女性，因车祸导致胫骨骨折十余天后，突然出现头痛和头晕。结合患者的病史和症状以及图像，最可能的诊断是什么？,车祸->并发症->肺栓塞,0.85,并发症
对于一名50岁男性患者，其主要症状包括左胸闷气2个月，胸痛20天，夜间加重，并伴有颜面、颈部及胸壁略肿胀、胸壁静脉曲张，左肺呼吸音消失。为了明确诊断，应该进行哪项检查？,胸部CT扫描->检查疾病->气胸,0.71,诊断检查
一名15岁男性患者在睡眠中突发阴囊疼痛，查体发现右侧睾丸稍大，位置在阴囊上方，明显触痛，彩色多普勒超声检查显示右睾丸血流明显减少。根据这些症状和检查结果，最可能的疾病是什么？,睾丸扭转->治疗方法->手术治疗,0.47,治疗方法
一位23岁的女性，出现外阴瘙痒1周，妇科检查显示外阴无异常，但阴道内有黄色脓性分泌物，宫颈中度糜烂，为判定宫颈病变的性质，应该首选进行哪种检查？,宫颈病变->治疗科室->妇科,0.14,治疗科室
一名39岁的男性患者在癫痫发作期间，表现出胃部一股气体上升、咀嚼和吞咽动作、喃喃自语、走动，并似乎在寻找东西但对呼唤无反应，整个过程持续约4分钟，请问这种情况属于哪种癫痫发作类型？,复杂部分性癫痫发作->症状->胃部气体上升、咀嚼动作、走动,0.92,症状
32岁男性，右耳流脓1年，CT显示外耳道嵴骨消失、软组织密度影，听小骨及鼓室壁破坏。最可能的诊断是什么？,右耳流脓->并发症->脑膜炎,0.72,并发症
针对一位成年男性，他有三个月来双下肢无力麻木逐渐加重，背后疼痛且咳嗽时加剧的症状。检查显示左半侧T8以下痛温觉消失，右下肢肌力3级，腱反射亢进，Babinski征阳性，同时右下肢足趾振动觉和位置觉消失。根据这些临床表现，最可能的诊断是位于什么位置的脊髓病变？,脊髓病变->诊断->右侧T8水平脊髓损伤,0.92,可能患有疾病
对于一名慢性牙周炎患者出现了剧烈阵发性疼痛且夜间无法入眠，在检查发现左侧后牙无龋坏牙，叩痛且有深牙周袋的情况下，为了确诊最主要的还应该进行哪项检查？,牙髓病变->诊断检查->根尖X光,0.72,诊断检查
28岁的男性患者曾在10岁时因右侧隐睾进行右睾牵引固定术。目前右侧阴囊肿大并伴有疼痛持续了半个月。查体发现右侧阴囊下垂，睾丸肿大如鹅卵，沉重感明显，且透光试验结果为阴性。基于这些临床表现，请问该患者的诊断是什么？,睾丸肿瘤->诊断检查->血清肿瘤标志物,0.52,诊断检查
患有高血压、低血钾且没有表现出库欣综合征特征的一名28岁女性，其血钠水平为149mmol/L，血钾水平为3.1mmol/L，那么用于她高血压的特效治疗药物是什么？,原发性醛固酮增多症->常用药品->螺内酯,0.33,常用药品
9岁男孩，出现颜面水肿和深色尿液，且有抽搐和昏睡等症状，结合这些症状和病史描述，请说明最优先应该进行哪种治疗措施？,急性肾炎->治疗方法->补液控制,0.72,治疗方法
请描述一个12岁男性患儿，表现为身材矮小、长期面色苍白、乏力，巩膜轻度黄染并且脾大肋下3cm时，其实验室检查中最可能出现什么异常结果？,溶血性贫血->诊断检查->血红蛋白降低,0.82,诊断检查
根据医学常识，在濒死期患者最后消失的感觉是哪一种感觉？,濒死期->症状->疼痛,0.56,症状
如果一名65岁的男性患者有上腹部无规律性隐痛两个月，因饮酒后呕吐咖啡色物质和排柏油便而就诊，体检发现血压90/60mmHg，脉搏100/min，血红蛋白90g/L，上腹部轻度压痛，肝脾未触及，在这种情况下，哪种止血措施最有效？请详细说明原因。,呕吐->易患人群->孕妇,0.09,易患人群
根据患者症状，比如久病体弱，面色晄白，汗出畏寒，动则益甚，平时极易感冒，且舌苔薄白，脉象细弱，应该使用什么中药方剂进行调治？,气虚->治疗方法->黄芪汤,0.65,治疗方法
一位18岁男性患者的X线胸片检查发现左侧胸腔第6胸椎旁有一直径约6cm的圆形肿块影，从这个位置和影像特征来看，这个肿块最可能的诊断是什么？,胸腔肿块->疾病描述->神经源性肿瘤,0.74,疾病描述
根据一个65岁男性患者，患有15年糖尿病且长期使用苯乙双胍的病史，因意识障碍入院，体检显示浅昏迷、呼吸深大、中度脱水，膝反射极弱，血压80/65 mmHg，血糖15mmol/L，CO2结合力12mmol/L，尿糖（+++），尿蛋白（++）及少量尿酮体（+），请问最可能的诊断是什么？,乳酸酸中毒->治疗方法->停用双胍类药物,0.84,治疗方法
根据以下病人的化验结果：白细胞计数为5.4×10⁹/L，尿液中白细胞为30～40/HP，红细胞为10～15/HP，并且亚硝酸盐呈阳性，该患者的标准抗感染治疗疗程应该是几天？,尿路感染->治疗时长->7天抗生素疗程,0.83,治疗时长
一名7岁男性儿童从货车上跌下，出现逐渐加重的呼吸困难，查体显示颜面发绀、吸气性呼吸困难，颈上胸部有皮下气肿，气管向左移位，右侧呼吸音消失。在这种情况下，最适当的急救措施是什么？,呼吸困难->疾病描述->张力性气胸,0.85,疾病描述
一名57岁的老年女性，绝经5年，阴道流出黄水样分泌物持续1年。妇科检查显示宫颈光滑，子宫后位且稍小，右侧穹隆处可触及鸽蛋大小的硬质包块，并且与子宫关系密切且有粘连。分段诊刮病理切片显示萎缩性子宫内膜，请问这种情况下最可能的诊断是什么？,输卵管癌->疾病描述->腹部肿块,0.64,疾病描述
一位女性患者人工流产术后4天出现寒战、高热，小腹疼痛拒按，并伴有颜色暗如败酱且气味臭秽的阴道出血。她还感到口干喜饮，舌质红，苔黄腻，脉弦数。针对这种情况，治疗的最佳方剂是什么？,人工流产术后感染->症状->口干喜饮,0.17,症状
对于一位60岁的女性患者，表现出心悸、手颤等甲状腺功能亢进症状，并且心率为128次／分，心律不整，心音强弱不等，针对这些心血管并发症应该给予怎样的治疗药物以控制心率？,甲状腺功能亢进症->治疗方法->β受体阻滞剂,0.74,治疗方法
一个1岁1个月的女孩，体重7.5kg，身高73cm，以母乳喂养为主，并在9个月时开始添加稀粥。她能独立行走，会主动叫'爸爸、妈妈'。体重小于第3百分位数，身长在第5到90百分位数之间。基于这些信息，你认为该女孩最可能的诊断是什么？,语言发育->治疗时长->无需治疗,0.08,治疗时长
42天停经女性少量阴道出血，腰痛腹痛，乏力，面色苍白，舌淡苔白，脉细滑，尿妊娠试验阳性。首选中药方剂？,阴道出血->症状->妊娠不稳,0.58,症状
一位27岁经产妇在妊娠38周时阴道流血2日无痛，量如月经。产后检查发现胎膜破口距胎盘边缘4厘米，胎盘边缘有黑紫色陈旧血块附着。请问本例患者的最终诊断是什么？,前置胎盘->症状->无痛阴道出血,0.87,症状
一名15岁男性患者表现出少尿、水肿、咳嗽、气短，并且在发病前有喉痛史，体检发现高血压，尿液检查显示尿蛋白和红细胞显著增多，血液检查发现补体C3降低，如何诊断这种病情？,急性链球菌感染后肾小球肾炎->症状->喉痛史,0.78,症状
一位男性患者左鼻塞5年，逐渐加重，近1年持续性伴随鼻流脓涕且嗅觉减退，检查发现右鼻腔内有多个光滑灰白半透明的赘生物，触之柔软且无痛，最可能的诊断是什么？,赘生物->可能患有疾病->鼻息肉,0.95,可能患有疾病
"男性25岁,鼻部疖肿一周前出现,3日前受挤压后症状加重,出现发烧、脉率增快、两眼周围红肿,局部压痛,血白细胞计数升高。这种情况最可能并发了什么病症?",眶蜂窝织炎->症状->白细胞升高,0.84,症状
患者有10年糖尿病史，现出现眼睑及下肢浮肿、乏力、尿蛋白(++)及尿糖(+++)的症状，这种情况下该患者的糖尿病类型通常是什么类型？,糖尿病->症状->尿糖升高,0.75,症状
42岁男性患者出现发热、咳嗽、咳痰并活动时气促，面部及手部出现红斑且红斑扩展至胸部、腰和膝关节。确诊的主要方法是什么？,皮肌炎->诊断检查->胸部CT扫描,0.32,诊断检查
一位17岁的女性在体检中发现肛周囊性肿物，壁较硬，与骶骨面界限不清，考虑为哪种疾病？,骶尾部畸胎瘤->治疗科室->普外科,0.07,治疗科室
一位男性患者左鼻塞5年，逐渐加重，近1年持续性伴随鼻流脓涕且嗅觉减退，检查发现右鼻腔内有多个光滑灰白半透明的赘生物，触之柔软且无痛，最可能的诊断是什么？,鼻息肉->并发症->慢性鼻炎,0.75,并发症
一名46岁男性胃癌患者手术后接受顺铂和阿霉素的化学治疗，出现严重恶心呕吐，哪种药物被认为是止吐效果最好的？,阿霉素->常用药品->止吐药,0.04,常用药品
在肺组织病理学检查中，如果发现肺组织肿胀、重量增加、质地变硬，光镜下见纤维增生、肺泡壁增厚和巨噬细胞吞噬含铁血黄素，该患者最可能的临床诊断是什么？,慢性肺淤血 -> 常用药品 -> 抗生素,0.62,常用药品
一名68岁女性，反复咳嗽、咳痰20年，气喘10年，近期加重伴有下肢水肿，检查发现口唇发绀，双下肺湿啰音和哮鸣音，肝肋下3cm，肝颈静脉回流征阳性，双下肢水肿，WBC为9.3×10⁹/L，该患者最可能的诊断是什么？,慢性肺源性心脏病->治疗方法->管理右心衰竭,0.65,治疗方法
根据以下病人的化验结果：白细胞计数为5.4×10⁹/L，尿液中白细胞为30～40/HP，红细胞为10～15/HP，并且亚硝酸盐呈阳性，该患者的标准抗感染治疗疗程应该是几天？,尿路感染->常用药品->氟喹诺酮,0.18,常用药品
一位48岁的女性，三个月前无明显诱因出现右上腹不适，表现为钝痛。结合影像学表现，其最可能的诊断是什么？,右上腹钝痛->治愈概率->0.71,0.12,治愈概率
根据患者的症状表现和体质情况，怀孕50天的女性患者出现腰酸腹痛、阴道少量出血等问题，首选哪种中药进行治疗？,寿胎丸->可以治疗疾病->补气、安胎,0.82,可以治疗疾病
慢性肠梗阻患者呕吐大量胃肠液，输液含大量低渗葡萄糖溶液后出现躁动、头痛、昏迷。最可能原因？,电解质紊乱->症状->头痛,0.77,症状
一位50岁的男性患者出现下腹隐痛不适和偶尔粘液血便，经过慢性结肠炎的治疗效果不佳。在这种情况下，你认为应该首先进行哪种检查方法？,结肠病变->诊断检查->直肠指诊,0.88,诊断检查
根据患者的自发性钝痛症状、冷热刺激引起疼痛、以及X线片上显示的右上第一磨牙高密度影像达髓腔，这颗牙齿可能的诊断是什么？,残髓炎->常用药品->镇痛药,0.47,常用药品
对于一名56岁的男性患者，有慢性肝炎病史20年，近期出现右上腹隐痛不适，B超显示肝脏有低回声占位性病变，边界不清晰，其中一肿瘤靠近第二肝门部及下腔静脉，大小约8cm×7cm，另一肿瘤位于肝右后叶，直径3cm，并伴有肝硬化，这种情况下的首选治疗方法是什么？,绿豆百合汤->食谱有益于疾病->肝火旺,0.31,食谱有益于疾病
男性患者，24岁，近2年来有胸骨后疼痛感，饮食睡眠情况可，体重不减轻，行X线钡餐检查。根据检查结果，最有可能的诊断是什么？,食管憩室->并发症->食管穿孔,0.15,并发症
一位32岁的女性在遇到寒冷时，双手顺序出现苍白、青紫和潮红，病程已有3年，逐渐加重且每次发作持续15到30分钟。根据该患者被诊断为雷诺综合征，请描述她在发作时的典型症状是什么？,雷诺综合征->症状->手部颜色变化,0.93,症状
一名36岁的女性患者，一年来出现入睡困难、工作时头痛、时常血压偏高，怀疑自己得了高血压，并且症状时好时坏，根据这些症状，该患者最可能被诊断为何种精神疾病？,高血压->并发症->脑血管意外,0.22,并发症
对于一名70岁男性患者，半年来在劳累时出现胸痛和气短，且活动如扫地和平地行走受限。该患者既往有10余年高血压病史，20岁时曾患肺结核。在这种情况下，要进一步检查以评估他的心脏功能，首选的检查方法是什么？,心脏病->治疗科室->心内科,0.89,治疗科室
一位17岁女性患者，下颌发育不良，颏部外形欠佳，面部下1/3高度偏大，表现开5mm，覆盖8mm，Ⅱ类咬合，伴上下颌前牙拥挤、前牙开及唇侧扭转，生长发育接近完成。应采取哪些治疗措施？,口唇闭合异常->症状->肌肉紧张,0.12,症状
一名15岁男性患者表现出少尿、水肿、咳嗽、气短，并且在发病前有喉痛史，体检发现高血压，尿液检查显示尿蛋白和红细胞显著增多，血液检查发现补体C3降低，如何诊断这种病情？,急性链球菌感染后肾小球肾炎->并发症->心功能不全,0.19,并发症
腹泻、腹痛、脉弦的患者应该使用什么药物进行治疗？,腹泻->常用药品->四逆散,0.89,常用药品
根据以下情况诊断该患者的高血压状态：女性，46岁。发现血压增高7年，血压经常在21/12～13kPa(160/90～98mmHg)。1年来多次尿液检查蛋白(+)，红细胞(+)。本次因症状加重入院。入院后心电图正常，尿液检查蛋白(+)，红细胞(++)。血清肌酐125μmol／L，血钾为4.2mmol／L，眼底检查可见动静脉有交叉压迫现象。,高血压->治疗科室->心内科,0.78,治疗科室
一个男性患者表现为全身水肿，皮肤绷紧光亮，伴有胸脘痞闷、烦热口渴，经过治疗略有好转但水肿反复发作，同时口咽干燥、大便干结，舌红少苔，脉象细弦数。针对这种情况，应使用何种中药方剂进行治疗？,猪苓汤->治疗方法->利水渗湿,0.56,治疗方法
在妊娠14周进行钳刮术时，破膜后患者出现烦躁、寒战、咳嗽、呼吸心率加快，血压轻度下降的情况时，应急救措施是什么？,羊水栓塞->并发症->血压下降,0.91,并发症
一名9岁男孩患者在外伤后出血不止，实验室检查显示白细胞5×10^9/L，血红蛋白110g/L，血小板101×10^9/L，出血时间正常，凝血时间正常，KPTT为80s（正常对照30s），可被正常血清纠正，但不能被钡吸附正常血浆纠正。根据这些临床和实验室检查结果，请给出该患者的诊断。,血友病B->症状->KPTT延长,0.86,症状
一名9岁男孩，颈前部肿大，按之柔软，随吞咽上下移动，诊断为气瘿，请问对此病应采用哪种中药方剂进行治疗？,气瘿->常用药品->海藻玉壶汤,0.87,常用药品
根据一名48岁女性患者的症状，包括紧张不安、多虑、失眠、头晕、心痛、注意力不集中、阵发性心悸、胸闷和四肢无力，而头颅MRI未发现异常，请问该患者最可能被诊断为什么心理疾病？,心脏病->症状->胸闷,0.21,症状
一位30岁的女性，停经43天，伴有右下腹隐痛2天并出现阴道少量出血，吸宫术后病理报告显示蜕膜组织。基于这些症状和检查结果，首先应该考虑哪种疾病？,宫外孕->症状->停经伴腹痛及阴道出血,0.88,症状
如果患者表现出精神抑郁、神志呆钝、胸闷叹息、忧虑多疑、自语或不语、不思饮食，并伴有舌苔薄白或腻，脉弦细或弦滑，这些症状属于哪种中医证型？,痰气郁结->症状->精神抑郁,0.81,症状
一名45岁的男性患者，最近发生心跳过速。查体结果显示心率为170次/分，心律规则。在按压颈动脉窦后，心率突然减慢至90次/分。基于这些信息，最可能的诊断是什么？,室性心动过速->症状->心跳过速,0.15,症状
一位62岁的女性患者有长期便秘史，在一次排便后出现头痛和右侧肢体麻木无力，病情逐渐进展。2天后头颅CT显示左侧壳核区高密度病灶。查体时会发现什么特定的体征？,壳核出血->检查疾病->头颅CT,0.63,诊断检查
一位患者表现为月经周期延迟，量少，色淡红，质薄，逐渐发展到经闭不行，同时伴随神疲肢倦，头晕眼花，心悸气短，面色萎黄，舌淡，苔薄，脉沉缓等症状。根据中医辨证论治原则，应选用哪种方剂进行治疗？,肾虚->治疗方法->六味地黄丸,0.18,治疗方法
根据患者的症状和体征，特别是突然昏倒、语言謇涩、面色潮红、舌质红苔黄燥及脉象等特点，哪种方药最适合作为治疗方案？,天麻钩藤饮->忌吃->辛热食物,0.79,忌吃
一名患有7年慢性腹泻的32岁男性患者，其大便每日2～3次，常带有少量脓血。通过粪便镜检发现红、白细胞均15/HP，纤维结肠镜检查显示降结肠以下黏膜充血、假息肉形成，并有少数散在浅溃疡的情况下，最合适的初始治疗药物是什么？,溃疡性结肠炎->并发症->肠穿孔,0.65,并发症
一位52岁的女性在盆浴后出现白带增多、外阴瘙痒、尿频，阴道黏膜有散在出血点且后穹隆有大量黄色泡沫状分泌物，要确诊这种情况，最简便的方法是什么？,滴虫性阴道炎->症状->黄色泡沫状分泌物,0.95,症状
3岁女孩，身高75cm，智力低下，鼻梁低平，舌体宽厚，常伸出口外，伴腹轻胀、便秘及脐疝的症状，这些临床表现最可能指向哪种疾病的诊断？,先天性甲减->治愈概率->中等偏高,0.53,治愈概率
患者50岁的女性，3年前体检时发现血压为180/115mmHg，间歇服药后血压波动于130～180/90～115mmHg，既往有脑梗死史，无吸烟史和糖尿病及早发心血管疾病家族史，本次就诊时血压为160/90mmHg。确定其高血压的分级和危险度。,高血压->治疗科室->心内科,0.42,治疗科室
对于一名患有急性肾炎且表现有高血压、水肿、尿量减少、呼吸困难、心音低钝、肝肋下2cm增大以及X线示肺纹理增强的10岁儿童，这些体征和症状最可能提示哪个病理状态？,急性肾炎->症状->尿量减少,0.78,症状
一名35岁女性，10年前做过胃大部切除术，现在出现头晕、乏力、面色苍白等症状，血常规显示红细胞减少，血红蛋白低，骨髓检查显示幼红细胞显著增生，尤其是中、晚期幼红细胞增多且体积小、蓝染质少，边缘不规则。请问针对这些情况，首选的治疗措施是什么？,维生素B12缺乏性贫血->治疗方法->补充维生素B12,0.41,治疗方法
根据以下情况诊断一名妇女的病情：26岁已婚妇女，停经46日，出现下腹部轻度阵发性疼痛及阴道少量流血伴血块10小时。2日后阴道流血量增多，下腹阵发性疼痛明显加重，妇科检查发现宫口可通过1指，并在宫口处见有胚胎组织堵塞，此时应如何诊断？,宫外孕->症状->腹痛,0.22,症状
一位32岁的女性左乳头溢液呈酱红色，并发现左乳晕旁有肿块。请问在这种情况下，目前最有诊断价值的检查方法是什么？,乳腺病变->检查方法->乳腺超声,0.74,诊断检查
患者表现为右下肢肿物，伴有纳呆便溏、舌质淡、苔白、脉细等症状，瘤体柔软易出血且无疼痛。在这些症候中，针对脾胃虚弱及气滞所导致的症状，应选用哪种方药进行首选治疗？,气滞->症状->纳呆便溏,0.62,症状
一名49岁的女性患者，上唇部有不适感3天，检查发现上唇皮肤有多个水疤并有强烈的不适感，抗单纯疱疹病毒抗体价高于正常值64倍。请问该病可能的诊断是什么？,单纯疱疹->症状->唇部水疱,0.85,症状
在头皮撕脱伤患者中，如果撕脱面积较大且骨膜完整，但无法进行头皮回植的情况下，最佳的治疗方法是什么？,头皮撕脱伤->治疗方法->血供不足,0.55,治疗方法
对于一名35岁男性患者，患有血友病10年，近期出现发热、腹泻超过一个月，全身淋巴结肿大，CD4+/CD8+比值为0.8。在这样的情况中，可以使用哪种药物进行治疗？,血友病->治疗方法->抗逆转录病毒药物,0.92,治疗方法
一名患者左足足跖部位有一个黄豆大小的角化性斑块，表面粗糙且局部有刺状物，周围有数个角化性小丘疹，并伴有明显的挤压痛。根据这些症状，最可能的诊断是什么？,跖疣->症状->挤压痛,0.78,症状
42岁女性患者，晨起出现剧烈疼痛伴呕吐，昏倒30分钟后清醒。胸片检查显示肺部有半透明小圆形阴影。病史中有阴道少量不规则出血2个月，咳嗽、痰中带血10天，曾G4P1，顺产1次，人流3次，末次妊娠2年前。结合病史和检查结果，最可能的诊断是什么？,绒毛膜癌->诊断检查->β-HCG,0.67,诊断检查
根据病例描述，26岁女性婚后二年未孕，伴随月经规律，但在末次月经后20天出现了阴道出血，持续半个月，且止血药无效，今天早上出现小腹疼痛并冷汗，身体检查显示血压90/60 mmHg，脉搏110次/分，内诊结果为后穹隆饱满下垂、子宫体水平位稍大、宫颈有举摆痛。根据这些症状，该患者最可能的诊断是什么？,宫外孕->诊断检查->B超,0.78,诊断检查
一名7岁男性儿童从货车上跌下，出现逐渐加重的呼吸困难，查体显示颜面发绀、吸气性呼吸困难，颈上胸部有皮下气肿，气管向左移位，右侧呼吸音消失。在这种情况下，最适当的急救措施是什么？,张力性气胸->治疗方法->针刺减压,0.91,治疗方法
对于一名30岁女性，持续发热10天，精神萎靡，体温39.5℃，心率70次/分，血液检查结果显示白细胞数1.4×10^9/L，中性粒细胞占60%，淋巴细胞占40%，肥达氏反应O 1:80（+），H 1:160（+），ALT 180μmol/L，总胆红素22.2μmol/L。为了确诊应首先进行哪项检查？,伤寒->治疗方法->抗生素治疗,0.76,治疗方法
根据一位46岁女性的超声检查结果，她的月经量不多，无痛经史，今年龄段最可能的子宫异常诊断是什么？,子宫异常->可能患有疾病->卵巢功能减退,0.82,可能患有疾病
一名患有急性昏迷的患者出现轻度黄疸、双侧肢体肌张力对称性增高、瞳孔等大，并且尿蛋白及糖定性均为阴性。结合这些症状，这名患者最可能的诊断是什么？,肝性脑病->诊断检查->血氨测定,0.91,诊断检查
某男患者24岁，发热五至六日后热略减退，随后出现一系列症状，包括肢体无力、心烦口渴、咽喉干燥等。如果患者身热全退且食欲减退，口燥咽干较甚，应该选用哪一种中药方剂进行治疗？,气阴两虚->症状->口燥咽干,0.75,症状
一名60岁的男性患者，经历双手肌肉萎缩4年。体检显示神志清楚，双侧C4至T3节段性分离性感觉障碍。颈椎MRI检查提示C至T段脊髓空洞，增强后C至T段脊髓空洞内均匀强化。基于这些特征，什么是最可能的诊断？,脊髓室管膜瘤->治疗方法->手术治疗,0.52,治疗方法
一名50岁男性患者，1周前突然发生脑血管意外，3日前开始呕血约500ml并伴有黑便，且过去无胃病与肝炎史。根据这些症状，最可能的诊断是什么？,脑血管意外->可能患有疾病->急性糜烂性胃炎,0.93,可能患有疾病
一名63岁的男性患者出现心胸疼痛和胸部闷窒，在含化复方丹参滴丸治疗无效后仍有这些症状，并伴有心悸、喘促、出汗、舌体胖大、舌质暗淡、苔白、脉细无力，应选择哪种方剂进行首选治疗？,喘促->治愈概率->0.8,0.07,治愈概率
对于一名5岁男孩，体温39.5℃，出现音哑和吸气性呼吸困难的情况下，医生应首先采取什么措施来处理可能的急性气道阻塞？,高烧->症状->发热,0.09,症状
对于一名出现头晕、气短、畏风自汗、大便质烂、脱肛症状的60岁女性患者，应该选用哪种中成药进行治疗？,气虚->治疗方法->补气养血,0.15,治疗方法
一名7岁的患儿，2周前得过猩红热，最近两天出现眼睑水肿，血压为16.0/10.7kPa(120/80mmHg)，尿常规显示蛋白++，红细胞5~8个/HP，目前水肿明显且尿量200ml/日。在护理过程中，应特别警惕发生哪种严重并发症？,急性肾小球肾炎->并发症->脑水肿,0.47,并发症
一名38岁女性因突然右侧剧烈腰痛和肉眼血尿就诊，既往有风湿性心脏病和心房颤动病史，尿常规显示蛋白++，红细胞满视野，白细胞5～8/HP。根据以上症状，临床上首先考虑的诊断是什么？,肾动脉栓塞->忌吃->高钠食物,0.12,忌吃
一位32岁的男性患者在8月20日来诊，出现发热、头痛伴呕吐2天和意识障碍半天，体温39.6℃，颈抵抗（＋），Kerning征（＋），Babinski征（＋），血液中白细胞计数为16.0×10^9/L。请结合以上症状和检查结果，诊断该患者可能患有什么疾病？,脑肿瘤->症状->头痛,0.13,症状
"在男性患者23岁入院时表现为“头痛、呕吐2天,抽搐、昏迷4小时”，脑脊液显示化脓性改变的情况下，应选择哪种抗生素作为经验性治疗？",呕吐->症状->脑膜炎,0.62,症状
一位25岁的女性患者甲状腺肿大，边缘不清，质软无痛，肿块随吞咽上下移动，情绪波动亦影响其大小，治疗时首选哪个方剂？,情绪波动->症状->甲状腺肿大,0.68,症状
根据患者的病情描述，特别是右锁骨上淋巴结的触诊结果、气管移位、右肺叩诊及胸液常规结果，最可能的诊断是什么？,右肺癌->诊断检查->胸液常规,0.72,诊断检查
该病例中，4岁患儿曾患佝偻病，现在表现为鸡胸和严重的'X'型腿，请问应采取什么治疗原则？,佝偻病->并发症->骨骼畸形,0.58,并发症
某老年高血压患者晨起锻炼发生头痛、呕吐和右侧肢体无力，查体发现血压180/100mmHg，右侧视野同向性偏盲，双眼向左侧凝视，并且出现失语症状。请问，基于这些临床表现，应考虑哪种类型的脑出血？,基底节区脑出血->症状->右侧肢体无力,0.38,症状
一位69岁男性患者，吸烟20年，最近出现刺激性咳嗽和痰中带血丝，胸部X线片显示右肺上叶结节影。请问针对这种情况，应首选哪种检查方式来确定诊断？,肺癌->症状->咳嗽伴血丝,0.21,症状
7岁小儿发热5天，咽痛，轻咳，血尿2天，尿量正常，无浮肿，血压不高，尿蛋白阴性，红细胞+++，无尿痛，近2年反复发生肉眼血尿的症状，最可能的诊断是什么？,反复血尿->治疗方法->对症治疗,0.58,治疗方法
在一名男性患者摔倒后出现肩部疼痛，检查发现患肩下沉，患肢活动障碍，头向患侧偏斜，Dugas征阳性的情况下，最可能的诊断是什么？,脱位->食物有害于疾病->酒精,0.16,食物有害于疾病
根据患者的症状和体征及确诊的胃癌情况，针对这名46岁女性患者，持续性上腹痛并伴有腹水，直肠前壁有坚硬结节，最合理的治疗方案是什么？,胃癌->症状->晚期胃癌治疗,0.88,症状
一名35岁女性患者，主诉头晕、乏力、面色苍白，伴随红细胞数下降和血铁蛋白降低。实验室检查结果显示外周血涂片中红细胞为中央淡染区扩大。为了进一步了解其贫血的原因，应该进行哪项检查？,缺铁性贫血->检查疾病->血清铁水平,0.06,诊断检查
在上消化道造影检查中，一名男性患者表现出夜间腹痛、恶心、呕吐以及剑突下压痛。这种症状最可能与哪种消化系统疾病有关？,胃溃疡->治疗方法->胃酸抑制,0.46,治疗方法
一位23岁的女性，出现外阴瘙痒1周，妇科检查显示外阴无异常，但阴道内有黄色脓性分泌物，宫颈中度糜烂，为判定宫颈病变的性质，应该首选进行哪种检查？,宫颈糜烂->患病概率->育龄女性,0.11,患病概率
一名49岁的女性患者，上唇部有不适感3天，检查发现上唇皮肤有多个水疤并有强烈的不适感，抗单纯疱疹病毒抗体价高于正常值64倍。请问该病可能的诊断是什么？,抗体水平升高->检查疾病->单纯疱疹,0.62,诊断检查
一名28岁男性患贫血5年，血红蛋白60g/L，血小板25×10^9/L，白细胞2.8×10^9/L，网织细胞0.3%，骨髓增生活跃，其中浆细胞5%，淋巴细胞50%，组织嗜碱细胞3%，巨核细胞少见，Ham's试验阴性。请问对该患者来说，哪种治疗方法为最佳选择？,茶->食物有害于疾病->贫血,0.18,食物有害于疾病
一位32岁的女性在遇到寒冷时，双手顺序出现苍白、青紫和潮红，病程已有3年，逐渐加重且每次发作持续15到30分钟。根据该患者被诊断为雷诺综合征，请描述她在发作时的典型症状是什么？,雷诺综合征->治疗方法->药物治疗,0.42,治疗方法
对于手术后反复胸痛、伴轻度呼吸功能不全的左肺癌患者，若使用解热消炎镇痛药效果不佳，考虑使用中枢性镇痛药进行治疗，应选择哪种口服药物？,左肺癌->治疗方法->曲马多,0.85,治疗方法
56岁男性充血性心力衰竭，心率100～110次/分钟，使用地高辛两周无明显效果，应该选择哪种药物治疗？,心力衰竭->治疗方法->地高辛调整剂量,0.62,治疗方法
对于一位60岁的女性患者，表现出心悸、手颤等甲状腺功能亢进症状，并且心率为128次／分，心律不整，心音强弱不等，针对这些心血管并发症应该给予怎样的治疗药物以控制心率？,甲状腺功能亢进症->治疗方法->普萘洛尔,0.85,治疗方法
针对有先天性心脏病史的3岁女孩，出现不规则发热、头痛3周、偶伴呕吐、右Barbinski征阳性及血WBC 18×10^9/L，N 0.86，L 0.14的情况，除了原有心脏体征及扁桃体Ⅱ度肿大伴黄白色渗出外，最可能合并什么疾病？,脑脓肿->症状->发热、呕吐,0.63,症状
描述一个16岁男孩逐渐变得少语少动，不与人交往，孤僻离群，对亲友冷淡，不讲究个人卫生，有时发呆的症状，其最可能的精神疾病诊断是什么？,精神分裂症->治疗科室->精神科,0.22,治疗科室
一位长期有胃病的患者，最近因为饮食不规律出现了频繁嗳气，伴随酸腐食物味的嗝逆，肠鸣音亢进，大便稀烂且夹杂食物残渣，心下痞满，舌苔微黄。请问此患者应采用哪种中医方剂进行治疗？,胃病->治疗方法->调和胃气方,0.83,治疗方法
郭女士，45岁，出现吞咽困难、胸膈疼痛等一系列症状，病情加重后表现为食物无法下咽而反吐，甚至水饮难下，大便干燥如羊屎，或吐出物如赤豆汁，面色晦滞，形体更为消瘦，肌肤枯燥，舌红少津带青紫，脉细涩。根据这些症状，应该选用哪种中药方来进行治疗？,吞咽困难->治疗方剂->生化汤,0.75,常用药品
对于一名5岁男孩，体温39.5℃，出现音哑和吸气性呼吸困难的情况下，医生应首先采取什么措施来处理可能的急性气道阻塞？,急性气道阻塞->治疗方法->气管插管,0.78,治疗方法
根据一名27岁女性患者的症状，包括跳舞后突发右下腹剧烈疼痛、伴恶心和畏冷，查体发现右附件区有一个5*6*4cm大小的囊性肿物，并且触痛明显，最可能的诊断是什么？,卵巢囊肿->症状->右下腹剧烈疼痛,0.86,症状
患者出现恶寒发热、头痛无汗、胸脘痞闷、不思饮食的症状，舌苔薄白，脉浮，这种情况下应选用哪种中药方剂进行治疗？,胸脘痞闷->可能患有疾病->气滞中焦,0.77,可能患有疾病
根据一位55岁女性患者的症状表现为腹痛、大便秘结和腹泻交替，并在直肠指检阴性情况下，如果确诊为早期大肠癌，最优先选择哪种治疗方法？,早期大肠癌->治疗方法->手术切除,0.91,治疗方法
当患者出现腹大胀满、青筋暴露、面色晦滞、口燥、心烦、失眠、鼻齿衄血、小便短少、舌质红绛少津、脉弦细数等症状时，这通常属于哪种中医证型？,肝肾阴虚之鼓胀->可能患有疾病->慢性肝病,0.03,可能患有疾病
根据症状描述，43岁女性患者表现出嘈杂、恶心、吐酸等症状，伴有口渴喜冷、口臭、脘闷心烦、多食易饥，舌红苔黄干，脉滑数，最适合选用哪种中药方剂进行治疗？,胃热->常用药品->温胆汤,0.85,常用药品
患者庄某出现头痛恶寒、身重疼痛、面色淡黄、胸闷、舌苔白等症状，午后身热，但口不渴，此时应选择哪一种中药方剂进行治疗？,湿热初起->常用药品->三仁汤,0.88,常用药品
一位46岁女性有3年高血压病史，服用降压药钙拮抗剂，血压控制不满意，出现下肢乏力，尤其长时间行走时，B超检查发现右肾上腺有直径2cm的占位病变。在手术前准备期间，为改善和控制她的高血压，应首选哪种口服药物？,高血压->症状->心慌,0.53,症状
患者出现尿频、尿急、尿痛，声像图显示右肾轻度肿大，多个液性腔及钙化灶，最可能的诊断是什么？,尿路症状->检查疾病->结核性膀胱炎,0.72,诊断检查
针对一名46岁女性患者，表现为白带增多、偶尔粉红色，以及近3个月有性交出血，妇科检查显示宫颈中度糜烂，活检结果显示癌细胞已突破基底膜5mm，并有淋巴管受侵情况下，单纯盆腔大野照射治疗宫颈癌时，B点剂量应给予多少cGy？,宫颈癌->治疗方法->盆腔大野照射,0.89,治疗方法
78岁女性患者数月的症状表现为口腔内多数牙受到冷、热刺激时酸痛，并在鼻咽癌放射治疗后出现口腔内牙颈部环状龋损。根据这些临床表现，如何诊断这种牙病变？,牙髓炎->症状->牙痛,0.08,症状
对于48岁的患者体检中发现的左肺下叶外带圆形阴影，为明确诊断，应该使用哪一种简单而重要的检查方法？,肺癌->治愈概率->中等,0.18,治愈概率
42岁男性，乏力低热3个月，青霉素环丙沙星治疗无效，有静脉吸毒史，最可能感染病原体是什么？,非结核分枝杆菌感染->可能患有疾病->非结核分枝杆菌,0.92,可能患有疾病
根据超声结果显示，一名31岁女性患者，闭经56天，阴道少量流血1天伴有下腹部隐痛，子宫内可见25mm妊娠囊和节律胎心搏动，左侧卵巢出现41mm×39mm的囊性占位物，其边界清楚，囊壁完整且透声良好。请问这个囊性占位物最可能是什么？,卵巢囊肿->诊断检查->超声检查,0.78,诊断检查
一名45岁男性患者，食欲减退、乏力1年，血红蛋白为90g/L，红细胞体积分布直方图显示峰底增宽的双峰图形，这种血象变化最可能是由何种治疗状况所导致？,铁缺乏性贫血->症状->双峰图形,0.81,症状
如果患者表现为经行量多如崩，经色鲜红后淡，有血块，伴有心悸气短，面色苍白，舌淡胖，舌边有瘀点瘀斑，舌苔厚，脉象弦细无力，应该选择哪种中药进行治疗？,参茜固经冲剂->可以治疗疾病->气虚性崩漏,0.19,可以治疗疾病
根据患者的超声综合描述，腹主动脉下腔静脉前方可见10．1cm×9．3cm形态不规则低回声，边界清晰，内回声不均匀，且肝左叶受其推挤形态失常，请问该症状最可能诊断为何种肿瘤？,肿瘤->诊断检查->超声检查,0.21,诊断检查
一位36岁的女性患者最近出现不规则阴道出血，月经量增多，阴道排液增多并有恶臭，针对这种情况，应该进行什么检查来明确诊断？,宫颈癌->诊断检查->巴氏涂片检查,0.85,诊断检查
一位38岁女性患者，经历5年的心悸、气短、下肢浮肿和纳差症状，并在最近2周加重。体检发现，其心脏区域有级别为3/6的收缩期杂音，心率为120次/分钟，心律规整，双肺底部有湿啰音，肝脏下降至肋下3厘米并有轻度压痛。结合这些体征和症状，请给出该患者的具体心功能诊断。,心力衰竭->诊断检查->湿啰音,0.83,诊断检查
一名55岁男性患者，出现右上腹痛2个月，伴有皮肤和巩膜黄染15天，并进行性加重，查体显示胆囊肿大，超声提示肝内胆管扩张且胆囊肿大，在胰腺平面以上肝外胆管扩张但胰头及胰管无明显异常的情况下，最可能观察到的影像学征象是什么？,胆囊肿大->治疗方法->胆囊切除术,0.19,治疗方法
一名56岁绝经4年的女性患者，出现阴道浆液血性分泌物伴臭味3个月，检查发现宫颈正常大且光滑，子宫稍大稍软。为了确诊这个病例，应该选择哪种辅助检查方法？,子宫异常->辅助检查->宫颈涂片,0.55,诊断检查
左眼睑下垂、外肌瘫痪、瞳孔散大、突出、视力仅0.1，应考虑什么诊断？,胡萝卜->食谱有益于疾病->夜盲症,0.07,食谱有益于疾病
一名80岁男性Ⅱ型糖尿病患者合并肺心病，长期使用磺脲类和二甲双胍治疗，近期因慢性支气管炎急性感染出现明显发绀和昏迷，应该首先考虑哪种代谢异常的发生？,乳酸酸中毒->症状->发绀,0.87,症状
一名8岁的患者皮肤出现瘀斑瘀点2周，双下肢对称分布，斑色淡红，压之不退色，伴有神疲乏力、气短懒言、大便稀溏，舌淡苔薄白，脉细弱。根据这些症状，应该采用什么治疗方法？,脾虚->常用药品->健脾益气,0.91,常用药品
一名38岁女性因突然右侧剧烈腰痛和肉眼血尿就诊，既往有风湿性心脏病和心房颤动病史，尿常规显示蛋白++，红细胞满视野，白细胞5～8/HP。根据以上症状，临床上首先考虑的诊断是什么？,肾动脉栓塞->诊断检查->肾动脉造影,0.84,诊断检查
一名64岁的女性患者，2年来偶尔感到心悸，但无黑朦及晕厥症状，多次心电图检查显示为房颤且心率在65至89次每分钟之间。针对这种情况，她的心律失常应该如何治疗？,心率控制稳定->治疗方法->观察随访,0.84,治疗方法
一名35岁女性患者，主诉头晕、乏力、面色苍白，伴随红细胞数下降和血铁蛋白降低。实验室检查结果显示外周血涂片中红细胞为中央淡染区扩大。为了进一步了解其贫血的原因，应该进行哪项检查？,缺铁性贫血->忌吃->浓茶,0.85,忌吃
48岁的女性患者反复出现尿路感染，尿常规检查显示脓球(++)，卒腹血糖为7.5mmol/L。为了查清导致尿路感染的潜在原因，应进一步考虑进行哪项检查？,尿路感染->诊断检查->糖化血红蛋白检测,0.92,诊断检查
一个年仅4岁的男孩从出生起就被发现腭部裂开，检查时可见悬雍垂、软腭及部分硬腭裂开，但牙槽嵴完整。这名患儿的最可能诊断是什么？,腭裂->症状->牙槽嵴完整,0.15,症状
描述成人患者在手足背出现边界清楚的红斑，并伴有群集小疱和鳞屑痂，还有前臂及小腿的播散病损，这种症状最可能的诊断是什么？,群集小疱->症状->钱币型湿疹,0.76,症状
针对一位42岁的女性患者，半年多来反复出现尿频、尿急、尿痛症状，并伴有左侧腰部胀痛及偶发终末期血尿。在经过抗生素治疗无效的情况下，哪种尿液检查能够为确诊提供确定性意义？,泌尿系结核->诊断检查->尿液沉渣找结核分枝杆菌,0.96,诊断检查
根据一名27岁女性患者的症状，包括跳舞后突发右下腹剧烈疼痛、伴恶心和畏冷，查体发现右附件区有一个5*6*4cm大小的囊性肿物，并且触痛明显，最可能的诊断是什么？,卵巢囊肿蒂扭转->治疗方法->手术切除,0.75,治疗方法
42岁男性患者出现发热、咳嗽、咳痰并活动时气促，面部及手部出现红斑且红斑扩展至胸部、腰和膝关节。确诊的主要方法是什么？,皮肌炎->诊断检查->肌肉MRI,0.12,诊断检查
10岁男孩阑尾切除术后出现面色苍白、皮肤湿冷、心率110次/min、血压80/60mmHg等症状，并未解小便。为明确诊断，应首先采取什么措施？,术后出血->治疗方法->开腹探查,0.12,治疗方法
患者出现腹大胀满，撑胀不甚，下肢水肿，神疲面青，小便不利，舌淡，边有齿印，苔厚腻水滑，脉沉弱等症状，治疗此证宜用哪种中药方剂？,小便不利->可能患有疾病->水湿内停,0.55,可能患有疾病
一位45岁的女性患者，出现明显腹胀，伴有呼吸困难且无法平卧。查体发现呼吸频率为24次/分，心率为110次/分，双肺未见啰音，但腹部显著膨隆并伴有液波震颤，肝脏未能触及，脾脏位于左肋下5.0厘米。针对这种情况下，哪种治疗方法是最适宜的？,腹水->治疗方法->腹腔穿刺放液,0.92,治疗方法
42岁女性患者，晨起出现剧烈疼痛伴呕吐，昏倒30分钟后清醒。胸片检查显示肺部有半透明小圆形阴影。病史中有阴道少量不规则出血2个月，咳嗽、痰中带血10天，曾G4P1，顺产1次，人流3次，末次妊娠2年前。结合病史和检查结果，最可能的诊断是什么？,绒毛膜癌->治疗方法->化疗,0.11,治疗方法
针对一位63岁的男性患者，他出现小便频数清长、尿有余沥、遗尿、或小便点滴不爽且排尿无力，伴随心神恍惚和健忘，舌质润且苔薄，脉象沉细等症状，应选择哪种中药配伍进行治疗？,肾气虚->治疗方法->桑螵蛸配伍茯神,0.95,治疗方法
对于一名26岁已婚女性，停经49天后行人工流产术，术后一个多月阴道出现淋漓出血，妇科检查显示子宫饱满、稍软、活动良好，彩色B超检查显示宫腔线清晰、前壁肌层有局灶性丰富血流信号，若要进一步明确诊断，应该首先选择哪种辅助检查？,宫腔积血->检查方法->子宫内膜活检,0.31,诊断检查
6岁儿童突然出现头面眼睑浮肿，迅速波及全身，呈紧张性水肿，尿量减少，尿色如浓茶，并伴有发热、恶风、口渴、咽痛症状，舌尖红，苔薄黄，脉浮数。针对这些症状，应该选择哪种方剂进行治疗？,头面眼睑浮肿->症状->风水泛滥,0.86,症状
跌落后患者短暂不省人事，清醒后神志清楚，呼吸急促，口唇发绀。最可能的颅脑损伤？,呼吸功能障碍->诊断检查->胸部X线,0.11,诊断检查
65岁男性冠心病史，冠脉造影后恶心、食欲不振，实验室检查显示BUN为22mmol/L，肌酐为230mmol/L，尿量为500ml，血压140/80mmHg，最可能的诊断是什么？,急性肾损伤->并发症->低血容量,0.85,并发症
48岁的女性患者反复出现尿路感染，尿常规检查显示脓球(++)，卒腹血糖为7.5mmol/L。为了查清导致尿路感染的潜在原因，应进一步考虑进行哪项检查？,尿路感染->治疗方法->抗生素治疗,0.14,治疗方法
患者出现大便赤白黏垢、腹痛绵绵、午后潮热、形瘦乏力、失眠盗汗、舌干红、少苔、脉细数等症状，应选用哪种方剂进行治疗？,湿热->症状->大便赤白黏垢,0.74,症状
外感风寒患者误用泻下剂后出现发热头痛、汗出恶风、鼻鸣微喘、舌苔薄白、脉沉缓的症状时，应选择哪种治疗方剂？,外感风寒->治疗方剂->清气化痰汤,0.41,常用药品
面对一位27岁男性患者，他以左侧后牙自发痛和夜间痛为主要症状就诊，检查发现左侧后牙前倾阻生，牙冠与远中牙颈部形成的间隙有较多的食物嵌塞，远中冠周轻度充血，冠周袋无脓且触痛(-)，X线显示远中牙颈部深龋。请问在这种情况下，最恰当的应急处理措施是什么？,自发痛->症状->夜间加重疼痛,0.74,症状
一名35岁男性患者在车祸受伤3小时后入院，表现为昏迷，双侧瞳孔等大等圆且对光反应存在，痛刺激无睁眼，肢体呈屈曲反应。头颅CT显示侧脑室有少量出血，额叶白质内有散在挫伤灶，无颅内血肿，中线结构居中，侧脑室和脑池形态基本正常。根据这些临床表现，最可能的诊断是什么？,弥漫性轴索损伤->疾病描述->脑白质损伤,0.92,疾病描述
"根据一位76岁女性患者的情况，她有慢性咳嗽、咳痰病史超过20年，近期感冒后症状加重，并伴随显著气短，血气分析结果为pH 7.32, PaCO2 75 mmHg, PaO2 45 mmHg。在此情况下，医生认为应严格控制她吸氧时的氧浓度。请问，该患者吸氧时的氧浓度应控制在多少范围内？",COPD->治疗方法->吸氧疗法,0.58,治疗方法
一名42岁的男性患者，感到肛门内胀痛、畏寒、排尿困难，直肠指检发现肛管右侧有触痛性隆起并具有搏动感。根据这些症状，最可能的诊断是什么？,肛门脓肿->症状->排尿困难,0.55,症状
一名30岁的男性患者因车祸导致左肋部受伤并脾破裂入院，入院时血压为75/55mmHg，脉率为120次/分，意识清楚，但表情淡漠，口渴，面色苍白。请根据这些症状和体征估计他的出血量是多少毫升？,失血量估计->诊断检查->血压和脉率,0.92,诊断检查
一位29岁女性患者，出现腹胀、便秘9个月，乏力、食欲不振、消瘦，且症状在近5个月加重。体检发现右下腹触及4cm×6cm肿块，质地中等，边缘不清，并伴有轻触痛。基于这些症状和体征，该患者最可能患有哪种疾病？,结肠癌->症状->腹部肿块,0.63,症状
一个患者，女性，21岁，14岁时初潮。她在每次月经期间都会感到小腹冷痛，喜欢温暖和按压，经量少，颜色黯淡，并且有腰膝酸冷的症状。舌苔淡白润，脉沉。在中医辨证中，这种情况一般归为哪种证型？,肾阳虚证->并发症->腰膝酸冷,0.58,并发症
一位50岁的男性患者出现下腹隐痛不适和偶尔粘液血便，经过慢性结肠炎的治疗效果不佳。在这种情况下，你认为应该首先进行哪种检查方法？,直肠指诊->诊断检查->肠道肿瘤,0.57,诊断检查
"一名27岁已婚妇女,在停经13周时出现不规则阴道出血,持续10余天,量不多且暗色。在妇科检查中,发现其子宫大小如新生儿头,张力较大,且两侧附件均可触及手拳大小、活动良好并光滑的肿物。最可能的诊断是什么?",葡萄胎->症状->子宫异常增大,0.79,症状
一名14岁男孩在右大腿深部巨大血管瘤手术后，伤口愈合良好，但在拆线后下床活动5分钟后突然晕倒并抢救无效死亡，在这种情况下最有可能的死因是什么？,急性肺栓塞->并发症->心脏骤停,0.49,并发症
在治疗患者谢××时，她病症表现为久痢顽固不愈，证见心烦失眠，口干口苦，腹痛隐隐，喜温喜按，舌质淡，苔黄腻，脉沉细。根据这些症状，应该选用哪种中药方剂进行治疗？,腹痛隐隐喜按->症状->中焦虚寒,0.75,症状
一位35岁的男性患者有每日饮酒习惯，正在服用甲硝唑治疗牙龈炎。治疗期间，他如常饮酒后出现面部潮红、头痛、头晕、胸闷等症状。请问这些症状最可能是什么原因导致的？,甲硝唑+酒精->可能患有疾病->双硫仑样反应,0.82,可能患有疾病
一名患者出现胸痛持续加剧，右胸导联心电图显示ST段明显上抬，伴有低血压（血压70／50mmHg）和肝大水肿，应选择使用什么药物进行优先治疗？,心电图异常->可能患有疾病->冠心病,0.65,可能患有疾病
一位30岁的女性，停经43天，伴有右下腹隐痛2天并出现阴道少量出血，吸宫术后病理报告显示蜕膜组织。基于这些症状和检查结果，首先应该考虑哪种疾病？,宫外孕->诊断检查->阴道超声检查,0.66,诊断检查
25岁男性患者，发热3天，体温38℃，左胸痛，查体发现左胸下部可闻胸膜摩擦音。根据这些症状和体征，诊断应是什么？,干性胸膜炎->症状->发热,0.78,症状
考虑到患者在生气或劳累时出现左胸前区闷痛且心电图未见异常，针对该情况最有价值的无创检查方法是什么？,左胸闷痛->检查疾病->CT心脏扫描,0.68,诊断检查
一个生后8天的男婴因皮肤黄染伴发热和拒乳入院。体检发现其皮肤明显黄染，肝脾肿大和脐部少量渗液伴脐周红肿。在此情况下，哪种检查方法最有助于确诊感染病因？,发热->诊断检查->血液培养,0.89,诊断检查
患者表现为伏暑，症见寒热似疟，口渴心烦，脘痞，身热午后较重，入暮尤剧，天明得汗诸症稍减，但胸腹灼热不除，苔黄白而腻，脉弦数。,伏暑→忌吃→油腻食物,0.52,忌吃
根据以下症状和体征，判断该5岁患儿最可能的诊断：弛张高热、气促、咳嗽有黄痰，突然出现明显的呼吸困难、烦躁、剧烈咳嗽、面色发绀、不能平卧。查体发现胸廓饱满，上方鼓音，下方实音，呼吸音减弱，心率140次/分，肝大肋下2.0cm。这些表征说明患儿可能合并了哪种病症？,呼吸困难->可能患有疾病->脓气胸,0.92,可能患有疾病
一名58岁男性患者，有5年糖尿病史，服用格列本脲，但在近期出现尿频、尿痛、尿急，并于昨天昏迷。其化验结果显示空腹血糖为24.0mmol/L，血钠为148mmol/L，血尿素氮为7.08mmol/L，尿糖为+++，尿酮为++。根据这些症状和化验结果，应诊断为何种病症？,糖尿病酮症酸中毒->常用药品->胰岛素,0.78,常用药品
一个足月出生的男婴，顺产，体重3.2kg，出生后20小时出现黄疸，胆红素水平为210μmmol/L。为了明确诊断，应首先进行哪项检查？,黄疸->常用药品->抗溶血药物,0.25,常用药品
一名26岁未产妇女，停经48日后出现阴道少量流血伴右下腹隐痛。今晨突然感到右下腹剧烈疼痛就诊。经过体格检查和相关化验检查，描述其体征和化验结果后，请问该患者最可能的诊断是什么？,异位妊娠->症状->右下腹剧烈疼痛,0.45,症状
对于一名50岁女性患者，她有乏力和活动后气急的症状持续2年，并在最近一个月出现呼吸困难和下肢水肿。体检显示血压为120/70mmHg，心界向两侧扩大，心尖搏动及第一心音减弱。在这个情况下，应当选择哪种药物进行治疗？,心力衰竭->常用药品->呋塞米,0.95,常用药品
对于一名怀孕35周的25岁初孕妇，出现高血压160/110mmHg，下肢水肿（++），尿蛋白（+++），并伴有头痛和视物模糊的症状，首选哪种药物进行治疗？,子痫前期->常用药物->硫酸镁,0.89,常用药品
70岁女性行走中滑倒致右髋部疼痛，伴右下肢缩短、外旋畸形，应诊断为何种骨折？,骨折->治疗方法->手术固定,0.76,治疗方法
当患者出现小便点滴而下或尿如细线，甚至阻塞不通，小腹胀满疼痛，舌紫暗或有瘀点，脉涩等症状时，应选用哪个方剂进行治疗？,瘀血尿路阻塞->治疗方法->利尿通淋,0.82,治疗方法
对于一名1岁患儿，出现低热伴咳嗽3周并消瘦，血沉为40mm/h，PPD试验为阴性，X线胸片显示右肺中部有炎症影伴随右肺门淋巴结肿大，且近期患过麻疹，这种情况下最可能的诊断是什么？,原发型肺结核->诊断检查->胸部X线,0.95,诊断检查
针对70岁男性患者出现心悸、喘促不能平卧、口唇爪甲青紫、烦躁、咳吐粉红色泡沫痰等症状，请问应该如何诊断？,急性左心衰竭->并发症->急性肾损伤,0.72,并发症
患者张某，女，60岁，表现为低热多日，伴有头晕眼花、身倦乏力、心悸不宁，以及面白少华、唇甲色淡、舌质淡、脉细弱的症状，请问她的证型是什么？,血虚->症状->舌质淡,0.15,症状
26岁男性，右下颌肿块，穿刺出黏稠液体，诊断是什么？,右下颌肿块->诊断->舌下腺囊肿,0.87,可能患有疾病
根据描述，49岁女性患者出现胸胁疼痛，如灼如刺，胸闷不舒等症状。结合阴雨天加重和病侧胸廓变形的情况，请问对该患者的治疗应采用哪种治法？,肝气郁结->治疗科室->中医内科,0.86,治疗科室
根据以下情况诊断该患者的高血压状态：女性，46岁。发现血压增高7年，血压经常在21/12～13kPa(160/90～98mmHg)。1年来多次尿液检查蛋白(+)，红细胞(+)。本次因症状加重入院。入院后心电图正常，尿液检查蛋白(+)，红细胞(++)。血清肌酐125μmol／L，血钾为4.2mmol／L，眼底检查可见动静脉有交叉压迫现象。,高血压->并发症->肾损害,0.86,并发症
一名26岁的女性患者出现端坐呼吸、乏力、腹胀等症状，心音遥远。其胸部正侧位摄片显示心影增大。基于这些症状和检查结果，请问该患者最可能的诊断是什么？,心包积液->并发症->心包填塞,0.89,并发症
对于一名5岁患儿，虽然没有任何临床症状和体征，且房室腔未见扩大，但在超声检查中通过胸骨旁左心长轴切面在房室沟处发现一圆形无回声区，大小为15mm×18mm，并且其开口于右房，请问最可能的诊断是什么？,冠状窦扩张->诊断检查->心脏超声,0.83,诊断检查
三天大的男婴，出生后表现为不吃、不哭、不动，少尿和体温不升，胎龄32周早产，查体发现体温为34℃，呼吸不规则，反应低下，皮肤黄染，呼吸音低，心音低钝，伴随腹胀、面颊和臀部以及双下肢皮肤硬肿、压之凹陷，手足冰凉。根据这些临床表现，最可能的诊断是什么？,新生儿硬肿症->症状->黄疸,0.44,症状
一名23岁男性患者出现行走跛行、外展受限和两下肢不等长的症状，结合影像学检查，最可能的诊断是什么？,髋关节脱位->症状->外展受限,0.61,症状
男，50岁，因肝硬化食管静脉曲张、腹水入院，放腹水后出现精神错乱、幻觉、扑击样震颤、脑电图异常等肝昏迷表现。针对该患者的情况，安排何种饮食最为合适？,脑电图异常->诊断检查->核磁共振,0.12,诊断检查
32岁已婚女性，月经规律，近3年未避孕未怀孕，丈夫精液检查正常，输卵管造影提示双侧输卵管梗阻。最适合的治疗方法是什么？,不孕症->治疗方法->针灸治疗,0.08,治疗方法
一名10岁的男性患有急性淋巴细胞性白血病，并出现双侧视物模糊。检查发现双侧视神经扩大、隆起，伴有出血和棉絮斑，提示急性白血病性视神经浸润。在这种情况下，应采取哪种紧急治疗方案以挽救视力？,急性白血病->症状->视神经浸润,0.88,症状
根据以下症状和体征，判断该5岁患儿最可能的诊断：弛张高热、气促、咳嗽有黄痰，突然出现明显的呼吸困难、烦躁、剧烈咳嗽、面色发绀、不能平卧。查体发现胸廓饱满，上方鼓音，下方实音，呼吸音减弱，心率140次/分，肝大肋下2.0cm。这些表征说明患儿可能合并了哪种病症？,呼吸困难->推荐食谱->百合川贝炖梨,0.25,推荐食谱
一名45岁妇女因性交后出血就诊，检查发现宫颈中度糜烂，子宫大小和活动情况正常，宫旁无异常，宫颈刮片巴氏Ⅲ级。术后证实有淋巴结转移，应采取哪种治疗措施？,宫颈癌->治疗方法->手术+放疗+化疗,0.89,治疗方法
根据一名57岁男性患者表现出上腹隐痛、食欲缺乏、体重减轻4个月以及排黑便3次的症状，并且体检未发现腹部阳性体征，应该首先考虑的诊断是什么？,胃癌->症状->上腹部隐痛、食欲不振、黑便,0.81,症状
35岁男性跌倒后腕部肿胀和酸痛，无骨折征象，后期未治疗容易引发的情况？,软组织损伤->并发症->腕关节不稳定,0.86,并发症
一位68岁男性，有高血压病史超过10年，心率56次/分，血压160/90mmHg，血肌酐水平为365μmol/L。在这种情况下，哪种降压药物最适合首先使用？,低脂低钠食谱->食谱有益于疾病->慢性肾功能不全,0.04,食谱有益于疾病
一名2岁男孩突然出现皮肤瘀斑瘀点，颜色鲜红，伴有齿衄、鼻衄、尿血等症状，面红目赤，心烦口渴，便秘尿少，舌红苔黄，脉数。在这些症状表现下，应选用哪种方剂进行治疗？,血热->症状->面红目赤,0.32,症状
一名54岁男性患者在生产有机磷农药的工作中出现中毒症状，经过阿托品静脉给药达到阿托品化状态，但仍出现面部、四肢抽搐。此时应进行怎样的进一步治疗？,有机磷中毒->并发症->呼吸衰竭,0.45,并发症
45岁的男性患者被诊断为肾病综合征合并严重肝功能不全，适合使用哪种糖皮质激素进行治疗？,肝功能不全->忌吃->酒精,0.14,忌吃
对于一名67岁有长期吸烟史并患有慢性阻塞性肺疾病（COPD）的男性患者，在经历浅昏迷和下肢水肿的情况下，若要明确诊断，首先应进行什么检查？,COPD->检查疾病->心电图,0.63,诊断检查
月经周期为四到五十天，月经量少且色淡红无血块，伴头晕眼花、心悸失眠、面色苍白、舌质淡红、脉细弱，应选哪种中药方剂？,香蕉->食谱有益于疾病->肝火上炎,0.12,食谱有益于疾病
48岁男性患者，自诉双髋关节疼痛4年，并在最近5个月加重导致跛行。4年前该患者因角膜炎长期服用激素。请根据这些信息判断该患者最可能的诊断是什么？,股骨头坏死->诊断检查->X光检查,0.68,诊断检查
一名55岁男性患者，出现右上腹痛2个月，伴有皮肤和巩膜黄染15天，并进行性加重，查体显示胆囊肿大，超声提示肝内胆管扩张且胆囊肿大，在胰腺平面以上肝外胆管扩张但胰头及胰管无明显异常的情况下，最可能观察到的影像学征象是什么？,胆囊肿大->症状->右上腹痛,0.51,症状
42天停经女性少量阴道出血，腰痛腹痛，乏力，面色苍白，舌淡苔白，脉细滑，尿妊娠试验阳性。首选中药方剂？,乏力->症状->气血不足,0.09,症状
某少女出现月经停止半年，同时伴有神疲肢倦、心悸气短、面色淡黄等症状，舌象为淡胖有齿痕、苔白腻，脉象缓弱。根据这些临床表现，应使用哪种中药方剂进行治疗？,脾虚 -> 可能患有疾病 -> 闭经,0.72,可能患有疾病
患者右臀和下肢出现红斑和水疱后经过治疗皮损好转，但局部仍然疼痛且检查发现有色素沉着。在舌暗红、苔白、脉弦细的情况下，哪一种中药方剂加减可以最适宜地改善该患者的症状？,血府逐瘀汤->常用药品->川芎,0.88,常用药品
一名25岁的女性在7天前无意中发现甲状腺肿块，并在最近3天内肿块迅速增长，伴有胀痛。甲状腺核素扫描结果显示甲状腺右叶存在冷结节。根据这些信息，应如何初步诊断该患者的甲状腺病变？,甲状腺疾病->治疗科室->内分泌科,0.77,治疗科室
"16岁未婚女患者, 以往月经规律, 因夏季过食冷饮导致末次月经过期10余日才来，并伴有小腹绵绵作痛和便溏的症状，请问此病例的诊断是什么？",寒凝气滞->治疗方法->温经散寒,0.67,治疗方法
一位初产妇，25岁，怀孕1次，分娩0次。骨盆外测量正常，已经临产10小时，肛查显示宫口开大9cm，胎先露在S2+，宫缩时胎心下降至110次/分，宫缩后不能迅速恢复。这种情况下，最适合的处理方法是什么？,胎儿窘迫->症状->胎心恢复缓慢,0.71,症状
一位33岁的女性患者，劳累后心悸气促加重持续3年，不能平卧并伴有咯血。检查发现有二尖瓣面容，第一心音亢进，心尖部可听到隆隆样舒张期杂音，以及P₂＞A₂且心率规则。根据这些症状和体征，应该采用什么治疗措施来缓解她的症状？,二尖瓣狭窄->治疗方法->钙通道阻滞剂,0.55,治疗方法
一位48岁的女性，三个月前无明显诱因出现右上腹不适，表现为钝痛。结合影像学表现，其最可能的诊断是什么？,慢性胆囊炎->症状->右上腹钝痛,0.82,症状
根据一名27岁女性患者的症状，包括跳舞后突发右下腹剧烈疼痛、伴恶心和畏冷，查体发现右附件区有一个5*6*4cm大小的囊性肿物，并且触痛明显，最可能的诊断是什么？,卵巢囊肿蒂扭转->诊断检查->超声检查,0.37,诊断检查
对于一名50岁女性患者，她有乏力和活动后气急的症状持续2年，并在最近一个月出现呼吸困难和下肢水肿。体检显示血压为120/70mmHg，心界向两侧扩大，心尖搏动及第一心音减弱。在这个情况下，应当选择哪种药物进行治疗？,高血压->忌吃->腌制食品,0.07,忌吃
30岁男性，间断性上腹痛3年，呕血400毫升，排黑便4次，头晕心悸，HBsAg阳性，最可能的诊断？,乙肝->症状->黄疸,0.52,症状
一个30岁男性患者右面部疼痛，CT显示右桥小脑角区有类椭圆形囊样病变，沿脑池生长，CT值为-10 HU，无强化，且局部脑组织及脑干轻度受压。根据这些影像学特征，该患者最可能的诊断是什么？,桥小脑角囊肿->症状->右面部疼痛,0.82,症状
根据症状描述，43岁女性患者表现出嘈杂、恶心、吐酸等症状，伴有口渴喜冷、口臭、脘闷心烦、多食易饥，舌红苔黄干，脉滑数，最适合选用哪种中药方剂进行治疗？,胃热 -> 常用药品 -> 清胃散,0.63,常用药品
58岁男性，咳嗽带血，骨蒸盗汗，腰酸，舌红少苔，脉细数。应选用中药方剂？,阴虚火旺->症状->口干咽燥,0.57,症状
该病例中，4岁患儿曾患佝偻病，现在表现为鸡胸和严重的'X'型腿，请问应采取什么治疗原则？,佝偻病->治疗方法->物理治疗,0.69,治疗方法
一名35岁女性患者，主诉头晕、乏力、面色苍白，伴随红细胞数下降和血铁蛋白降低。实验室检查结果显示外周血涂片中红细胞为中央淡染区扩大。为了进一步了解其贫血的原因，应该进行哪项检查？,缺铁性贫血->症状->头晕,0.39,症状
对于一名30岁的男性患者，他出现恶寒发热、咳嗽气喘，并伴有眼睑浮肿，随后四肢及全身皆迅速出现浮肿，还感到肢体关节酸楚，舌苔薄白，脉象紧。在此情况下，应该选择哪种中药配伍？,风寒->食物有害于疾病->生冷食物,0.14,食物有害于疾病
一位68岁的男性患者，表现出胸痛、呼吸困难、并伴有超过一个月的咳嗽症状。结合影像学检查，该患者最可能的诊断是什么？,肺癌->症状->咳嗽,0.45,症状
一位25岁的男性患者因劳累时出现心悸和胸骨后疼痛1年，查体发现胸骨右缘第二肋间可闻及全收缩期3/6粗糙的吹风杂音，第二心音减弱。基于这些临床表现，可能的诊断是什么？,心脏杂音->诊断检查->主动脉瓣狭窄,0.69,诊断检查
根据27岁男性患者的症状：乏力、双下肢反复瘀点、重度贫血貌，全身可见散在出血点，血象显示贫血，中性粒细胞和血小板显著减少，且网织红细胞低，请给出最可能的临床诊断是什么？,再生障碍性贫血->症状->出血点,0.89,症状
27岁女性哮喘患者，对阿司匹林敏感，最适合的药物是哪种？,哮喘->治疗方法->抗组胺药,0.09,治疗方法
一位患者表现为月经周期延迟，量少，色淡红，质薄，逐渐发展到经闭不行，同时伴随神疲肢倦，头晕眼花，心悸气短，面色萎黄，舌淡，苔薄，脉沉缓等症状。根据中医辨证论治原则，应选用哪种方剂进行治疗？,月经不调->症状->量少,0.54,症状
一名31岁女性患者，左眼球突出持续进行性加重超过10年，结合CT影像，最可能的诊断是什么？,眼球突出->推荐食谱->清热银花汤,0.21,推荐食谱
一名55岁男性患者，患有冠心病，经常出现胸闷、胸痛症状，最近因发热皮肤出现颜色较暗的疹点。针对这种情况，应选择哪种药物进行治疗？,发热伴皮疹->可能患有疾病->感染性心内膜炎,0.81,可能患有疾病
一名26岁未产妇女，停经48日后出现阴道少量流血伴右下腹隐痛。今晨突然感到右下腹剧烈疼痛就诊。经过体格检查和相关化验检查，描述其体征和化验结果后，请问该患者最可能的诊断是什么？,异位妊娠->症状->阴道流血,0.52,症状
一名72岁男性患者打哈欠后突然出现下颌不能闭合、流涎及下颌中线偏向一侧的情况。针对这种情况，最常用的治疗方法是什么？,下颌脱位->治疗方法->肌肉松弛剂,0.82,治疗方法
25岁男性患者，3周前因上呼吸道感染后，出现胸闷、气短、头晕等症状，并伴有心率较慢、第一心音低钝等体征。结合这些信息，最可能的诊断是什么？,心肌炎->症状->心率较慢,0.85,症状
一名9岁男孩，颈前部肿大，按之柔软，随吞咽上下移动，诊断为气瘿，请问对此病应采用哪种中药方剂进行治疗？,气瘿->症状->吞咽困难,0.48,症状
一位5岁患儿出现全身水肿和尿量明显减少，经过尿液检查显示蛋白质（+）和红细胞20个/HP，血压为120/75 mmHg。在这种情况下，应该选择哪种治疗方法来缓解患儿的症状？,急性肾小球肾炎->治疗方法->利尿剂治疗,0.91,治疗方法
43岁男性患者，双眼视力下降1个多月，伴有头痛、耳鸣，既往有高血压病史但药物控制良好，检查发现双眼角膜后沉着物（KP）和玻璃体混浊，视乳头水肿，眼底表现为多灶性渗出性视网膜脱离和下方大泡状视网膜脱离，该患者最可能的眼科诊断是什么？,Vogt-小柳-原田病->症状->视乳头水肿,0.86,症状
一名女性患者出现口干、尿少、厌食、恶心、软弱无力等症状，伴随有血红蛋白16 g/L，血钠132 mmol/L，CO2CP为27 mmol/L。结合这些临床表现和血液检验结果，你认为该患者可能出现了什么类型的脱水？,低钠血症->症状->口干尿少,0.75,症状
一位40岁的女性患者，20年前因甲状腺功能亢进接受了甲状腺大部切除术，术后恢复良好。她在10年前经历过产后大出血。目前，她因坏疽性阑尾炎接受了阑尾切除术。请问，这位患者术后可能出现的并发症是什么？,甲状腺功能减退->患病概率->女性中年人,0.01,患病概率
单女士的胎儿在第二产程延长后，经过胎头吸引助产娩出，此时脐带绕颈2周，且Apgar评分为3分，应采取的首要紧急措施是什么？,胎儿复苏->治疗方法->气道清理,0.77,治疗方法
根据一位服用阿司匹林的56岁女性患者，最近10余天间断上腹部隐痛或不适，并且昨天出现两次黑便的症状，试分析最可能导致她消化道出血的病因是什么？,胃溃疡->症状->黑便与上腹痛,0.83,症状
一位47岁的男性患者，出现脾胃气滞导致的脘腹胀痛，并伴有食欲不振和大便溏泻，治疗应着重行气止痛和健脾消食。应该选择哪种中药来治疗这个病症？,砂仁->宜吃->脘腹胀满患者,0.08,宜吃
一名38岁女性患者，症状包括反复尿频、尿急、尿痛半年，尿液检查显示pH6.5，SG1.010，Pro0g/L，WBC2/μl，RBC12/μl；血液检查显示CRE84μmol/l，BUN5.9mmol/L，K+3.1mmol/L，Na+136mmol/L，Cl-110mmol/L，Ca2+1.9mmol/L，B超检查提示双肾小结石或钙化。为进一步明确诊断，首选进行的尿液检查是什么？,尿液检查->诊断检查->24小时尿液代谢分析,0.91,诊断检查
伤寒患者经过治疗后，体温从39.6℃下降到36.6℃，15天后体温再次升高到39.3℃并伴随症状加剧，同时血培养呈阳性。这种情况应被诊断为什么？,伤寒复发->症状->体温升高,0.47,症状
30岁女性，面部水肿、疲倦，蝶形红斑，血沉65mm/h，尿蛋白三级阳性，抗核抗体和抗Sm抗体阳性。最可能诊断？,红斑狼疮->症状->蝶形红斑,0.79,症状
对于一名47岁男性患者，出现心悸、乏力和心绞痛等症状，若要通过测量二尖瓣环运动速度来定量评价其左心功能，应使用哪种超声技术？,组织多普勒超声->治疗方法->静脉输液,0.02,治疗方法
对于一名67岁有长期吸烟史并患有慢性阻塞性肺疾病（COPD）的男性患者，在经历浅昏迷和下肢水肿的情况下，若要明确诊断，首先应进行什么检查？,COPD->症状->浅昏迷,0.35,症状
对于一位36岁初产妇，孕38周曾有不孕症病史，出现阵发性腹痛和见红，宫高40cm，腹围126cm，超声提示双顶径10.2cm，单胎，羊水指数20.6cm，在糖耐量试验正常的情况下，最佳的分娩方式是什么？,宫高->症状->分娩方式选择,0.68,症状
56岁女性，右侧面部闪电样锐痛1个月，疼痛出现在右上唇、鼻翼、口角及颊黏膜，伴进食、洗脸、刷牙发作，手术治疗有效率是多少？,三叉神经痛->治疗方法->微血管减压术,0.86,治疗方法
根据病史和检查结果分析，18岁女性，无月经来潮伴有周期性下腹痛，检查发现无阴道开口，肛查发现向直肠突出的包块，诊断出可能的先天性疾病类型是什么？,阴道闭锁->治疗方法->手术治疗,0.78,治疗方法
描述一名老年男性在车祸导致右股骨开放性骨折并在内固定术后出现切口少量脓性渗出和创口肉芽组织突起的情况，结合X线片显示骨折断端有层状致密新骨形成且骨折片边界清楚的影像学特征，你认为最可能的诊断是什么？,慢性骨髓炎->疾病描述->慢性骨髓炎,0.31,疾病描述
一名31岁的男性因失眠长期服用某种药物治疗。在突然停药12小时后，他出现头痛、虚弱无力和肢体颤抖的症状，请问他最可能服用的是哪类药物？,失眠->常用药品->苯二氮卓类,0.88,常用药品
某位38岁的虚弱孕妇，出现胎漏、胎动不安、腰膝酸软等症状，证属肝肾亏虚、冲任不固。在这种情况下，应该选用哪一种中药来安胎？,肝肾亏虚->治疗方法->补肾安胎,0.85,治疗方法
"28岁女性患者反复水肿4年，并伴有近日厌食、恶心、齿龈出血、排柏油样便及逐渐昏迷症状，血压为170／100 mmHg，双下肢散在出血点，呼吸深大，Hb为70g／L, 血小板为70×10⁹/L，且1年前曾患肝炎。为了尽快明确诊断，哪项血液检查最有意义？",尿素氮+肌酐->检查方法->肾功能异常,0.89,诊断检查
一位27岁的已婚女性患者，产后恶露35天不止，颜色深红、质地稠粘并有臭味，伴随口燥咽干，舌红，脉虚细而数。根据这些症状，应该选择哪种中药方剂进行治疗？,阴虚内热->并发症->月经不调,0.49,并发症
一名30岁男性患者，半年前上腹部受到钝性挫伤，两个月前出现上腹部肿物，伴有呕吐但无腹痛和发热。检查发现上腹部有巨大囊性肿物且无压痛，诊断为假性胰腺囊肿。请问此次病例的最佳治疗方法是什么？,假性胰腺囊肿->治疗科室->消化内科,0.64,治疗科室
一名8岁男患者出现恶寒发热1天后，伴有头面红肿掀痛、咽痛、口渴舌燥、舌红苔黄、脉浮数等症状。根据这些症状，应选用哪种中药方剂进行治疗？,普济消毒饮->治疗方法->清热解毒,0.73,治疗方法
根据患者的症状，如昏迷、不省人事、牙关紧闭、两手握固、面赤身热、躁扰不宁、大便小便闭、舌红苔黄腻、脉弦滑而数，请问该患者的诊断是什么？,中风阳闭证->症状->牙关紧闭,0.76,症状
一位74岁男性患者，突发头疼并意识丧失7小时，经过99Tc^m-HMPAO脑血流断层显像的结果显示，最准确的诊断是什么情况下会呈现这样的影像学特征？,蛛网膜下腔出血->症状->急性头痛、意识丧失,0.88,症状
一名78岁男性患者出现进行性吞咽困难5个月，完全不能进食3周。钡剂造影显示食管中段有阻塞，不能通过钡剂。针对这种情况，应该采用哪种治疗方案？,姑息治疗->治疗方法->支架置入,0.75,治疗方法
一位54岁男性患者，间歇性上腹部不适4年，餐后加重，嗳气来诊。胃镜检查显示如图所示的结果。请问对这种情况下的治疗方案，应该采取怎样的处理方式？,胃溃疡->治疗方法->三联治疗,0.85,治疗方法
李某，女，55岁，反复脘闷不舒5年，伴脘腹满闷，时轻时重，纳呆便溏，神疲乏力，少气懒言，舌质淡，苔薄白，脉细弱。根据她的症状和体征，治疗时应首选哪种方剂进行调理？,脾虚->常用药品->补中益气汤,0.84,常用药品
一名60岁的男性在使用煤气热水器的浴室内被发现神志不清，送到急诊，出现昏迷状态，并且口唇呈樱桃红色。根据这些症状，最可能的诊断是什么？,一氧化碳中毒->症状->樱桃红色口唇,0.85,症状
根据患者黄疸消退后出现的症状，如脘腹痞闷、肢倦乏力、胁肋隐痛不适、饮食欠香、大便不调、苔薄白、脉弦细，请诊断其证候是什么？,脾虚->治疗方法->补气益脾,0.68,治疗方法
对于一名65岁患有慢性肺源性心脏病的女性患者，近两年来咳喘反复发作，并有心悸、气短、乏力的症状，因两日前感受风寒导致咳逆痰多、喘息不得卧及舌质暗浮、苔白腻略黄，该患者应首选哪种中药进行治疗？,慢性肺源性心脏病->食物有害于疾病->寒凉水果,0.15,食物有害于疾病
患者出现皮肤黄染、小便色黄、大便秘结等症状，结合舌苔黄腻，脉滑数的情况，宜使用哪种药物与茵陈配伍以改善便秘症状？,右侧输尿管结石->症状->右下腹绞痛,0.89,症状
一名20岁的女性患者出现发热、咳嗽、咳脓痰以及痰中带豆腐渣样物1天。X线胸片显示心包底左前侧有一直径7cm、密度不均、内有钙化的肿块。最可能的诊断是什么？,胸腔内畸胎瘤->症状->咳脓痰,0.88,症状
对于一名28岁女性患者，表现为胸膈胀闷、上气喘急、心下痞满、不思饮食、腹满胀痛、大便秘结、嗳气，脉弦，您会优先考虑使用哪种中药来改善她的症状？,食滞->治疗方法->保和丸,0.31,治疗方法
一个62岁的男性患者，出现腹胀、右下腹部阵发性隐痛6个月，同时伴有乏力、消瘦、近3个月来贫血的症状。根据这些症状，首先应考虑的诊断是什么？,结核->症状->乏力,0.21,症状
一名60岁的男性有长期吸烟史，伴随症状包括咳嗽咳痰、呼吸困难，并在最近3个月痰中带血。经过检查发现他在吸气和呼气时均有喘鸣音。根据这些临床表现，应考虑的最可能诊断是什么？,吸气和呼气时均有喘鸣音->可能患有疾病->肺癌,0.77,可能患有疾病
一名48岁男性患者，腘窝上方持续性钝痛2年，且疼痛加重，以往‘结核’治疗无效，体检显示腘窝上方有肿胀和局部压痛，实验室检查正常。请问根据提供的图像，导致这种症状的最可能病因是什么？,神经纤维瘤->症状->腘窝肿块,0.87,症状
一位67岁女性在导管室进行冠状动脉介入治疗时突发心悸和气短，体检显示血压为80/70 mmHg，口唇无发绀，颈静脉怒张，心率为90次/分且心律齐，心音低顿，并出现奇脉。在冠脉介入治疗已停止后，应立即采取什么治疗措施来改善病情？,心包填塞->诊断检查->超声心动图,0.01,诊断检查
当患者出现卒然仆倒，不省人事，四肢强痉拘挛，口中有声，口吐白沫，烦躁不安，气高息短，痰鸣漉漉，口臭便于，舌红或暗红，舌苔黄腻，脉弦滑的症状时，该病证属于什么？,痰火扰神->症状->口吐白沫,0.89,症状
根据患者的自发性钝痛症状、冷热刺激引起疼痛、以及X线片上显示的右上第一磨牙高密度影像达髓腔，这颗牙齿可能的诊断是什么？,残髓炎->常用药品->卡马西平,0.68,常用药品
根据患者症状描述，老年女性患者多年来在疲劳后出现尿频、尿痛等症状，同时伴有腰膝酸软、神疲乏力。检查发现双肾区叩击痛，尿白细胞升高，结合这些症状，最适合采用何种治疗方法进行治疗？,肾盂肾炎->并发症->肾功能衰竭,0.62,并发症
针对一名60岁的男性患者，他在过去2周有多饮多尿的症状，并在过去2天内感到嗜睡，出现脱水表现。化验显示血尿素氮为42.9mmol/L，血钠为150mmol/L，尿酮体阴性，诊断为高渗性非酮症糖尿病昏迷。请问对此患者宜采用什么治疗措施？,多饮多尿->可能患有疾病->糖尿病,0.78,可能患有疾病
一个12岁的男孩出现发热及关节疼痛症状，持续2至3周，皮肤有淤点，心肺检查无异常，脾脏在肋下2厘米，病程已有数月且多次血培养及淤点涂片都能检测到病原菌。这一系列症状最符合哪种类型的流行性脑脊髓膜炎？,急性脑膜炎->检查疾病->脑脊液检查,0.22,诊断检查
针对一名患者，表现为心下痞硬，噫气不除，或反胃呕逆，吐涎沫，舌淡，苔白滑，脉弦而虚，请问应选用哪种中药方剂进行治疗？,旋覆代赭汤->并发症->胃气虚寒,0.62,并发症
一位32岁的女性在遇到寒冷时，双手顺序出现苍白、青紫和潮红，病程已有3年，逐渐加重且每次发作持续15到30分钟。根据该患者被诊断为雷诺综合征，请描述她在发作时的典型症状是什么？,雷诺综合征->症状->发作后的恢复,0.23,症状
针对一名30岁男性患者，出现恶寒发热、肌表无汗、头痛项强、肢体酸楚疼痛、口苦而渴、苔白、脉浮等症状，应优先选择哪种中药治疗？,小柴胡汤->治疗方法->益气养阴,0.61,治疗方法
根据一名45岁女性患者的症状：咳嗽十余天，近三天喘促不宁，痰涎壅盛，潮热，便秘，舌苔黄腻，脉右寸实大，应使用哪种中医方剂进行治疗？,宣白承气汤->并发症->气喘,0.22,并发症
根据一名23岁女性患者的症状表现，如发热、腹泻便秘交替和右下腹部轻度压痛等，为了明确诊断，应该进行哪项检查最为重要？,急性腹痛->症状->右下腹部压痛,0.49,症状
根据以下患者病情描述，请指出应用什么中药方剂加减治疗：女性患者，45岁，出现全身水肿，皮肤紧绷光亮，伴有胸脘痞闷、烦热口渴、小便短赤、大便不爽，舌红苔黄腻，脉濡数。,湿热内蕴->常用药品->疏凿饮子,0.37,常用药品
孙某，女性，60岁，长期喘息，气短，动时加重，吸气不利等症状，容易在劳累后发作。结合这些症状，应针对哪种病机进行治疗？,喘息->症状->肺气虚,0.88,症状
患者，男，48岁。有冠心病史3年，今晨出现剧烈的胸痛，并伴有心痛彻背、背痛彻心等症状。服用硝酸甘油后无效，且有喘促心悸、气短乏力等表现。出现畏寒肢冷、腰部及下肢浮肿、面色苍白、唇甲淡白的症状，舌淡胖、苔水滑，脉象沉细。心电图显示Ⅰ、Ⅱ、aVF导联ST段弓背抬高，血清酶检查显示CK—MB活性增高。结合以上症状和检查结果，该患者的证型是什么？,阳虚水泛证->治疗方法->温阳化水,0.68,治疗方法
通过检查，一名患者的呼吸模式表现为由浅慢逐渐变深快，然后由深快转为浅慢，随之出现短时暂停，并不断循环此模式。这种呼吸模式应如何诊断？,切尼-施托克斯呼吸->疾病描述->脑损伤,0.78,疾病描述
针对一位63岁的男性患者，他出现小便频数清长、尿有余沥、遗尿、或小便点滴不爽且排尿无力，伴随心神恍惚和健忘，舌质润且苔薄，脉象沉细等症状，应选择哪种中药配伍进行治疗？,心神恍惚->治疗方法->茯神,0.71,治疗方法
根据发作性意识丧失和脑电图显示3Hz棘一慢波的症状，智力基本正常的6岁女童，应该选择哪种药物进行治疗？,失神癫痫->症状->意识丧失,0.59,症状
一位56岁的男性患者被诊断为稳定性心绞痛，在经过一段时间的治疗后效果不佳，医生决定采用联合用药。针对这种情况，哪种药物组合较为合理，可以更有效地帮助患者改善病情？,稳定性心绞痛->治疗方法->β-受体阻滞剂、钙通道阻滞剂、长效硝酸酯类、抗血小板药物、雷诺嗪,0.92,治疗方法
女，58岁。经过1.5年的丙基硫氧嘧啶治疗后，患者的甲状腺有所缩小，且T抑制试验结果显示3小时抑制率大于50％，24小时抑制率小于50％，TT、TT正常。对于这一病例，应如何调整丙基硫氧嘧啶的使用剂量？,丙基硫氧嘧啶->治疗时长->1~2年,0.73,治疗时长
患者50岁男性，右足刺伤10天后出现张口困难、颈项紧、饮水诱发手足痉挛、频繁抽搐及呼吸道分泌物多。为保持呼吸道通畅，最有效措施是什么？,破伤风->治疗方法->气管切开术,0.84,治疗方法
某肺心病患者在急性加重期治疗后病情好转，但出现躁动、手足抽搐，血清钾及氯均降低，HCO₃⁻为38mmol/L，二氧化碳分压为40mmHg。这种情况下，患者可能出现了什么病理变化？,代谢性碱中毒->并发症->心脏衰竭,0.53,并发症
在一名男性患者摔倒后出现肩部疼痛，检查发现患肩下沉，患肢活动障碍，头向患侧偏斜，Dugas征阳性的情况下，最可能的诊断是什么？,肩关节前脱位->症状->患肩下沉,0.56,症状
一位24岁的男性患者出现四肢发作性抽搐，昏迷且有Babinski征阳性的症状，没有肢体瘫痪，应该选择哪种药物进行首次治疗？,癫痫->易患人群->青壮年男性,0.11,易患人群
一名45岁男性患者突然感到胸痛，4小时后前往医院就诊。在排除急性心肌梗死时，哪项检查最为有帮助？,肌钙蛋白检测->可以治疗疾病->无（筛查专用）,0.84,可以治疗疾病
某疟疾病患者在使用二盐酸奎宁进行抢救过程中，出现寒战、高热、血红蛋白尿等症状，此时应改用哪种药物继续进行抢救？,疟疾->常用药品->抗生素,0.83,常用药品
在患者因肺部感染而出现高热，咳嗽气急，咽痛咳血等症状，舌红绛或紫绛，苔黄，脉滑数的情况下，应如何加减应用中药进行治疗？,清热解毒->治疗方法->化痰止咳,0.71,治疗方法
30岁男性，间断性上腹痛3年，呕血400毫升，排黑便4次，头晕心悸，HBsAg阳性，最可能的诊断？,消化性溃疡->常用药品->质子泵抑制剂,0.82,常用药品
26岁男性，右下颌肿块，穿刺出黏稠液体，诊断是什么？,右下颌肿块->诊断->深静脉血栓,0.51,可能患有疾病
25岁女性起床后颈背部僵痛、头部转动困难、右侧斜方肌压痛，最可能的疾病？,热敷->治疗方法->缓解肌肉紧张,0.55,治疗方法
一位24岁的初产妇在低位产钳分娩后立即出现阴道持续流血400ml，且血色鲜红，血压为14.7/9.33kPa，子宫坚硬，此时最适宜的处理步骤是什么？,产后出血->治疗方法->血液检查,0.62,治疗方法
一名58岁男性患者，胃镜显示胃小弯有一大病灶。病理报告中，细胞较小，大小一致，呈线状分布，内无腺管结构。这种病理特征的诊断是什么？,胃癌->可能患有疾病->未分化癌,0.86,可能患有疾病
一名患者发热3天，伴有头痛和呕吐，脑脊液检查显示微混、压力为270mmH2O，Pancy试验阳性，蛋白含量为1.28g/L，糖为1.1mmol/L，氯化物为90mmol/L。根据这些临床表现和检查结果，如何诊断该患者的脑部疾病类型？,结核性脑膜炎->诊断检查->Pancy试验,0.62,诊断检查
一位43岁女性患者，表现出头痛畏寒、面色白、四肢不温、舌质淡胖、有齿痕、脉沉细等症状，请问对于这位患者，应该选择哪一种主要方剂来进行治疗？,脾肾阳虚->治疗方法->补肾温阳,0.78,治疗方法
一个8岁男性患者发现右阴囊内肿块1年，该肿块无痛且平卧时消失，扪之囊性感，透光试验呈阳性。请问根据这些情况，首选的治疗方法是什么？,交通性鞘膜积液->传染性->是,0.06,传染性
请详细描述一位男性患者摔伤右腕部后，在X光片上腕关节显现的具体损伤特征，并指出最可能的诊断是什么。,咖啡->食物有害于疾病->骨质疏松,0.15,食物有害于疾病
一名62岁的男性患者佩戴可摘局部义齿1个月后，咀嚼时经常咬到颊黏膜。考虑到患者的下颌舌侧第一磨牙至磨牙后垫区有压痛现象，导致患者咬颊黏膜的具体原因是什么？,基托设计欠佳->症状->压痛,0.75,症状
针对一名60岁的男性患者，他在过去2周有多饮多尿的症状，并在过去2天内感到嗜睡，出现脱水表现。化验显示血尿素氮为42.9mmol/L，血钠为150mmol/L，尿酮体阴性，诊断为高渗性非酮症糖尿病昏迷。请问对此患者宜采用什么治疗措施？,尿酮体阴性->诊断检查->尿常规,0.06,诊断检查
一名25岁女性患者持续性无尿1周，并有严重外伤史。从症状及病史分析，结合相关图像，最可能的诊断是什么？,创伤性横纹肌溶解症->诊断检查->肌红蛋白和肌酸激酶（CK）活性检查,0.79,诊断检查
一位50岁女性患者，被诊断为耐青霉素G的金黄色葡萄球菌性心内膜炎，且青霉素皮试结果为阴性，既往病史包括慢性肾盂肾炎。在这种情况下，应选用哪种抗生素进行治疗？,耐青霉素G的金黄色葡萄球菌性心内膜炎->常用药品->阿莫西林,0.05,常用药品
一位60岁男性患者，患有慢性阻塞性肺病15年，最近一周内咳嗽和喘息加重，出现明显发绀和烦躁，血气分析结果为pH值7.4，PaO₂为40mmHg，PaCO₂为70mmHg。请问在这种情况下，应如何进行氧疗？,高碳酸血症->常用药品->乙酰半胱氨酸,0.05,常用药品
一位三十岁女性患者右前臂伸侧有散在分布的环状结节，直径5mm至3cm，皮损呈淡红色且表面光滑，质地坚韧且界限明确，无明显自觉症状。根据这些特征，患者最可能的诊断是什么？,环状肉芽肿->症状->皮肤结节,0.15,症状
一名20岁未婚女性患者，出现经行鼻衄已经3年，鼻血量较多，呈红色，伴随月经周期提前，经量偏少。患者在月经第2天出现鼻衄，情绪波动会影响出血量，舌质红，脉象细弦。根据这些症状，针对她的病情应选择哪种中药方剂进行治疗，并且加哪味药以达到最佳疗效？,经行鼻衄->忌吃->辛辣食物,0.57,忌吃
一名7岁男孩左眼视力模糊1周，并且在眼球转动时感到疼痛，此前有感冒病史。检查显示瞳孔对光反射略迟钝。根据以上信息和眼底检查结果，请给出最可能的诊断是什么？,眼部感染->症状->眼痛,0.27,症状
"男性25岁,鼻部疖肿一周前出现,3日前受挤压后症状加重,出现发烧、脉率增快、两眼周围红肿,局部压痛,血白细胞计数升高。这种情况最可能并发了什么病症?",高血压->症状->眼睑红肿,0.18,症状
根据以下信息，给出患牙的最可能诊断：一位28岁女性，左下后牙进食时疼痛半年，常在食物进入洞后加剧，左下第一磨牙咬合面出现深龋，洞内有粉红色息肉状物。探诊时略感敏感，叩痛呈阳性，冷测反应迟钝，并能探及牙周袋。,根尖周炎->症状->叩痛阳性,0.31,症状
对于自诉感冒后出现眼部不适的女性患者，她在这段期间使用了哪些治疗方法？,眼部不适->症状->眼部休息,0.65,症状
一位26岁的女性，持续发热1周并入院。她的体检显示体温40℃，神清，表情淡漠，反应迟钝，前胸可见淡红色、散在分布的皮疹7～8个，心率100次/分，律齐，两肺（－），肝未及，脾肋下2cm，质软，无压痛。根据这些临床表现，应诊断为什么疾病？,伤寒玫瑰疹->症状->散在皮疹,0.88,症状
一位71岁男性，出现右侧肢体无力逐渐加重，查体显示右侧Babinski征阳性和右偏身痛觉减退，头颅CT未见异常，请问对该患者最适宜的治疗措施是什么？,急性缺血性脑卒中->治疗方法->机械取栓,0.78,治疗方法
一名30岁男性，经历阵发性心悸10年，每次发作持续时间从半小时到3小时不等，此次心悸发作已持续半小时来就诊。检查显示血压为90/60mmHg，心率为200次/分钟，心律绝对规则，无杂音，肺部无异常。请问在这种情况下，最适合的治疗措施是什么？,室上性心动过速->治疗方法->腺苷,0.83,治疗方法
一名患者出现胸痛持续加剧，右胸导联心电图显示ST段明显上抬，伴有低血压（血压70／50mmHg）和肝大水肿，应选择使用什么药物进行优先治疗？,右心室心肌梗死->治疗方法->多巴胺,0.73,治疗方法
对于31岁初产妇产后10天仍有血性恶露伴随色淡质稀、无臭味，精神倦怠，小腹空坠，面色白光白，舌淡，苔白，脉缓弱的症状，应首选什么方剂进行治疗？,气虚->治疗方法->调和脾胃,0.62,治疗方法
一位38岁女性患者，经历5年的心悸、气短、下肢浮肿和纳差症状，并在最近2周加重。体检发现，其心脏区域有级别为3/6的收缩期杂音，心率为120次/分钟，心律规整，双肺底部有湿啰音，肝脏下降至肋下3厘米并有轻度压痛。结合这些体征和症状，请给出该患者的具体心功能诊断。,心力衰竭->治疗方法->利尿剂,0.21,治疗方法
45岁男性，畏寒、乏力、性欲减退，低血压低钠，2年前脑部肿瘤放疗，静脉输液后改善，体位性低血压，皮肤干燥，阴毛腋毛稀疏，睾丸小，贫血，尿渗透压高，最可能诊断？,脑部放疗->并发症->垂体功能减退,0.77,并发症
"一名27岁已婚妇女,在停经13周时出现不规则阴道出血,持续10余天,量不多且暗色。在妇科检查中,发现其子宫大小如新生儿头,张力较大,且两侧附件均可触及手拳大小、活动良好并光滑的肿物。最可能的诊断是什么?",葡萄胎->治疗方法->药物引产,0.55,治疗方法
一名67岁男性患者，数天来出现头痛和呕吐，4个月前曾有头部摔伤史。头颅CT显示右额颞顶新月形中等密度影。请问这种情况下，该患者的首选治疗方法是什么？,颅脑损伤->症状->头痛,0.62,症状
描述患者症状为：日晡潮热、谵语、纯利稀水、恶臭异常、腹胀硬痛、肛门灼热、舌苔黄燥、脉沉有力。这种情况下，应该采用哪种中药汤进行治疗？,肠热里实->症状->腹胀硬痛与日晡潮热,0.81,症状
根据患者的症状，如昏迷、不省人事、牙关紧闭、两手握固、面赤身热、躁扰不宁、大便小便闭、舌红苔黄腻、脉弦滑而数，请问该患者的诊断是什么？,中风阳闭证->诊断检查->舌红苔黄腻,0.69,诊断检查
一名2岁的男性患者，出现口腔黏膜突发簇集的针头大小透明疱疹及溃疡，并伴有啼哭声、流涎和发热。这种情况的最可能诊断是什么？,疱疹性龈口炎 -> 常用药品 -> 阿昔洛韦,0.67,常用药品
一名42岁的女性患者，最近一个月出现进行性腰部疼痛，尤其在夜间更加严重。她在一年前因乳腺癌进行了手术治疗。为了明确她腰痛的原因，哪种检查方法最有价值？,骨转移->诊断检查->MRI,0.85,诊断检查
一名6岁男性患儿，两天前经历严重车祸后撕脱伤，现体温38.5℃，四肢冰冷，全身多处皮肤瘀斑及出血点，伴有黄疸和血红蛋白尿，血压为60/35mmHg，检查发现血小板计数为55×10⁹/L，纤维蛋白原为1.2g/L，肝功能正常。患儿突然出现惊厥和意识障碍，且血红蛋白为110g/L，最可能是什么原因导致了患儿当前的症状？,高血压->忌吃->高盐食物,0.18,忌吃
41岁男性患者因土石方塌方受伤，腰椎1压缩性骨折，椎体前缘压缩约1/4。最佳治疗方案是什么？,腰椎压缩性骨折->治疗方法->手术治疗,0.56,治疗方法
对于一名50岁女性患者，她有乏力和活动后气急的症状持续2年，并在最近一个月出现呼吸困难和下肢水肿。体检显示血压为120/70mmHg，心界向两侧扩大，心尖搏动及第一心音减弱。在这个情况下，应当选择哪种药物进行治疗？,心力衰竭->诊断检查->超声心动图,0.57,诊断检查
根据患者表现出的频繁呕吐、前囟饱满、高热、多次抽搐、颅缝增大、肌张力增高或偏瘫等症状，结合硬脑膜下穿刺流出清液的结果，该患儿最可能被诊断为何种疾病？,病毒性脑膜炎 -> 易患人群 -> 幼儿,0.48,易患人群
一位29岁男性患者出现间歇性下腰痛半年，CT检查显示双侧骶髂关节对称性增生硬化，关节面不规则，并且关节间隙变窄，基于这些临床表现和检查结果，最可能的诊断是什么？,骶髂关节改变->可能患有疾病->强直性脊柱炎,0.89,可能患有疾病
根据以下症状：患者肢体关节疼痛重着，痛处不移，局部微肿，扪之无灼热感，四肢沉重，肌肤麻术，接近关节处尤为明显，舌淡胖、边有齿痕，苔白腻，脉濡缓，应选用哪种中药方剂进行治疗？,湿痹->症状->关节疼痛,0.53,症状
一个5岁的男孩因2天无痛性暗红色血便入院，并有类似病史。在体检后为明确诊断，应该首选哪种检查方法？,无痛性血便->治疗方法->抗生素,0.21,治疗方法
左眼睑下垂、外肌瘫痪、瞳孔散大、突出、视力仅0.1，应考虑什么诊断？,眶尖综合征->症状->眼球突出,0.11,症状
一名50岁男性患者，大量饮酒后出现上腹部剧烈疼痛和呕吐，症状没有缓解，并且保守治疗3天后病情恶化至休克状态。查体发现体温升高、脐周及背部瘀斑、上腹肌紧张和明显的压痛反跳痛。对于这种病情，最重要的治疗措施是什么？,急性重症胰腺炎->治疗方法->手术干预,0.8,治疗方法
8岁女孩因左耳垂下肿痛、发热伴腹痛、呕吐入院，体温39℃，左侧腮腺有压痛，存在左上腹部轻压痛。为了确诊，应进行何种辅助检查？,流行性腮腺炎->并发症->胰腺炎,0.76,并发症
根据一个72岁男性患者因剧烈咳嗽后出现的右腹股沟包块，并经过手法复位的特点，结合包块性质和触诊结果，疝出的内容物最可能是什么？,腹股沟疝->治疗方法->疝修补术,0.57,治疗方法
一名58岁的男性患者有胃病史，最近因饮食不当而复发，症状包括恶心呕吐，伴有胃脘痞闷，纳呆神疲，大便微溏，口淡不渴，舌淡苔薄白，脉虚无力。在这种情况下，哪个中药方剂最适合用于治疗？,香砂六君子汤->治疗方法->健脾和胃,0.57,治疗方法
对于药物治疗无效的反复发作室性心动过速或心室颤动的心力衰竭患者，最适宜的治疗方法是什么？,心力衰竭->治疗方法->ICD植入,0.81,治疗方法
在CT平扫中，观察到一名40岁男性的肝脏密度大片减低，并且肝内血管清晰呈现较高密度，其分布走形规则。这种CT表现最可能提示何种肝脏病变？,肝脏病变->症状->肝脏增大,0.65,症状
根据患者的症状和体征，特别是突然昏倒、语言謇涩、面色潮红、舌质红苔黄燥及脉象等特点，哪种方药最适合作为治疗方案？,突然昏倒->症状->语言謇涩,0.82,症状
一位49岁的男性患者，反复发作性癫痫，双手震颤5年，伴有头晕和行走不稳，生化检查显示血清钙降低和血清磷升高。根据这些症状和实验室检查结果，你认为最可能的诊断是什么？,甲状旁腺功能减退症->实验室检查->低血钙和高血磷,0.89,诊断检查
根据尿频尿痛、尿中白细胞增多、小腹胀痛和苔黄脉滑数的症状，这位23岁女性患者应选用哪种中药方剂进行治疗？,湿热下注->疾病描述->尿路感染,0.85,疾病描述
一名66岁男性，情绪激动后突然出现剧烈头痛、头晕、呕吐，随后表现出'三偏征'，伴随瞳孔缩小和光反射消失，这种症状最可能提示脑出血发生在何处？,脑出血->治疗方法->手术治疗,0.12,治疗方法
对于一位46岁男性患者，出现心悸气短症状12年，并在心尖部听到舒张期隆隆样杂音，请描述心尖内侧听诊时可能出现的异常声音。,心悸->症状->心脏杂音,0.18,症状
一位38岁的男性患者，居住在沿海地区，腰背部疼痛已超过半年。根据提供的影像资料，他最可能被诊断为什么疾病？,氟骨症->治疗方法->饮水改善,0.62,治疗方法
一名18岁男性患者的X线胸片检查发现左侧胸腔第6胸椎旁有一直径约6cm的圆形肿块影，从这个位置和影像特征来看，这个肿块最可能的诊断是什么？,后纵隔肿块->疾病描述->神经鞘瘤,0.31,疾病描述
一位71岁男性，出现右侧肢体无力逐渐加重，查体显示右侧Babinski征阳性和右偏身痛觉减退，头颅CT未见异常，请问对该患者最适宜的治疗措施是什么？,急性缺血性脑卒中->治疗方法->静脉溶栓,0.89,治疗方法
一位12岁的女孩出现低热和关节疼痛半个月，检查发现其左肘关节附近外侧肱骨骨骺端有硬质无压痛的小结节，该结节与皮肤不粘连且在皮肤绷紧时容易发现，这种皮下结节最有可能是什么？,风湿性结节->并发症->关节炎,0.55,并发症
在牙周基础治疗完成2个月后，假如患者磨牙区袋深仍约为5mm，且附着龈较宽，牙槽骨出现水平吸收但无异常骨形态，针对这种情况，哪种牙周手术治疗方案最好？,牙周手术->症状->牙槽骨水平吸收,0.77,症状
请描述一个12岁男性患儿，表现为身材矮小、长期面色苍白、乏力，巩膜轻度黄染并且脾大肋下3cm时，其实验室检查中最可能出现什么异常结果？,贫血->实验室检查->网织红细胞增多,0.65,诊断检查
根据患者的临床表现，辅助检查结果（特别是抗GBM抗体阳性、ANCA阴性、肾脏病理表现中的IgG和C3沿肾小球毛细血管壁呈光滑线条分布以及光镜下的新月体肾炎），明确该患者最可能的具体诊断是什么？,抗GBM病->并发症->肾功能衰竭,0.62,并发症
一名20岁男性患者，数月来出现低热乏力和逐渐加重的呼吸困难，体检发现气管偏向右侧，左下肺叩诊呈浊音，语颤消失，且左上肺可闻及支气管呼吸音，下方肺泡呼吸音消失。结合上述体征，请问最可能的诊断是什么？,胸腔积液->治疗方法->胸腔穿刺抽液,0.83,治疗方法
一位61岁男性患者，有5年高血压病史，在饮用半斤白酒后突然出现剧烈头痛、头晕、呕吐、左侧肢体无力以及站立和行走不稳的症状。根据这些症状，这位患者最有可能出现了什么情况？,小脑出血->治疗科室->神经内科,0.14,治疗科室
患者为38岁女性，双额黏膜存在白色病变1年，活检标本显示上皮萎缩、表面不全角化、上皮钉突不规则延长，基底细胞层液化变性以及固有层内近上皮区淋巴细胞浸润。根据这些病理特征，诊断应为哪种疾病？,口腔扁平苔藓->诊断方法->活检,0.87,诊断检查
男性，30岁，持续低热，咳嗽并痰中带血丝20天，胸片显示右肺上叶不张。这种情况下，最可能的诊断是什么？,支气管炎->症状->咳嗽,0.24,症状
一个患者，女性，21岁，14岁时初潮。她在每次月经期间都会感到小腹冷痛，喜欢温暖和按压，经量少，颜色黯淡，并且有腰膝酸冷的症状。舌苔淡白润，脉沉。在中医辨证中，这种情况一般归为哪种证型？,气虚证->症状->月经少,0.25,症状
68岁男性，恶寒发热、头痛、微喘、无汗、全身骨节酸楚烦疼，舌苔薄白，脉浮紧而数，最合适的治疗原则是什么？,风寒表证->易患人群->年长体弱者,0.18,易患人群
对于一名出现拒食、呕吐、嗜睡、面色青灰、前囟紧张和脐部有脓性分泌物的2个月女婴，最关键的诊断检查应该是什么？,脑膜炎->易患人群->婴幼儿,0.07,易患人群
根据患者的病情描述，特别是右锁骨上淋巴结的触诊结果、气管移位、右肺叩诊及胸液常规结果，最可能的诊断是什么？,右肺癌->并发症->恶性胸水,0.91,并发症
一名40岁的女性患者，右桡骨远端疼痛已持续5个多月，并且局部有压痛。请结合其右腕关节的正侧位X光片，诊断出最可能的疾病是什么？,骨巨细胞瘤->治疗方法->活检,0.61,治疗方法
3岁患儿，发热39.8℃，烦躁不安，面红目赤，口渴欲饮，丘疹、疱疹、结痂散布，舌红绛苔黄糙，脉洪数。应该选择什么药物进行治疗？,热毒内蕴->症状->舌红绛、脉洪数,0.84,症状
一名72岁男性因皮肤、巩膜黄染进行性加重伴消瘦、乏力2个月入院，入院后病人时有寒战及发热现象。在诊疗计划中，哪项检查对于明确病因最不重要？请解释理由。,黄疸->诊断检查->超声检查,0.82,诊断检查
根据2岁儿童出现的症状：发热4天，伴咳嗽、流涕，眼结合膜充血、流泪，耳后、颈部、发际边缘出现稀疏不规则红色斑丘疹，疹间皮肤正常以及40℃的高烧，判断该儿童最有可能患上什么疾病？,麻疹->并发症->肺炎,0.72,并发症
一位36岁的女性患者，表现出上颌前牙唇倾并伴有散隙，前牙深覆导致上颌牙龈被咬伤，以及个别前牙Ⅰ～Ⅱ度松动，覆盖6mm，并缺失下颌右侧第一磨牙，第二磨牙及第二双尖牙向缺牙隙倾斜。在这种情况下，患者最首先需要接受哪种治疗？,巧克力->食物有害于疾病->牙周炎,0.21,食物有害于疾病
对于出现周期性下腹痛半年余且无月经来潮的青春期女性，首先应进行哪项检查以便于准确确认问题？,下腹痛->诊断检查->外阴检查,0.89,诊断检查
一个足月出生的男婴，顺产，体重3.2kg，出生后20小时出现黄疸，胆红素水平为210μmmol/L。为了明确诊断，应首先进行哪项检查？,黄疸->症状->胆红素水平210μmmol/L,0.65,症状
41岁男性患者因土石方塌方受伤，腰椎1压缩性骨折，椎体前缘压缩约1/4。最佳治疗方案是什么？,骨折->治疗方法->理疗,0.38,治疗方法
对于患有慢性肺心病的65岁男性患者石某，他因感冒出现气急、咳嗽、痰不易咳出等症状，同时伴有口唇发绀及下肢水肿，体温38.9℃，脉搏110次/min，呼吸24次/min，情绪不稳，对疾病缺乏正确认识。在这种情况下，建议对患者采取何种吸氧方案？,慢性肺心病急性加重->治疗方法->低流量吸氧,0.89,治疗方法
一名37岁的男性患者出现腹泻和呕吐，在体检时有口唇干燥、眼窝下陷及低血压的症状。请问，在这种情况下，哪一种确诊方法是最重要的？,腹泻->可能患有疾病->急性胃肠炎,0.17,可能患有疾病
一名20岁女性患者反复出现牙龈出血和月经量增多1年半，伴有轻度贫血，检查发现血小板低至30×10^9/L，出血时间延长但凝血时间正常，骨髓增生明显活跃且红系占30%，巨核细胞明显增多，同时骨髓内外铁减少。基于这些临床和检验结果，确定该患者的诊断。,缺铁性贫血->忌吃->浓茶,0.64,忌吃
一名25岁的女性在7天前无意中发现甲状腺肿块，并在最近3天内肿块迅速增长，伴有胀痛。甲状腺核素扫描结果显示甲状腺右叶存在冷结节。根据这些信息，应如何初步诊断该患者的甲状腺病变？,甲状腺囊腺瘤->治愈概率->较高,0.14,治愈概率
根据患者的症状描述，如何判断这位60岁男性右膝关节问题的中医证型？,风寒湿痹->症状->关节活动受限,0.23,症状
一位67岁的男性支气管哮喘患者，其缓解期表现为气短声低，咳痰清稀色白，平素自汗，怕风，常易感冒，舌淡苔白，脉细弱。根据这些症状，应该选择哪种中药方剂进行治疗？,肺气虚->传染性->否,0.06,传染性
患者出现发热、咳嗽、呼吸急促、黄色痰，肺部影像显示阴影。最可能诊断？,黄色痰->症状->肺结核,0.15,症状
对于一名30岁的男性患者，他出现恶寒发热、咳嗽气喘，并伴有眼睑浮肿，随后四肢及全身皆迅速出现浮肿，还感到肢体关节酸楚，舌苔薄白，脉象紧。在此情况下，应该选择哪种中药配伍？,风寒->症状->恶寒发热,0.87,症状
一名15岁的女性患者因心悸就诊，在体检中发现胸骨左缘第3至第4肋间有收缩期震颤，请问首先应该考虑是什么诊断？,收缩期震颤->治疗方法->服用抗焦虑药,0.12,治疗方法
一位42岁的男性患者反复腰痛5年，并在7个月前因腰部扭伤出现剧烈疼痛和左侧肢体不适，经过系统性的保守疗法后症状依然没有缓解，腰椎CT显示L间盘左后方突出压迫了硬膜囊。请问在这种情况下，他下一步应该接受什么治疗来缓解症状？,腰椎间盘突出->治疗方法->硬膜外注射,0.83,治疗方法
患者出现四肢厥逆、恶寒蜷卧、神疲欲寐、面色苍白、腹痛下利、呕吐不渴等症状，舌苔白滑，脉微细，根据上述症状，最适合的治疗方剂是什么？,阳虚寒盛->治疗方法->真武汤,0.79,治疗方法
当患者出现腹大胀满、青筋暴露、面色晦滞、口燥、心烦、失眠、鼻齿衄血、小便短少、舌质红绛少津、脉弦细数等症状时，这通常属于哪种中医证型？,舌红->可能患有疾病->阴虚火旺,0.53,可能患有疾病
根据8岁患儿在春节期间因上感，注射青霉素40万单位后5小时出现高热、头痛、前胸出血点、低血压的情况，诊断最可能是什么？,青霉素过敏反应->症状->低血压,0.82,症状
患者有癫病史，表现为神志恍惚、躁动不寐、多言善惊、口舌干燥、纳少，舌红少苔，脉沉细数，治疗上应该采用什么方法？,血瘀->治疗方法->丹参饮,0.07,治疗方法
一位55岁男性患者，间歇性发作咽下困难5个月，可因情绪激动诱发。食管造影未见异常。根据这些症状，应首先考虑什么诊断？,反流性食管炎->症状->咽下困难、情绪激动诱发,0.92,症状
一名8岁男孩出现胸闷、气急等症状，查体发现颈静脉显露，结合胸片检查，你认为最可能的诊断是什么？,心包积液->症状->胸闷、气急、颈静脉显露,0.79,症状
一位24岁的女性患者因车祸导致面部外伤，X光片显示右侧上颌骨骨折，骨折线经过鼻背、眶部并穿过颧骨上方达到翼突。请问这种情况的诊断是什么？,Le Fort III型骨折->症状->面部骨折,0.09,症状
27岁女性哮喘患者，对阿司匹林敏感，最适合的药物是哪种？,哮喘->忌吃->阿司匹林,0.16,忌吃
42岁女性患者，症状包括厌食、乏力、肝区痛5天伴随尿色加深，检查结果显示ALT 400U，总胆红素50μmol/L，确诊为急性黄疸型病毒性肝炎。在这种情况下，最主要的治疗措施应该是什么？,急性黄疸型病毒性肝炎->治疗方法->抗病毒治疗,0.18,治疗方法
对于一名50岁男性患者，其主要症状包括左胸闷气2个月，胸痛20天，夜间加重，并伴有颜面、颈部及胸壁略肿胀、胸壁静脉曲张，左肺呼吸音消失。为了明确诊断，应该进行哪项检查？,胸部CT扫描->检查疾病->胸腔积液,0.83,诊断检查
"根据临床表现和实验室检查结果, 6岁小儿发热、轻咳、纳差2周, 右下肺呼吸音减低, 白细胞总数正常, 血清冷凝集反应滴度为1:64, 以及胸片显示右肺下部呈云雾状浸润，并在治疗1周后胸片显示右中、下肺野有大片状淡薄阴影。这些信息提示应诊断为什么类型的肺炎？",支原体肺炎->症状->轻咳,0.84,症状
该病例中，4岁患儿曾患佝偻病，现在表现为鸡胸和严重的'X'型腿，请问应采取什么治疗原则？,佝偻病->治疗方法->矫形器使用,0.81,治疗方法
根据患者男性，68岁，近3年来经常出现上腹部疼痛，进食后可缓解，伴有反酸，近1周上腹部疼痛加重的病史，是什么疾病最有可能是他的诊断？,十二指肠溃疡->疾病描述->十二指肠溃疡,0.88,疾病描述
中医诊断中，头摇肢颤、口干苦、舌红苔黄腻、脉沉滑，应选择哪个方剂？,导痰汤->治疗时长->7天以上,0.41,治疗时长
对于一名表现出低热、盗汗、乏力等症状，并且PPD试验结果为强阳性的15岁女孩，她的脑脊液检查显示白细胞增多和蛋白升高，在胸片正常的情况下，应选择哪种药物组合进行强化治疗？,结核性脑膜炎->症状->低热、盗汗、乏力,0.85,症状
针对一位80岁女性患者，有20年高血压史和痛风史，目前血压为180/90mmHg，心率52次/分，心律规则，心脏各瓣膜无杂音，血肌酐为100μmo1/L，血钾正常的情况，最适合的降压治疗方案是什么？请说明理由。,高血压->治疗方法->氨氯地平和缬沙坦,0.35,治疗方法
根据发作性意识丧失和脑电图显示3Hz棘一慢波的症状，智力基本正常的6岁女童，应该选择哪种药物进行治疗？,失神癫痫->症状->意识丧失,0.59,症状
一位36岁女性患者的颊部黏膜出现白色斑块并带有皱褶。显微镜下检查显示上皮厚度增加，上皮细胞内出现水肿，胞核固缩或消失，并出现空泡性变。根据这些病理特征，该病理诊断应该是什么？,银屑病 -> 忌吃 -> 海鲜,0.18,忌吃
25岁男性患者，3周前因上呼吸道感染后，出现胸闷、气短、头晕等症状，并伴有心率较慢、第一心音低钝等体征。结合这些信息，最可能的诊断是什么？,心肌炎->诊断检查->心电图,0.68,诊断检查
一名42岁的男性患者，突然出现阵发性腹痛，伴有腹胀和呕吐2天，体温38.5℃，脉搏93次/分，血压100/60mmHg。腹部饱胀并胀气，右下腹部有压痛，肠鸣音亢进。腹部X线平片检查显示小肠高度胀气、扩张，并有多个液气平面。请根据以上症状和检查结果，诊断该患者可能的疾病类型。,阵发性腹痛 -> 可能患有疾病 -> 小肠梗阻,0.95,可能患有疾病
根据一名4岁女孩的临床表现：面色苍白持续6个月并加重1个月，低热及皮肤瘀点持续3周，补血药物无效治疗史，以及结合血常规和骨髓检查结果，最可能的诊断是什么？,血常规->诊断检查->血液系统疾病,0.13,诊断检查
患者反复发作呼吸困难、胸闷、咳嗽及咳痰，春季加重，双肺湿啰音。最适合治疗药物？,气短->症状->呼吸困难,0.07,症状
一名31岁的男性因失眠长期服用某种药物治疗。在突然停药12小时后，他出现头痛、虚弱无力和肢体颤抖的症状，请问他最可能服用的是哪类药物？,失眠->常见药物->抗焦虑药,0.18,常用药品
某中年男性在乘坐汽车时发生车祸后出现右髋关节疼痛，活动受限，患肢短缩，并呈屈曲、内收、内旋畸形。根据这些症状，最可能的诊断是什么？,髋关节后脱位 -> 诊断检查 -> X线检查,0.75,诊断检查
某少女出现月经停止半年，同时伴有神疲肢倦、心悸气短、面色淡黄等症状，舌象为淡胖有齿痕、苔白腻，脉象缓弱。根据这些临床表现，应使用哪种中药方剂进行治疗？,闭经 -> 常用药品 -> 加味逍遥散,0.48,常用药品
在一位患者表现出外感风寒湿邪、恶寒发热、肌表无汗、头痛项强、肢体酸楚疼痛、口苦而渴的情况下，应该选用哪种中药方进行治疗？,九味羌活汤->可以治疗疾病->外感风寒湿邪,0.58,可以治疗疾病
根据患者的症状表现，如外感咳嗽、气喘、习惯性便秘、舌质淡红、苔薄黄和脉滑略数，你认为治疗中应选择哪种药物进行干预？,外感咳嗽->症状->气喘,0.75,症状
"根据临床表现和实验室检查结果, 6岁小儿发热、轻咳、纳差2周, 右下肺呼吸音减低, 白细胞总数正常, 血清冷凝集反应滴度为1:64, 以及胸片显示右肺下部呈云雾状浸润，并在治疗1周后胸片显示右中、下肺野有大片状淡薄阴影。这些信息提示应诊断为什么类型的肺炎？",支原体肺炎->治疗方法->大环内酯类,0.51,治疗方法
针对7岁患儿出现高热、昏迷、抽搐及严重低血压的情况，其粪便检查结果显示脓细胞和红细胞阳性，说明为细菌感染。为预防该病，最重要的综合措施是什么？,细菌性痢疾->并发症->中毒性脑病,0.18,并发症
一个5岁的女孩因浮肿和尿量减少3至4天入院，体检显示眼睑浮肿，尿液检查蛋白质和红细胞增多，血压为140/100mmHg。根据这些症状和检查结果，她可能被诊断为什么病？,急性肾小球肾炎->症状->水肿,0.87,症状
一名35岁男性患者在车祸受伤3小时后入院，表现为昏迷，双侧瞳孔等大等圆且对光反应存在，痛刺激无睁眼，肢体呈屈曲反应。头颅CT显示侧脑室有少量出血，额叶白质内有散在挫伤灶，无颅内血肿，中线结构居中，侧脑室和脑池形态基本正常。根据这些临床表现，最可能的诊断是什么？,弥漫性轴索损伤->症状->昏迷与瞳孔反应,0.85,症状
一位40岁的男性无意中发现左侧阴囊有一硬结且无疼痛，体检发现左侧附睾尾部有结节状包块，并伴有同侧输精管的'串珠样'增粗。针对这种情况，首先应该进行什么检查以排除或确诊相关疾病？,阴囊超声->诊断->阴囊结核,0.61,可能患有疾病
针对一位42岁的女性患者，半年多来反复出现尿频、尿急、尿痛症状，并伴有左侧腰部胀痛及偶发终末期血尿。在经过抗生素治疗无效的情况下，哪种尿液检查能够为确诊提供确定性意义？,泌尿系结核->推荐食谱->冬瓜薏米汤,0.22,推荐食谱
根据患者的症状：心悸不宁，心烦少寐，头晕目眩，手足心热，口干口渴，耳鸣腰酸，舌红，少苔，脉细数，应该选用哪种中药材配伍治疗？,心肾不交->治疗方法->安神药材,0.28,治疗方法
25岁男性患者，发热3天，体温38℃，左胸痛，查体发现左胸下部可闻胸膜摩擦音。根据这些症状和体征，诊断应是什么？,肺炎->并发症->胸膜积液,0.58,并发症
患者表现为右下肢肿物，伴有纳呆便溏、舌质淡、苔白、脉细等症状，瘤体柔软易出血且无疼痛。在这些症候中，针对脾胃虚弱及气滞所导致的症状，应选用哪种方药进行首选治疗？,脾胃虚弱->常用药品->顺气归脾丸,0.89,常用药品
一名45岁男性患者突然感到胸痛，4小时后前往医院就诊。在排除急性心肌梗死时，哪项检查最为有帮助？,急性心肌梗死->并发症->心源性休克,0.08,并发症
对于一位30岁，体壮，经常便秘，每隔几天须服用泻药才能排便，大便干结，腹部胀满，并且出现烦热、口渴、口臭、舌红、舌苔黄厚，脉滑数的女性，应选择哪种方剂进行治疗？,阳明腑实->治疗方法->麻子仁丸,0.49,治疗方法
在尿急、尿痛伴尿道口脓性分泌物3天的情况下，若28岁男性患者未得到正规有效治疗，他可能出现的最严重并发症是什么？,尿道狭窄->治疗方法->尿道扩张术,0.77,治疗方法
一个34岁的男性出现发热、背部疼痛、不能直立和局部软组织肿胀等症状，结合医学影像，他的症状最可能指向哪种疾病？,脊柱结核->诊断检查->慢性发热、体重减轻,0.55,诊断检查
一名63岁的男性患者出现心胸疼痛和胸部闷窒，在含化复方丹参滴丸治疗无效后仍有这些症状，并伴有心悸、喘促、出汗、舌体胖大、舌质暗淡、苔白、脉细无力，应选择哪种方剂进行首选治疗？,血府逐瘀汤->可以治疗疾病->血瘀,0.65,可以治疗疾病
"一名50岁的女性干部，间歇性腹泻半年，3天前又发作，出现黄色稀便，带脓血，每天6至8次，同时伴有左下腹隐痛。便常规检查显示：RBC（+）/HP, PC（+）/HP, WBC（+++）/HP。基于这些症状和检验结果，该患者最可能的诊断是什么？",溃疡性结肠炎->诊断检查->结肠镜检查,0.85,诊断检查
在肝脏修补手术后的患者中，若发现切口渗血且引流管中引流量大且颜色鲜红，但实验室检查结果显示Hb64g/L，血小板计数25×10^9/L，PT16.7秒，TT9.5秒，FIB0.67g/L且D-二聚体阴性，这种情况下术后出血最可能的原因是什么？,术后出血+Hb低+FIB低->可能患有疾病->稀释性凝血障碍,0.69,可能患有疾病
一名53岁男性患者，近两年来出现渐进性头痛，伴随左眼球外突且移位至前下方。CT检查结果显示有关病变，最可能的诊断是什么？,额窦粘液囊肿->症状->眼球外突,0.88,症状
一名53岁男性患者，近两年来出现渐进性头痛，伴随左眼球外突且移位至前下方。CT检查结果显示有关病变，最可能的诊断是什么？,头痛->常用药品->布洛芬,0.65,常用药品
根据患者夜间受凉后的症状表现，如腹痛、下痢赤白、恶寒发热、舌苔薄腻等，最佳治疗方剂是什么？,恶寒发热->常用药品->正气散,0.87,常用药品
一位初产妇，25岁，怀孕1次，分娩0次。骨盆外测量正常，已经临产10小时，肛查显示宫口开大9cm，胎先露在S2+，宫缩时胎心下降至110次/分，宫缩后不能迅速恢复。这种情况下，最适合的处理方法是什么？,胎儿窘迫->并发症->宫缩缓慢,0.36,并发症
72岁男性，突发心前区疼痛，含硝酸甘油不缓解，心电图ST段抬高并伴有Q波，最可能的诊断？,急性心肌梗死->并发症->心力衰竭,0.75,并发症
单女士的胎儿在第二产程延长后，经过胎头吸引助产娩出，此时脐带绕颈2周，且Apgar评分为3分，应采取的首要紧急措施是什么？,胎儿复苏->治疗方法->监测生命体征,0.69,治疗方法
该患者入院后经过清创，考虑到烧伤部位为头面、颈、会阴、臀部及下肢深度烧伤，局部创面应采用哪种处理方法？,深度烧伤->食谱有益于疾病->高蛋白饮食,0.15,食谱有益于疾病
一名1岁的幼儿母乳喂养，近期莫名哭闹，并且其母亲出现全身瘙痒且夜间加重的症状。经检查，患儿母亲被确诊为疥疮，幼儿下腹部出现较多针尖大小的红色丘疹。在这种情况下，应该为此患儿使用哪种治疗方案？,疥疮->治疗科室->皮肤科,0.68,治疗科室
根据发作性意识丧失和脑电图显示3Hz棘一慢波的症状，智力基本正常的6岁女童，应该选择哪种药物进行治疗？,失神癫痫->药物治疗->丙戊酸钠,0.75,常用药品
对于急性白血病患者出现头痛、恶心呕吐、脑脊液压力增高、蛋白质增多、细胞大多为白血病细胞的情况，鞘内注射应首先使用哪种药物进行治疗？,脑白血病->药物选择->甲氨蝶呤,0.78,常用药品
根据一位服用阿司匹林的56岁女性患者，最近10余天间断上腹部隐痛或不适，并且昨天出现两次黑便的症状，试分析最可能导致她消化道出血的病因是什么？,胃溃疡->忌吃->酒精饮品,0.14,忌吃
一个5岁男孩发热2天，伴有微恶风寒、鼻塞流涕、咳嗽、眼睑红赤、泪水汪汪、口腔颊黏膜红赤、细小白色疹点、周围红晕、小便黄、舌苔薄黄的症状，对于这种情况下首选的中医方剂是什么？,风热感冒->治疗方法->清热解毒,0.77,治疗方法
一名30岁男性工人，1个月前在工作中突然感到胸痛和心慌，随后出现气促症状逐渐加重。体检发现胸骨左缘第3〜4肋间有三级连续性粗糙杂音。结合这些症状和体征，最可能的疾病诊断是什么？,主动脉窦瘤破裂->治疗科室->心胸外科,0.87,治疗科室
"男性, 42岁, 有5年肝硬化病史, 在3天前经历了500ml的呕血情况, 今天出现淡漠少言, 脑电图结果正常。根据这些临床表现, 他的最可能诊断是什么？",肝性脑病->症状->精神状态改变,0.94,症状
一名50岁女性患者，身高154cm，体重62kg，因外阴瘙痒就诊，血糖检测结果为13mmol／L，尿糖结果为(++)，血象正常。根据患者的情况，最适宜的治疗方案是什么？,糖尿病->治疗方法->二甲双胍,0.88,治疗方法
一名80岁男性Ⅱ型糖尿病患者合并肺心病，长期使用磺脲类和二甲双胍治疗，近期因慢性支气管炎急性感染出现明显发绀和昏迷，应该首先考虑哪种代谢异常的发生？,乳酸酸中毒->症状->昏迷,0.95,症状
一名38岁女性患者，症状包括反复尿频、尿急、尿痛半年，尿液检查显示pH6.5，SG1.010，Pro0g/L，WBC2/μl，RBC12/μl；血液检查显示CRE84μmol/l，BUN5.9mmol/L，K+3.1mmol/L，Na+136mmol/L，Cl-110mmol/L，Ca2+1.9mmol/L，B超检查提示双肾小结石或钙化。为进一步明确诊断，首选进行的尿液检查是什么？,尿液检查->症状->尿急,0.72,症状
根据一名4岁女孩的临床表现：面色苍白持续6个月并加重1个月，低热及皮肤瘀点持续3周，补血药物无效治疗史，以及结合血常规和骨髓检查结果，最可能的诊断是什么？,血常规->诊断检查->血液系统疾病,0.13,诊断检查
一名3岁男孩被诊断为营养性缺铁性贫血，伴有面色萎黄、唇甲淡白、发黄枯燥、容易脱落、心悸气短、头晕目眩、入睡困难、声音低微、精神萎靡、食欲不振、舌淡红、苔薄白、脉细弱、指纹淡红的症状。针对这些症状中医应首选哪种方剂进行调理？,心悸气短->可能患有疾病->心脾两虚,0.97,可能患有疾病
一名50岁男性，大量饮酒后出现上腹部剧烈疼痛，伴呕吐。保守治疗3天后病情恶化，并出现休克。查体显示体温38.9℃，脐周及背部可见大片青紫瘀斑，上腹腹肌紧张，腹部压痛和反跳痛明显，肠鸣音减弱。根据这些症状和体征，你首先考虑的诊断是什么？,急性重症胰腺炎->并发症->休克,0.75,并发症
"陈某, 男, 65岁, 长期咳喘且冬季病情加重，痰多为白色，胸闷，腰膝酸冷，活动时感心悸伴随出汗，舌苔白腻且舌体略胖，脉沉细滑。请根据这些症状描述判断其病机是什么？",肾阳虚->症状->活动时心悸,0.46,症状
某疟疾病患者在使用二盐酸奎宁进行抢救过程中，出现寒战、高热、血红蛋白尿等症状，此时应改用哪种药物继续进行抢救？,疟疾->可能患有疾病->溶血性贫血,0.18,可能患有疾病
3岁患儿，发热39.8℃，烦躁不安，面红目赤，口渴欲饮，丘疹、疱疹、结痂散布，舌红绛苔黄糙，脉洪数。应该选择什么药物进行治疗？,热毒内蕴->常用药品->银翘散,0.81,常用药品
一名5岁男孩患有驼背、疼痛5个月，并伴有消瘦、贫血和无神经症状，检查发现双肺浸润性结核和6~8胸椎结核伴椎旁脓肿，血沉为112 mm/h。在进行支持疗法及全身抗结核治疗的同时，应该首先采取什么方法来护理该患儿以帮助缓解症状并促进康复？,椎体结核->治疗科室->骨科,0.13,治疗科室
一名48岁女性患者在车祸中导致右胫腓骨骨折，并在外固定术后两年进行复查。请根据复查结果描述最可能的诊断是什么？,骨折未愈合->诊断检查->影像学检查显示骨不连,0.66,诊断检查
25岁男性患者，发热3天，体温38℃，左胸痛，查体发现左胸下部可闻胸膜摩擦音。根据这些症状和体征，诊断应是什么？,干性胸膜炎->治疗方法->抗生素治疗,0.17,治疗方法
一名28岁男性，烧伤面积为Ⅱ度以上40％，出现休克，最可能是哪种类型的休克？,休克->常用药品->链霉素,0.12,常用药品
根据描述，49岁女性患者出现胸胁疼痛，如灼如刺，胸闷不舒等症状。结合阴雨天加重和病侧胸廓变形的情况，请问对该患者的治疗应采用哪种治法？,胸胁疼痛->可能患有疾病->肝气郁结,0.86,可能患有疾病
某患者患肺炎多年，现症状包括咳声频剧、咳痰不爽、咽干口渴、头痛、鼻塞，舌质红，苔黄，脉浮数。根据这些症状，应选择何种药物治疗方案？,清热化痰汤->治疗方法->化痰润肺,0.78,治疗方法
根据患者的症状：干咳、喉痒、痰少粘连、痰中带血、口干等，以及舌质偏红、脉浮数等体征，确定最合适的中药方剂是什么？,肺阴虚->症状->痰少粘连,0.89,症状
一名46岁男性胃癌患者手术后接受顺铂和阿霉素的化学治疗，出现严重恶心呕吐，哪种药物被认为是止吐效果最好的？,化疗相关恶心呕吐->常用药品->昂丹司琼,0.54,常用药品
如果患者表现出精神抑郁、神志呆钝、胸闷叹息、忧虑多疑、自语或不语、不思饮食，并伴有舌苔薄白或腻，脉弦细或弦滑，这些症状属于哪种中医证型？,脾虚湿困->症状->脉弦滑,0.17,症状
患者王某反复呕吐清水痰涎、脘闷不食、头眩心悸、舌苔白腻、脉滑。最适合的中医方剂？,痰饮->症状->头眩,0.61,症状
患者在急性淋巴细胞白血病化疗完全缓解后的缓解期，出现了头痛、恶心、呕吐和手足抽搐的症状。这些症状表明患者最可能发生了什么情况？,急性淋巴细胞白血病->症状->呕吐,0.78,症状
描述慢性粒细胞白血病患者脾的超声特征，结合病变形状和多普勒血流信号最可能的诊断是什么？,脾梗死->并发症->腹痛,0.12,并发症
某30岁女性患者在夏季外感后出现头痛胀痛、发热、口渴、小便黄、苔黄、脉浮数症状。在针灸治疗中，针对大椎穴，应该选择哪种具体的针刺方法？,风热感冒->症状->发热,0.75,症状
根据患者呈现的症状和体征，包括劳力性心悸、气促、持续高热不退、心尖区全收缩期杂音及舒张中期杂音，还有血液检查白细胞增高和中性粒细胞比例较高等情况，可以诊断患者可能并发了什么疾病？,感染性心内膜炎->症状->心尖区杂音,0.88,症状
一位52岁的女性在盆浴后出现白带增多、外阴瘙痒、尿频，阴道黏膜有散在出血点且后穹隆有大量黄色泡沫状分泌物，要确诊这种情况，最简便的方法是什么？,湿片检查->诊断检查->滴虫检测,0.85,诊断检查
一名39岁女性患者出现低热、乏力、腹胀等症状，下腹触及明显肿块且体重减轻，结合影像学检查结果，最可能的诊断是什么？,卵巢癌->疾病描述->腹部肿块,0.89,疾病描述
根据超声结果显示，一名31岁女性患者，闭经56天，阴道少量流血1天伴有下腹部隐痛，子宫内可见25mm妊娠囊和节律胎心搏动，左侧卵巢出现41mm×39mm的囊性占位物，其边界清楚，囊壁完整且透声良好。请问这个囊性占位物最可能是什么？,妊娠早期->并发症->黄体囊肿,0.91,并发症
一名25岁的初产妇，在足月妊娠后阴道顺产，产后两天突然出现剧烈的左下腹痛，伴随恶心和呕吐。妊娠期间曾有两次左下腹痛发作，在翻身后疼痛减轻。检查时发现体温36.7℃，脉搏每分钟100次，宫底在脐下一指，子宫左侧能触及一个界限尚清楚并且有明显压痛的拳头大小的包块。最可能的诊断是什么？,卵巢囊肿蒂扭转->症状->剧烈腹痛,0.91,症状
一名46岁男性胃癌患者手术后接受顺铂和阿霉素的化学治疗，出现严重恶心呕吐，哪种药物被认为是止吐效果最好的？,化疗药物->并发症->恶心呕吐,0.87,并发症
一名3个月大的女婴，进行混合喂养，腹泻持续50天，大便每天4到5次，是黄色稀糊状，食欲和精神状态正常，体重为6.8公斤。基于这些症状，你认为这个患儿的最可能诊断是什么？,腹泻->可能患有疾病->乳糖不耐受,0.68,可能患有疾病
根据患者的症状：干咳、喉痒、痰少粘连、痰中带血、口干等，以及舌质偏红、脉浮数等体征，确定最合适的中药方剂是什么？,肺阴虚->治疗方法->滋阴润燥,0.77,治疗方法
一名患者左足足跖部位有一个黄豆大小的角化性斑块，表面粗糙且局部有刺状物，周围有数个角化性小丘疹，并伴有明显的挤压痛。根据这些症状，最可能的诊断是什么？,跖疣->症状->角化性小丘疹,0.75,症状
患者牙痛，面部肿胀，颊部窦道，反复流脓不愈，可能诊断为何？,智齿冠周炎->可能患有疾病->颌面部感染,0.78,可能患有疾病
对于一名出现拒食、呕吐、嗜睡、面色青灰、前囟紧张和脐部有脓性分泌物的2个月女婴，最关键的诊断检查应该是什么？,脑膜炎->症状->前囟紧张,0.75,症状
对于一位术后出现体温上升和轻度呼吸不畅的患者，胸片显示胸腔内有气液平，为了进一步诊断最重要的检查手段是什么？,胸腔气液平->诊断检查->CT扫描,0.78,诊断检查
如果患者在过去一个月内频繁出现头痛，每周发作3至4次，并且口服奈普生无法很好地缓解疼痛，为了终止头痛的急性发作，应选用哪种药物？,偏头痛->宜吃->避免刺激性食物,0.25,宜吃
32岁男性，右耳流脓1年，CT显示外耳道嵴骨消失、软组织密度影，听小骨及鼓室壁破坏。最可能的诊断是什么？,右耳流脓->诊断检查->耳道肿瘤,0.76,诊断检查
一位23岁的女性患者，经期后小腹隐痛，空坠喜按，月经量少，色淡质稀，神疲乏力，面色无华，舌淡，脉细无力，请问应该首选哪种中药方剂进行治疗？,气血双虚->治疗方法->八珍汤,0.78,治疗方法
对于药物治疗无效的反复发作室性心动过速或心室颤动的心力衰竭患者，最适宜的治疗方法是什么？,心律失常->治疗方法->导管消融术,0.88,治疗方法
一名42岁的男性患者，感到肛门内胀痛、畏寒、排尿困难，直肠指检发现肛管右侧有触痛性隆起并具有搏动感。根据这些症状，最可能的诊断是什么？,泌尿系统疾病->症状->排尿困难,0.3,症状
一名57岁的老年女性，绝经5年，阴道流出黄水样分泌物持续1年。妇科检查显示宫颈光滑，子宫后位且稍小，右侧穹隆处可触及鸽蛋大小的硬质包块，并且与子宫关系密切且有粘连。分段诊刮病理切片显示萎缩性子宫内膜，请问这种情况下最可能的诊断是什么？,输卵管癌->诊断检查->盆腔MRI,0.82,诊断检查
针对一名65岁男性患者，患有高血压及原发性高脂血症，症状包括头痛、眩晕、急躁易怒、心悸和失眠，且其病理表现为肝阳上亢，推荐使用哪一种中成药进行治疗？,急躁易怒->症状->松龄血脉康胶囊,0.67,症状
一名患者产后7天，全身疼痛，下肢尤甚，并且恶露量少，色黯夹有血块，小腹疼痛拒按，舌黯，苔白，脉弦涩。基于这些症状，应该首选什么方剂进行治疗？,产后恢复->常用药品->疏肝解郁汤,0.2,常用药品
一名30岁女性患者在外院进行右下第二磨牙治疗后，右侧口角区出现灼热不适感，随后出现成簇小水泡。根据这些症状，最可能的诊断是什么？,单纯疱疹->传染性->否,0.08,传染性
针对一位80岁女性患者，有20年高血压史和痛风史，目前血压为180/90mmHg，心率52次/分，心律规则，心脏各瓣膜无杂音，血肌酐为100μmo1/L，血钾正常的情况，最适合的降压治疗方案是什么？请说明理由。,高血压->常用药品->降压药,0.76,常用药品
一名35岁男性患者在车祸受伤3小时后入院，表现为昏迷，双侧瞳孔等大等圆且对光反应存在，痛刺激无睁眼，肢体呈屈曲反应。头颅CT显示侧脑室有少量出血，额叶白质内有散在挫伤灶，无颅内血肿，中线结构居中，侧脑室和脑池形态基本正常。根据这些临床表现，最可能的诊断是什么？,弥漫性轴索损伤->治疗方法->早期干预治疗,0.65,治疗方法
一名18岁女性患者因感冒发热1周后出现心悸、气促和不能平卧现象。在心脏检查中，心率为每分钟110次，律齐，心尖部闻及舒张早期奔马律及收缩期吹风样杂音2/6级。当她的奔马律在胸骨下端左缘听到时，这种奔马律的性质是什么？,病毒感染后->可能患有疾病->心肌炎,0.9,可能患有疾病
一名42岁的女性患者，最近一个月出现进行性腰部疼痛，尤其在夜间更加严重。她在一年前因乳腺癌进行了手术治疗。为了明确她腰痛的原因，哪种检查方法最有价值？,骨转移->治疗方法->药物治疗,0.6,治疗方法
一名18岁男性患者的X线胸片检查发现左侧胸腔第6胸椎旁有一直径约6cm的圆形肿块影，从这个位置和影像特征来看，这个肿块最可能的诊断是什么？,后纵隔肿块->疾病描述->神经鞘瘤,0.45,疾病描述
49岁男性患者有劳力性胸痛病史，心率为110次/分。为了控制这种情况下的心率，应优先选择哪种药物？,劳力性胸痛->疾病描述->冠心病,0.87,疾病描述
针对一名30岁妇女，结婚7年，月经不调且基础体温单相，未避孕但未妊娠，检查精液常规和输卵管造影均无异常，超声发现子宫肌瘤且体重增加，结合这些病史和症状，为确定诊断，应该使用哪一种诊断方法？,不孕症->诊断检查->子宫内膜活检,0.5,诊断检查
一名28岁男性患贫血5年，血红蛋白60g/L，血小板25×10^9/L，白细胞2.8×10^9/L，网织细胞0.3%，骨髓增生活跃，其中浆细胞5%，淋巴细胞50%，组织嗜碱细胞3%，巨核细胞少见，Ham's试验阴性。请问对该患者来说，哪种治疗方法为最佳选择？,再生障碍性贫血->常用药品->抗胸腺细胞球蛋白,0.07,常用药品
对于一位男性患者，25岁，近期发现有贫血但无明显自觉症状，体检发现浅表淋巴结不大，脾肋下4cm，血红蛋白80g/L，红细胞3×10^12/L，红细胞渗透脆性试验减低，且其母有贫血病史，你认为应该做哪项检查来确诊？,遗传性球形红细胞增多症->并发症->胆结石,0.32,并发症
一位30岁的女性患者表现出失眠多梦、易惊醒、胆怯心悸、遇事善惊、气短乏力、舌淡、脉弦细的症状，针对这些症状，应该选择哪种中药方剂进行治疗？,失眠多梦->并发症->心悸,0.54,并发症
一名50岁男性，大量饮酒后出现上腹部剧烈疼痛，伴呕吐。保守治疗3天后病情恶化，并出现休克。查体显示体温38.9℃，脐周及背部可见大片青紫瘀斑，上腹腹肌紧张，腹部压痛和反跳痛明显，肠鸣音减弱。根据这些症状和体征，你首先考虑的诊断是什么？,急性重症胰腺炎->治疗方法->抗生素使用,0.18,治疗方法
患者肛门肿痛，皮色暗红，化脓时间长，溃后脓液稀薄，创口难愈合，伴有午后潮热、心烦口干，舌质红，苔少，脉象细数，应选择什么方剂进行治疗？,阴虚内热->治疗方法->青蒿鳖甲汤,0.9,治疗方法
一名40岁的男性患者表现为发热、咳嗽并伴有臭脓痰长达2周，有时痰中带血。他有多年的吸烟史，血液检查显示白细胞计数为23×10^9/L，中性粒细胞为90%。X线胸片显示右下肺有大片状阴影，并出现空洞和液平面。在此情况下，应该采取怎样的处理措施？,肺脓肿->治疗方法->引流措施,0.85,治疗方法
针对一名患者，表现为心下痞硬，噫气不除，或反胃呕逆，吐涎沫，舌淡，苔白滑，脉弦而虚，请问应选用哪种中药方剂进行治疗？,旋覆代赭汤->治疗方法->降逆化痰,0.9,治疗方法
患者反复发作呼吸困难、胸闷、咳嗽及咳痰，春季加重，双肺湿啰音。最适合治疗药物？,哮喘->治疗方法->吸入性糖皮质激素,0.87,治疗方法
一位中年妇女在结喉正中稍右处有一个如鸡蛋大的半球形肿块，边界清楚，表面光滑，无压痛，皮色正常，并随吞咽动作上下移动。根据这些症状，多数诊断会认为是什么类型的瘿？,甲状腺结节->治疗方法->药物治疗,0.3,治疗方法
对于一名35岁女性，右侧乳突区疼痛2天，口角左歪1天，诊断过程中，哪一项体征最能帮助确定病变部位？,面瘫->并发症->口角歪斜,0.5,并发症
对于一名56岁的男性患者，有慢性肝炎病史20年，近期出现右上腹隐痛不适，B超显示肝脏有低回声占位性病变，边界不清晰，其中一肿瘤靠近第二肝门部及下腔静脉，大小约8cm×7cm，另一肿瘤位于肝右后叶，直径3cm，并伴有肝硬化，这种情况下的首选治疗方法是什么？,慢性肝炎->并发症->肝癌,0.58,并发症
根据患者的症状表现和体质情况，怀孕50天的女性患者出现腰酸腹痛、阴道少量出血等问题，首选哪种中药进行治疗？,寿胎丸->并发症->胎动不安,0.18,并发症
疟疾患者使用二盐酸奎宁静滴抢救时出现寒战、高热、血红蛋白尿，应换用何药？,重症疟疾->治疗方法->青蒿素类,0.89,治疗方法
一个8岁男孩，身材矮小，上下肢比例正常，面容较幼稚，腹部皮下脂肪丰满，手腕骨X线片显示骨龄为5岁。根据这些临床特征，他可能患有什么疾病？,生长激素缺乏症->治疗方法->生长激素检测,0.75,治疗方法
"一名27岁已婚妇女,在停经13周时出现不规则阴道出血,持续10余天,量不多且暗色。在妇科检查中,发现其子宫大小如新生儿头,张力较大,且两侧附件均可触及手拳大小、活动良好并光滑的肿物。最可能的诊断是什么?",葡萄胎->症状->暗色阴道出血,0.6,症状
对于31岁初产妇产后10天仍有血性恶露伴随色淡质稀、无臭味，精神倦怠，小腹空坠，面色白光白，舌淡，苔白，脉缓弱的症状，应首选什么方剂进行治疗？,气虚->症状->面色白光白,0.5,症状
一名20岁男性，出现全身水肿半个月，最近呼吸困难和尿量减少，血压升高至170/120mmHg，并伴随全身高度水肿以及右侧胸腔及腹腔积液。经诊断为肾病综合征，请问此患者首先应使用哪种药物进行治疗？,肾病综合征->常用药品->泼尼松,0.81,常用药品
35岁女性慢性肾炎，GFR为50ml/min，血尿素氮为12mmol/L，血肌酐为256μmol/L，如何判断肾功能状况？,慢性肾病->易患人群->长期药物治疗者,0.52,易患人群
一位52岁的男性患者，身高170cm，体重80kg，有糖尿病家族史，空腹血糖为8mmol/L。针对他的情况，首选的治疗方案是什么？,糖尿病家族史->易患人群->一级亲属,0.78,易患人群
一个足月出生的男婴，顺产，体重3.2kg，出生后20小时出现黄疸，胆红素水平为210μmmol/L。为了明确诊断，应首先进行哪项检查？,黄疸->可能患有疾病->母婴血型不合,0.4,可能患有疾病
患者右上肢外伤后肩部疼痛，活动功能丧失，左手托右肘部。查体显示右肩方肩畸形，搭肩试验阳性，右上臂弹性固定于轻度外展位。根据这些症状，上臂最适宜的固定位置是什么？,肩关节脱位->并发症->腋神经损伤,0.18,并发症
对于一个12岁的患者，出现两小腿皮肤米粒大小、鲜红色、微痒且触之碍手的斑疹，应该首选哪种中药方剂进行治疗？,皮肤病->治疗方法->清热解毒,0.29,治疗方法
一位56岁的男性患者，具有3年风湿性关节炎病史，近期因病情加重服用大量NSAID后，出现黑便。请问黑便的最可能原因是什么？,上消化道出血->传染性->否,0.14,传染性
25岁女性起床后颈背部僵痛、头部转动困难、右侧斜方肌压痛，最可能的疾病？,颈椎病->症状->颈部疼痛,0.32,症状
一名33岁女性患者出现高热伴意识障碍，既往有系统性红斑狼疮史。入院查体显示浅昏迷，脑膜刺激征阳性，并出现喷射性呕吐。基于这些表现，入院后应首先进行哪项轴位扫描以辅助诊断？,脑膜刺激征阳性->传染性->脑膜炎,0.75,传染性
针对一名30岁妇女，结婚7年，月经不调且基础体温单相，未避孕但未妊娠，检查精液常规和输卵管造影均无异常，超声发现子宫肌瘤且体重增加，结合这些病史和症状，为确定诊断，应该使用哪一种诊断方法？,不孕症->诊断检查->输卵管造影,0.65,诊断检查
一个32岁的男性患者，烧伤40%，伤后第10天出现高烧40℃、心率140次/分、呼吸36次/分，创面湿润且有灶性积脓，创周炎症明显，血白细胞计数为20×10/L，但血培养未见细菌生长。这种情况下应考虑患者可能出现了什么并发症？,银花连翘汤->食谱有益于疾病->发热,0.35,食谱有益于疾病
一个8岁男孩出现头痛，CT显示松果体区有结节状稍高密度影，并出现明显增强，且侧脑室室管膜增厚。根据这些临床和影像学特征，这名男孩最可能患有什么类型的肿瘤？,生殖细胞瘤->治疗方法->放化疗联合,0.87,治疗方法
患者骨蒸盗汗、心烦易怒、消渴多食、遗精尿赤、足膝热痛、舌红少苔、脉细数，应选哪种中药方剂？,滋阴降火->可以治疗疾病->肾阴虚,0.17,可以治疗疾病
郭女士，45岁，出现吞咽困难、胸膈疼痛等一系列症状，病情加重后表现为食物无法下咽而反吐，甚至水饮难下，大便干燥如羊屎，或吐出物如赤豆汁，面色晦滞，形体更为消瘦，肌肤枯燥，舌红少津带青紫，脉细涩。根据这些症状，应该选用哪种中药方来进行治疗？,吞咽困难->常用药品->八珍汤,0.68,常用药品
患者症见肢节烦疼、肩背沉重，舌苔白腻微黄，脉濡数，内蕴湿热，外受风邪，此时应选用哪种中药方剂进行治疗？,风邪->并发症->关节僵硬,0.6,并发症
一位8个月大的女婴，面色苍白，毛发稀疏、发黄，舌头有震颤。实验室检查显示MCV为104fl，MCH为38pg，Hb为90g/L。根据这些表现和检查结果，她早期最恰当的治疗方法是什么？,大细胞性贫血->治疗方法->维生素B12和叶酸补充,0.87,治疗方法
一个生后8天的男婴因皮肤黄染伴发热和拒乳入院。体检发现其皮肤明显黄染，肝脾肿大和脐部少量渗液伴脐周红肿。在此情况下，哪种检查方法最有助于确诊感染病因？,新生儿感染->传染性->高,0.17,传染性
该患者在肌内注射妥布霉素3天后出现少尿、恶心呕吐、尿蛋白阳性和血肌酐显著升高，这一系列症状提示其最可能的肾病类型是什么？,急性肾小管坏死->诊断检查->血肌酐,0.04,诊断检查
一位50岁女性患者，被诊断为耐青霉素G的金黄色葡萄球菌性心内膜炎，且青霉素皮试结果为阴性，既往病史包括慢性肾盂肾炎。在这种情况下，应选用哪种抗生素进行治疗？,耐青霉素G的金黄色葡萄球菌性心内膜炎->常用药品->达托霉素,0.8,常用药品
根据患者的症状：干咳、喉痒、痰少粘连、痰中带血、口干等，以及舌质偏红、脉浮数等体征，确定最合适的中药方剂是什么？,桑杏汤->可以治疗疾病->肺阴虚,0.87,可以治疗疾病
对于一名表现出低热、盗汗、乏力等症状，并且PPD试验结果为强阳性的15岁女孩，她的脑脊液检查显示白细胞增多和蛋白升高，在胸片正常的情况下，应选择哪种药物组合进行强化治疗？,结核性脑膜炎->并发症->颅内出血,0.77,并发症
对于一名21岁右利男性患者，突然癫痫发作并伴有头痛、呕吐、颈项强直、低热和命名性失语的症状，询问病史时应该着重询问什么？,病毒性脑炎->症状->癫痫发作,0.95,症状
一位28岁男性患者从高处坠落导致左下肢肿痛3天，伴随以下症状：左足皮温低、感觉减退、足背动脉搏动未触及、足趾冰凉、甲床青紫色；X线片显示左胫腓骨中断粉碎性骨折。请问应采取什么处理方案？,急性骨筋膜室综合征->并发症->肢体坏死,0.2,并发症
一位38岁男性患者在高温环境工作3天后出现头痛、嗜睡、面色潮红等症状，要明确诊断，进行哪项体格检查最有价值？,高温环境工作->可能患有疾病->中暑,0.75,可能患有疾病
一名30岁男性患者因车祸挤压伤急诊入院，第二天出现头痛、头晕、呼吸费力，且24小时尿量仅为300毫升，基于这些症状，考虑他可能发生了什么情况？,外伤挤压->并发症->横纹肌溶解,0.95,并发症
针对63岁男性肝硬化患者，出现右肋部疼痛、发热及血性腹水增多，应首选进行哪项检测以判断病情变化？,海带->食谱有益于疾病->肝硬化,0.33,食谱有益于疾病
对于出现持续发热和口腔溃疡的1岁女患儿，检查发现口腔黏膜充血水肿以及形成透明水泡和溃疡，哪种治疗措施不宜用于此病？,透明水泡->症状->疱疹性口腔炎,0.86,症状
"一名27岁已婚妇女,在停经13周时出现不规则阴道出血,持续10余天,量不多且暗色。在妇科检查中,发现其子宫大小如新生儿头,张力较大,且两侧附件均可触及手拳大小、活动良好并光滑的肿物。最可能的诊断是什么?",葡萄胎->可能患有疾病->子宫肌瘤,0.16,可能患有疾病
25岁女性起床后颈背部僵痛、头部转动困难、右侧斜方肌压痛，最可能的疾病？,颈背部僵痛->可能患有疾病->落枕,0.95,可能患有疾病
一位20岁的健康女性突然出现右眼发痒和流眼水，伴有眼红和耳前淋巴结稍触及，角膜和眼底检查正常，右眼视力完好。在这种情况下，最有可能的诊断是什么？,病毒性结膜炎->治疗方法->抗生素治疗,0.3,治疗方法
一名35岁男性患者在车祸受伤3小时后入院，表现为昏迷，双侧瞳孔等大等圆且对光反应存在，痛刺激无睁眼，肢体呈屈曲反应。头颅CT显示侧脑室有少量出血，额叶白质内有散在挫伤灶，无颅内血肿，中线结构居中，侧脑室和脑池形态基本正常。根据这些临床表现，最可能的诊断是什么？,弥漫性轴索损伤->并发症->长期认知障碍,0.7,并发症
一名70岁男性患者，半年大便秘结，后逐渐变细，近4个月出现反复脓血样大便，每天3-4次，治疗稍缓解。5天前开始未排便，伴有呕吐及无法进食。体检发现全腹胀，无肠鸣音亢进及肿块，肛诊未触及肿块。结肠镜检显示距肛门10厘米处环形狭窄，呈菜花样外观且肠镜无法通过。请问这种临床表现最可能的诊断是什么？,结肠癌->并发症->腹胀,0.65,并发症
根据以下病情描述和实验室检查结果：38岁女性患者反复手指关节疼痛，并伴有面色苍白和乏力症状，实验室数据显示HGB为50g/L，白细胞和血小板均正常，血清铁为5.78μmol/L，铁蛋白为150μg/L，请问最可能的诊断是什么？,贫血->治疗方法->补铁治疗,0.7,治疗方法
当患者出现晕厥发作，心电图显示多形性宽QRS波心动过速，主波方向围绕等电位线上下改变时，应考虑哪种诊断？,尖端扭转型室速->治疗方法->电复律,0.76,治疗方法
某中年男性在乘坐汽车时发生车祸后出现右髋关节疼痛，活动受限，患肢短缩，并呈屈曲、内收、内旋畸形。根据这些症状，最可能的诊断是什么？,髋关节后脱位->症状->疼痛、活动受限、患肢短缩、屈曲、内收、内旋畸形,0.95,症状
对于一个8个月大，腹泻伴呕吐，6小时无尿的男婴，其临床表现包括前囟凹陷，皮肤弹性差等，实验室检查血钠浓度为134mmol/L。在这种情况下，初步快速扩容静脉输液应该给予什么类型的含钠液体？,脱水->症状->皮肤弹性差,0.83,症状
对于一位22岁男性患者，出现发热、乏力、食欲缺乏、恶心呕吐，尿色加深，胆红素水平升高，以及巩膜和皮肤中等度黄疸，肝区轻度叩痛等症状，抗HBs(+)和抗HAV IgM(+)均为阳性，肝肋下触及肝脏，质软，并未触及脾脏，该患者目前的主要治疗措施是什么？,急性甲型肝炎->常用药品->抗生素,0.12,常用药品
一位38岁女性患者，经历5年的心悸、气短、下肢浮肿和纳差症状，并在最近2周加重。体检发现，其心脏区域有级别为3/6的收缩期杂音，心率为120次/分钟，心律规整，双肺底部有湿啰音，肝脏下降至肋下3厘米并有轻度压痛。结合这些体征和症状，请给出该患者的具体心功能诊断。,心力衰竭->可能患有疾病->二尖瓣病变,0.55,可能患有疾病
一名36岁的女性患者，一年来出现入睡困难、工作时头痛、时常血压偏高，怀疑自己得了高血压，并且症状时好时坏，根据这些症状，该患者最可能被诊断为何种精神疾病？,头痛->症状->焦虑障碍,0.65,症状
一位12岁的女孩出现低热和关节疼痛半个月，检查发现其左肘关节附近外侧肱骨骨骺端有硬质无压痛的小结节，该结节与皮肤不粘连且在皮肤绷紧时容易发现，这种皮下结节最有可能是什么？,风湿性结节->治疗方法->非甾体抗炎药,0.5,治疗方法
一位27岁经产妇在妊娠38周时阴道流血2日无痛，量如月经。产后检查发现胎膜破口距胎盘边缘4厘米，胎盘边缘有黑紫色陈旧血块附着。请问本例患者的最终诊断是什么？,前置胎盘->治疗方法->剖宫产,0.15,治疗方法
一名56岁绝经4年的女性患者，出现阴道浆液血性分泌物伴臭味3个月，检查发现宫颈正常大且光滑，子宫稍大稍软。为了确诊这个病例，应该选择哪种辅助检查方法？,阴道分泌物异常->症状->血性分泌物,0.18,症状
对于一名72岁男性患者，反复腹泻2个月，每天大便3至4次，为稀烂便，有少许黏液，偶有血便，但无明显里急后重且体重减轻不明显，最可能的诊断是什么？,结肠癌->诊断检查->结肠镜检查,0.83,诊断检查
中医诊断中，头摇肢颤、口干苦、舌红苔黄腻、脉沉滑，应选择哪个方剂？,川贝->食谱有益于疾病->痰热咳嗽,0.58,食谱有益于疾病
一名45岁女性患者左乳头溢血性液体，并在乳晕区可以触及直径约绿豆大小的结节。针对这种乳房的临床表现，为了明确诊断，应该首先进行哪种检查？,乳腺结节->诊断检查->乳腺超声检查,0.73,诊断检查
一名44岁的女性，间断便血呈鲜红色滴下10年，肛指检查结果为阴性，肛镜检查发现齿状线上直肠黏膜隆起呈紫红色。这种症状最可能诊断为哪种疾病？,便血->症状->肠道溃疡,0.6,症状
一位60岁的男性患者在活动时出现胸骨后疼痛，听诊发现在胸骨右缘第2肋间有4/6级收缩期喷射样杂音。结合这些症状和体征，他最可能的心脏疾病诊断是什么？,主动脉瓣狭窄->症状->喷射样杂音,0.79,症状
对于一名患有急性肾炎且表现有高血压、水肿、尿量减少、呼吸困难、心音低钝、肝肋下2cm增大以及X线示肺纹理增强的10岁儿童，这些体征和症状最可能提示哪个病理状态？,呼吸困难->推荐食谱->油炸食物,0.18,推荐食谱
对于局限期小细胞肺癌患者，在经历了三个周期的化疗后，肿块明显缩小的情况下，接下来的最佳治疗方案是什么？,小细胞肺癌->治疗方法->同步放化疗,0.9,治疗方法
在45岁女性接受回肠及部分空肠切除术后，出现每日10余次稀水样便，进食后病情加重的情况下，导致腹泻的主要原因是什么？,胆盐性腹泻->治疗方法->饮食调整,0.6,治疗方法
一位50岁的男性患者出现下腹隐痛不适和偶尔粘液血便，经过慢性结肠炎的治疗效果不佳。在这种情况下，你认为应该首先进行哪种检查方法？,直肠指诊->症状->血便,0.5,症状
患者李某出现咯血反复发作一个月，同时伴有咳呛气急、午后潮热、五心烦热等症状。根据这些临床表现，应首选哪种方剂进行治疗？,午后潮热->症状->阴虚火旺,0.82,症状
26岁初产妇在产后第4天出现发热、双乳胀痛，体温为38.2℃，双乳出现红肿、血管淋巴充盈和硬结。此时应做何种治疗？,乳汁淤积->治疗方法->热敷按摩,0.84,治疗方法
在55岁诊断为冠心病的男性患者，经过近2周治疗后出现心悸，脉律不齐，心电图示窦性心律，每分钟78次，频发房性早搏和短阵房速的情况下，哪一种药物不适用于治疗这种心律失常？,冠心病->治疗方法->胺碘酮,0.62,治疗方法
一名46岁男性胃癌患者手术后接受顺铂和阿霉素的化学治疗，出现严重恶心呕吐，哪种药物被认为是止吐效果最好的？,昂丹司琼->可以治疗疾病->化疗相关恶心呕吐,0.78,可以治疗疾病
根据一名45岁女性患者的症状：咳嗽十余天，近三天喘促不宁，痰涎壅盛，潮热，便秘，舌苔黄腻，脉右寸实大，应使用哪种中医方剂进行治疗？,宣白承气汤->并发症->气喘,0.17,并发症
一位25岁的男性患者因劳累时出现心悸和胸骨后疼痛1年，查体发现胸骨右缘第二肋间可闻及全收缩期3/6粗糙的吹风杂音，第二心音减弱。基于这些临床表现，可能的诊断是什么？,主动脉瓣狭窄->诊断检查->心脏听诊,0.85,诊断检查
一个34岁的男性出现发热、背部疼痛、不能直立和局部软组织肿胀等症状，结合医学影像，他的症状最可能指向哪种疾病？,化脓性脊椎炎->治疗方法->抗病毒治疗,0.06,治疗方法
根据以下症状描述：王某，女57岁，咳喘12年，近半年下肢浮肿，经常心悸，动则尤甚，近2天来心悸咳喘加重，咯痰清稀，面部下肢浮肿，尿少，夜间不能平卧，面唇青紫，苔白滑舌胖质暗，脉沉细无力，该病例最可能的中医诊断是什么？,肺胀->治疗方法->补气养血,0.18,治疗方法
一名岁女性近半年偶有接触性出血，经妇科检查发现宫颈糜烂I度单纯型，宫颈刮片结果显示为不典型鳞状上皮细胞性质未定，若进一步的病理结果为CINⅢ，最佳的处理方法是什么？,蔬菜汤->食谱有益于疾病->宫颈疾病,0.42,食谱有益于疾病
在患者女性17岁海鲜过敏后的这次急性发作中，若出现喘急鼻煸、张口抬肩、胸高气促、面青、汗出、肢冷、脉浮大无根的症状，应使用什么药物进行治疗？,过敏性休克->治疗方法->肾上腺素,0.95,治疗方法
在45岁女性接受回肠及部分空肠切除术后，出现每日10余次稀水样便，进食后病情加重的情况下，导致腹泻的主要原因是什么？,胆盐性腹泻->治疗方法->考来烯胺,0.85,治疗方法
患者宋某出现干咳少痰、痰中带血丝、形瘦气短、虚烦盗汗等症状，结合脉象为虚数，以及咽干舌燥、大便难、虚热时发等表现，试问应选用哪种中药汤剂进行治疗？,肺阴虚->诊断检查->舌质红少津,0.64,诊断检查
56岁男性背痈溃后脓水稀少，坚肿不消，精神不振，面色无华，脉数无力。首选中药方剂？,气虚->治疗方法->补气汤剂,0.19,治疗方法
一名42岁的女性患者，多年乏力，体检发现双侧甲状腺呈结节性肿大且质地较韧，考虑诊断为慢性淋巴细胞性甲状腺炎。为确诊该疾病，哪项检查具有决定性价值？,慢性淋巴细胞性甲状腺炎->诊断检查->甲状腺功能检查,0.6,诊断检查
一位32岁的女性在遇到寒冷时，双手顺序出现苍白、青紫和潮红，病程已有3年，逐渐加重且每次发作持续15到30分钟。根据该患者被诊断为雷诺综合征，请描述她在发作时的典型症状是什么？,雷诺综合征->症状->病程逐渐加重,0.74,症状
"一名50岁的女性干部，间歇性腹泻半年，3天前又发作，出现黄色稀便，带脓血，每天6至8次，同时伴有左下腹隐痛。便常规检查显示：RBC（+）/HP, PC（+）/HP, WBC（+++）/HP。基于这些症状和检验结果，该患者最可能的诊断是什么？",溃疡性结肠炎->症状->脓血便,0.65,症状
对于65岁男性，具有高血压和糖尿病病史，出现右侧肢体无力和麻木7小时，头颅CT未见高密度信号，应该首先采取什么治疗措施？,缺血性卒中->治疗方法->药物治疗,0.9,治疗方法
一位25岁的女性患者，停经30周，出现进食油腻食物后左上腹持续性疼痛伴发热和频繁呕吐。根据她的临床表现，最适合的首选影像学检查方法是什么？,胆囊炎->诊断检查->胆囊超声,0.83,诊断检查
针对一名10个月大的女婴，长期母乳喂养且母亲素食为主，出现面色苍白、精神呆滞、贫血等症状，血红蛋白和网织红细胞水平偏低，外周血成熟红细胞以大细胞为主的情况，最佳的解决方案是什么？,维生素B12缺乏->治疗方法->多种维生素补充,0.69,治疗方法
一名35岁男性患者，反复腹泻4年，大便中常见食物残渣，多次大便常规和培养均正常，肠镜检查结果如图所示。根据这些信息，应该采用哪种根本治疗方案来解决其腹泻问题？,胰腺外分泌功能不全->治疗方法->酶替代疗法,0.88,治疗方法
一名58岁男性患者，有5年糖尿病史，服用格列本脲，但在近期出现尿频、尿痛、尿急，并于昨天昏迷。其化验结果显示空腹血糖为24.0mmol/L，血钠为148mmol/L，血尿素氮为7.08mmol/L，尿糖为+++，尿酮为++。根据这些症状和化验结果，应诊断为何种病症？,糖尿病酮症酸中毒->忌吃->高糖食品,0.57,忌吃
一名3岁患儿出现胸骨左缘第2、3肋间Ⅱ~Ⅲ级收缩期吹风样杂音，肺动脉瓣区第二音亢进和固定分裂，心电图显示右心室增大的情况，可能的诊断是什么？,房间隔缺损->治疗方法->药物治疗,0.65,治疗方法
1岁8个月女婴间断发热20天，抽搐，体温37.6°C，脾肿大，颈部抵抗和克氏征阳性。脑脊液白细胞260×10⁶/L，中性粒细胞40%，淋巴细胞60%，糖1.8mmol/L，氯280mmol/L。最可能诊断？,病毒性脑膜炎->症状->抽搐,0.88,症状
根据一位49岁女性患者，近半年来反复出现头痛、头晕、四肢麻木、周身发热、情绪不稳等症状，体检未见神经系统体征，X线片显示颈5~6椎体后缘轻度骨质增生，MRI显示颈髓无明显受压，你认为最可能的诊断是什么？,自主神经功能紊乱->食谱有益于疾病->酸枣仁,0.19,食谱有益于疾病
描述患者症状为：日晡潮热、谵语、纯利稀水、恶臭异常、腹胀硬痛、肛门灼热、舌苔黄燥、脉沉有力。这种情况下，应该采用哪种中药汤进行治疗？,调胃承气汤->常用药品->大黄,0.62,常用药品
患者是一名50岁肥胖男性，经常感到胸闷、憋气和胸痛，有时疼痛会放射至背部，舌质紫暗而苔薄腻，脉象弦滑。在治疗过程中，应该选择哪种中药来缓解患者的症状？,气滞血瘀->治疗方法->补气方,0.52,治疗方法
根据一名45岁女性患者的病情描述，她的下唇出现了暗红色斑块，中央稍凹陷，边缘稍隆起，损害黏膜侧有白色放射状条纹，皮肤侧有黑色围线，且组织病理表现为角质栓形成和固有层血管周围密集细胞浸润，结合她的长期日晒史，这种病损最可能诊断为什么？,盘状红斑狼疮->治疗方法->免疫抑制剂,0.73,治疗方法
一名42岁女性患者，经历了3年的劳力性胸闷和气促，发作时硝酸甘油无效。查体时在胸骨左缘第3肋间听到收缩期杂音。为确诊，首选应进行哪项检查？,心脏病->诊断检查->心脏超声,0.85,诊断检查
一名9岁男孩患者在外伤后出血不止，实验室检查显示白细胞5×10^9/L，血红蛋白110g/L，血小板101×10^9/L，出血时间正常，凝血时间正常，KPTT为80s（正常对照30s），可被正常血清纠正，但不能被钡吸附正常血浆纠正。根据这些临床和实验室检查结果，请给出该患者的诊断。,血友病B->症状->关节出血,0.15,症状
一位36岁女性患者的颊部黏膜出现白色斑块并带有皱褶。显微镜下检查显示上皮厚度增加，上皮细胞内出现水肿，胞核固缩或消失，并出现空泡性变。根据这些病理特征，该病理诊断应该是什么？,白色水肿->症状->颊部白斑,0.95,症状
6岁患儿，高热3天，头痛，呕吐，皮肤有淤点、淤斑，项强直(+)，血白细胞21×10/L，中性粒细胞82%，脑脊液外观浑浊，脑脊液直接涂片细菌阳性。请问此病的传染源是什么？,脑膜炎->症状->高热,0.78,症状
根据一名48岁女性患者的症状，包括紧张不安、多虑、失眠、头晕、心痛、注意力不集中、阵发性心悸、胸闷和四肢无力，而头颅MRI未发现异常，请问该患者最可能被诊断为什么心理疾病？,神经衰弱->症状->失眠,0.15,症状
一位65岁的男性患者，颈部出现了片状稍微隆起的紫红色浸润区，质地坚韧且界限不清，中央有多个脓栓。根据这些症状，应首先考虑是什么病症？,簇性疖->疾病描述->葡萄球菌感染,0.84,疾病描述
一名76岁的男性患者突发表现为“糊涂，忘事”，反应迟钝，通过MRI检查后，你认为最可能的诊断是什么？,反应迟钝->症状->脑出血,0.85,症状
如果患者表现出精神抑郁、神志呆钝、胸闷叹息、忧虑多疑、自语或不语、不思饮食，并伴有舌苔薄白或腻，脉弦细或弦滑，这些症状属于哪种中医证型？,痰气郁结->症状->胸闷叹息,0.89,症状
患者出现尿频、尿急、尿痛，声像图显示右肾轻度肿大，多个液性腔及钙化灶，最可能的诊断是什么？,尿路症状->并发症->肾衰竭,0.18,并发症
一位52岁的男性患者，身高170cm，体重80kg，有糖尿病家族史，空腹血糖为8mmol/L。针对他的情况，首选的治疗方案是什么？,2型糖尿病->治疗方法->生活方式干预,0.68,治疗方法
一名24岁女性患者，出现齿龈出血6天，血检结果为血红蛋白125g/L、白细胞5.4×10^9/L、血小板45×10^9/L，骨髓检查显示巨核细胞增多而其他结果正常。根据这些信息，该患者可能的诊断是什么？,特发性血小板减少性紫癜->诊断检查->骨髓检查,0.55,诊断检查
一名70岁男性，高热、咳嗽、咳脓血痰1周，伴有糖尿病病史10年。查体显示体温39.5℃，精神差，双肺底可闻及湿性啰音，胸部X线片显示双下肺斑片状影，多发小气囊腔，血液检查显示白细胞计数18.2×10^9/L，中性粒细胞占92%。根据这些临床表现和检查结果，该患者最可能感染的病原体是什么？,脑出血->并发症->癫痫,0.6,并发症
一名女性患者，28岁，症状包括腰痛脚弱，下半身冷感，少腹拘急，小便不利，舌质淡胖，脉沉迟而弱，请问应选用哪种中药方剂进行治疗？,肾阳虚->常用药品->八味地黄丸,0.63,常用药品
一名2岁患儿已患肺炎1周，近日全身中毒症状加重，并出现高热持续不退、呼吸困难加重、频繁咳嗽、面色发绀和低血压。综合这些症状，最有可能的诊断是什么？,低血压->推荐食谱->高盐饮食,0.15,推荐食谱
3岁男童，自幼蹲位排尿，阴茎发育小且向下弯曲，尿道口位于阴囊部，双侧阴囊未触及睾丸，应做何检查？,性发育异常->可能患有疾病->性别发育异常,0.53,可能患有疾病
一位53岁的女性患者，胸闷乏力数月，并偶尔感到胸痛，无发热，X线检查结果显示多发性肺部病灶。根据这些临床表现和X线结果，最可能的诊断是什么？,肺部肿瘤性病变->诊断检查->肺部CT,0.58,诊断检查
一名55岁男性患者，出现右上腹痛2个月，伴有皮肤和巩膜黄染15天，并进行性加重，查体显示胆囊肿大，超声提示肝内胆管扩张且胆囊肿大，在胰腺平面以上肝外胆管扩张但胰头及胰管无明显异常的情况下，最可能观察到的影像学征象是什么？,胆囊肿大->诊断检查->超声检查,0.62,诊断检查
某患者15岁，左颈部有3个中等硬度的肿大淋巴结，其中1个坏死且破溃形成瘘管，该病例可能是患了哪种疾病？,结核性淋巴结炎->治疗方法->抗结核药物治疗,0.14,治疗方法
一名28岁男性病人出现上腹痛1周、黑便3天、每天排便3～4次且量较多，并伴有头昏、乏力、心慌，有间断上腹痛病史3年，饮酒史4年且每天摄入2两白酒，曾有乙肝病史。基于这些临床表现，你认为该病人最可能的诊断是什么？,消化性溃疡->治疗方法->质子泵抑制剂,0.06,治疗方法
患者在急性淋巴细胞白血病化疗完全缓解后的缓解期，出现了头痛、恶心、呕吐和手足抽搐的症状。这些症状表明患者最可能发生了什么情况？,急性淋巴细胞白血病->并发症->中枢神经系统复发,0.88,并发症
一位48岁男性患者，具有15年高血压病史，现在突然出现剧烈的胸背部疼痛，伴有面色苍白。体检发现其脉搏为88次/分，血压为170/120mmHg，心电图正常。请问该患者最有可能被诊断为何种疾病？,主动脉夹层->症状->剧烈胸痛,0.9,症状
一名居住在海拔1478米的8岁男孩体检显示：血红蛋白(Hb) 120g/L，平均血红蛋白量(MCH) 27pg/L，平均红细胞体积(MCV) 79fl，平均红细胞血红蛋白浓度(MCHC) 30%，血清铁蛋白11ug/L，红细胞游离原卟啉0.8umol/L。根据这些数据，如何评估该男孩的健康状况？,缺铁性贫血->治疗科室->儿科,0.57,治疗科室
根据某女患者，73岁，患有肺心病，出现喘促、不能平卧、心悸尿少、肢体浮肿、舌质淡胖、脉沉细的症状，应该使用什么方剂进行治疗？,心肾阳虚->治疗方法->药物调理,0.8,治疗方法
26岁女性，停经48天，出现阴道少量流血5天，偶有腹痛。月经平素规律，体温36.6℃，脉搏80次/分钟，血压120/65 mmHg。体检显示宫颈软，宫体稍大且软，附件无异常，血常规显示血红蛋白126g/L，白细胞计数7.3×10^9/L。请根据体征和检验结果，判断最可能的诊断是什么？,先兆流产->治疗方法->保胎治疗,0.86,治疗方法
30岁男性，三年右腹股沟可复性包块，突然右下腹痛伴呕吐1天，阵发性加重，无排便排气。体检：全腹不胀，无肠型，右下腹压痛无反跳痛，肠鸣音稍亢进，偶尔气过水声，右腹股沟2cm×2cm×3cm韧性压痛包块，局部皮肤阴囊正常。诊断？,嵌顿疝->症状->肠梗阻,0.83,症状
一名7岁的患儿，2周前得过猩红热，最近两天出现眼睑水肿，血压为16.0/10.7kPa(120/80mmHg)，尿常规显示蛋白++，红细胞5~8个/HP，目前水肿明显且尿量200ml/日。在护理过程中，应特别警惕发生哪种严重并发症？,急性肾小球肾炎->并发症->尿毒症,0.18,并发症
根据患者黄疸消退后出现的症状，如脘腹痞闷、肢倦乏力、胁肋隐痛不适、饮食欠香、大便不调、苔薄白、脉弦细，请诊断其证候是什么？,肝脾不调->症状->胁肋隐痛,0.82,症状
"一名27岁已婚妇女,在停经13周时出现不规则阴道出血,持续10余天,量不多且暗色。在妇科检查中,发现其子宫大小如新生儿头,张力较大,且两侧附件均可触及手拳大小、活动良好并光滑的肿物。最可能的诊断是什么?",葡萄胎->诊断检查->血液中hCG升高,0.83,诊断检查
一名40岁的女性患者，头痛持续2年，CT显示右小脑桥脑角处有一个4×5cm的囊实性占位性病变，并跨越到鞍旁，实性部分显示增强，内听道正常。根据这些症状和影像学表现，这种病变最可能是什么类型的肿瘤？,小脑桥脑角肿瘤->症状->神经鞘瘤,0.63,症状
根据淋巴瘤的分期原则，评估以下这种病人的分期：35岁女性，表现为发热、乏力伴消瘦，检查结果显示左颈、两侧腋窝和腹股沟可触及数个淋巴结，脾肋下3cm，骨髓正常，红细胞沉降率80mm/h，胸部X线检查阴性，肝区B超正常，淋巴结活检为混合细胞型。,B细胞型淋巴瘤->治疗方法->化疗,0.12,治疗方法
一位12岁的女孩出现低热和关节疼痛半个月，检查发现其左肘关节附近外侧肱骨骨骺端有硬质无压痛的小结节，该结节与皮肤不粘连且在皮肤绷紧时容易发现，这种皮下结节最有可能是什么？,风湿性结节->症状->小结节,0.77,症状
一名45岁的女性患者有心肌缺血病史，最近出现心慌和气短的症状，经心电图检查诊断为阵发性室上性心动过速。根据她的病情，哪种药物是治疗这种情况的最佳选择？,室性心动过速->治疗方法->利多卡因,0.17,治疗方法
房颤中风后出现口舌歪斜、舌强不语、烦躁失眠、眩晕，舌质暗红少苔，脉细弦数，诊断是什么？,肝肾阴虚->可能患有疾病->虚风内动,0.88,可能患有疾病
一名50岁的男性患者腰疼4个月，伴有腰2、3叩击痛，影像检查显示腰2/3椎间隙变窄，相邻骨性终板有侵蚀样骨质破坏，腰2椎体压缩呈楔形，两侧腰大肌肿胀。基于这些临床表现和影像特征，应如何诊断此病症？,结核->治疗科室->感染科,0.06,治疗科室
一位20岁男性患者经历了一周的高热、干咳和气促，胸部X光片显示右侧有大量胸腔积液，并已接受INH+SM+RFP治疗。请问对该患者胸腔积液的最恰当处理措施是什么？,胸腔积液->治疗方法->胸腔穿刺,0.9,治疗方法
对于一位65岁男性肺癌患者，在化学治疗期间出现左下肢肿胀和疼痛，经Doppler超声检查诊断为深静脉炎，并在抗凝治疗后症状有所改善。在早餐时突然出现气急、胸闷和心前区疼痛，呈进行性加重，口唇发绀，坐位，心界扩大，心率120次/分，P2亢进，右下肺呼吸音降低，既往有高血压和冠心病史。此时进行的哪项非创伤性检查最有诊断价值？,肺动脉栓塞->诊断检查->CT肺动脉造影,0.88,诊断检查
一名30岁男性患者，头颅CT显示左小脑半球有一个3cm×4cm的囊样低密度区，并伴有壁结节，结节明显增强，四脑室受压变形及右移。根据这些影像特征，最可能的诊断是什么？,血管母细胞瘤->治疗方法->手术切除,0.65,治疗方法
针对一名4岁患儿，出现脐周腹痛，时作时止，面色萎黄，日渐消瘦，恶心呕吐，大便排出蛔虫1条，睡眠中磨牙的症状，请问首选的治疗中药方剂是什么？,蛔虫病->症状->便秘,0.5,症状
根据一名23岁女性患者的症状表现，如发热、腹泻便秘交替和右下腹部轻度压痛等，为了明确诊断，应该进行哪项检查最为重要？,炎症性肠病->诊断检查->结肠镜检查,0.7,诊断检查
一名24岁的男性，患有小肠疝气，经常发作，现在表现为一侧阴囊偏坠肿胀，遇寒疼痛加重，痛引睾丸，舌淡苔白，脉弦紧。在治疗上，应该选择哪种中药来缓解症状？,中药治疗->常用药品->吴茱萸,0.88,常用药品
某患者15岁，左颈部有3个中等硬度的肿大淋巴结，其中1个坏死且破溃形成瘘管，该病例可能是患了哪种疾病？,结核性淋巴结炎->并发症->瘘管形成,0.36,并发症
对于一名27岁的女性患者，她肋腹胀痛、攻窜不定并且疼痛随着饮食变化呈现时轻时重的特点，舌苔白且脉象弦，应如何搭配中药以缓解其症状？,攻窜疼痛->治疗方法->针灸,0.33,治疗方法
一名50岁男性患者视力略减退，眼外检查无异常，但眼底检查显示静脉曲张、动脉变细，并且乳头面上出现大片状火焰状出血，同时视网膜反光增强以及可能出现黄白色类脂质变性及出血。根据这些临床表现，这种情况最可能的诊断是什么？,中央视网膜静脉阻塞->诊断检查->眼科MRI,0.2,诊断检查
48岁男性患者，自诉双髋关节疼痛4年，并在最近5个月加重导致跛行。4年前该患者因角膜炎长期服用激素。请根据这些信息判断该患者最可能的诊断是什么？,股骨头坏死->并发症->关节疼痛,0.78,并发症
一位30岁的患者，其11号牙齿冠折1/4，5年来没有叩痛和松动，牙齿色泽也没有改变，X线片显示11号牙齿的根尖没有阴影。根据这些情况，最适合的治疗方案是什么？,牙冠折->治疗方法->牙髓活力测试,0.75,治疗方法
对于一名52岁男性患者，他患有高血压10年和糖尿病3年，最近一周出现严重头痛和有时恶心。测量血压为25.3/15.9kPa（190/120mmHg），尿液检查显示尿蛋白和尿糖均为阳性（++），血肌酐为226μmol/L。根据这些临床信息，应该首先考虑使用哪种药物进行治疗？,高血压急症->治疗方法->钙通道阻滞剂,0.85,治疗方法
女性患者腰麻术后4小时出现烦躁不安，下腹部膨隆且叩诊浊音，生命体征正常。最可能考虑？,膀胱膨隆->症状->下腹部膨隆,0.56,症状
一名18岁女性患者因感冒发热1周后出现心悸、气促和不能平卧现象。在心脏检查中，心率为每分钟110次，律齐，心尖部闻及舒张早期奔马律及收缩期吹风样杂音2/6级。当她的奔马律在胸骨下端左缘听到时，这种奔马律的性质是什么？,吹风样杂音->可以治疗疾病->心律失常,0.1,可以治疗疾病
对于一位60岁的女性患者，表现出心悸、手颤等甲状腺功能亢进症状，并且心率为128次／分，心律不整，心音强弱不等，针对这些心血管并发症应该给予怎样的治疗药物以控制心率？,甲状腺功能亢进症->治疗方法->抗甲状腺药物,0.7,治疗方法
一名67岁男性患者，数天来出现头痛和呕吐，4个月前曾有头部摔伤史。头颅CT显示右额颞顶新月形中等密度影。请问这种情况下，该患者的首选治疗方法是什么？,脑出血->治疗方法->开颅手术,0.18,治疗方法
对于一位怀孕5个月的女性患者，出现尿少、尿液颜色偏黄、排尿艰涩疼痛、面色发红、心烦、口舌生疮等症状，伴随舌红苔黄和脉细滑数，应该采用哪种治疗方法？,湿热->治疗方法->滋阴养胎,0.35,治疗方法
一位53岁的女性患者，胸闷乏力数月，并偶尔感到胸痛，无发热，X线检查结果显示多发性肺部病灶。根据这些临床表现和X线结果，最可能的诊断是什么？,肺部肿瘤性病变->症状->多发性肺部病灶,0.43,症状
一位57岁女性绝经3年，近2个月出现少量阴道流血，伴随下腹胀痛。经过盆腔冲洗液检查发现癌细胞，快速病理显示为透明细胞癌，侵及子宫肌层最深处达到1/2。根据FIGO2009的标准，她的癌症分期应该是什么？,子宫癌->症状->阴道流血,0.5,症状
一位30岁的女性产后哺乳1个月，右侧乳房出现紧韧肿硬，皮肤出现橘皮样改变，并且全身炎症反应不明显。根据这些临床表现，最可能的诊断是什么？,炎性乳腺癌->症状->橘皮样改变,0.91,症状
根据一名52岁女性左小腿肿胀两年余，活动后稍加重，不痛不热的症状，以及所提供的图像，最可能的诊断是什么？,淋巴水肿->并发症->活动后加重,0.8,并发症
一位48岁的女性，三个月前无明显诱因出现右上腹不适，表现为钝痛。结合影像学表现，其最可能的诊断是什么？,右上腹钝痛->可能患有疾病->慢性胆囊炎,0.95,可能患有疾病
一位43岁女性患者，表现出头痛畏寒、面色白、四肢不温、舌质淡胖、有齿痕、脉沉细等症状，请问对于这位患者，应该选择哪一种主要方剂来进行治疗？,脾肾阳虚->症状->头痛畏寒,0.7,症状
针对一名25岁的男性患者，他在额头、面部、胸部和背部反复出现红色丘疹、脓疱、囊肿和结节已有10年，并留有紫红色瘢痕，请描述一种不适合用于治疗此患者的药物或方法，并说明原因。,囊肿性痤疮->治疗方法->口服异维A酸,0.68,治疗方法
35岁女性慢性肾炎，GFR为50ml/min，血尿素氮为12mmol/L，血肌酐为256μmol/L，如何判断肾功能状况？,慢性肾病->易患人群->长期药物治疗者,0.52,易患人群
一位32岁的女性在遇到寒冷时，双手顺序出现苍白、青紫和潮红，病程已有3年，逐渐加重且每次发作持续15到30分钟。根据该患者被诊断为雷诺综合征，请描述她在发作时的典型症状是什么？,雷诺综合征->疾病描述->血管痉挛导致手指颜色改变,0.85,疾病描述
一位56岁的男性患者，具有3年风湿性关节炎病史，近期因病情加重服用大量NSAID后，出现黑便。请问黑便的最可能原因是什么？,NSAID->常用药品->布洛芬,0.74,常用药品
45岁男性，畏寒、乏力、性欲减退，低血压低钠，2年前脑部肿瘤放疗，静脉输液后改善，体位性低血压，皮肤干燥，阴毛腋毛稀疏，睾丸小，贫血，尿渗透压高，最可能诊断？,体位性低血压->症状->血压降低,0.17,症状
一名38岁的女性患者因反复肾结石入院，血钙水平为10mg/dl。口服钙负荷后，患者血钙未升高，但24小时尿钙排出量为350mg，空腹尿cAMP升高，口服钙负荷后尿cAMP降至正常。根据这些临床表现，最可能的诊断是什么？,特发性高钙尿症->症状->反复肾结石,0.95,症状
对于一位46岁男性患者，出现心悸气短症状12年，并在心尖部听到舒张期隆隆样杂音，请描述心尖内侧听诊时可能出现的异常声音。,二尖瓣狭窄->诊断检查->二尖瓣听诊,0.72,诊断检查
哪种药物属于高效利尿剂且耳毒性低，适用于有听力缺陷及急性肾衰竭患者？,耳毒性->并发症->听力缺陷,0.1,并发症
根据患者因车祸头部受伤后出现的症状，如左侧瞳孔散大、对光反应消失、右侧肢体瘫痪等，结合病情进展过程，推断患者最可能出现什么类型的脑部病情变化？,脑损伤->症状->头痛,0.12,症状
对于一位男性患者，25岁，近期发现有贫血但无明显自觉症状，体检发现浅表淋巴结不大，脾肋下4cm，血红蛋白80g/L，红细胞3×10^12/L，红细胞渗透脆性试验减低，且其母有贫血病史，你认为应该做哪项检查来确诊？,遗传性球形红细胞增多症->诊断检查->EMA结合试验,0.43,诊断检查
一名30岁的男性患者因左侧季肋部撞击伤导致左侧第9、10肋骨骨折，经过保守治疗3天后出现晕厥，伴心率118次/分和血压85/55mmHg。基于这些症状，最可能的原因是什么？,脾破裂->治疗方法->紧急脾切除术,0.71,治疗方法
请根据以下症状描述确定适宜的中药方剂：患者男，65岁，症见发热，体温可高达39℃，自汗出，渴喜温饮，少气懒言，面色苍白，大便稀溏，舌质淡，苔薄白，脉虚洪。,萝卜->食谱有益于疾病->肺热咳嗽,0.15,食谱有益于疾病
30岁男性，三年右腹股沟可复性包块，突然右下腹痛伴呕吐1天，阵发性加重，无排便排气。体检：全腹不胀，无肠型，右下腹压痛无反跳痛，肠鸣音稍亢进，偶尔气过水声，右腹股沟2cm×2cm×3cm韧性压痛包块，局部皮肤阴囊正常。诊断？,腹痛->症状->呕吐,0.19,症状
一名48岁的女性患者，近2年来常因情绪不舒而出现呕吐现象，症状包括呕吐吞酸、嗳气、叹息、胸胁胀满，舌红，脉弦。在这种情况下，首选的中医方剂是什么？,情绪不舒->可能患有疾病->肝胃不和,0.9,可能患有疾病
一名女性患者，28岁，症状包括腰痛脚弱，下半身冷感，少腹拘急，小便不利，舌质淡胖，脉沉迟而弱，请问应选用哪种中药方剂进行治疗？,肾阳虚->常用药品->八味地黄丸,0.12,常用药品
对于一名32岁的女性，产后5个月完全哺乳，无月经，且以往月经规律，要求放置宫内节育器，在避孕咨询中不需要进行哪项检查？,内分泌功能检查->症状->月经规律,0.38,症状
65岁男性患者，40多年咳嗽病史，近期病情加重，表现为神志恍惚、谵语、烦躁不安等，应该使用哪种中医治疗方法进行治疗？,咳嗽病史->治疗方法->涤痰汤,0.9,治疗方法
65岁男性冠心病史，冠脉造影后恶心、食欲不振，实验室检查显示BUN为22mmol/L，肌酐为230mmol/L，尿量为500ml，血压140/80mmHg，最可能的诊断是什么？,急性肾损伤->诊断检查->造影剂肾病,0.9,诊断检查
一名56岁绝经4年的女性患者，出现阴道浆液血性分泌物伴臭味3个月，检查发现宫颈正常大且光滑，子宫稍大稍软。为了确诊这个病例，应该选择哪种辅助检查方法？,绝经后阴道出血->诊断检查->阴道超声,0.75,诊断检查
一名30岁的男性患者因左侧季肋部撞击伤导致左侧第9、10肋骨骨折，经过保守治疗3天后出现晕厥，伴心率118次/分和血压85/55mmHg。基于这些症状，最可能的原因是什么？,脾破裂->食谱有益于疾病->高铁饮食,0.12,食谱有益于疾病
一位23岁的女性，出现外阴瘙痒1周，妇科检查显示外阴无异常，但阴道内有黄色脓性分泌物，宫颈中度糜烂，为判定宫颈病变的性质，应该首选进行哪种检查？,黄色脓性分泌物->可能患有疾病->滴虫性阴道炎,0.68,可能患有疾病
一名患者的x线胸片显示肺野外有多个半透明小圆形阴影，血HCG水平为220ng/ml。结合这些信息，该患者最可能的诊断是什么？,肺结核->症状->咳嗽,0.13,症状
一位45岁的女性患者在胃癌术后2年，现在检查出双侧卵巢对称性增大，直径10cm，卵巢保持固有外形，表面光滑，切面实性，灰白色，质硬。该肿瘤中的印戒样细胞使用哪种染色方法会呈现阳性结果？,Krukenberg肿瘤->常用药品->化疗药物,0.82,常用药品
一个5岁的女孩因浮肿和尿量减少3至4天入院，体检显示眼睑浮肿，尿液检查蛋白质和红细胞增多，血压为140/100mmHg。根据这些症状和检查结果，她可能被诊断为什么病？,急性肾小球肾炎->治疗方法->肾脏支持疗法,0.75,治疗方法
一位25岁的男性患者因劳累时出现心悸和胸骨后疼痛1年，查体发现胸骨右缘第二肋间可闻及全收缩期3/6粗糙的吹风杂音，第二心音减弱。基于这些临床表现，可能的诊断是什么？,心脏病->症状->心悸胸痛,0.62,症状
一名50岁男性，10天前开始发冷、发热，体温39.5℃，伴有右侧胸痛、咳嗽、咳脓性臭痰，并有结核病密切接触史。为了进一步明确他的诊断，应该首先进行什么检查？,肺部感染->诊断检查->痰液涂片,0.6,诊断检查
一位28岁的女性结婚1年未避孕但未怀孕，出现腹胀1个月，妇科检查发现左侧附件区有8cm的囊实性肿块，B超彩色多普勒显示左卵巢囊实肿瘤且周边血供丰富。快速病理报告为浆液性囊腺瘤。在这种情况下，应该选择哪种手术方式？,浆液性囊腺瘤->可能患有疾病->不孕,0.66,可能患有疾病
48岁男性，右腮腺处肿物已有2个月，生长较快，腮腺造影显示腺泡不规则充盈缺损且造影剂外溢，最可能的诊断是什么？,腮腺肿物->诊断检查->腮腺造影,0.88,诊断检查
一名40岁的女性患者，右桡骨远端疼痛已持续5个多月，并且局部有压痛。请结合其右腕关节的正侧位X光片，诊断出最可能的疾病是什么？,骨巨细胞瘤->治疗方法->核磁共振成像（MRI）,0.77,治疗方法
根据病例描述，某男性患者，54岁，有心悸不安、胸闷不舒、心痛时作、唇甲青紫、舌紫暗及脉涩的症状，应选用何种中药来治疗？,血瘀->治疗方法->桃仁红花,0.89,治疗方法
一名60岁的男性患者，经历双手肌肉萎缩4年。体检显示神志清楚，双侧C4至T3节段性分离性感觉障碍。颈椎MRI检查提示C至T段脊髓空洞，增强后C至T段脊髓空洞内均匀强化。基于这些特征，什么是最可能的诊断？,脊髓室管膜瘤->并发症->脊髓功能障碍,0.75,并发症
请描述一名30岁男性右大腿肿块逐渐增大且伴有局部胀痛和压痛的情况下，通过影像学检查可能的诊断是什么？,肿块->诊断检查->CT或MRI,0.9,诊断检查
针对一位80岁女性患者，有20年高血压史和痛风史，目前血压为180/90mmHg，心率52次/分，心律规则，心脏各瓣膜无杂音，血肌酐为100μmo1/L，血钾正常的情况，最适合的降压治疗方案是什么？请说明理由。,高血压->症状->高血压,0.61,症状
根据患者症状描述，老年女性患者多年来在疲劳后出现尿频、尿痛等症状，同时伴有腰膝酸软、神疲乏力。检查发现双肾区叩击痛，尿白细胞升高，结合这些症状，最适合采用何种治疗方法进行治疗？,肾盂肾炎->治疗方法->调理饮食,0.2,治疗方法
咳嗽咳痰、痰黄黏稠、痰中夹血、心烦易怒、胸胁刺痛、口干咽燥、舌红苔黄、脉弦数，应该使用哪个中药方剂进行治疗？,痰湿内阻->常用药品->二陈汤,0.78,常用药品
一名58岁男性患者，胃镜显示胃小弯有一大病灶。病理报告中，细胞较小，大小一致，呈线状分布，内无腺管结构。这种病理特征的诊断是什么？,未分化癌->治疗科室->肿瘤科,0.86,治疗科室
对于一位45岁女性患者，手指近端指间关节肿痛并伴有实验室指示风湿因子的阳性以及抗环瓜氨酸肽抗体阳性，控制病情进展应该首选什么药物？,类风湿关节炎->常用药品->甲氨蝶呤,0.84,常用药品
一名76岁的男性患者突发表现为“糊涂，忘事”，反应迟钝，通过MRI检查后，你认为最可能的诊断是什么？,糊涂、忘事->症状->急性脑卒中,0.9,症状
描述患者症状为：日晡潮热、谵语、纯利稀水、恶臭异常、腹胀硬痛、肛门灼热、舌苔黄燥、脉沉有力。这种情况下，应该采用哪种中药汤进行治疗？,调胃承气汤->可以治疗疾病->肠热里实,0.88,可以治疗疾病
一名9岁男孩患者在外伤后出血不止，实验室检查显示白细胞5×10^9/L，血红蛋白110g/L，血小板101×10^9/L，出血时间正常，凝血时间正常，KPTT为80s（正常对照30s），可被正常血清纠正，但不能被钡吸附正常血浆纠正。根据这些临床和实验室检查结果，请给出该患者的诊断。,血友病B->诊断检查->KPTT延长,0.88,诊断检查
一位45岁男性患者，有2年以干咳为主的间断咳嗽病史，每年秋季症状出现并伴有夜间憋气，使用多种药物抗感染治疗无效，且症状自行消失后又再次出现。体格检查和胸部X线片无异常，通气功能正常。为明确诊断，应该进行什么进一步的检查？,咳嗽->症状->夜间憋气,0.58,症状
糖尿病患者长期血糖控制不佳，出现多处皮肤溃烂且难以愈合的疮疡，最适合选用的中药方剂？,糖尿病皮肤溃烂->治疗方法->五味消毒饮,0.9,治疗方法
一名26岁女性患者，自觉进食时牙龈易出血已有5个月，牙龈呈鲜红色且高度水肿、肥大，并且有龈袋形成和牙石。该患者已怀孕5个月。根据这些症状，最有可能的诊断是什么？,妊娠期龈炎->常用药品->抗生素,0.39,常用药品
根据以下病人的化验结果：白细胞计数为5.4×10⁹/L，尿液中白细胞为30～40/HP，红细胞为10～15/HP，并且亚硝酸盐呈阳性，该患者的标准抗感染治疗疗程应该是几天？,尿路感染->治疗方法->长期抗生素疗程,0.6,治疗方法
如果患者表现出精神抑郁、神志呆钝、胸闷叹息、忧虑多疑、自语或不语、不思饮食，并伴有舌苔薄白或腻，脉弦细或弦滑，这些症状属于哪种中医证型？,痰气郁结->症状->舌苔腻,0.45,症状
患者李某，72岁，症状包括头晕目眩、耳鸣、记忆力差等，舌质淡红体胖大，苔薄白，脉沉弦无力。结合这些症状和舌脉表现，适合的治疗方法是什么？,肝肾阴虚->并发症->记忆力减退,0.68,并发症
根据病例描述，某男性患者，54岁，有心悸不安、胸闷不舒、心痛时作、唇甲青紫、舌紫暗及脉涩的症状，应选用何种中药来治疗？,脉象异常->可能患有疾病->血瘀,0.08,可能患有疾病
"一名27岁已婚妇女,在停经13周时出现不规则阴道出血,持续10余天,量不多且暗色。在妇科检查中,发现其子宫大小如新生儿头,张力较大,且两侧附件均可触及手拳大小、活动良好并光滑的肿物。最可能的诊断是什么?",葡萄胎->治疗方法->刮宫手术,0.17,治疗方法
一名34岁的男性患者出现骤起高热，在高热持续几小时后大汗淋漓，随后体温降至正常，1天后高温再次骤起骤降。根据这些症状，患者最可能的诊断是什么？,周期性发热->疾病描述->疟疾,0.74,疾病描述
根据以下信息，给出患牙的最可能诊断：一位28岁女性，左下后牙进食时疼痛半年，常在食物进入洞后加剧，左下第一磨牙咬合面出现深龋，洞内有粉红色息肉状物。探诊时略感敏感，叩痛呈阳性，冷测反应迟钝，并能探及牙周袋。,慢性牙髓炎->症状->牙痛,0.52,症状
怀孕3个月女性确诊疟疾，最适合用药？,疟疾->治疗方法->甲氟喹,0.23,治疗方法
一位55岁的女性患者因肝硬化引起的门静脉高压出现呕血和黑便，入院后为了止血，应该选用哪种药物？,特利加压素->可以治疗疾病->食管静脉曲张出血,0.83,可以治疗疾病
对于一位明确诊断为心肌梗死且拒绝入院治疗的清醒患者，医生应该如何在尊重患者自主权的同时确保其得到合适的医疗处理？,心肌梗死->症状->胸痛,0.08,症状
一名3个月大的女婴，进行混合喂养，腹泻持续50天，大便每天4到5次，是黄色稀糊状，食欲和精神状态正常，体重为6.8公斤。基于这些症状，你认为这个患儿的最可能诊断是什么？,腹泻->症状->黄色稀糊状大便,0.78,症状
根据以下症状描述：王某，女57岁，咳喘12年，近半年下肢浮肿，经常心悸，动则尤甚，近2天来心悸咳喘加重，咯痰清稀，面部下肢浮肿，尿少，夜间不能平卧，面唇青紫，苔白滑舌胖质暗，脉沉细无力，该病例最可能的中医诊断是什么？,肺胀->易患人群->老年人,0.5,易患人群
根据患者的自发性钝痛症状、冷热刺激引起疼痛、以及X线片上显示的右上第一磨牙高密度影像达髓腔，这颗牙齿可能的诊断是什么？,残髓炎->症状->冷热刺激痛,0.33,症状
一名患有7年慢性腹泻的32岁男性患者，其大便每日2～3次，常带有少量脓血。通过粪便镜检发现红、白细胞均15/HP，纤维结肠镜检查显示降结肠以下黏膜充血、假息肉形成，并有少数散在浅溃疡的情况下，最合适的初始治疗药物是什么？,溃疡性结肠炎->治疗方法->激素类药物,0.77,治疗方法
对于一名31岁的女性患者，她十年前患有肝炎并已治愈，一年前出现脾大和轻度食道下段静脉曲张，偶尔乏力但尚能工作，且没有呕血或黑便史，最合适的治疗方法是什么？,食道静脉曲张->传染性->是,0.06,传染性
"在男性患者23岁入院时表现为“头痛、呕吐2天,抽搐、昏迷4小时”，脑脊液显示化脓性改变的情况下，应选择哪种抗生素作为经验性治疗？",抽搐->症状->中枢神经系统感染,0.55,症状
根据患者的症状表现，如外感咳嗽、气喘、习惯性便秘、舌质淡红、苔薄黄和脉滑略数，你认为治疗中应选择哪种药物进行干预？,外感咳嗽->症状->便秘,0.8,症状
请描述一名30岁男性右大腿肿块逐渐增大且伴有局部胀痛和压痛的情况下，通过影像学检查可能的诊断是什么？,肿块->并发症->血肿,0.65,并发症
一名糖尿病患者晨起活动后突发神志不清、跌倒，约3分钟后自行缓解，但主诉双眼视物不清。查体发现其双眼球不能上视，双动眼神经部分麻痹，双瞳孔光反射迟钝，记忆力差，双眼视力仅为眼前指数，头颅CT未见异常。结合以上症状，应考虑哪一种临床诊断？,基底动脉尖综合征->症状->视物不清,0.8,症状
针对一名4岁患儿，出现脐周腹痛，时作时止，面色萎黄，日渐消瘦，恶心呕吐，大便排出蛔虫1条，睡眠中磨牙的症状，请问首选的治疗中药方剂是什么？,蛔虫病->症状->腹痛,0.75,症状
针对一名30岁妇女，结婚7年，月经不调且基础体温单相，未避孕但未妊娠，检查精液常规和输卵管造影均无异常，超声发现子宫肌瘤且体重增加，结合这些病史和症状，为确定诊断，应该使用哪一种诊断方法？,不孕症->诊断检查->激素水平检测,0.85,诊断检查
56岁男性充血性心力衰竭，心率100～110次/分钟，使用地高辛两周无明显效果，应该选择哪种药物治疗？,心力衰竭->常用药品->利尿剂,0.78,常用药品
一名39岁的男性患者在癫痫发作期间，表现出胃部一股气体上升、咀嚼和吞咽动作、喃喃自语、走动，并似乎在寻找东西但对呼唤无反应，整个过程持续约4分钟，请问这种情况属于哪种癫痫发作类型？,复杂部分性癫痫发作->并发症->失语症,0.45,并发症
20岁女性，发现下腹部肿块2年，突然出现剧烈疼痛伴恶心呕吐，体检发现10cm×10cm×8cm肿块。最首选的辅助检查方法是什么？,下腹部肿块->诊断检查->血液检查,0.76,诊断检查
对于一名患有急性肾炎且表现有高血压、水肿、尿量减少、呼吸困难、心音低钝、肝肋下2cm增大以及X线示肺纹理增强的10岁儿童，这些体征和症状最可能提示哪个病理状态？,急性肾炎->症状->水肿,0.9,症状
一名28岁男性患者在上呼吸道感染后2周出现肉眼血尿和颜面水肿，经过2个月治疗后，尿检显示蛋白（＋＋），红细胞15～20个/HP，血压变化不大，但血清肌酐升至400μmol/L，B超显示双肾增大。为了进一步明确诊断，应该选择哪种辅助检查？,蛋白尿->诊断检查->尿蛋白定量,0.45,诊断检查
一位32岁的男性患者，出现胃脘部痞硬不适、频繁嗳气、反胃呕吐、嗝逆暖气等症状，舌淡苔白腻，脉象缓而滑。请问此时应首选哪种中药方剂进行治疗？,四君子汤->常用药品->白术,0.72,常用药品
一名70岁男性患者出现头痛、嗜睡和癫痫发作症状，经MRI平扫及增强扫描发现颅内多发病灶，并经过放射治疗后病灶明显缩小，结合这些信息，最可能的诊断是什么？,原发性中枢神经系统淋巴瘤->症状->头痛,0.68,症状
一名56岁男性患者，患有肺痨五年，表现出咳嗽无力、声低懒言、痰中夹血、色淡红，以及午后低热、面白颧红等症状。舌嫩红有齿痕，苔薄白，脉细弱数。在这种情况下，若患者咳血、咯血较为严重，应优先采用何种中药来补络止血，进行治疗？,白及枇杷丸->治疗方法->补气养阴,0.6,治疗方法
针对一名4岁患儿，出现脐周腹痛，时作时止，面色萎黄，日渐消瘦，恶心呕吐，大便排出蛔虫1条，睡眠中磨牙的症状，请问首选的治疗中药方剂是什么？,蛔虫病->治疗方法->驱虫,0.45,治疗方法
一位50岁女性患者，被诊断为耐青霉素G的金黄色葡萄球菌性心内膜炎，且青霉素皮试结果为阴性，既往病史包括慢性肾盂肾炎。在这种情况下，应选用哪种抗生素进行治疗？,耐青霉素G的金黄色葡萄球菌性心内膜炎->治疗方法->输液治疗,0.1,治疗方法
一名32岁的男性因车祸导致右髋关节肿痛并活动受限，请根据X光片描述最可能的诊断类型是什么？,髋关节后脱位->症状->髋关节活动受限,0.7,症状
一个1岁的孩子腹泻3天，每天大便10次，量多，呈蛋花汤样，精神萎靡，眼泪少，尿少，血清钠水平为133mmol/L，皮肤弹性差，唇红，呼吸深快。请根据这些症状和血液化验结果诊断该患儿的具体病情。,急性腹泻->诊断检查->血清钠水平检查,0.78,诊断检查
根据10岁女孩的症状：胸背部疼痛3天伴随两下肢进行性无力和尿潴留，上肢肌力正常但下肢肌力为0、肌张力低、腱反射消失，病理反射未引出，第5胸椎水平以下深浅感觉消失，膀胱充盈脐下3厘米，临床上如何诊断该病情？,急性横贯性脊髓炎->症状->胸椎T5处病变,0.65,症状
这名20岁女性患者自幼牙齿磨耗，牙冠微黄色，严重的釉质缺损，牙本质暴露且无明显反应，并有家族史，其症状最可能指向哪种牙齿疾病？,牙本质发育不全->症状->牙齿黄染与釉质缺损,0.86,症状
一名57岁的老年女性，绝经5年，阴道流出黄水样分泌物持续1年。妇科检查显示宫颈光滑，子宫后位且稍小，右侧穹隆处可触及鸽蛋大小的硬质包块，并且与子宫关系密切且有粘连。分段诊刮病理切片显示萎缩性子宫内膜，请问这种情况下最可能的诊断是什么？,输卵管癌->疾病描述->输卵管癌,0.29,疾病描述
根据一位30岁女性停经46天后出现下腹部隐痛和不规则阴道少量出血十余天的症状，加上尿妊娠试验可疑阳性和触摸到右侧附件有鸡蛋大韧性包块的情况，最可能的诊断是什么？,宫外孕->治疗方法->手术治疗,0.76,治疗方法
一名55岁男性患者，出现右上腹痛2个月，伴有皮肤和巩膜黄染15天，并进行性加重，查体显示胆囊肿大，超声提示肝内胆管扩张且胆囊肿大，在胰腺平面以上肝外胆管扩张但胰头及胰管无明显异常的情况下，最可能观察到的影像学征象是什么？,胆囊肿大->诊断检查->超声检查,0.59,诊断检查
患者ALT升高、ALP显著升高、总胆红素升高，肝脏B超形态正常。最可能的诊断是什么？,胆管阻塞->诊断检查->胆道造影,0.19,诊断检查
根据患者因车祸头部受伤后出现的症状，如左侧瞳孔散大、对光反应消失、右侧肢体瘫痪等，结合病情进展过程，推断患者最可能出现什么类型的脑部病情变化？,头部外伤->症状->右侧肢体瘫痪,0.76,症状
一名15岁男性患者表现出少尿、水肿、咳嗽、气短，并且在发病前有喉痛史，体检发现高血压，尿液检查显示尿蛋白和红细胞显著增多，血液检查发现补体C3降低，如何诊断这种病情？,急性链球菌感染后肾小球肾炎->诊断检查->尿液检查,0.9,诊断检查
23岁女性患有急性一氧化碳中毒且出现粉红色泡沫样痰液，最适合的氧疗方法是什么？,高血压->治疗方法->降压药物,0.05,治疗方法
现年35岁的女性患有系统性红斑狼疮已有3年，并不定期服用泼尼松。最近1周，她出现了头痛和嗜睡的症状，继而神志不清。在需要输血治疗的情况下，结合她的交叉配血主次测均凝集的情况，最有意义的检查是什么？,青瓜汤->食谱有益于疾病->自身免疫性疾病,0.18,食谱有益于疾病
一名31岁女性患者，左眼球突出持续进行性加重超过10年，结合CT影像，最可能的诊断是什么？,额筛窦黏液囊肿->症状->眼球突出,0.85,症状
一名60岁的男性在使用煤气热水器的浴室内被发现神志不清，送到急诊，出现昏迷状态，并且口唇呈樱桃红色。根据这些症状，最可能的诊断是什么？,一氧化碳中毒->诊断检查->血气分析,0.78,诊断检查
对于一位怀孕5个月的女性患者，出现尿少、尿液颜色偏黄、排尿艰涩疼痛、面色发红、心烦、口舌生疮等症状，伴随舌红苔黄和脉细滑数，应该采用哪种治疗方法？,湿热->治疗方法->清热泻火,0.91,治疗方法
一位43岁的男性患者因上腹隐痛半年就诊，ERCP检查显示主胰管粗细不均、扭曲、僵硬，且胆总管下端向内移位，这种表现首先考虑是哪种疾病？,慢性胰腺炎->治疗科室->消化内科,0.76,治疗科室
一位8个月大的女婴，面色苍白，毛发稀疏、发黄，舌头有震颤。实验室检查显示MCV为104fl，MCH为38pg，Hb为90g/L。根据这些表现和检查结果，她早期最恰当的治疗方法是什么？,大细胞性贫血->可能患有疾病->叶酸缺乏,0.21,可能患有疾病
根据患者的病情描述，特别是右锁骨上淋巴结的触诊结果、气管移位、右肺叩诊及胸液常规结果，最可能的诊断是什么？,右肺癌->症状->右锁骨上淋巴结肿大,0.8,症状
根据一位49岁女性患者，近半年来反复出现头痛、头晕、四肢麻木、周身发热、情绪不稳等症状，体检未见神经系统体征，X线片显示颈5~6椎体后缘轻度骨质增生，MRI显示颈髓无明显受压，你认为最可能的诊断是什么？,四肢麻木->症状->自主神经功能紊乱,0.88,症状
腹泻、腹痛、脉弦的患者应该使用什么药物进行治疗？,腹泻->常用药品->健脾和胃汤,0.18,常用药品
根据患者描述：水肿多年，尤其下肢明显，按压后不易恢复；伴有脘腹胀闷、食欲不振、便溏、面色萎黄、精神疲倦、四肢寒冷以及小便短少。舌淡胖，有齿痕，舌苔白腻，脉沉弱等症状，最适合采用哪种中医方剂进行治疗？,脾阳虚->治疗方法->温阳健脾,0.75,治疗方法
一位8个月大的女婴，面色苍白，毛发稀疏、发黄，舌头有震颤。实验室检查显示MCV为104fl，MCH为38pg，Hb为90g/L。根据这些表现和检查结果，她早期最恰当的治疗方法是什么？,大细胞性贫血->症状->舌头震颤,0.72,症状
7岁小儿发热5天，咽痛，轻咳，血尿2天，尿量正常，无浮肿，血压不高，尿蛋白阴性，红细胞+++，无尿痛，近2年反复发生肉眼血尿的症状，最可能的诊断是什么？,反复血尿->症状->咳嗽,0.2,症状
一名23岁男性患者出现行走跛行、外展受限和两下肢不等长的症状，结合影像学检查，最可能的诊断是什么？,髋关节脱位->症状->活动受限,0.2,症状
根据患者的症状，如昏迷、不省人事、牙关紧闭、两手握固、面赤身热、躁扰不宁、大便小便闭、舌红苔黄腻、脉弦滑而数，请问该患者的诊断是什么？,热闭证->可能患有疾病->中风阳闭证,0.08,可能患有疾病
根据一名27岁女性患者的症状，包括跳舞后突发右下腹剧烈疼痛、伴恶心和畏冷，查体发现右附件区有一个5*6*4cm大小的囊性肿物，并且触痛明显，最可能的诊断是什么？,卵巢囊肿->并发症->卵巢扭转,0.7,并发症
对于住院第2天检查时，患者的瘫痪肢体只能在水平面上移动而不能上抬，这表明其右下肢的肌力处于哪个级别？,肌力评估->常用药品->肌肉松弛药,0.2,常用药品
一名23岁男性患者出现行走跛行、外展受限和两下肢不等长的症状，结合影像学检查，最可能的诊断是什么？,髋关节后脱位->症状->股骨头后移,0.85,症状
一位45岁的男性患者，出现腹大胀急、青筋张露、形体瘦削、面色晦滞、唇干口躁、潮热心烦、笔衄牙宣和尿少症状，舌质红降，苔薄少津，脉象弦细而数，针对这种表现应使用什么方剂进行治疗？,气滞血瘀->治疗方法->膈下逐瘀汤,0.8,治疗方法
一位66岁男性突发心前区疼痛，含硝酸甘油不缓解，出现呼吸困难，不能平卧。心电图显示V1到V5导联的ST段弓背向上抬高，并出现宽而深的Q波。这种心电图特征对应于哪个部位的心肌梗死？,V1-V5导联->诊断检查->ST段抬高,0.77,诊断检查
一位17岁女性患者，下颌发育不良，颏部外形欠佳，面部下1/3高度偏大，表现开5mm，覆盖8mm，Ⅱ类咬合，伴上下颌前牙拥挤、前牙开及唇侧扭转，生长发育接近完成。应采取哪些治疗措施？,正畸治疗->治疗方法->固定矫治器,0.58,治疗方法
根据患者的症状表现，如外感咳嗽、气喘、习惯性便秘、舌质淡红、苔薄黄和脉滑略数，你认为治疗中应选择哪种药物进行干预？,麻子仁丸->治疗方法->润肠通便,0.85,治疗方法
根据患者男性，68岁，近3年来经常出现上腹部疼痛，进食后可缓解，伴有反酸，近1周上腹部疼痛加重的病史，是什么疾病最有可能是他的诊断？,十二指肠溃疡->诊断检查->胃镜检查,0.8,诊断检查
根据一位46岁女性患者的症状：心悸、喘息不能平卧、颜面四肢水肿、腹胀、大便溏泻、小便短少，以及其舌象和脉象特征，结合诊断为“风心病，二窄并二漏”，在已知使用氧气和西药治疗的基础上，中医治疗应首选哪个方剂？,水肿->症状->风心病,0.65,症状
对于药物治疗无效的反复发作室性心动过速或心室颤动的心力衰竭患者，最适宜的治疗方法是什么？,室性心动过速->诊断检查->心电图,0.73,诊断检查
根据以下情况诊断该患者的高血压状态：女性，46岁。发现血压增高7年，血压经常在21/12～13kPa(160/90～98mmHg)。1年来多次尿液检查蛋白(+)，红细胞(+)。本次因症状加重入院。入院后心电图正常，尿液检查蛋白(+)，红细胞(++)。血清肌酐125μmol／L，血钾为4.2mmol／L，眼底检查可见动静脉有交叉压迫现象。,高血压->治疗方法->降压药物,0.82,治疗方法
35岁男性牙齿问题，怎么处理牙齿困难拔除？,牙齿问题->治疗方法->手法复位,0.92,治疗方法
一名30岁男性患者，刷牙时牙龈易出血2年多，检查发现口腔卫生不良，牙石为双阳性，龈缘红肿且探诊易出血，但没有发现附着丧失，血常规正常。基于这些信息，这名患者的诊断是什么？,牙龈炎->并发症->附着丧失,0.58,并发症
根据一名9岁女孩的症状，包括干咳1周、咽痛、低热，右下肺呼吸音减弱以及X线显示两下肺呈云雾状浸润影，哪种药物最适合用于该患儿的治疗？,肺炎支原体->治疗方法->阿奇霉素,0.89,治疗方法
一位20岁男性患者经历了一周的高热、干咳和气促，胸部X光片显示右侧有大量胸腔积液，并已接受INH+SM+RFP治疗。请问对该患者胸腔积液的最恰当处理措施是什么？,胸腔积液->常用药品->抗结核药物,0.76,常用药品
一名44岁的女性，间断便血呈鲜红色滴下10年，肛指检查结果为阴性，肛镜检查发现齿状线上直肠黏膜隆起呈紫红色。这种症状最可能诊断为哪种疾病？,紫红色直肠黏膜隆起->症状->内痔,0.8,症状
根据患者的症状，如昏迷、不省人事、牙关紧闭、两手握固、面赤身热、躁扰不宁、大便小便闭、舌红苔黄腻、脉弦滑而数，请问该患者的诊断是什么？,中风阳闭证->治疗科室->中医科,0.81,治疗科室
患者男性，50岁，表现为头晕、乏力半年，发作性晕厥2个月，检查发现脾肋下5cm，血红蛋白200g/L，白细胞6.4×10⁹/L，血小板360×10⁹/L，中性粒细胞碱性磷酸酶强阳性，积分120分。应选用何种药物治疗？,脾大->症状->血液异常,0.14,症状
一名42岁的女性患者，症状包括厌食、乏力、肝区痛5天伴随尿色加深，检查结果显示ALT 400U，总胆红素50μmol/L，确诊为急性黄疸型病毒性肝炎。在这种情况下，最主要的治疗措施应该是什么？,急性黄疸型病毒性肝炎->症状->乏力、厌食,0.76,症状
患者出现皮肤黄染、小便色黄、大便秘结等症状，结合舌苔黄腻，脉滑数的情况，宜使用哪种药物与茵陈配伍以改善便秘症状？,湿热->治疗方法->茵陈与大黄配伍,0.55,治疗方法
一位48岁男性患者，具有15年高血压病史，现在突然出现剧烈的胸背部疼痛，伴有面色苍白。体检发现其脉搏为88次/分，血压为170/120mmHg，心电图正常。请问该患者最有可能被诊断为何种疾病？,主动脉夹层->并发症->脑梗塞,0.2,并发症
一名30岁男性患者半年前有左膝外伤史，现出现左膝疼痛及不能伸直，伴随反复的膝关节‘交锁征’。体格检查显示回旋挤压试验阳性，抽屉试验及侧方挤压试验均阴性。根据这些资料，针对他的病情，最佳的治疗方法是什么？,半月板损伤->治疗方法->物理治疗,0.56,治疗方法
在肺组织病理学检查中，如果发现肺组织肿胀、重量增加、质地变硬，光镜下见纤维增生、肺泡壁增厚和巨噬细胞吞噬含铁血黄素，该患者最可能的临床诊断是什么？,慢性肺淤血->常用药品->利尿剂,0.51,常用药品
一位23岁的女性患者因突发腹痛和晕厥入院，被诊断为宫外孕大出血并接受了紧急手术。在术后第二天，患者出现进行性加深的皮肤巩膜黄疸，血清胆红素为50μmol/L，ALT为70U/L，AST为130U/L。基于上述情况，术后肝功能障碍的原因和特性是什么？,手术->治疗方法->剖腹探查,0.14,治疗方法
一名30岁男性患者出现左肺萎缩60%、第9、10肋骨骨折和脾破裂，且血压为90/60 mmHg，脉搏为100次/分钟。在这种情况下，首要的处理措施是什么？,脾破裂->治疗方法->紧急手术,0.59,治疗方法
患者牙痛，面部肿胀，颊部窦道，反复流脓不愈，可能诊断为何？,智齿冠周炎->治疗方法->拔除智齿,0.15,治疗方法
患者出现皮肤黄染、小便色黄、大便秘结等症状，结合舌苔黄腻，脉滑数的情况，宜使用哪种药物与茵陈配伍以改善便秘症状？,右侧输尿管结石->并发症->肾功能异常,0.52,并发症
一位52岁的男性患者，身高170cm，体重80kg，有糖尿病家族史，空腹血糖为8mmol/L。针对他的情况，首选的治疗方案是什么？,糖尿病->治疗科室->内分泌科,0.15,治疗科室
针对一名46岁女性患者，表现为白带增多、偶尔粉红色，以及近3个月有性交出血，妇科检查显示宫颈中度糜烂，活检结果显示癌细胞已突破基底膜5mm，并有淋巴管受侵情况下，单纯盆腔大野照射治疗宫颈癌时，B点剂量应给予多少cGy？,宫颈癌->治疗方法->化疗,0.62,治疗方法
3岁男童，自幼蹲位排尿，阴茎发育小且向下弯曲，尿道口位于阴囊部，双侧阴囊未触及睾丸，应做何检查？,隐睾->诊断检查->影像学检查,0.61,诊断检查
一名32岁的男性因车祸导致右髋关节肿痛并活动受限，请根据X光片描述最可能的诊断类型是什么？,骨盆Ⅳ型骨折->并发症->出血,0.6,并发症
男，50岁，因肝硬化食管静脉曲张、腹水入院，放腹水后出现精神错乱、幻觉、扑击样震颤、脑电图异常等肝昏迷表现。针对该患者的情况，安排何种饮食最为合适？,肝硬化->并发症->肝性脑病,0.78,并发症
该患者入院后经过清创，考虑到烧伤部位为头面、颈、会阴、臀部及下肢深度烧伤，局部创面应采用哪种处理方法？,深度烧伤->治疗方法->湿性敷料应用,0.85,治疗方法
对于一位左眼被铁屑崩伤2小时且角膜缘处结膜有2cm伤口的22岁男性患者，眼部检查未发现明显异物，下一步应该进行什么检查来排除眼内潜在异物？,金属异物->诊断检查->CT扫描,0.72,诊断检查
一名2岁男孩突然出现皮肤瘀斑瘀点，颜色鲜红，伴有齿衄、鼻衄、尿血等症状，面红目赤，心烦口渴，便秘尿少，舌红苔黄，脉数。在这些症状表现下，应选用哪种方剂进行治疗？,血热->症状->尿血,0.74,症状
根据以下病例特征：患者18岁女性，上唇红肿疼痛持续5天，伴有寒战、高热、头痛；体检显示上唇隆起呈紫红色，中心组织坏死塌陷，伴随多个脓栓和鼻部、眼部及其周围广泛肿胀。化验结果表明白细胞总数增加，达到WBC 25×10^9/L，且中性粒细胞比例为0.90。这些临床表现和化验结果最可能的诊断是什么？,唇痈->治疗方法->抗生素治疗,0.81,治疗方法
在患者体检时发现脾肋下4指可触及，白细胞计数为3.0×10^9/L，中性粒细胞占30％，淋巴细胞占60％，单核细胞占10％的情况下，这种临床表现应该诊断为什么疾病？,淋巴细胞增多->可能患有疾病->EB病毒感染,0.81,可能患有疾病
39岁女性，3个月前因怀孕2个月进行了人工流产，术后一直没有来月经，没有任何不适。自测基础体温呈现“双相”，妇科检查也无异常发现。根据该患者的情况，哪种处理方式是最佳的？,闭经->传染性->是,0.09,传染性
一位25岁的女性患者近一周出现双侧枕部中度钝痛，站立行走时头痛加重，卧床休息时头痛减轻或消失。这种头痛最可能的原因是什么？,自发性颅内低压->并发症->肺炎,0.12,并发症
45岁男性，畏寒、乏力、性欲减退，低血压低钠，2年前脑部肿瘤放疗，静脉输液后改善，体位性低血压，皮肤干燥，阴毛腋毛稀疏，睾丸小，贫血，尿渗透压高，最可能诊断？,垂体功能减退症->可能患有疾病->垂体功能减退,0.9,可能患有疾病
对于一名72岁男性患者，反复腹泻2个月，每天大便3至4次，为稀烂便，有少许黏液，偶有血便，但无明显里急后重且体重减轻不明显，最可能的诊断是什么？,结肠癌->并发症->肠梗阻,0.62,并发症
一位35岁的男性患者有每日饮酒习惯，正在服用甲硝唑治疗牙龈炎。治疗期间，他如常饮酒后出现面部潮红、头痛、头晕、胸闷等症状。请问这些症状最可能是什么原因导致的？,甲硝唑->并发症->双硫仑样反应,0.9,并发症
8岁女孩因左耳垂下肿痛、发热伴腹痛、呕吐入院，体温39℃，左侧腮腺有压痛，存在左上腹部轻压痛。为了确诊，应进行何种辅助检查？,流行性腮腺炎->并发症->化脓性扁桃体炎,0.18,并发症
女，58岁。经过1.5年的丙基硫氧嘧啶治疗后，患者的甲状腺有所缩小，且T抑制试验结果显示3小时抑制率大于50％，24小时抑制率小于50％，TT、TT正常。对于这一病例，应如何调整丙基硫氧嘧啶的使用剂量？,甲状腺功能亢进->症状->甲状腺肿大,0.85,症状
对于一名20岁女性患者，面部和颈部及双上肢被火焰烧伤已7小时，面颈部肿胀明显，伴有大小不等水疱和部分腐皮脱落，创面基底红白相间且痛觉较迟钝，针对这种临床表现，宜采用哪种创面处理方法？,创面移植治疗->治疗方法->烧伤创面护理,0.1,治疗方法
一位43岁女性患者，表现出头痛畏寒、面色白、四肢不温、舌质淡胖、有齿痕、脉沉细等症状，请问对于这位患者，应该选择哪一种主要方剂来进行治疗？,阳气虚弱->可能患有疾病->阳虚,0.15,可能患有疾病
一名30岁男性，经历阵发性心悸10年，每次发作持续时间从半小时到3小时不等，此次心悸发作已持续半小时来就诊。检查显示血压为90/60mmHg，心率为200次/分钟，心律绝对规则，无杂音，肺部无异常。请问在这种情况下，最适合的治疗措施是什么？,电复律->治疗方法->心动过速,0.15,治疗方法
一名40岁的女性患者，头痛持续2年，CT显示右小脑桥脑角处有一个4×5cm的囊实性占位性病变，并跨越到鞍旁，实性部分显示增强，内听道正常。根据这些症状和影像学表现，这种病变最可能是什么类型的肿瘤？,小脑桥脑角肿瘤->常用药品->抗肿瘤药物,0.83,常用药品
一名28岁男性，烧伤面积为Ⅱ度以上40％，出现休克，最可能是哪种类型的休克？,休克->诊断检查->中心静脉压,0.48,诊断检查
一位32岁的男性患者在8月20日来诊，出现发热、头痛伴呕吐2天和意识障碍半天，体温39.6℃，颈抵抗（＋），Kerning征（＋），Babinski征（＋），血液中白细胞计数为16.0×10^9/L。请结合以上症状和检查结果，诊断该患者可能患有什么疾病？,脑膜炎->症状->颈抵抗,0.78,症状
一名18岁女性患者因感冒发热1周后出现心悸、气促和不能平卧现象。在心脏检查中，心率为每分钟110次，律齐，心尖部闻及舒张早期奔马律及收缩期吹风样杂音2/6级。当她的奔马律在胸骨下端左缘听到时，这种奔马律的性质是什么？,胸骨左缘奔马律->治愈概率->0.5,0.2,治愈概率
咳嗽咳痰、痰黄黏稠、痰中夹血、心烦易怒、胸胁刺痛、口干咽燥、舌红苔黄、脉弦数，应该使用哪个中药方剂进行治疗？,肺热痰火->常用药品->三拗汤,0.2,常用药品
一名40岁女性左下腹部触及肿块2个月，近日出现腹部膨隆和右侧胸水，B超显示盆腔肿块伴多量腹水，妇科检查发现左侧附件区触及不规则质硬活动良好的肿块。结合这些临床表现，最可能的诊断是什么？,左下腹肿块->症状->梅格综合征,0.87,症状
对于一位50岁男性患者，他长期吸烟30年，半年前戒烟，近期出现咳嗽带血的症状。根据病史和表现，应首先进行哪种检查来鉴别诊断原因？,肺结核->诊断检查->胸部X光,0.22,诊断检查
当患者出现晕厥发作，心电图显示多形性宽QRS波心动过速，主波方向围绕等电位线上下改变时，应考虑哪种诊断？,尖端扭转型室速->疾病描述->QT间期延长,0.83,疾病描述
对于一名50岁的女性患者，表现为上腹部持续性疼痛伴腰背部放射12小时，有胆总管结石病史，检查发现体温38℃，腹略膨隆，上腹正中压痛，轻度肌紧张和反跳痛，移动性浊音阳性，肠鸣音减弱，血白细胞计数为20×10^9/L。请回答哪项化验结果可以提示病情严重？,急性胰腺炎->诊断检查->血钙检测,0.82,诊断检查
患者有10年糖尿病史，现出现眼睑及下肢浮肿、乏力、尿蛋白(++)及尿糖(+++)的症状，这种情况下该患者的糖尿病类型通常是什么类型？,糖尿病->治疗方法->胰岛素治疗,0.3,治疗方法
24岁女性患者，临床初诊为右肾结核、左肾积水，决定治疗方案时，哪项检查必不可少？,病理检查->诊断检查->肾组织活检,0.12,诊断检查
一位36岁女性患者的颊部黏膜出现白色斑块并带有皱褶。显微镜下检查显示上皮厚度增加，上皮细胞内出现水肿，胞核固缩或消失，并出现空泡性变。根据这些病理特征，该病理诊断应该是什么？,鼻咽癌->推荐食谱->柔软易吞咽食物,0.07,推荐食谱
一名31岁的男性因失眠长期服用某种药物治疗。在突然停药12小时后，他出现头痛、虚弱无力和肢体颤抖的症状，请问他最可能服用的是哪类药物？,药物戒断->症状->头痛,0.7,症状
对于一位47岁女性患者来说，她的腕关节肿痛持续了3个月，掌指关节肿痛持续了6周，并伴有早晨僵硬症状，哪项检查对确立诊断最有意义？,类风湿关节炎->诊断检查->抗CCP抗体,0.89,诊断检查
一位32岁怀孕2个月的女性，因近日工作劳累而出现阴道少量出血，色淡质稀，伴有腰酸、小腹坠痛、精神倦怠、气短懒言，舌淡、苔薄，脉缓滑等症状。针对这些症状，治疗应选择哪个方剂？,气虚->常用药品->举元煎,0.87,常用药品
一名21岁男性，右膕窝部无痛性肿块持续2年，质地坚硬且较固定，最近局部出现疼痛。结合右股骨的正侧位X光片，最可能的诊断是什么？,皮质旁骨肉瘤->治疗科室->骨科,0.59,治疗科室
48岁男性，右腮腺处肿物已有2个月，生长较快，腮腺造影显示腺泡不规则充盈缺损且造影剂外溢，最可能的诊断是什么？,腮腺肿物->并发症->慢性阻塞性腮腺炎,0.62,并发症
一名糖尿病患者晨起活动后突发神志不清、跌倒，约3分钟后自行缓解，但主诉双眼视物不清。查体发现其双眼球不能上视，双动眼神经部分麻痹，双瞳孔光反射迟钝，记忆力差，双眼视力仅为眼前指数，头颅CT未见异常。结合以上症状，应考虑哪一种临床诊断？,基底动脉尖综合征->症状->动眼神经麻痹,0.92,症状
患者进行抗凝溶栓治疗后出现情绪低落和记忆力减退，最有价值的检查是什么？,抗凝溶栓治疗后->诊断检查->脑电图,0.18,诊断检查
患者症见肢节烦疼、肩背沉重，舌苔白腻微黄，脉濡数，内蕴湿热，外受风邪，此时应选用哪种中药方剂进行治疗？,风邪->常用药品->当归拈痛汤,0.8,常用药品
根据患者的病例描述，包括头部外伤、近期出现的头痛、头昏以及视力下降等症状，同时结合既往病史和体格检查结果，该患者最可能被诊断为何种疾病？,硬膜下血肿->并发症->脑疝,0.3,并发症
一名21岁男性，右膕窝部无痛性肿块持续2年，质地坚硬且较固定，最近局部出现疼痛。结合右股骨的正侧位X光片，最可能的诊断是什么？,皮质旁骨肉瘤->诊断检查->X光,0.57,诊断检查
一名49岁的女性患者，上唇部有不适感3天，检查发现上唇皮肤有多个水疤并有强烈的不适感，抗单纯疱疹病毒抗体价高于正常值64倍。请问该病可能的诊断是什么？,唇部不适->推荐食谱->银耳莲子汤,0.25,推荐食谱
一名51岁男性，有7年溃疡病史，半年来持续上腹隐痛，进食后加重。钡餐检查显示胃粘膜增粗，胃窦部见0.3cm×0.3cm龛影，胃蠕动正常。根据这些临床表现和检查结果，最可能的诊断是什么？,胃溃疡->治疗方法->药物治疗,0.64,治疗方法
一名80岁女性患者有20年高血压病史，并伴有间断头晕和痛风史，现查体血压为180/90mmHg，心率52次/分，心律齐无杂音，血肌酐为100μmol/L，血钾正常。请问针对该患者，最适宜的降压治疗方案是什么？,高血压->常用药品->缬沙坦,0.78,常用药品
针对46岁女性患者表现出的口渴、小便频数、下半身冷感、腰痛脚软、舌淡胖苔薄白、脉沉弦等症状，应选用哪种中药进行治疗？,肾阳虚->并发症->小便频数,0.62,并发症
一位19岁的女大学生来自山区，在城市上学时不能面对马路上的汽车，感到强烈恐惧并担心汽车会撞到自己，最佳的心理治疗方法是什么？,特定情境恐惧症->治疗方法->认知行为疗法,0.65,治疗方法
根据以下情况诊断一名妇女的病情：26岁已婚妇女，停经46日，出现下腹部轻度阵发性疼痛及阴道少量流血伴血块10小时。2日后阴道流血量增多，下腹阵发性疼痛明显加重，妇科检查发现宫口可通过1指，并在宫口处见有胚胎组织堵塞，此时应如何诊断？,早期流产->症状->阴道流血,0.77,症状
某患者有丛林接触史，突然高热，使用变形杆菌OXk株作为抗原与患者血清进行定量凝集试验，结果显示抗体效价为1:320，该病人可能患上了哪种具体的疾病？,恙虫病->并发症->肺炎,0.18,并发症
根据一名45岁男性患者间断腹痛、腹泻3年，无脓血和黏液，服小檗碱和氟哌酸可稍缓解，近期症状加重且大便频率增加至7～8次/天，大便常规及脂肪滴检查正常的情况，哪种疾病最需要被排除？,甲状腺功能亢进->治疗方法->抗甲状腺药物,0.76,治疗方法
对于一名1岁10个月的患儿，出现发热半天及全身惊厥1次、持续10余分钟伴呕吐和意识模糊的症状，大小便正常，应进行什么检查才能有助于明确诊断？,中枢感染->治疗科室->儿科神经内科,0.84,治疗科室
28岁的男性患者曾在10岁时因右侧隐睾进行右睾牵引固定术。目前右侧阴囊肿大并伴有疼痛持续了半个月。查体发现右侧阴囊下垂，睾丸肿大如鹅卵，沉重感明显，且透光试验结果为阴性。基于这些临床表现，请问该患者的诊断是什么？,睾丸肿瘤->症状->睾丸肿大,0.9,症状
一个2岁儿童出生后每天哭闹时出现嘴唇发绀，并伴有呼吸困难，最近母亲发现孩子手指末端也出现发绀，指甲末端拱形隆起和手指末节膨大，试分析导致手指变化的最可能原因是什么？,先天性心脏病->症状->杵状指,0.85,症状
对于一名2岁的患儿，经历了为期4天的麻疹高热后，出现皮肤疹点密集成片、色紫红并遍及周身，同时伴有神昏和抽搐3次，应选用哪一种中药方剂进行治疗？,羚角钩藤汤->治疗方法->清热平肝息风,0.9,治疗方法
对于一个8个月大，腹泻伴呕吐，6小时无尿的男婴，其临床表现包括前囟凹陷，皮肤弹性差等，实验室检查血钠浓度为134mmol/L。在这种情况下，初步快速扩容静脉输液应该给予什么类型的含钠液体？,婴儿->易患人群->脱水,0.58,易患人群
一位19岁的女大学生来自山区，在城市上学时不能面对马路上的汽车，感到强烈恐惧并担心汽车会撞到自己，最佳的心理治疗方法是什么？,特定情境恐惧症->治疗方法->暴露疗法,0.53,治疗方法
对于一名56岁男性，症状包括大便次数增多、低热、厌食、消瘦，无抗生素疗效，甲状腺结节性肿大，心率加快和血压升高，以及甲状腺摄131I率3小时35%、24小时52%的情况下，若对抗甲状腺药物治疗无效，应该选择什么治疗方案？,甲亢->治疗方法->手术治疗,0.9,治疗方法
一名42岁的女性患者，最近一个月出现进行性腰部疼痛，尤其在夜间更加严重。她在一年前因乳腺癌进行了手术治疗。为了明确她腰痛的原因，哪种检查方法最有价值？,骨转移->症状->腰痛,0.2,症状
对于一位60岁的女性患者，表现出心悸、手颤等甲状腺功能亢进症状，并且心率为128次／分，心律不整，心音强弱不等，针对这些心血管并发症应该给予怎样的治疗药物以控制心率？,甲状腺功能亢进症->治疗方法->钙通道阻滞剂,0.55,治疗方法
一名3岁男性患儿患有麻疹并未及时治疗，目前症状包括高热烦躁、神昏谵语、偶尔抽搐、皮疹遍及全身呈紫红色、舌红绛及脉弦数，针对这样的病情，应采用何种治疗方法？,抽搐->可能患有疾病->热入心营,0.71,可能患有疾病
一位28岁的男性被沸水烫伤，各部位表现出不同症状。左上肢、颈部、胸腹部、双足和双小腿有水泡且剧痛，右手掌有焦痂呈皮革状且不痛，面部有红斑表面干燥，并发生低血容量性休克。请计算该患者Ⅱ度烧伤的总面积百分比。,休克->忌吃->刺激性食物,0.12,忌吃
一位58岁男性患者因过劳而反复出现腰痛，表现为静卧时痛减，阴雨天气加重，左侧腰疼剧烈，不能转侧，白天症状较轻晚上较重，痛处拒按，舌苔薄白腻，脉象弦，应选择什么中药方剂进行首选治疗？,腰痛治疗->常用药品->当归四逆汤,0.62,常用药品
一名60岁男性患者阴茎头部出现菜花样肿物，继而糜烂，边缘硬而不整齐，有分泌物、出血及恶臭。根据这些症状，该患者应诊断为何种疾病？,阴茎肿物->症状->阴茎鳞状细胞癌,0.87,症状
根据以下病例描述，女患者50岁，肩痛半年，颈部活动正常，压头与牵拉试验阴性，右肩三角肌萎缩，肩关节外展外旋受限，感觉无改变，X线检查显示颈椎间隙变窄和骨赘增生，而右肩关节仅有轻度骨质疏松没有其他异常。基于这些信息，该病例应诊断为哪种肩部疾病？,肩周炎->症状->肩关节外展受限,0.88,症状
一位54岁男性患者，间歇性上腹部不适4年，餐后加重，嗳气来诊。胃镜检查显示如图所示的结果。请问对这种情况下的治疗方案，应该采取怎样的处理方式？,胃炎->治疗方法->质子泵抑制剂,0.78,治疗方法
根据患者的临床表现，辅助检查结果（特别是抗GBM抗体阳性、ANCA阴性、肾脏病理表现中的IgG和C3沿肾小球毛细血管壁呈光滑线条分布以及光镜下的新月体肾炎），明确该患者最可能的具体诊断是什么？,Goodpasture综合征->症状->新月体肾炎,0.85,症状
27岁男性患者外感咳嗽，经解表宣肺治疗后仍咳嗽、咽痒，应选何方剂？,咳嗽->推荐食谱->梨皮川贝汤,0.63,推荐食谱
一名38岁男性患者，出现黄疸迅速加重和神志恍惚等重症肝炎表现。其肝功能化验结果显示ALT升高，TBIL增高，胆碱酯酶降低。哪项检查对于确诊他是否患有重症肝炎最有价值？,肝功能->诊断检查->血清酶活性,0.2,诊断检查
一个34岁的男性出现发热、背部疼痛、不能直立和局部软组织肿胀等症状，结合医学影像，他的症状最可能指向哪种疾病？,化脓性脊椎炎->并发症->慢性软组织感染,0.08,并发症
一个患者表现为四肢痿软麻木，身体困重，足胫发热，胸脘痞闷，小便短赤，舌苔黄腻，脉滑数。针对这些症状，应选用何种方剂进行治疗？,四肢痿软麻木->症状->湿热困阻,0.87,症状
30岁男性，三年右腹股沟可复性包块，突然右下腹痛伴呕吐1天，阵发性加重，无排便排气。体检：全腹不胀，无肠型，右下腹压痛无反跳痛，肠鸣音稍亢进，偶尔气过水声，右腹股沟2cm×2cm×3cm韧性压痛包块，局部皮肤阴囊正常。诊断？,腹股沟疝->症状->包块,0.9,症状
根据以下病人的化验结果：白细胞计数为5.4×10⁹/L，尿液中白细胞为30～40/HP，红细胞为10～15/HP，并且亚硝酸盐呈阳性，该患者的标准抗感染治疗疗程应该是几天？,尿路感染->治疗方法->抗生素使用规范,0.08,治疗方法
根据以下病人的化验结果：白细胞计数为5.4×10⁹/L，尿液中白细胞为30～40/HP，红细胞为10～15/HP，并且亚硝酸盐呈阳性，该患者的标准抗感染治疗疗程应该是几天？,尿路感染->治疗方法->复发性尿路感染治疗,0.7,治疗方法
对于一位17岁女性患者，颏部发育不良，面下1/3高度偏大，存在Ⅱ类咬合关系，ANB角为7度，并且上下颌前牙明显拥挤。为了在治疗初期实现上颌磨牙的远中移动，哪种方法最为合适？,咬合问题->推荐食谱->软质食物,0.17,推荐食谱
一名70岁男性患者住院两周后持续出现大量蛋白尿，为明确诊断，哪项检查最有意义？,大量蛋白尿->诊断检查->骨髓穿刺,0.9,诊断检查
35岁女性慢性肾炎，GFR为50ml/min，血尿素氮为12mmol/L，血肌酐为256μmol/L，如何判断肾功能状况？,慢性肾病->并发症->高血压,0.72,并发症
根据患者症状描述，老年女性患者多年来在疲劳后出现尿频、尿痛等症状，同时伴有腰膝酸软、神疲乏力。检查发现双肾区叩击痛，尿白细胞升高，结合这些症状，最适合采用何种治疗方法进行治疗？,肾盂肾炎->治疗方法->抗生素,0.78,治疗方法
一位67岁的男性支气管哮喘患者，其缓解期表现为气短声低，咳痰清稀色白，平素自汗，怕风，常易感冒，舌淡苔白，脉细弱。根据这些症状，应该选择哪种中药方剂进行治疗？,哮喘缓解期->宜吃->生冷瓜果,0.13,宜吃
一位28岁的女性结婚1年未避孕但未怀孕，出现腹胀1个月，妇科检查发现左侧附件区有8cm的囊实性肿块，B超彩色多普勒显示左卵巢囊实肿瘤且周边血供丰富。快速病理报告为浆液性囊腺瘤。在这种情况下，应该选择哪种手术方式？,卵巢肿瘤->诊断检查->B超+快速病理,0.69,诊断检查
"根据一位76岁女性患者的情况，她有慢性咳嗽、咳痰病史超过20年，近期感冒后症状加重，并伴随显著气短，血气分析结果为pH 7.32, PaCO2 75 mmHg, PaO2 45 mmHg。在此情况下，医生认为应严格控制她吸氧时的氧浓度。请问，该患者吸氧时的氧浓度应控制在多少范围内？",呼吸困难->诊断检查->血气分析,0.86,诊断检查
一位19岁的女性患者，表现为经期前后不定，经量或多或少，经行不畅且有血块，并伴有胸胁、乳房和少腹的胀痛，精神抑郁，舌苔薄白，脉弦。根据这些症状，最适合的中医治疗方剂是什么？,逍遥散->可以治疗疾病->肝气郁结型月经不调,0.89,可以治疗疾病
一个8岁男孩，身材矮小，上下肢比例正常，面容较幼稚，腹部皮下脂肪丰满，手腕骨X线片显示骨龄为5岁。根据这些临床特征，他可能患有什么疾病？,生长激素缺乏症->治疗方法->外科手术,0.3,治疗方法
对于一位45岁女性患者，手指近端指间关节肿痛并伴有实验室指示风湿因子的阳性以及抗环瓜氨酸肽抗体阳性，控制病情进展应该首选什么药物？,类风湿关节炎->治疗方法->甲氨蝶呤,0.88,治疗方法
一名患者出现胸骨左缘第三肋间3/6级收缩期喷射性杂音，X线显示肺血减少、肺动脉段突出、右室增大。根据这些临床表现，最可能的诊断是什么？,肺血减少->可能患有疾病->肺动脉瓣狭窄,0.14,可能患有疾病
一位32岁的男性患者，出现胃脘部痞硬不适、频繁嗳气、反胃呕吐、嗝逆暖气等症状，舌淡苔白腻，脉象缓而滑。请问此时应首选哪种中药方剂进行治疗？,生脉散->常用药品->人参,0.65,常用药品
28岁的男性患者曾在10岁时因右侧隐睾进行右睾牵引固定术。目前右侧阴囊肿大并伴有疼痛持续了半个月。查体发现右侧阴囊下垂，睾丸肿大如鹅卵，沉重感明显，且透光试验结果为阴性。基于这些临床表现，请问该患者的诊断是什么？,睾丸肿瘤->症状->右侧阴囊肿大,0.15,症状
一位39岁的女性曾因胎盘早剥大出血导致休克，经过抢救后成功脱险，但产后闭经已有3年，现在伴有生殖器萎缩、脱发和全身无力等症状。根据这些临床表现，她的闭经属于哪一种类型的闭经？,Sheehan综合征->症状->闭经,0.92,症状
对于一名出现头晕、气短、畏风自汗、大便质烂、脱肛症状的60岁女性患者，应该选用哪种中成药进行治疗？,气虚->常用药品->人参健脾丸,0.68,常用药品
女，58岁。经过1.5年的丙基硫氧嘧啶治疗后，患者的甲状腺有所缩小，且T抑制试验结果显示3小时抑制率大于50％，24小时抑制率小于50％，TT、TT正常。对于这一病例，应如何调整丙基硫氧嘧啶的使用剂量？,高血压->忌吃->高盐食物,0.12,忌吃
一个一岁半的女孩因发热和咳嗽已经治疗几天但症状未见好转，全身检查和实验室检查显示感染症状及呼吸道改变，结合其大便每日4～5次且稀薄无脓血的情况，应该进行哪个首要的实验室检查来确定诊断方向？,呼吸道感染->推荐食谱->辛辣食物,0.45,推荐食谱
根据患者的症状和体征，包括腹痛、呕吐、发热16小时、体温38.9℃、血压90/60 mmHg、腹部稍隆起、腹肌紧张、压痛和反跳痛、肠鸣音减弱，尤其下腹部为甚，诊断应是什么？,急性腹膜炎->并发症->胃肠穿孔,0.15,并发症
一名42岁的女性患者，症状包括厌食、乏力、肝区痛5天伴随尿色加深，检查结果显示ALT 400U，总胆红素50μmol/L，确诊为急性黄疸型病毒性肝炎。在这种情况下，最主要的治疗措施应该是什么？,急性黄疸型病毒性肝炎->并发症->肝功能衰竭,0.8,并发症
对于一名26岁已婚女性，停经49天后行人工流产术，术后一个多月阴道出现淋漓出血，妇科检查显示子宫饱满、稍软、活动良好，彩色B超检查显示宫腔线清晰、前壁肌层有局灶性丰富血流信号，若要进一步明确诊断，应该首先选择哪种辅助检查？,人工流产术后并发症->诊断检查->血清hCG测定,0.9,诊断检查
根据尿频尿痛、尿中白细胞增多、小腹胀痛和苔黄脉滑数的症状，这位23岁女性患者应选用哪种中药方剂进行治疗？,小腹胀痛->症状->湿热下注,0.78,症状
一名42岁的男性患者，突然出现阵发性腹痛，伴有腹胀和呕吐2天，体温38.5℃，脉搏93次/分，血压100/60mmHg。腹部饱胀并胀气，右下腹部有压痛，肠鸣音亢进。腹部X线平片检查显示小肠高度胀气、扩张，并有多个液气平面。请根据以上症状和检查结果，诊断该患者可能的疾病类型。,小肠梗阻->并发症->肠坏死,0.7,并发症
针对一名30岁妇女，结婚7年，月经不调且基础体温单相，未避孕但未妊娠，检查精液常规和输卵管造影均无异常，超声发现子宫肌瘤且体重增加，结合这些病史和症状，为确定诊断，应该使用哪一种诊断方法？,不孕症->诊断检查->超声检查,0.78,诊断检查
患者王某反复呕吐清水痰涎、脘闷不食、头眩心悸、舌苔白腻、脉滑。最适合的中医方剂？,痰湿中阻->治疗方法->小半夏汤合苓桂术甘汤,0.88,治疗方法
根据超声结果显示，一名31岁女性患者，闭经56天，阴道少量流血1天伴有下腹部隐痛，子宫内可见25mm妊娠囊和节律胎心搏动，左侧卵巢出现41mm×39mm的囊性占位物，其边界清楚，囊壁完整且透声良好。请问这个囊性占位物最可能是什么？,卵巢囊肿->症状->少量流血,0.7,症状
描述一位25岁女性患者因腹痛、腹泻便秘交替3个月就诊，并在胃肠钡餐检查中发现回盲部激惹和“钡影跳跃征象”的情况下，最可能的诊断是什么？,肠易激综合征->症状->便秘,0.11,症状
边某，男，58岁，最近出现头目眩晕，目胀耳鸣，脑部热痛，心中烦热，面色如醉，舌红少苔，脉弦长有力等症状，结合其有高血压病史，这种情况下，应该选用哪种中药方剂进行治疗？,肝阳上亢->疾病描述->面色如醉,0.78,疾病描述
根据患者的症状：干咳、喉痒、痰少粘连、痰中带血、口干等，以及舌质偏红、脉浮数等体征，确定最合适的中药方剂是什么？,肺阴虚->忌吃->辛辣食物,0.73,忌吃
根据患者牙龈肥大增生的症状及其病史，该患者的牙龈增生肥大最可能与长期服用哪种药物有关？,苯妥英钠->常用药品->抗癫痫药,0.89,常用药品
患者张某，女，60岁，表现为低热多日，伴有头晕眼花、身倦乏力、心悸不宁，以及面白少华、唇甲色淡、舌质淡、脉细弱的症状，请问她的证型是什么？,血虚->症状->面白少华,0.75,症状
患者有癫病史，表现为神志恍惚、躁动不寐、多言善惊、口舌干燥、纳少，舌红少苔，脉沉细数，治疗上应该采用什么方法？,气虚->治疗方法->补中益气汤,0.12,治疗方法
一名42岁的女性患者，多年乏力，体检发现双侧甲状腺呈结节性肿大且质地较韧，考虑诊断为慢性淋巴细胞性甲状腺炎。为确诊该疾病，哪项检查具有决定性价值？,甲状腺疾病->诊断检查->细胞学检查,0.12,诊断检查
一名8岁的患者皮肤出现瘀斑瘀点2周，双下肢对称分布，斑色淡红，压之不退色，伴有神疲乏力、气短懒言、大便稀溏，舌淡苔薄白，脉细弱。根据这些症状，应该采用什么治疗方法？,脾虚->治疗方法->补气养血,0.75,治疗方法
一位27岁男性患者有2年发作性神志丧失和四肢抽搐的病史，今天凌晨发作后意识一直未恢复，来院后又出现了一次四肢抽搐。为控制发作后的维持治疗，应该首选哪种药物？,癫痫发作->常用药品->苯妥英钠,0.84,常用药品
根据临床症状和检查，44岁女性右下后牙牙龈反复肿胀疼痛半年多，颊侧牙龈有一瘘管，近中探诊深度7mm，叩诊阳性，牙髓活力正常，最可能的诊断是什么？,牙周脓肿->症状->瘘管和牙周袋,0.9,症状
一位16岁男性，左膝部肿痛持续2周，无发热。结合左膝关节的MRI平扫和增强扫描片，诊断结果最可能是什么？,左膝肿痛->症状->膝关节疼痛,0.6,症状
一位19岁的女大学生来自山区，在城市上学时不能面对马路上的汽车，感到强烈恐惧并担心汽车会撞到自己，最佳的心理治疗方法是什么？,特定情境恐惧症->治疗方法->针灸治疗,0.04,治疗方法
根据以下症状：患儿男，10岁，受凉后出现发热、咳嗽、乏力，随后出现心悸、胸闷、烦躁不安。查体时面色苍白、皮肤发凉、血压降低、心率加快，第一心音低钝，面诊给予扩容及血管活性药物后，病情加重至神志不清、面色青灰、呼吸急促，血压测不到。请问该患儿的休克类型是什么？,第一心音低钝->症状->心功能减弱,0.87,症状
根据一位46岁女性的超声检查结果，她的月经量不多，无痛经史，今年龄段最可能的子宫异常诊断是什么？,子宫异常->可能患有疾病->宫颈癌,0.5,可能患有疾病
一位47岁的男性患者，出现脾胃气滞导致的脘腹胀痛，并伴有食欲不振和大便溏泻，治疗应着重行气止痛和健脾消食。应该选择哪种中药来治疗这个病症？,脾胃气滞->治疗方法->健脾消食,0.77,治疗方法
一位68岁男性，有高血压病史超过10年，心率56次/分，血压160/90mmHg，血肌酐水平为365μmol/L。在这种情况下，哪种降压药物最适合首先使用？,慢性肾功能不全->常用药品->氨氯地平,0.66,常用药品
考虑到患者在生气或劳累时出现左胸前区闷痛且心电图未见异常，针对该情况最有价值的无创检查方法是什么？,左胸闷痛->症状->心电图未见异常,0.82,症状
对于一名1岁10个月的患儿，出现发热半天及全身惊厥1次、持续10余分钟伴呕吐和意识模糊的症状，大小便正常，应进行什么检查才能有助于明确诊断？,中枢神经系统感染->诊断检查->脑脊液检查,0.76,诊断检查
患者反复发作呼吸困难、胸闷、咳嗽及咳痰，春季加重，双肺湿啰音。最适合治疗药物？,过敏反应->治疗方法->抗组胺药,0.58,治疗方法
一位男性患者左鼻塞5年，逐渐加重，近1年持续性伴随鼻流脓涕且嗅觉减退，检查发现右鼻腔内有多个光滑灰白半透明的赘生物，触之柔软且无痛，最可能的诊断是什么？,鼻息肉->症状->嗅觉减退,0.9,症状
一名7个月大的女婴在腹泻和呕吐3到4天后入院，检查时发现有精神萎靡、面色苍灰、口唇樱红、前囟及眼窝凹陷、皮肤弹性差、心肺无异常和腹软。入院诊断为腹泻病、中度失水、代谢性酸中毒。补液后，该婴儿出现抽搐。根据临床表现，这名婴儿出现抽搐最可能是什么原因导致的？,代谢性酸中毒->症状->抽搐,0.65,症状
对于一名35岁男性患者，患有血友病10年，近期出现发热、腹泻超过一个月，全身淋巴结肿大，CD4+/CD8+比值为0.8。在这样的情况中，可以使用哪种药物进行治疗？,血友病->并发症->贫血,0.12,并发症
根据一位服用阿司匹林的56岁女性患者，最近10余天间断上腹部隐痛或不适，并且昨天出现两次黑便的症状，试分析最可能导致她消化道出血的病因是什么？,阿司匹林->传染性->是,0.06,传染性
现年35岁的女性患有系统性红斑狼疮已有3年，并不定期服用泼尼松。最近1周，她出现了头痛和嗜睡的症状，继而神志不清。在需要输血治疗的情况下，结合她的交叉配血主次测均凝集的情况，最有意义的检查是什么？,系统性红斑狼疮->并发症->溶血性贫血,0.75,并发症
根据患者牙龈肥大增生的症状及其病史，该患者的牙龈增生肥大最可能与长期服用哪种药物有关？,牙龈增生->症状->牙龈肥大,0.16,症状
在治疗患者谢××时，她病症表现为久痢顽固不愈，证见心烦失眠，口干口苦，腹痛隐隐，喜温喜按，舌质淡，苔黄腻，脉沉细。根据这些症状，应该选用哪种中药方剂进行治疗？,苔黄腻->治愈概率->0.5,0.2,治愈概率
24岁女性患者，临床初诊为右肾结核、左肾积水，决定治疗方案时，哪项检查必不可少？,泌尿系统感染->诊断检查->尿液细菌培养,0.54,诊断检查
根据患者的症状表现，如外感咳嗽、气喘、习惯性便秘、舌质淡红、苔薄黄和脉滑略数，你认为治疗中应选择哪种药物进行干预？,麻杏石甘汤->常用药品->清热化痰,0.78,常用药品
对于一名21岁右利男性患者，突然癫痫发作并伴有头痛、呕吐、颈项强直、低热和命名性失语的症状，询问病史时应该着重询问什么？,脑膜炎->症状->颈项强直,0.85,症状
一个患者表现出肢体关节疼痛较剧，痛有定处，得热痛减，遇寒痛增，疼痛局部皮色不红，触之不热，舌苔薄白，脉弦紧。这种情况下，应该选用哪种中药方进行治疗？,风寒湿邪->常用药品->乌头汤,0.28,常用药品
如果患者在过去一个月内频繁出现头痛，每周发作3至4次，并且口服奈普生无法很好地缓解疼痛，为了终止头痛的急性发作，应选用哪种药物？,头痛->治疗方法->非甾体抗炎药,0.65,治疗方法
42岁女性患者，症状包括厌食、乏力、肝区痛5天伴随尿色加深，检查结果显示ALT 400U，总胆红素50μmol/L，确诊为急性黄疸型病毒性肝炎。在这种情况下，最主要的治疗措施应该是什么？,急性黄疸型病毒性肝炎->并发症->肝功能衰竭,0.8,并发症
"28岁女性患者反复水肿4年，并伴有近日厌食、恶心、齿龈出血、排柏油样便及逐渐昏迷症状，血压为170／100 mmHg，双下肢散在出血点，呼吸深大，Hb为70g／L, 血小板为70×10⁹/L，且1年前曾患肝炎。为了尽快明确诊断，哪项血液检查最有意义？",尿素氮+肌酐->诊断检查->电解质紊乱,0.78,诊断检查
一名26岁女性因车祸头部受伤后出现短暂昏迷，后来逐渐清醒，但1天后开始出现烦躁、头痛、呕吐，随后再次昏迷。体检显示伤侧瞳孔散大，对光反射消失，对侧肢体不完全性瘫痪，并有巴宾斯基征阳性。请问这种情况应考虑为哪种诊断？,急性硬膜外血肿->诊断检查->CT扫描,0.85,诊断检查
在头皮撕脱伤患者中，如果撕脱面积较大且骨膜完整，但无法进行头皮回植的情况下，最佳的治疗方法是什么？,大面积头皮撕脱伤->治疗方法->游离皮瓣移植,0.9,治疗方法
如果患者表现为经行量多如崩，经色鲜红后淡，有血块，伴有心悸气短，面色苍白，舌淡胖，舌边有瘀点瘀斑，舌苔厚，脉象弦细无力，应该选择哪种中药进行治疗？,气虚血瘀->常用药品->参茜固经冲剂,0.84,常用药品
患者长期喘息病，近日感冒，微热、怕风寒、咳嗽气短、微汗、舌苔淡白、脉浮缓弱。应给予何种中药治疗方案？,微汗->症状->风寒感冒,0.17,症状
一名24岁的男性在进食海产品4小时后出现发热、剧烈腹痛、腹泻、呕吐等症状，大便十余次呈血水样，偶有黏液血便。体检发现轻度脱水，血压为12/8 kPa，腹部柔软但有压痛。实验室检查显示每高倍镜视野白细胞5到8个，红细胞10到25个。根据这些症状和检查结果，最可能的诊断是什么？,副溶血性弧菌感染->诊断检查->大便镜检白细胞红细胞增多,0.69,诊断检查
根据淋巴瘤的分期原则，评估以下这种病人的分期：35岁女性，表现为发热、乏力伴消瘦，检查结果显示左颈、两侧腋窝和腹股沟可触及数个淋巴结，脾肋下3cm，骨髓正常，红细胞沉降率80mm/h，胸部X线检查阴性，肝区B超正常，淋巴结活检为混合细胞型。,多部位淋巴结肿大->症状->乏力,0.89,症状
对于一名发热3天、流涕、流泪、怕光，并且耳后、颈部、面部出现充血性红色斑丘疹的2岁女童，如果她的口腔颊内侧黏膜可见白色斑点，她的隔离期应该是出疹后多久？,麻疹->症状->柯氏斑,0.88,症状
一名足月顺产女婴生后8天，母乳喂养，出现食欲减退、烦躁和呕吐等症状，体检发现皮肤黄染，呼吸增快，心率加快，同时总胆红素水平升至255μmol/L。结合这些临床表现和检查结果，最可能的诊断是什么？,病理性黄疸->症状->黄疸,0.8,症状
针对70岁男性患者出现心悸、喘促不能平卧、口唇爪甲青紫、烦躁、咳吐粉红色泡沫痰等症状，请问应该如何诊断？,急性左心衰竭->症状->咳吐粉红色泡沫痰,0.78,症状
在一位患者表现出外感风寒湿邪、恶寒发热、肌表无汗、头痛项强、肢体酸楚疼痛、口苦而渴的情况下，应该选用哪种中药方进行治疗？,风寒湿邪->治疗方法->解表祛湿,0.18,治疗方法
一位42岁的女性患者甲状腺部位疼痛并出现结节，血沉加速，甲状腺摄131I率明显下降，经泼尼松治疗后，临床症状迅速消失。这种情况最可能诊断为何种甲状腺疾病？,结节->推荐食谱->低碘饮食,0.19,推荐食谱
一名42岁的女性患者，多年乏力，体检发现双侧甲状腺呈结节性肿大且质地较韧，考虑诊断为慢性淋巴细胞性甲状腺炎。为确诊该疾病，哪项检查具有决定性价值？,慢性淋巴细胞性甲状腺炎->诊断检查->甲状腺超声,0.74,诊断检查
根据24岁男性患者间断胸痛、低血压、身体特征（如蜘蛛指、漏斗胸）和心脏超声检查结果，确定导致其主动脉夹层的易患因素是什么？,马凡氏综合征->诊断检查->心脏超声,0.73,诊断检查
一名42岁的女性佩戴活动义齿一周后，与基托吻合部的黏膜出现灼痛感，停戴义齿后症状缓解，再次使用又出现同样的症状。这种症状的最有可能的诊断是什么？,接触性口炎->治疗方法->使用局部抗炎药,0.8,治疗方法
一名2岁患儿已患肺炎1周，近日全身中毒症状加重，并出现高热持续不退、呼吸困难加重、频繁咳嗽、面色发绀和低血压。综合这些症状，最有可能的诊断是什么？,脓胸->推荐食谱->高蛋白饮食,0.28,推荐食谱
一名10岁的男性患有急性淋巴细胞性白血病，并出现双侧视物模糊。检查发现双侧视神经扩大、隆起，伴有出血和棉絮斑，提示急性白血病性视神经浸润。在这种情况下，应采取哪种紧急治疗方案以挽救视力？,急性白血病->并发症->视神经损伤,0.75,并发症
一名45岁的男性由于心肌梗死导致心源性晕厥，在进行心脏除颤后恢复了窦性心律，意识清醒且血压逐渐恢复正常。为了预防酸碱失衡，应该立即补充哪种溶液？,心肌梗死->症状->高血压,0.63,症状
患者贺某，30岁，男性，症状包括咳嗽痰稠带血、心烦易怒、胸胁作痛、咽干口苦、颊赤便秘，舌红苔黄，脉弦数。根据这些症状，应该使用哪种中药方剂进行治疗？,肝火犯肺->并发症->肝阳上亢,0.2,并发症
在尿急、尿痛伴尿道口脓性分泌物3天的情况下，若28岁男性患者未得到正规有效治疗，他可能出现的最严重并发症是什么？,泌尿系统感染->传染性->较强,0.18,传染性
对于一名2岁男孩，出现咳嗽伴气喘、发热、面赤鼻煽、气促等症状，并且有舌红苔黄、指纹浮紧在气关、脉浮数等表现，治疗这种症状的首选方剂是什么？,风热犯肺->并发症->肺炎,0.3,并发症
请问对于一位患有抑郁症并伴有II度房室传导阻滞的60岁患者，首选的治疗药物是什么？,帕罗西汀->可以治疗疾病->抑郁症,0.84,可以治疗疾病
患者牙痛，面部肿胀，颊部窦道，反复流脓不愈，可能诊断为何？,智齿冠周炎->症状->面部肿胀,0.83,症状
患者右上肢外伤后肩部疼痛，活动功能丧失，左手托右肘部。查体显示右肩方肩畸形，搭肩试验阳性，右上臂弹性固定于轻度外展位。根据这些症状，上臂最适宜的固定位置是什么？,肩关节脱位->治疗科室->骨科,0.12,治疗科室
外感风寒患者误用泻下剂后出现发热头痛、汗出恶风、鼻鸣微喘、舌苔薄白、脉沉缓的症状时，应选择哪种治疗方剂？,外感风寒->常用药品->桂枝汤,0.9,常用药品
一名20岁男性患者，数月来出现低热乏力和逐渐加重的呼吸困难，体检发现气管偏向右侧，左下肺叩诊呈浊音，语颤消失，且左上肺可闻及支气管呼吸音，下方肺泡呼吸音消失。结合上述体征，请问最可能的诊断是什么？,支气管呼吸音增强->疾病描述->肺组织受压,0.8,疾病描述
针对一名4岁患儿，出现脐周腹痛，时作时止，面色萎黄，日渐消瘦，恶心呕吐，大便排出蛔虫1条，睡眠中磨牙的症状，请问首选的治疗中药方剂是什么？,蛔虫病->治疗方法->使君子散,0.85,治疗方法
一名43岁男性，患有扩张型心脏病，突发心悸来到急诊。结合心电图结果，针对该患者的病情，首选的治疗方案是什么？,扩张型心脏病->治疗方法->抗心律失常药物（胺碘酮）,0.9,治疗方法
9岁男孩，出现颜面水肿和深色尿液，且有抽搐和昏睡等症状，结合这些症状和病史描述，请说明最优先应该进行哪种治疗措施？,急性肾炎->治疗方法->控制高血压,0.9,治疗方法
对于一名70岁男性患者，半年来在劳累时出现胸痛和气短，且活动如扫地和平地行走受限。该患者既往有10余年高血压病史，20岁时曾患肺结核。在这种情况下，要进一步检查以评估他的心脏功能，首选的检查方法是什么？,肺结核->并发症->肺功能下降,0.78,并发症
一位67岁女性在导管室进行冠状动脉介入治疗时突发心悸和气短，体检显示血压为80/70 mmHg，口唇无发绀，颈静脉怒张，心率为90次/分且心律齐，心音低顿，并出现奇脉。在冠脉介入治疗已停止后，应立即采取什么治疗措施来改善病情？,心包填塞->治疗方法->心包穿刺,0.84,治疗方法
一名76岁的男性患者突发表现为“糊涂，忘事”，反应迟钝，通过MRI检查后，你认为最可能的诊断是什么？,糊涂、忘事->症状->脑缺血,0.8,症状
对于一位怀孕5个月的女性患者，出现尿少、尿液颜色偏黄、排尿艰涩疼痛、面色发红、心烦、口舌生疮等症状，伴随舌红苔黄和脉细滑数，应该采用哪种治疗方法？,湿热->症状->舌红苔黄,0.8,症状
对于一名7岁女孩，出现尿频尿急5天并伴有寒战，全身温度39.0℃，双肾区有叩击痛，确诊这种情况下首选的检查是什么？,发热->忌吃->油炸食品,0.09,忌吃
请根据描述分析，在湖南某市某年洪水后，出现的发热症状和血常规结果，患者发热的原因最可能是什么疾病？,钩端螺旋体病->诊断检查->血常规,0.85,诊断检查
王某，男，60岁，口渴欲饮9年，近半年小便频数且混浊如膏，甚则饮一溲一，面色黧黑，耳轮焦干，腰膝酸软，形寒畏冷，阳痿，舌淡苔白，脉沉细无力。根据这些症状，应该选择什么主要方剂进行治疗？,肾阳虚->症状->阳痿,0.03,症状
对于一位46岁男性患者，出现心悸气短症状12年，并在心尖部听到舒张期隆隆样杂音，请描述心尖内侧听诊时可能出现的异常声音。,二尖瓣狭窄->诊断检查->舒张期隆隆样杂音,0.88,诊断检查
袁女士在妊娠25周前检查正常，但在26周出现水肿，30周出现头晕、眼花，并且检查结果显示血压为213／146kPa(160／110mmHg)，水肿程度为(+++)，尿蛋白为(++)，请诊断她的病症。,重度子痫前期->症状->高血压,0.85,症状
一位32岁的女性患者，表现为漫肿无头、皮色不变、酸痛无热、口中不渴，舌淡苔白，脉沉细。根据以上症状，应首选使用哪种中药？,寒湿阻滞->治疗科室->中医内科,0.83,治疗科室
5岁小儿0T试验1：1000浓度24小时后复诊，局部红硬结直径15mm，最恰当的处理措施是什么？,结核试验->并发症->结核感染,0.65,并发症
女，58岁。经过1.5年的丙基硫氧嘧啶治疗后，患者的甲状腺有所缩小，且T抑制试验结果显示3小时抑制率大于50％，24小时抑制率小于50％，TT、TT正常。对于这一病例，应如何调整丙基硫氧嘧啶的使用剂量？,甲状腺功能亢进->诊断检查->T抑制试验,0.9,诊断检查
一名30岁男性患者，刷牙时牙龈易出血2年多，检查发现口腔卫生不良，牙石为双阳性，龈缘红肿且探诊易出血，但没有发现附着丧失，血常规正常。基于这些信息，这名患者的诊断是什么？,牙龈炎->症状->红肿易出血,0.82,症状
患者血氧检查显示PaO2 50mmHg，动脉血氧含量15ml/dl，动-静脉血氧含量差4ml/dl。缺氧类型是什么？,肺水肿->诊断检查->胸部CT,0.09,诊断检查
对于一名12岁患儿，痫病发作10年且屡发不止，并伴有智力迟钝、记忆力差、少气懒言以及肢体不温等症状，舌淡苔白，脉沉细，哪种治疗方法最为适宜？,痫病->并发症->智力迟钝,0.74,并发症
对于患者表现出咳嗽经久不愈，咳吐黄痰，甚至咳吐腥臭脓血，并且有身热不退，胸中隐隐作痛的症状，舌红苔黄腻，脉滑数的情况，应该使用哪种中药方剂进行治疗？,咳嗽->治疗方法->化痰止咳方,0.75,治疗方法
根据一名35岁男性患者的症状：头痛、复视半年，左侧肢体无力，右眼上睑下垂，右瞳孔散大，对光反应消失，左侧肢体肌力Ⅲ度，肌张力增高，膝反射亢进，Babinski征(+)，左侧鼻唇沟变浅，伸舌时左偏，请确定该患者的病变定位于哪个部位？,右眼上睑下垂->可能患有疾病->动眼神经损伤,0.88,可能患有疾病
一名42岁女性患者，经历了3年的劳力性胸闷和气促，发作时硝酸甘油无效。查体时在胸骨左缘第3肋间听到收缩期杂音。为确诊，首选应进行哪项检查？,胸部不适->常用药品->硝酸甘油,0.58,常用药品
一个8岁男性患者发现右阴囊内肿块1年，该肿块无痛且平卧时消失，扪之囊性感，透光试验呈阳性。请问根据这些情况，首选的治疗方法是什么？,交通性鞘膜积液->治疗方法->鞘状突高位结扎术,0.96,治疗方法
一位35岁的女性病人在输血后1小时内出现畏寒、寒战高热、头痛、出汗、恶心、呕吐和皮肤潮红，体温达到40℃。结合其有输血史的情况，最可能的临床诊断是什么？,输血相关非溶血性发热反应->疾病描述->细胞因子引起的发热,0.52,疾病描述
对于一名5岁患儿，虽然没有任何临床症状和体征，且房室腔未见扩大，但在超声检查中通过胸骨旁左心长轴切面在房室沟处发现一圆形无回声区，大小为15mm×18mm，并且其开口于右房，请问最可能的诊断是什么？,无症状->可能患有疾病->先天性心脏病,0.62,可能患有疾病
对于一名2岁的患儿，经历了为期4天的麻疹高热后，出现皮肤疹点密集成片、色紫红并遍及周身，同时伴有神昏和抽搐3次，应选用哪一种中药方剂进行治疗？,麻疹高热->治疗方法->清热解毒,0.65,治疗方法
一名48岁女性患者在车祸中导致右胫腓骨骨折，并在外固定术后两年进行复查。请根据复查结果描述最可能的诊断是什么？,骨折愈合不良->症状->骨折未愈合,0.79,症状
3岁男孩，症状包括咳嗽重浊、痰多色白清稀、喉间痰声辘辘、纳呆，舌质淡红、苔白腻、脉滑，应该选用什么方剂进行治疗？,痰湿困肺->常用药品->二陈汤,0.9,常用药品
在患有'肠痈'且表现为右下腹痛、发热恶寒、恶心、便秘、苔薄黄、脉数有力的患者，针灸治疗中除了使用阑尾穴以外，还应该选择哪些穴位？,便秘->治疗方法->大肠经通腑针法,0.62,治疗方法
一名48岁男性患者，腘窝上方持续性钝痛2年，且疼痛加重，以往‘结核’治疗无效，体检显示腘窝上方有肿胀和局部压痛，实验室检查正常。请问根据提供的图像，导致这种症状的最可能病因是什么？,神经纤维瘤->并发症->压迫神经,0.7,并发症
一名55岁男性患者出现左胸痛2个月，胸闷气短逐渐加重，并伴有消瘦。胸片显示左侧大量胸腔积液，CT显示广泛胸膜增厚及左侧胸膜凹凸不平，可见胸膜结节影。根据这些临床表现，该患者最可能与哪种职业相关疾病有关？,石棉暴露相关疾病->症状->胸膜增厚,0.89,症状
一名14岁男孩在右大腿深部巨大血管瘤手术后，伤口愈合良好，但在拆线后下床活动5分钟后突然晕倒并抢救无效死亡，在这种情况下最有可能的死因是什么？,急性肺栓塞->诊断检查->CT扫描,0.75,诊断检查
一名70岁男性患者住院两周后持续出现大量蛋白尿，为明确诊断，哪项检查最有意义？,大量蛋白尿->症状->肾炎,0.15,症状
27岁女性哮喘患者，对阿司匹林敏感，最适合的药物是哪种？,哮喘->常用药品->糖皮质激素,0.45,常用药品
某患者术后第三天出现体温升高到39℃，伴有大便次数增多、里急后重和黏液便，但伤口不痛且无咳嗽。结合症状，最可能的诊断是什么？,术后感染->症状->大便次数增多,0.39,症状
一位48岁男性患者，具有15年高血压病史，现在突然出现剧烈的胸背部疼痛，伴有面色苍白。体检发现其脉搏为88次/分，血压为170/120mmHg，心电图正常。请问该患者最有可能被诊断为何种疾病？,主动脉夹层->诊断检查->胸部CT血管造影,0.88,诊断检查
一名30岁女性患者在外院进行右下第二磨牙治疗后，右侧口角区出现灼热不适感，随后出现成簇小水泡。根据这些症状，最可能的诊断是什么？,单纯疱疹->常用药品->阿昔洛韦软膏,0.57,常用药品
一名6岁男孩发热持续两周，并出现关节游走痛。体检发现心率每分钟100次，心尖区有二级收缩期杂音，C反应蛋白呈阳性，血沉增快，疑似风湿热。对于这种情况，首选哪种药物进行治疗？,风湿热->常用药品->抗生素,0.72,常用药品
描述患者症状为：日晡潮热、谵语、纯利稀水、恶臭异常、腹胀硬痛、肛门灼热、舌苔黄燥、脉沉有力。这种情况下，应该采用哪种中药汤进行治疗？,调胃承气汤->传染性->是,0.13,传染性
一位38岁的男性患者，居住在沿海地区，腰背部疼痛已超过半年。根据提供的影像资料，他最可能被诊断为什么疾病？,腰背部疼痛->可能患有疾病->脊柱结核,0.5,可能患有疾病
一名50岁的男性患者在饱食后出现上腹持续性胀痛，伴有全腹压痛和反跳痛，肌紧张及肠鸣音消失等症状，经过体格检查和实验室检查后，为确定最佳的治疗方案，哪种影像学检查最有价值？,肠鸣音消失->可能患有疾病->肠麻痹,0.64,可能患有疾病
一名55岁男性患者，出现右上腹痛2个月，伴有皮肤和巩膜黄染15天，并进行性加重，查体显示胆囊肿大，超声提示肝内胆管扩张且胆囊肿大，在胰腺平面以上肝外胆管扩张但胰头及胰管无明显异常的情况下，最可能观察到的影像学征象是什么？,肝门部胆管癌->并发症->胆囊肿大,0.75,并发症
根据一个20岁男性患者出现头痛、头昏2个月，左侧肢体乏力伴恶心、呕吐近1周，以及左耳听力下降和步态不稳的症状分析，这些症状结合影像学检查，最可能诊断出什么疾病？,小脑病变->症状->步态不稳,0.82,症状
孙某，女性，60岁，长期喘息，气短，动时加重，吸气不利等症状，容易在劳累后发作。结合这些症状，应针对哪种病机进行治疗？,气短->症状->痰湿阻肺,0.8,症状
一个6岁的孩子，经常盗汗，偶尔自汗，身体消瘦，精神不振，心烦少寐，有时会有低热，口干，手足心热，舌质淡且苔少，脉象细弱。针对这些症状，治疗首选的方剂是什么？,生脉散->并发症->精神不振,0.3,并发症
根据一名24岁男性患者的临床表现，包括腰骶部疼痛伴晨僵、足趾肿痛、头皮和脐周皮疹以及双手指甲凹陷性小坑等症状，并且类风湿因子阴性，应该首先考虑什么诊断？,银屑病关节炎->症状->腰骶部疼痛,0.9,症状
对于一名50岁男性患者，其主要症状包括左胸闷气2个月，胸痛20天，夜间加重，并伴有颜面、颈部及胸壁略肿胀、胸壁静脉曲张，左肺呼吸音消失。为了明确诊断，应该进行哪项检查？,胸部肿瘤->诊断检查->胸部CT扫描,0.87,诊断检查
请根据患儿3岁男孩右腹股沟可复性包块超过1年，玩耍后出现哭闹伴呕吐症状，右侧阴囊肿胀并触及不可还纳的肿块，判断最可能的诊断是什么？,腹股沟疝->并发症->肠梗阻,0.78,并发症
68岁男性，恶寒发热、头痛、微喘、无汗、全身骨节酸楚烦疼，舌苔薄白，脉浮紧而数，最合适的治疗原则是什么？,风寒表证->治疗方法->清热解毒,0.65,治疗方法
对于药物治疗无效的反复发作室性心动过速或心室颤动的心力衰竭患者，最适宜的治疗方法是什么？,心律失常->忌吃->咖啡,0.02,忌吃
针对一位患有类风湿关节炎的23岁女性，她在左上眼睑和右眼巩膜上分别出现褐色斑点和蓝色斑块。结合她的病情历史和症状，最合适的诊断是什么？,Alkaptonuria->症状->眼部色素沉积,0.66,症状
一位45岁的男性患者，出现腹大胀急、青筋张露、形体瘦削、面色晦滞、唇干口躁、潮热心烦、笔衄牙宣和尿少症状，舌质红降，苔薄少津，脉象弦细而数，针对这种表现应使用什么方剂进行治疗？,湿热内困->治疗方法->猪苓汤,0.75,治疗方法
一名36岁的女性患者，一年来出现入睡困难、工作时头痛、时常血压偏高，怀疑自己得了高血压，并且症状时好时坏，根据这些症状，该患者最可能被诊断为何种精神疾病？,入睡困难->症状->神经衰弱,0.9,症状
根据患者的查体结果，包括神志清楚、言语流利、眼底检查图像及颅神经检查结果，初步诊断是什么？,颅神经损伤->症状->眼球运动障碍,0.18,症状
一位27岁的已婚女性患者，产后恶露35天不止，颜色深红、质地稠粘并有臭味，伴随口燥咽干，舌红，脉虚细而数。根据这些症状，应该选择哪种中药方剂进行治疗？,阴虚内热->治疗方法->保阴煎,0.88,治疗方法
一位25岁的女性患者近一周出现双侧枕部中度钝痛，站立行走时头痛加重，卧床休息时头痛减轻或消失。这种头痛最可能的原因是什么？,自发性颅内低压->治疗方法->止痛药,0.28,治疗方法
根据淋巴瘤的分期原则，评估以下这种病人的分期：35岁女性，表现为发热、乏力伴消瘦，检查结果显示左颈、两侧腋窝和腹股沟可触及数个淋巴结，脾肋下3cm，骨髓正常，红细胞沉降率80mm/h，胸部X线检查阴性，肝区B超正常，淋巴结活检为混合细胞型。,恶性淋巴瘤->推荐食谱->高蛋白饮食,0.17,推荐食谱
一名28岁女性患者，四年间在活动后出现心悸气促症状，心尖区可闻及舒张期隆隆样杂音和二尖瓣开瓣音，超声心动图显示二尖瓣狭窄，无风湿活动和感染。针对这种病例，当前最适合的治疗方案是什么？,二尖瓣狭窄->治疗方法->心脏外科手术,0.6,治疗方法
一名1岁的幼儿母乳喂养，近期莫名哭闹，并且其母亲出现全身瘙痒且夜间加重的症状。经检查，患儿母亲被确诊为疥疮，幼儿下腹部出现较多针尖大小的红色丘疹。在这种情况下，应该为此患儿使用哪种治疗方案？,皮肤病->忌吃->海鲜,0.11,忌吃
患者张某，女，60岁，表现为低热多日，伴有头晕眼花、身倦乏力、心悸不宁，以及面白少华、唇甲色淡、舌质淡、脉细弱的症状，请问她的证型是什么？,血虚->并发症->低热,0.65,并发症
对于一名20岁女性患者，面部和颈部及双上肢被火焰烧伤已7小时，面颈部肿胀明显，伴有大小不等水疱和部分腐皮脱落，创面基底红白相间且痛觉较迟钝，针对这种临床表现，宜采用哪种创面处理方法？,湿润敷料治疗->治疗方法->创面护理,0.75,治疗方法
一名3岁男性患儿患有麻疹并未及时治疗，目前症状包括高热烦躁、神昏谵语、偶尔抽搐、皮疹遍及全身呈紫红色、舌红绛及脉弦数，针对这样的病情，应采用何种治疗方法？,麻疹->并发症->惊厥,0.17,并发症
一名患者出现胸骨左缘第三肋间3/6级收缩期喷射性杂音，X线显示肺血减少、肺动脉段突出、右室增大。根据这些临床表现，最可能的诊断是什么？,右心室肥大->症状->肺动脉瓣狭窄,0.55,症状
25岁男性患者，3周前因上呼吸道感染后，出现胸闷、气短、头晕等症状，并伴有心率较慢、第一心音低钝等体征。结合这些信息，最可能的诊断是什么？,心肌炎->症状->气短头晕,0.9,症状
56岁女性，右侧面部闪电样锐痛1个月，疼痛出现在右上唇、鼻翼、口角及颊黏膜，伴进食、洗脸、刷牙发作，手术治疗有效率是多少？,微血管减压术->治疗方法->手术治疗,0.08,治疗方法
4岁7个月男孩，右上后牙疼痛1天，体检发现远中邻面龋，叩诊反应微弱，X线显示深龋近髓，最可能的诊断是什么？,龋齿->诊断检查->体格检查,0.5,诊断检查
根据一位46岁女性患者的症状：心悸、喘息不能平卧、颜面四肢水肿、腹胀、大便溏泻、小便短少，以及其舌象和脉象特征，结合诊断为“风心病，二窄并二漏”，在已知使用氧气和西药治疗的基础上，中医治疗应首选哪个方剂？,高血压->并发症->心力衰竭,0.23,并发症
25岁男性患者，发热3天，体温38℃，左胸痛，查体发现左胸下部可闻胸膜摩擦音。根据这些症状和体征，诊断应是什么？,干性胸膜炎->治疗方法->非甾体抗炎药（NSAIDs）,0.85,治疗方法
根据临床表现：一名30岁女性，阴道不规则流血持续20天，并伴有咳嗽症状。半年前曾进行人工流产，术后吸出物中看到绒毛组织。妇科检查发现子宫大小如40天妊娠，质地柔软，且双侧附件区各有约5cm的囊性包块。胸部X光显示双侧中下野多发棉球状阴影。请指出此患者最可能的诊断。,双侧肺部棉球状阴影->可能患有疾病->滋养细胞肿瘤,0.81,可能患有疾病
一名女性患者，28岁，症状包括腰痛脚弱，下半身冷感，少腹拘急，小便不利，舌质淡胖，脉沉迟而弱，请问应选用哪种中药方剂进行治疗？,肾阳虚->常用药品->肾气丸,0.32,常用药品
一名20岁男性患者，颏下皮肤内有一个无痛性肿块缓慢生长了7年。检查该肿块发现它是圆形的，表面皮肤光滑，没有与皮肤及周围组织粘连，触诊时感觉坚韧而有弹性，穿刺后抽出乳白色豆腐渣样分泌物。根据这些特点，这个肿块最可能的诊断是什么？,皮脂腺囊肿->并发症->恶性转化,0.2,并发症
根据一位55岁女性患者的症状表现为腹痛、大便秘结和腹泻交替，并在直肠指检阴性情况下，如果确诊为早期大肠癌，最优先选择哪种治疗方法？,早期大肠癌->治疗方法->观察等待,0.18,治疗方法
针对一名54岁女性患者，具有两年痢疾史，症状表现为时痢时歇，缠绵经年，饮食减少，倦怠神疲，畏寒懒言，发作时便下赤白，里急后重。舌质淡，苔腻，脉象虚数，应该选择哪种治疗方案？,连理汤->可以治疗疾病->虚寒痢疾,0.7,可以治疗疾病
对于一位26岁足月产妇，临产18小时宫颈扩张2厘米，子宫收缩乏力，并感到母子生命受到威胁的情况下，她最有可能的护理诊断是什么？,产程延长->并发症->胎儿窘迫,0.62,并发症
对于一位50岁男性患者，他长期吸烟30年，半年前戒烟，近期出现咳嗽带血的症状。根据病史和表现，应首先进行哪种检查来鉴别诊断原因？,肺结核->诊断检查->胸部CT,0.8,诊断检查
患者表现恶寒发热，无汗，鼻流清涕，咳嗽痰多，气短懒言，倦怠乏力，苔白脉弱。首选治疗方剂？,外感风寒->治疗方法->参苏饮,0.89,治疗方法
袁女士在妊娠25周前检查正常，但在26周出现水肿，30周出现头晕、眼花，并且检查结果显示血压为213／146kPa(160／110mmHg)，水肿程度为(+++)，尿蛋白为(++)，请诊断她的病症。,重度子痫前期->诊断检查->尿蛋白检测,0.53,诊断检查
针对一位女性患者症状为尿频、尿急、腰腹拘急疼痛3天，并伴有寒热往来、口苦呕恶、大便多天一行、小便黄、舌红苔黄腻、脉濡数的情况，应该采用哪种中药方剂进行治疗？,寒热往来->症状->口苦,0.71,症状
针对一名30岁女性在体检时血压测量为150/100 mmHg的情况，请描述为了确诊是否有高血压，进一步应该进行的血压检查方式。,高血压->诊断检查->家庭血压监测,0.85,诊断检查
一位长期有胃病的患者，最近因为饮食不规律出现了频繁嗳气，伴随酸腐食物味的嗝逆，肠鸣音亢进，大便稀烂且夹杂食物残渣，心下痞满，舌苔微黄。请问此患者应采用哪种中医方剂进行治疗？,胃病->可能患有疾病->胃溃疡,0.17,可能患有疾病
月经周期为四到五十天，月经量少且色淡红无血块，伴头晕眼花、心悸失眠、面色苍白、舌质淡红、脉细弱，应选哪种中药方剂？,红枣->食谱有益于疾病->气血两虚,0.69,食谱有益于疾病
如果患者在过去一个月内频繁出现头痛，每周发作3至4次，并且口服奈普生无法很好地缓解疼痛，为了终止头痛的急性发作，应选用哪种药物？,头痛->可能患有疾病->紧张型头痛,0.3,可能患有疾病
16岁男性患者反复呕血、黑便、皮肤粘膜出血一周，肝脾不大，血液检查结果显示Hb60G/l，RBC2.2X10¹²/L，WBC5.0X10⁹/L，BPC12X10⁹/L，骨髓增生活跃且幼稚型巨核细胞增加。请根据这些信息，说明该患者最可能的诊断是什么？,ITP->传染性->无,0.06,传染性
一名50岁男性患者，大量饮酒后出现上腹部剧烈疼痛和呕吐，症状没有缓解，并且保守治疗3天后病情恶化至休克状态。查体发现体温升高、脐周及背部瘀斑、上腹肌紧张和明显的压痛反跳痛。对于这种病情，最重要的治疗措施是什么？,急性重症胰腺炎->诊断检查->CT扫描,0.7,诊断检查
一名42岁的女性患者，症状包括厌食、乏力、肝区痛5天伴随尿色加深，检查结果显示ALT 400U，总胆红素50μmol/L，确诊为急性黄疸型病毒性肝炎。在这种情况下，最主要的治疗措施应该是什么？,急性黄疸型病毒性肝炎->治疗方法->休息和营养支持,0.84,治疗方法
一位48岁的女性有10年上腹痛病史，近3个月症状加重。胃镜检查显示胃角溃疡，并且HP检查呈阳性。请问针对这种情况，最佳的治疗方案是什么？,幽门螺杆菌感染->治疗方法->铋剂四联疗法,0.88,治疗方法
患者王某反复呕吐清水痰涎、脘闷不食、头眩心悸、舌苔白腻、脉滑。最适合的中医方剂？,呕吐->症状->胃气逆乱,0.17,症状
一名50岁的女性感到乏力、食欲下降，并在两个月内明显消瘦。妇科检查发现盆腔有包块。根据超声检查结果，该包块最可能的诊断是什么？,卵巢囊肿->疾病描述->良性囊肿,0.65,疾病描述
一名24岁女性患者，出现齿龈出血6天，血检结果为血红蛋白125g/L、白细胞5.4×10^9/L、血小板45×10^9/L，骨髓检查显示巨核细胞增多而其他结果正常。根据这些信息，该患者可能的诊断是什么？,齿龈出血->症状->血小板减少,0.8,症状
一名5岁女孩体格发育落后，自幼啼哭时唇面青紫，喜蹲踞，近2年活动后出现心悸、气促，并伴有明显发绀。体检无明显杵状指，血压90/60mmHg，胸骨左缘2～3肋间有3/6级收缩期杂音伴收缩期震颤，P2减弱且有单一感。EKG示电轴右偏，RV120mm。胸片显示靴形心，心腰凹陷，心尖上翘且肺纹理稀少。根据以上信息，最可能的心脏病诊断是什么？,先天性心脏病->易患人群->儿童,0.13,易患人群
对于一名32岁的女性，产后5个月完全哺乳，无月经，且以往月经规律，要求放置宫内节育器，在避孕咨询中不需要进行哪项检查？,内分泌功能检查->症状->无月经,0.62,症状
一位35岁的女性病人在输血后1小时内出现畏寒、寒战高热、头痛、出汗、恶心、呕吐和皮肤潮红，体温达到40℃。结合其有输血史的情况，最可能的临床诊断是什么？,输血相关非溶血性发热反应->症状->寒战高热,0.84,症状
根据该患者的化验结果：蛋白尿(++++)、ANA(+)、ds-DNA抗体阳性、血常规白细胞3.2×10E9/L、血小板90×10E9/L、血清肌酶值正常，请问该患者可能诊断为什么疾病？,系统性红斑狼疮->症状->蛋白尿,0.85,症状
患者50岁男性，右足刺伤10天后出现张口困难、颈项紧、饮水诱发手足痉挛、频繁抽搐及呼吸道分泌物多。为保持呼吸道通畅，最有效措施是什么？,破伤风->可能患有疾病->气道阻塞,0.54,可能患有疾病
肝硬化患者因腹泻发生昏迷，其血钾水平测得为2mmol/L，应该选用哪种药物进行治疗？,肝硬化->治疗方法->纠正电解质紊乱,0.63,治疗方法
在患者男性，35岁，已行完善根管治疗且有深覆牙合的情况下，要对冠折1/2的牙齿进行修复，哪种修复方案最合适？,牙体缺损->治疗方法->金属陶瓷冠,0.74,治疗方法
对于一名72岁男性患者，反复腹泻2个月，每天大便3至4次，为稀烂便，有少许黏液，偶有血便，但无明显里急后重且体重减轻不明显，最可能的诊断是什么？,结肠癌->治疗方法->化疗,0.19,治疗方法
对于一个6岁的男性儿童，摔倒后皮肤伤口持续渗血，左膝关节肿大并从关节腔抽出血性积液，此时最重要的检查是什么？,关节出血->宜吃->高蛋白食物,0.75,宜吃
一名70岁男性患者住院两周后持续出现大量蛋白尿，为明确诊断，哪项检查最有意义？,大量蛋白尿->诊断检查->尿液沉渣检查,0.5,诊断检查
一位19岁的女性患者，表现为经期前后不定，经量或多或少，经行不畅且有血块，并伴有胸胁、乳房和少腹的胀痛，精神抑郁，舌苔薄白，脉弦。根据这些症状，最适合的中医治疗方剂是什么？,逍遥散->食谱有益于疾病->辛辣食物,0.12,食谱有益于疾病
一名女性患者，28岁，症状包括腰痛脚弱，下半身冷感，少腹拘急，小便不利，舌质淡胖，脉沉迟而弱，请问应选用哪种中药方剂进行治疗？,肾阳虚->症状->腰痛,0.43,症状
一名46岁的女性患者，进行了胆总管十二指肠吻合术，入院后输血时出现心前区压迫感和血红蛋白尿，经过抗休克治疗后血压恢复正常。在这种情况下，下一步应采取什么措施来继续治疗？,溶血反应->常用药品->呋塞米,0.17,常用药品
根据患者的临床表现，辅助检查结果（特别是抗GBM抗体阳性、ANCA阴性、肾脏病理表现中的IgG和C3沿肾小球毛细血管壁呈光滑线条分布以及光镜下的新月体肾炎），明确该患者最可能的具体诊断是什么？,抗中性粒细胞胞浆抗体阴性->诊断检查->肾脏病理,0.2,诊断检查
一名42岁的男性患者，感到肛门内胀痛、畏寒、排尿困难，直肠指检发现肛管右侧有触痛性隆起并具有搏动感。根据这些症状，最可能的诊断是什么？,坐骨直肠窝脓肿->诊断检查->直肠指检,0.88,诊断检查
一名45岁男性，诊断为风湿性心脏病导致的二尖瓣病变5年，房颤持续半年。为了纠正房颤，该患者在出院后应持续维持治疗多长时间？,风湿性心脏病->并发症->房颤,0.85,并发症
一名67岁男性患者，数天来出现头痛和呕吐，4个月前曾有头部摔伤史。头颅CT显示右额颞顶新月形中等密度影。请问这种情况下，该患者的首选治疗方法是什么？,高血压->并发症->脑出血,0.08,并发症
一位25岁的男性患者因劳累时出现心悸和胸骨后疼痛1年，查体发现胸骨右缘第二肋间可闻及全收缩期3/6粗糙的吹风杂音，第二心音减弱。基于这些临床表现，可能的诊断是什么？,主动脉瓣狭窄->症状->心悸胸痛,0.9,症状
一名男性新生儿经产道分娩3天后，出现双眼睑红肿、畏光、结膜高度充血，以及大量黏脓性分泌物等症状，请指出最可能的疾病诊断。,淋球菌性结膜炎->诊断检查->结膜分泌物涂片,0.83,诊断检查
针对一名有长期胃溃疡病史，近期上腹痛加剧且药物治疗无效，体重减轻的患者，体检发现上腹部轻压痛并可触及包块，进一步确诊需要进行何种检查？,胃溃疡->诊断检查->X线钡餐,0.62,诊断检查
"一名50岁的女性干部，间歇性腹泻半年，3天前又发作，出现黄色稀便，带脓血，每天6至8次，同时伴有左下腹隐痛。便常规检查显示：RBC（+）/HP, PC（+）/HP, WBC（+++）/HP。基于这些症状和检验结果，该患者最可能的诊断是什么？",溃疡性结肠炎->症状->左下腹隐痛,0.78,症状
"28岁女性患者反复水肿4年，并伴有近日厌食、恶心、齿龈出血、排柏油样便及逐渐昏迷症状，血压为170／100 mmHg，双下肢散在出血点，呼吸深大，Hb为70g／L, 血小板为70×10⁹/L，且1年前曾患肝炎。为了尽快明确诊断，哪项血液检查最有意义？",尿素氮+肌酐->诊断检查->凝血功能,0.2,诊断检查
某患者15岁，左颈部有3个中等硬度的肿大淋巴结，其中1个坏死且破溃形成瘘管，该病例可能是患了哪种疾病？,结核性淋巴结炎->诊断检查->病理活检,0.45,诊断检查
请描述一名30岁男性右大腿肿块逐渐增大且伴有局部胀痛和压痛的情况下，通过影像学检查可能的诊断是什么？,肿块->诊断检查->X光,0.15,诊断检查
一名54岁男性患者在生产有机磷农药的工作中出现中毒症状，经过阿托品静脉给药达到阿托品化状态，但仍出现面部、四肢抽搐。此时应进行怎样的进一步治疗？,有机磷中毒->治疗方法->阿托品,0.69,治疗方法
根据患者的症状和体征，包括劳累性呼吸困难、不能平卧、呼吸困难加重、咳嗽、体力受限等表现，以及体检发现，如何评估该患者的心功能分级？,心功能分级->症状->呼吸困难加重,0.62,症状
在足月顺产后，胎儿娩出时张女士阴道出血量约500ml，血液呈鲜红色且很快凝集成血块，但胎盘尚未娩出。这种情况下，出血的最可能原因是什么？,产道撕裂->症状->鲜红色出血,0.58,症状
在患者女性17岁海鲜过敏后的这次急性发作中，若出现喘急鼻煸、张口抬肩、胸高气促、面青、汗出、肢冷、脉浮大无根的症状，应使用什么药物进行治疗？,过敏性休克->治疗方法->肾上腺素注射,0.81,治疗方法
患者症见肢节烦疼、肩背沉重，舌苔白腻微黄，脉濡数，内蕴湿热，外受风邪，此时应选用哪种中药方剂进行治疗？,内蕴湿热->常用药品->当归拈痛汤,0.9,常用药品
一名30岁的男性患者因左侧季肋部撞击伤导致左侧第9、10肋骨骨折，经过保守治疗3天后出现晕厥，伴心率118次/分和血压85/55mmHg。基于这些症状，最可能的原因是什么？,脾破裂->传染性->是,0.07,传染性
针对一名65岁男性患者，患有高血压及原发性高脂血症，症状包括头痛、眩晕、急躁易怒、心悸和失眠，且其病理表现为肝阳上亢，推荐使用哪一种中成药进行治疗？,头痛、眩晕->症状->松龄血脉康胶囊,0.83,症状
患者肛门肿痛，皮色暗红，化脓时间长，溃后脓液稀薄，创口难愈合，伴有午后潮热、心烦口干，舌质红，苔少，脉象细数，应选择什么方剂进行治疗？,阴虚内热->治疗方法->知母地骨皮汤,0.75,治疗方法
根据以下病例描述：一名41岁女性，以长期忧郁为诱因，出现表情淡漠、神识呆钝、喃喃独语、喜怒无常、言语有头无尾、污秽不避、终日不思饮食、舌苔腻、脉象弦滑等症状，试问该病例在中医上的诊断应该是什么？,癫证->症状->喃喃独语,0.82,症状
44岁男性，小细胞肺癌，脑CT示两个孤立病灶，体力良好，应选择哪种治疗方案？,小细胞肺癌->并发症->脑转移,0.84,并发症
对于某位70岁老年人中风后久卧在床的情况，如何正确处理已经形成的大水泡以防止感染？,老年护理->并发症->水泡处理,0.5,并发症
某男患者24岁，发热五至六日后热略减退，随后出现一系列症状，包括肢体无力、心烦口渴、咽喉干燥等。如果患者身热全退且食欲减退，口燥咽干较甚，应该选用哪一种中药方剂进行治疗？,气虚->治疗方法->四君子汤,0.25,治疗方法
对于一名35岁男性患者，患有血友病10年，近期出现发热、腹泻超过一个月，全身淋巴结肿大，CD4+/CD8+比值为0.8。在这样的情况中，可以使用哪种药物进行治疗？,血友病->可能患有疾病->淋巴瘤,0.69,可能患有疾病
一名37岁的男性患者出现腹泻和呕吐，在体检时有口唇干燥、眼窝下陷及低血压的症状。请问，在这种情况下，哪一种确诊方法是最重要的？,脱水->治疗科室->急诊科,0.19,治疗科室
一名50岁男性患者，大量饮酒后出现上腹部剧烈疼痛和呕吐，症状没有缓解，并且保守治疗3天后病情恶化至休克状态。查体发现体温升高、脐周及背部瘀斑、上腹肌紧张和明显的压痛反跳痛。对于这种病情，最重要的治疗措施是什么？,急性重症胰腺炎->治疗方法->液体复苏,0.75,治疗方法
78岁女性患者数月的症状表现为口腔内多数牙受到冷、热刺激时酸痛，并在鼻咽癌放射治疗后出现口腔内牙颈部环状龋损。根据这些临床表现，如何诊断这种牙病变？,牙周炎->症状->牙龈红肿,0.14,症状
一名20岁的女性患者出现发热、咳嗽、咳脓痰以及痰中带豆腐渣样物1天。X线胸片显示心包底左前侧有一直径7cm、密度不均、内有钙化的肿块。最可能的诊断是什么？,豆腐渣样痰->可能患有疾病->念珠菌肺炎,0.52,可能患有疾病
一名1岁患儿腹泻伴中度脱水和酸中毒，经过补液及纠正酸中毒的治疗后出现腹胀、心音低钝和四肢腱反射减弱，这个患儿最可能出现了什么并发症？,低钾血症->诊断检查->血钾水平监测,0.61,诊断检查
一位65岁的男性患者体检结果显示：三酰甘油（TG）水平为3.20mmol/L，低密度脂蛋白胆固醇（LDL-C）水平为2.6mmol/L，高密度脂蛋白胆固醇（HDL-C）水平为1.23mmol/L。在这种情况下，应选择哪种调血脂药物进行治疗？,血脂异常->推荐食谱->低脂高纤饮食,0.67,推荐食谱
某女性患者婚久不孕，伴有月经先期、量少色红，头晕眼花，腰膝酸软，午后低热，性情急躁，舌质偏红，苔少，脉细数等症状，诊断其主要病证为何？,肾阴虚->症状->性情急躁,0.82,症状
某患者术后第三天出现体温升高到39℃，伴有大便次数增多、里急后重和黏液便，但伤口不痛且无咳嗽。结合症状，最可能的诊断是什么？,术后感染->治疗方法->抗生素治疗,0.61,治疗方法
一名25岁女性患者持续性无尿1周，并有严重外伤史。从症状及病史分析，结合相关图像，最可能的诊断是什么？,创伤性横纹肌溶解症->症状->无尿或少尿,0.85,症状
患者有10年糖尿病史，现出现眼睑及下肢浮肿、乏力、尿蛋白(++)及尿糖(+++)的症状，这种情况下该患者的糖尿病类型通常是什么类型？,糖尿病->症状->眼睑浮肿,0.4,症状
一名30岁的男性患者表现出大热烦躁、错语不眠、口燥咽干、小便黄赤、舌红苔黄和脉数有力的症状，请问针对这些症状适合选择哪种治疗方剂？,黄连解毒汤->症状->口燥咽干,0.85,症状
一名60岁男性患者，出现左腰部酸胀痛，向左臀部及股后放射，特别是在晨起和久坐之后加重，活动后有所好转。查体发现腰椎生理弯曲变平，脊柱弹性和活动度均差，双侧腰竖脊肌痉挛，左侧尤为明显，且在L3到S1左椎旁有压痛并放射到左臀部及股后。直腿抬高试验阴性，双下肢肌力正常，皮肤感觉和反射均未见异常。根据上述临床表现，该患者最可能的诊断是什么？,腰脊神经后支卡压->诊断检查->腰椎CT检查,0.85,诊断检查
对于一个7岁的孩子，出现眼睑水肿5天，血尿、少尿2天伴烦躁气促的情况，查体结果显示血压120/80mmHg，双肺底可闻少许湿啰音，心率142次/分，肝肋下2cm。在这种情况下，首先应该使用哪种药物进行治疗？,急性肾小球肾炎->治疗方法->止血药物,0.18,治疗方法
一位10岁出现高热、嗜睡呕吐、抽搐昏迷等症状并有不洁饮食史的患儿，脑脊液检查结果显示压力量大、Pandy氏反应为（±）、白细胞计数高，依据这些症状和检查结果，若需要尽早确诊为乙型脑炎，应进行哪项特异性检查？,乙型脑炎->常用药品->抗病毒治疗,0.64,常用药品
一名女性患者有20余年胃病病史，经常因饮食不慎而呕吐，时作时止，面色少华，倦怠乏力。最近因为饮食过多，出现呕吐酸腐，脘腹胀满，嗳气厌食的症状，此时治疗应该改用哪个方剂？,胃病->治疗方法->保和丸,0.95,治疗方法
根据以下症状描述，患者白带量多，外阴瘙痒，白带呈豆腐渣样，伴有心烦失眠，舌苔黄腻，脉弦，其分泌物检查结果为霉菌(+)。请问，应选用哪种中药方剂进行治疗？,霉菌性阴道炎->常用药品->龙胆泻肝汤,0.94,常用药品
根据患者的临床表现，辅助检查结果（特别是抗GBM抗体阳性、ANCA阴性、肾脏病理表现中的IgG和C3沿肾小球毛细血管壁呈光滑线条分布以及光镜下的新月体肾炎），明确该患者最可能的具体诊断是什么？,Goodpasture综合征->诊断检查->抗GBM抗体,0.78,诊断检查
一位65岁女性患者，诊断为慢支炎急性发作，目前感染已控制，但双下肢仍水肿，仍有气促，心率大于120次/分，呼吸频率大于24次/分，双肺底可闻及湿性啰音，使用利尿剂无效。根据这位患者的病情，应选择什么治疗方案？,心功能不全->症状->气促,0.26,症状
根据患者的症状和体征及确诊的胃癌情况，针对这名46岁女性患者，持续性上腹痛并伴有腹水，直肠前壁有坚硬结节，最合理的治疗方案是什么？,胃癌->治疗方法->综合支持治疗,0.18,治疗方法
根据以下症状描述，患者白带量多，外阴瘙痒，白带呈豆腐渣样，伴有心烦失眠，舌苔黄腻，脉弦，其分泌物检查结果为霉菌(+)。请问，应选用哪种中药方剂进行治疗？,糖尿病->忌吃->糖果,0.07,忌吃
一名39岁女性患者，因右上腹疼痛1天就诊。体检显示巩膜黄染，体温39.5℃，右上腹压痛并伴有轻度肌紧张。B超检查发现胆管轻度扩张且胆管内有结石。如果不及时治疗，该患者最可能出现什么严重并发症？,急性胆管炎->并发症->胆源性休克,0.89,并发症
一名51岁男性，有7年溃疡病史，半年来持续上腹隐痛，进食后加重。钡餐检查显示胃粘膜增粗，胃窦部见0.3cm×0.3cm龛影，胃蠕动正常。根据这些临床表现和检查结果，最可能的诊断是什么？,胃溃疡->症状->上腹隐痛,0.89,症状
根据某患者体表的表现，即10余枚大小不一、质地柔软、表面光滑、有囊性感并可压入皮下的肿块，放手后随即弹起，这种情况可诊断为什么病？,肿块->症状->囊肿性肿块,0.62,症状
一位23岁的女性，出现外阴瘙痒1周，妇科检查显示外阴无异常，但阴道内有黄色脓性分泌物，宫颈中度糜烂，为判定宫颈病变的性质，应该首选进行哪种检查？,宫颈糜烂->诊断检查->宫颈涂片检查,0.86,诊断检查
对于一名70岁男性患者，半年来在劳累时出现胸痛和气短，且活动如扫地和平地行走受限。该患者既往有10余年高血压病史，20岁时曾患肺结核。在这种情况下，要进一步检查以评估他的心脏功能，首选的检查方法是什么？,心脏病->常用药品->硝酸甘油,0.12,常用药品
一名52岁的男性患者，近2个月来出现排便次数增多、肛门坠胀感、排便不尽感、粪便变细，并常有粘液血便，体重下降。直肠指诊发现肿块，病理检查证实为直肠腺癌，肿瘤下缘距肛门约10厘米，肿块直径约4厘米。针对这种情况，最佳的手术方式是什么？,直肠腺癌->诊断检查->CT扫描,0.25,诊断检查
一名56岁男性患者，患肝病反复发作20余年，近期出现乏力、嗜睡、厌食、脾肿大、脾功能亢进、腹水，这些症状最有可能指向哪种诊断？,腹水->诊断检查->腹部彩超,0.58,诊断检查
一位60岁男性患者，患有慢性阻塞性肺病15年，最近一周内咳嗽和喘息加重，出现明显发绀和烦躁，血气分析结果为pH值7.4，PaO₂为40mmHg，PaCO₂为70mmHg。请问在这种情况下，应如何进行氧疗？,慢性阻塞性肺病->并发症->呼吸衰竭,0.16,并发症
针对63岁男性肝硬化患者，出现右肋部疼痛、发热及血性腹水增多，应首选进行哪项检测以判断病情变化？,自发性细菌性腹膜炎->诊断检查->腹水分析,0.92,诊断检查
一名女性患者，28岁，症状包括腰痛脚弱，下半身冷感，少腹拘急，小便不利，舌质淡胖，脉沉迟而弱，请问应选用哪种中药方剂进行治疗？,肾阳虚->治疗方法->肾气丸,0.58,治疗方法
10岁男孩阑尾切除术后出现面色苍白、皮肤湿冷、心率110次/min、血压80/60mmHg等症状，并未解小便。为明确诊断，应首先采取什么措施？,阑尾切除术后->并发症->腹腔出血,0.88,并发症
描述一个6岁女童的病例，她于1月13日入院，症状包括畏寒、高热、头痛、呕吐、昏迷、大片淤斑、颈强直及不规则呼吸节律，并观察到左侧瞳孔直径大于右侧。她的血液检查结果为白细胞19.0×10^9/L，血压8/5.5kPa (60/40mmHg)。请根据这些信息，判断最可能的诊断是什么？,脑膜炎球菌败血症->疾病描述->由脑膜炎奈瑟菌引起的急性感染,0.86,疾病描述
一位30岁的男性患者，素有嗜食肥甘和饮酒史，出现午后和夜晚加重的发热症状，并伴有身重肢倦、头重痛、口不渴、面色淡黄、胸脘痞满，舌苔白厚腻，脉象濡缓等症状。在中医理论中，适合的治疗方法是什么？,寒湿困脾->治疗方法->平胃散,0.85,治疗方法
根据一位36岁男性患者的症状表现：腹痛痞满拒按，烦渴引饮，大便秘结，潮热汗出，舌质红，苔黄腻，脉滑数，应选择哪种中药方剂进行治疗？,阳明腑实证->疾病描述->胃肠实热积滞,0.54,疾病描述
根据一个54岁女性病人的情况：她反复尿频尿急4个月，并在最近3天症状加重伴有腰痛，尿检显示白细胞5～20/HP，红细胞10～25/HP，蛋白0.3g/L，夜尿增多，晨尿比重为1.010，pH值6.7，最可能的诊断是什么？,尿路感染->症状->尿频尿急,0.7,症状
一名30岁男性，经历阵发性心悸10年，每次发作持续时间从半小时到3小时不等，此次心悸发作已持续半小时来就诊。检查显示血压为90/60mmHg，心率为200次/分钟，心律绝对规则，无杂音，肺部无异常。请问在这种情况下，最适合的治疗措施是什么？,低血压->并发症->晕厥,0.75,并发症
对于一名表现出低热、盗汗、乏力等症状，并且PPD试验结果为强阳性的15岁女孩，她的脑脊液检查显示白细胞增多和蛋白升高，在胸片正常的情况下，应选择哪种药物组合进行强化治疗？,结核性脑膜炎->治疗方法->异烟肼、利福平、吡嗪酰胺、链霉素、皮质类固醇,0.88,治疗方法
患者出现发热、咳嗽、呼吸急促、黄色痰，肺部影像显示阴影。最可能诊断？,细菌性肺炎->症状->黄色痰,0.89,症状
孙某，女性，60岁，长期喘息，气短，动时加重，吸气不利等症状，容易在劳累后发作。结合这些症状，应针对哪种病机进行治疗？,喘息->症状->补肾纳气,0.65,症状
一名28岁女性患者有4年反复水肿病史，最近一个月出现厌食、恶心、齿龈出血，且近1日解柏油样大便并逐渐昏迷。其血压为21.3／13.3kPa(160／100mmHg)，血红蛋白为70g／L，血小板计数为7×10^9/L。一年前该患者曾患肝炎现已痊愈。请你指出为了尽快明确该患者的诊断，哪项血液检查最有意义，并说明理由。,肝硬化->诊断检查->凝血酶原时间,0.39,诊断检查
根据患者右肾结石伴中度积水和感染的病情特点，以及右肾功能严重受损的状况，最佳的治疗方法是什么？,肾病患者->忌吃->高盐食物,0.85,忌吃
一位74岁男性患者，突发头疼并意识丧失7小时，经过99Tc^m-HMPAO脑血流断层显像的结果显示，最准确的诊断是什么情况下会呈现这样的影像学特征？,蛛网膜下腔出血->并发症->脑功能障碍,0.75,并发症
26岁男性，右下颌肿块，穿刺出黏稠液体，诊断是什么？,右下颌肿块->并发症->恶性肿瘤,0.18,并发症
当患者出现卒然仆倒，不省人事，四肢强痉拘挛，口中有声，口吐白沫，烦躁不安，气高息短，痰鸣漉漉，口臭便于，舌红或暗红，舌苔黄腻，脉弦滑的症状时，该病证属于什么？,便秘->推荐食谱->火麻仁粥,0.11,推荐食谱
根据患者的症状和体征，包括腹痛、呕吐、发热16小时、体温38.9℃、血压90/60 mmHg、腹部稍隆起、腹肌紧张、压痛和反跳痛、肠鸣音减弱，尤其下腹部为甚，诊断应是什么？,急性腹膜炎->并发症->感染性休克,0.78,并发症
一名8岁儿童出现血尿3天，每日尿量300毫升，明显浮肿，血压为22.7/16kPa（170/120mmHg），呼吸急促，不能平卧，并伴有恶心呕吐、头痛、头晕等症状，同时心音低钝且肝肋下触及2厘米。在这种情况下，什么是最紧急的处理方法？,急性肾衰竭->并发症->肺水肿,0.83,并发症
51岁男性车祸后多发伤，休克表现，最佳诊断是什么？,意识模糊->可能患有疾病->颅脑损伤,0.14,可能患有疾病
对于一名32岁的女性，产后5个月完全哺乳，无月经，且以往月经规律，要求放置宫内节育器，在避孕咨询中不需要进行哪项检查？,内分泌功能检查->症状->哺乳期,0.43,症状
一名3岁患儿出现胸骨左缘第2、3肋间Ⅱ~Ⅲ级收缩期吹风样杂音，肺动脉瓣区第二音亢进和固定分裂，心电图显示右心室增大的情况，可能的诊断是什么？,房间隔缺损->并发症->肺动脉高压,0.09,并发症
对于一名65岁患有慢性肺源性心脏病的女性患者，近两年来咳喘反复发作，并有心悸、气短、乏力的症状，因两日前感受风寒导致咳逆痰多、喘息不得卧及舌质暗浮、苔白腻略黄，该患者应首选哪种中药进行治疗？,慢性肺源性心脏病->治疗方法->中药治疗,0.95,治疗方法
一名7个月大的女婴在腹泻和呕吐3到4天后入院，检查时发现有精神萎靡、面色苍灰、口唇樱红、前囟及眼窝凹陷、皮肤弹性差、心肺无异常和腹软。入院诊断为腹泻病、中度失水、代谢性酸中毒。补液后，该婴儿出现抽搐。根据临床表现，这名婴儿出现抽搐最可能是什么原因导致的？,高钾血症->症状->抽搐,0.18,症状
一名患者出现胸骨左缘第三肋间3/6级收缩期喷射性杂音，X线显示肺血减少、肺动脉段突出、右室增大。根据这些临床表现，最可能的诊断是什么？,肺动脉瓣狭窄->症状->收缩期喷射性杂音,0.87,症状
一名13岁女性患者出现头晕、乏力、尿黄1个月，血常规检查显示血红蛋白为86g/L，血小板为10×10^9/L，且Coombs试验阳性。根据这些症状和检查结果，最可能的诊断是什么？,Evans综合征->治疗方法->免疫抑制疗法,0.55,治疗方法
一名38岁女性患者，症状包括反复尿频、尿急、尿痛半年，尿液检查显示pH6.5，SG1.010，Pro0g/L，WBC2/μl，RBC12/μl；血液检查显示CRE84μmol/l，BUN5.9mmol/L，K+3.1mmol/L，Na+136mmol/L，Cl-110mmol/L，Ca2+1.9mmol/L，B超检查提示双肾小结石或钙化。为进一步明确诊断，首选进行的尿液检查是什么？,尿液检查->诊断检查->尿液蛋白测定,0.78,诊断检查
在一个青少年患者中，如果出现发热、淋巴结肿大、咽痛、白细胞增高、淋巴细胞比例增高和异型淋巴细胞，该症状表现最可能是哪种疾病？,传染性单核细胞增多症->症状->淋巴细胞比例增高,0.89,症状
26岁女性，停经48天，出现阴道少量流血5天，偶有腹痛。月经平素规律，体温36.6℃，脉搏80次/分钟，血压120/65 mmHg。体检显示宫颈软，宫体稍大且软，附件无异常，血常规显示血红蛋白126g/L，白细胞计数7.3×10^9/L。请根据体征和检验结果，判断最可能的诊断是什么？,宫体稍大->可能患有疾病->正常妊娠,0.6,可能患有疾病
一个男性患者表现为全身水肿，皮肤绷紧光亮，伴有胸脘痞闷、烦热口渴，经过治疗略有好转但水肿反复发作，同时口咽干燥、大便干结，舌红少苔，脉象细弦数。针对这种情况，应使用何种中药方剂进行治疗？,水肿->治疗科室->中医内科,0.19,治疗科室
一位24岁女性患者突发心悸，既往有类似发作史5年，体检显示心率170次/分，血压90/50mmHg，心电图显示QRS波群正常且P波不明显。根据这些信息，最可能的诊断是什么？,房室结折返性心动过速->症状->心悸,0.9,症状
一名50岁的男性患者在饱食后出现上腹持续性胀痛，伴有全腹压痛和反跳痛，肌紧张及肠鸣音消失等症状，经过体格检查和实验室检查后，为确定最佳的治疗方案，哪种影像学检查最有价值？,腹部立位平片->诊断检查->消化道穿孔,0.74,诊断检查
49岁男性患者有劳力性胸痛病史，心率为110次/分。为了控制这种情况下的心率，应优先选择哪种药物？,心动过速->症状->胸痛,0.63,症状
对于一位45岁女性患者，手指近端指间关节肿痛并伴有实验室指示风湿因子的阳性以及抗环瓜氨酸肽抗体阳性，控制病情进展应该首选什么药物？,抗环瓜氨酸肽抗体阳性->症状->关节肿痛,0.07,症状
在治疗患者谢××时，她病症表现为久痢顽固不愈，证见心烦失眠，口干口苦，腹痛隐隐，喜温喜按，舌质淡，苔黄腻，脉沉细。根据这些症状，应该选用哪种中药方剂进行治疗？,久痢->推荐食谱->山药莲子粥,0.3,推荐食谱
糖尿病患者长期血糖控制不佳，出现多处皮肤溃烂且难以愈合的疮疡，最适合选用的中药方剂？,糖尿病皮肤溃烂->并发症->湿热,0.6,并发症
一名19岁的男性患者，因不明原因贫血，试服铁剂治疗5天后复查血象，发现网织红细胞上升达到5%，但血红蛋白未见增加，显微镜检查发现红细胞大小不等，中心淡染区扩大。结合这些临床表现，这种贫血最有可能是什么类型的贫血？,再生障碍性贫血->症状->贫血,0.22,症状
21岁女性患者，2年的关节痛病史，突发头晕、头痛，左上肢血压160/110mmHg，右上肢血压180/116mmHg，尿常规显示蛋白（+），血清肌酐为176μmol/L。为进一步确诊，应该进行哪项检查？,高安动脉炎->症状->头晕头痛,0.65,症状
根据以下病情描述，确定该6个月男婴的营养不良类型：出生体重3.0kg，生后人工喂养，皮下脂肪消失，轻度水肿，精神萎靡，反应差，体温低，腹泻与便秘交替进行。,营养不良->治疗方法->蛋白质补充,0.5,治疗方法
一位32岁的女性在遇到寒冷时，双手顺序出现苍白、青紫和潮红，病程已有3年，逐渐加重且每次发作持续15到30分钟。根据该患者被诊断为雷诺综合征，请描述她在发作时的典型症状是什么？,雷诺综合征->症状->发作频率,0.79,症状
一名男性患者颈部有直径约3厘米的肿物，质地柔软，色暗红如海绵状，按压后可缩小。请问这种肿物可能的诊断是什么？,海绵状血管瘤->治疗方法->手术切除,0.2,治疗方法
一位女性患者人工流产术后4天出现寒战、高热，小腹疼痛拒按，并伴有颜色暗如败酱且气味臭秽的阴道出血。她还感到口干喜饮，舌质红，苔黄腻，脉弦数。针对这种情况，治疗的最佳方剂是什么？,人工流产术后感染->症状->阴道出血,0.85,症状
一名30岁的男性患者因车祸导致左肋部受伤并脾破裂入院，入院时血压为75/55mmHg，脉率为120次/分，意识清楚，但表情淡漠，口渴，面色苍白。请根据这些症状和体征估计他的出血量是多少毫升？,创伤性脾破裂->治疗方法->手术切除,0.45,治疗方法
根据以下病例特征：患者18岁女性，上唇红肿疼痛持续5天，伴有寒战、高热、头痛；体检显示上唇隆起呈紫红色，中心组织坏死塌陷，伴随多个脓栓和鼻部、眼部及其周围广泛肿胀。化验结果表明白细胞总数增加，达到WBC 25×10^9/L，且中性粒细胞比例为0.90。这些临床表现和化验结果最可能的诊断是什么？,脓肿->治疗方法->切开引流,0.69,治疗方法
疟疾患者使用二盐酸奎宁静滴抢救时出现寒战、高热、血红蛋白尿，应换用何药？,疟疾->治疗方法->青蒿琥酯,0.81,治疗方法
经来先期量多、色紫红、质黏稠，伴心烦面红口干，小便黄，大便燥结，舌红苔黄，脉滑数，选用哪种方剂？,月经异常->症状->色紫红,0.16,症状
一位12岁的女孩出现低热和关节疼痛半个月，检查发现其左肘关节附近外侧肱骨骨骺端有硬质无压痛的小结节，该结节与皮肤不粘连且在皮肤绷紧时容易发现，这种皮下结节最有可能是什么？,风湿性结节->症状->关节疼痛、低热,0.85,症状
患者右臀和下肢出现红斑和水疱后经过治疗皮损好转，但局部仍然疼痛且检查发现有色素沉着。在舌暗红、苔白、脉弦细的情况下，哪一种中药方剂加减可以最适宜地改善该患者的症状？,血瘀证->症状->色素沉着,0.51,症状
一位38岁女性患者，经历5年的心悸、气短、下肢浮肿和纳差症状，并在最近2周加重。体检发现，其心脏区域有级别为3/6的收缩期杂音，心率为120次/分钟，心律规整，双肺底部有湿啰音，肝脏下降至肋下3厘米并有轻度压痛。结合这些体征和症状，请给出该患者的具体心功能诊断。,心力衰竭->症状->心悸,0.78,症状
对于一名52岁男性患者，伴有逐渐出现的贫血、尿色浓茶、轻度黄染但无发热或出血症状，且肝脾不肿大的情况下，应该进行哪项检查以确诊溶血性贫血？,溶血性贫血->治疗方法->免疫抑制治疗,0.62,治疗方法
咳嗽咳痰、痰黄黏稠、痰中夹血、心烦易怒、胸胁刺痛、口干咽燥、舌红苔黄、脉弦数，应该使用哪个中药方剂进行治疗？,肝火上炎->常用药品->龙胆泻肝汤,0.65,常用药品
一名64岁的女性患者，2年来偶尔感到心悸，但无黑朦及晕厥症状，多次心电图检查显示为房颤且心率在65至89次每分钟之间。针对这种情况，她的心律失常应该如何治疗？,房颤->宜吃->高脂饮食,0.11,宜吃
一位32岁的女性在遇到寒冷时，双手顺序出现苍白、青紫和潮红，病程已有3年，逐渐加重且每次发作持续15到30分钟。根据该患者被诊断为雷诺综合征，请描述她在发作时的典型症状是什么？,雷诺综合征->症状->手部颜色变化,0.93,症状
根据患者沈某的症状：身热夜甚，神烦少寐，时有谵语，脉数，舌绛而干，应选用哪种中药方剂进行治疗？,清营汤->治疗方法->清热解毒,0.93,治疗方法
一名24岁的男性在进食海产品4小时后出现发热、剧烈腹痛、腹泻、呕吐等症状，大便十余次呈血水样，偶有黏液血便。体检发现轻度脱水，血压为12/8 kPa，腹部柔软但有压痛。实验室检查显示每高倍镜视野白细胞5到8个，红细胞10到25个。根据这些症状和检查结果，最可能的诊断是什么？,副溶血性弧菌感染->治疗科室->感染性疾病科,0.23,治疗科室
根据患者的症状，如发热、关节痛、乏力、恶心，以及实验室检查结果显示尿蛋白增加、红细胞及白细胞升高、血肌酐升高、P-ANCA阳性、胸片显示双下肺纹理增多，结合上述临床表现和实验室结果，患者最可能的诊断是什么？,高血压->推荐食谱->芹菜粥,0.08,推荐食谱
一名31岁的男性因失眠长期服用某种药物治疗。在突然停药12小时后，他出现头痛、虚弱无力和肢体颤抖的症状，请问他最可能服用的是哪类药物？,药物戒断->症状->虚弱无力,0.2,症状
一名66岁男性，情绪激动后突然出现剧烈头痛、头晕、呕吐，随后表现出'三偏征'，伴随瞳孔缩小和光反射消失，这种症状最可能提示脑出血发生在何处？,丘脑出血->诊断检查->CT检查,0.75,诊断检查
一名35岁男性患者，反复腹泻4年，大便中常见食物残渣，多次大便常规和培养均正常，肠镜检查结果如图所示。根据这些信息，应该采用哪种根本治疗方案来解决其腹泻问题？,胰腺外分泌功能不全->治疗方法->液体补充,0.35,治疗方法
根据患者的病例描述，包括头部外伤、近期出现的头痛、头昏以及视力下降等症状，同时结合既往病史和体格检查结果，该患者最可能被诊断为何种疾病？,硬膜下血肿->症状->头痛,0.9,症状
一位56岁的男性患者，具有3年风湿性关节炎病史，近期因病情加重服用大量NSAID后，出现黑便。请问黑便的最可能原因是什么？,NSAID->并发症->消化道溃疡,0.89,并发症
一名35岁的女性在进行甲状腺次全切手术后，出现高热、心率160次/分、烦躁不安、大汗淋漓和腹泻等症状。在这种情况下，应考虑的最可能诊断是什么？,甲状腺危象->治疗方法->降温治疗,0.72,治疗方法
一名30岁男性，经历阵发性心悸10年，每次发作持续时间从半小时到3小时不等，此次心悸发作已持续半小时来就诊。检查显示血压为90/60mmHg，心率为200次/分钟，心律绝对规则，无杂音，肺部无异常。请问在这种情况下，最适合的治疗措施是什么？,电复律->治疗方法->心动过速,0.15,治疗方法
一名45岁的女性患者有心肌缺血病史，最近出现心慌和气短的症状，经心电图检查诊断为阵发性室上性心动过速。根据她的病情，哪种药物是治疗这种情况的最佳选择？,阵发性室上性心动过速->治疗方法->维拉帕米,0.82,治疗方法
针对有先天性心脏病史的3岁女孩，出现不规则发热、头痛3周、偶伴呕吐、右Barbinski征阳性及血WBC 18×10^9/L，N 0.86，L 0.14的情况，除了原有心脏体征及扁桃体Ⅱ度肿大伴黄白色渗出外，最可能合并什么疾病？,脑脓肿->症状->右Barbinski征阳性,0.76,症状
在患者因肺部感染而出现高热，咳嗽气急，咽痛咳血等症状，舌红绛或紫绛，苔黄，脉滑数的情况下，应如何加减应用中药进行治疗？,清热解毒->并发症->肺热,0.62,并发症
在患者男性，35岁，已行完善根管治疗且有深覆牙合的情况下，要对冠折1/2的牙齿进行修复，哪种修复方案最合适？,深覆牙合->并发症->修复失败,0.61,并发症
一名患者的x线胸片显示肺野外有多个半透明小圆形阴影，血HCG水平为220ng/ml。结合这些信息，该患者最可能的诊断是什么？,绒毛膜癌->症状->肺部转移,0.89,症状
一名50岁男性，10天前开始发冷、发热，体温39.5℃，伴有右侧胸痛、咳嗽、咳脓性臭痰，并有结核病密切接触史。为了进一步明确他的诊断，应该首先进行什么检查？,肺部感染->诊断检查->胸部CT,0.72,诊断检查
经来先期量多、色紫红、质黏稠，伴心烦面红口干，小便黄，大便燥结，舌红苔黄，脉滑数，选用哪种方剂？,血热->症状->月经量多,0.77,症状
请根据描述分析，在湖南某市某年洪水后，出现的发热症状和血常规结果，患者发热的原因最可能是什么疾病？,甲型肝炎->症状->发热,0.4,症状
一位57岁男性，患有慢性阻塞性肺疾病12年，最近一周咳嗽气喘加重，出现明显发绀和烦躁，血气分析结果为pH7.39，PaO2 40mmHg，PaCO2 70mmHg。经过积极治疗效果不佳，可能发生哪些严重并发症？哪一种并发症是不会发生的？,慢性阻塞性肺疾病->可能患有疾病->脑水肿,0.46,可能患有疾病
在上消化道造影检查中，一名男性患者表现出夜间腹痛、恶心、呕吐以及剑突下压痛。这种症状最可能与哪种消化系统疾病有关？,胆囊炎->症状->右上腹痛,0.2,症状
根据该患者的化验结果：蛋白尿(++++)、ANA(+)、ds-DNA抗体阳性、血常规白细胞3.2×10E9/L、血小板90×10E9/L、血清肌酶值正常，请问该患者可能诊断为什么疾病？,系统性红斑狼疮->并发症->血小板减少,0.78,并发症
根据CT影像结果和患者的一年余右侧腰、腹部偶尔不适症状，请描述该患者右肾的最可能诊断。,右肾囊肿->并发症->肾功能衰竭,0.63,并发症
一位30岁的男性患者，素有嗜食肥甘和饮酒史，出现午后和夜晚加重的发热症状，并伴有身重肢倦、头重痛、口不渴、面色淡黄、胸脘痞满，舌苔白厚腻，脉象濡缓等症状。在中医理论中，适合的治疗方法是什么？,寒湿困脾->易患人群->饮酒者,0.22,易患人群
一名30岁男性，经历阵发性心悸10年，每次发作持续时间从半小时到3小时不等，此次心悸发作已持续半小时来就诊。检查显示血压为90/60mmHg，心率为200次/分钟，心律绝对规则，无杂音，肺部无异常。请问在这种情况下，最适合的治疗措施是什么？,低血压->并发症->晕厥,0.75,并发症
在足月顺产后，胎儿娩出时张女士阴道出血量约500ml，血液呈鲜红色且很快凝集成血块，但胎盘尚未娩出。这种情况下，出血的最可能原因是什么？,胎盘滞留->症状->鲜红色出血,0.65,症状
一个患者月经停闭7个月，面色萎黄，带下量少，头晕目眩，毛发脱落，手足心热，舌红，苔少，脉细数无力，针对这些症状应该选择哪种中药配方进行治疗？,肝肾阴虚->症状->面色萎黄,0.25,症状
一名45岁妇女因性交后出血就诊，检查发现宫颈中度糜烂，子宫大小和活动情况正常，宫旁无异常，宫颈刮片巴氏Ⅲ级。术后证实有淋巴结转移，应采取哪种治疗措施？,淋巴结转移->治疗科室->肿瘤科,0.09,治疗科室
根据以下病情描述，确定该6个月男婴的营养不良类型：出生体重3.0kg，生后人工喂养，皮下脂肪消失，轻度水肿，精神萎靡，反应差，体温低，腹泻与便秘交替进行。,营养不良->症状->腹泻与便秘交替,0.6,症状
一名4岁女孩，右侧颈部发现无热无痛的包块约两个月，CT检查结果显示如图所示。根据这些信息，包块最可能的诊断是什么？,包块->治疗方法->手术切除,0.77,治疗方法
针对面色白、时常自汗、恶风、易感冒以及脉浮无力的症状，这位54岁女性患者宜使用何种中药进行治疗？,气虚->症状->自汗,0.85,症状
患者出现经前吐血、衄血且出血量较多、色鲜红，伴有月经提前、量少，心烦易怒、两胁胀痛等症状。舌象为舌红、苔黄，脉象为弦数。针对上述症状，治疗应首选的方剂是什么？,肝火亢盛->治疗方法->清肝引经汤,0.92,治疗方法
一名42岁女性患者，经历了3年的劳力性胸闷和气促，发作时硝酸甘油无效。查体时在胸骨左缘第3肋间听到收缩期杂音。为确诊，首选应进行哪项检查？,心脏病->常用药品->超声心动图检查,0.72,常用药品
一名30岁的女性患者，出现尿频、尿急、尿痛症状已有一年。超声波检查发现其右肾轻度肿大，实质结构紊乱，并存在多个大小不等的不规则液性腔及钙化灶，且部分液性腔相互沟通并与扩张的肾盂相连，液性腔及肾盂的壁不规则，右输尿管全程扩张，膀胱壁表现为弥漫性增厚和僵硬，以及容积明显缩小。请综合描述最可能的诊断是什么？,肾结核->症状->尿频尿急,0.88,症状
一位24岁的初产妇在低位产钳分娩后立即出现阴道持续流血400ml，且血色鲜红，血压为14.7/9.33kPa，子宫坚硬，此时最适宜的处理步骤是什么？,产后出血->并发症->胎盘残留,0.15,并发症
一位29岁男性患者出现间歇性下腰痛半年，CT检查显示双侧骶髂关节对称性增生硬化，关节面不规则，并且关节间隙变窄，基于这些临床表现和检查结果，最可能的诊断是什么？,骨质疏松->症状->骨痛,0.11,症状
对于一名70岁的男性患者，在健康体检中发现胆囊内有直径约0.8cm的结石，随体位活动移动，口服胆囊造影显示充盈缺损不明显，且患者既往无胃病史、胆囊炎发作史、心脏病或糖尿病史，目前最佳的治疗建议是什么？,胆囊结石->治疗方法->常用药品,0.3,治疗方法
根据24岁男性患者间断胸痛、低血压、身体特征（如蜘蛛指、漏斗胸）和心脏超声检查结果，确定导致其主动脉夹层的易患因素是什么？,马凡氏综合征->症状->蜘蛛指和漏斗胸,0.8,症状
一位23岁的女性，出现外阴瘙痒1周，妇科检查显示外阴无异常，但阴道内有黄色脓性分泌物，宫颈中度糜烂，为判定宫颈病变的性质，应该首选进行哪种检查？,宫颈病变->诊断检查->宫颈涂片检查,0.72,诊断检查
患者出现恶寒发热、头痛无汗、胸脘痞闷、不思饮食的症状，舌苔薄白，脉浮，这种情况下应选用哪种中药方剂进行治疗？,恶寒发热->症状->表寒证,0.88,症状
对于一名出现拒食、呕吐、嗜睡、面色青灰、前囟紧张和脐部有脓性分泌物的2个月女婴，最关键的诊断检查应该是什么？,脑膜炎->治疗方法->抗生素治疗,0.65,治疗方法
一位56岁的男性患者，具有3年风湿性关节炎病史，近期因病情加重服用大量NSAID后，出现黑便。请问黑便的最可能原因是什么？,消化道溃疡->治疗科室->普通外科,0.16,治疗科室
对于住院第2天检查时，患者的瘫痪肢体只能在水平面上移动而不能上抬，这表明其右下肢的肌力处于哪个级别？,肌力评估->症状->肌肉无力,0.5,症状
"男性, 42岁, 有5年肝硬化病史, 在3天前经历了500ml的呕血情况, 今天出现淡漠少言, 脑电图结果正常。根据这些临床表现, 他的最可能诊断是什么？",消化道出血->症状->呕血,0.48,症状
26岁男性，右下颌区肿块超过4个月，抗感染治疗无效，穿刺出黏稠液体，口腔内部无异常，最可能的诊断是什么？,右下颌肿块->可能患有疾病->颈部淋巴结肿大,0.88,可能患有疾病
对于一名7岁女孩，出现尿频尿急5天并伴有寒战，全身温度39.0℃，双肾区有叩击痛，确诊这种情况下首选的检查是什么？,泌尿系感染->诊断检查->尿液细菌培养,0.69,诊断检查
一位25岁女性，有性生活史，停经近3个月，出现阴道少量流血，并且子宫如妊娠4个月大，软，双附件区各有5cmX5cmX3cm囊性肿物。这种情况下，应该如何诊断？,葡萄胎->症状->子宫增大,0.7,症状
对于一名患有急性肾炎且表现有高血压、水肿、尿量减少、呼吸困难、心音低钝、肝肋下2cm增大以及X线示肺纹理增强的10岁儿童，这些体征和症状最可能提示哪个病理状态？,急性肾炎->症状->呼吸困难,0.88,症状
一位30岁的女性患者表现出失眠多梦、易惊醒、胆怯心悸、遇事善惊、气短乏力、舌淡、脉弦细的症状，针对这些症状，应该选择哪种中药方剂进行治疗？,失眠多梦->治疗方法->六味地黄丸,0.63,治疗方法
根据8岁患儿在春节期间因上感，注射青霉素40万单位后5小时出现高热、头痛、前胸出血点、低血压的情况，诊断最可能是什么？,青霉素过敏反应->诊断检查->血液检查,0.69,诊断检查
对于Cushing综合征患者，血浆ACTH为200pg/ml且大剂量地塞米松不能抑制的情况下，应该进一步进行何种影像学检查以帮助明确诊断？,ACTH水平升高->可能患有疾病->异位ACTH综合征,0.03,可能患有疾病
在重症乙脑患者病程中，如果患者出现双侧瞳孔大小不等、呼吸节律不齐、血压上升和肌张力增强的情况下，应首先采取什么急救措施来缓解这些症状？,乙脑->常用药品->高渗溶液,0.86,常用药品
在CT平扫中，观察到一名40岁男性的肝脏密度大片减低，并且肝内血管清晰呈现较高密度，其分布走形规则。这种CT表现最可能提示何种肝脏病变？,肝脏病变->症状->恶心,0.15,症状
针对46岁女性患者表现出的口渴、小便频数、下半身冷感、腰痛脚软、舌淡胖苔薄白、脉沉弦等症状，应选用哪种中药进行治疗？,温补肾阳->治疗方法->改善下半身冷感,0.7,治疗方法
在足月顺产后，胎儿娩出时张女士阴道出血量约500ml，血液呈鲜红色且很快凝集成血块，但胎盘尚未娩出。这种情况下，出血的最可能原因是什么？,软产道损伤->症状->鲜红色出血,0.88,症状
对于一名5岁男孩，体温39.5℃，出现音哑和吸气性呼吸困难的情况下，医生应首先采取什么措施来处理可能的急性气道阻塞？,急性气道阻塞->常用药品->抗生素,0.35,常用药品
一名30岁的女性患者表现出头晕、乏力、发热和皮肤出血点，检查显示全身淋巴结不大，胸骨无压痛，肝脏肋下3厘米，脾脏肋下5厘米，血常规显示血红蛋白为68 g/L，白细胞为2×10⁹/L，血小板为20×10⁹/L。这位患者最可能的诊断是什么？,皮肤出血点->推荐食谱->补铁食物,0.67,推荐食谱
请描述一个12岁男性患儿，表现为身材矮小、长期面色苍白、乏力，巩膜轻度黄染并且脾大肋下3cm时，其实验室检查中最可能出现什么异常结果？,贫血->症状->乏力,0.15,症状
一位35岁的初产妇在妊娠34周时出现心慌、不能平卧一天，体征为心率120次/分，呼吸30次/分，血压140/90mmHg，心界向左下扩大，双肺布满湿啰音，胎心率145次/分。请问针对这种情况，应该采取什么处理措施？,妊娠期心力衰竭->症状->不能平卧与湿啰音,0.88,症状
一位42岁的男性患者反复腰痛5年，并在7个月前因腰部扭伤出现剧烈疼痛和左侧肢体不适，经过系统性的保守疗法后症状依然没有缓解，腰椎CT显示L间盘左后方突出压迫了硬膜囊。请问在这种情况下，他下一步应该接受什么治疗来缓解症状？,腰椎间盘突出->并发症->神经损伤,0.7,并发症
对于一名5岁患儿，虽然没有任何临床症状和体征，且房室腔未见扩大，但在超声检查中通过胸骨旁左心长轴切面在房室沟处发现一圆形无回声区，大小为15mm×18mm，并且其开口于右房，请问最可能的诊断是什么？,冠状窦扩张->常用药品->无明确治疗药物,0.18,常用药品
一名8岁男孩出现胸闷、气急等症状，查体发现颈静脉显露，结合胸片检查，你认为最可能的诊断是什么？,纵隔淋巴瘤->症状->胸闷、气急、颈静脉显露,0.65,症状
根据患者的症状，如昏迷、不省人事、牙关紧闭、两手握固、面赤身热、躁扰不宁、大便小便闭、舌红苔黄腻、脉弦滑而数，请问该患者的诊断是什么？,中风阳闭证->治疗方法->开窍清热,0.17,治疗方法
一名48岁的女性出现多饮、多尿和体重下降3个月。其身高158厘米，体重51公斤，尿糖（++++），尿酮（-），空腹血糖19.5mmol/L，HbA1c为9.5%。在这种情况下，应如何制定她的治疗计划？,2型糖尿病->并发症->糖尿病肾病,0.72,并发症
请根据患儿3岁男孩右腹股沟可复性包块超过1年，玩耍后出现哭闹伴呕吐症状，右侧阴囊肿胀并触及不可还纳的肿块，判断最可能的诊断是什么？,腹股沟疝->症状->呕吐,0.8,症状
41岁男性患者因土石方塌方受伤，腰椎1压缩性骨折，椎体前缘压缩约1/4。最佳治疗方案是什么？,骨折->治疗方法->针灸,0.12,治疗方法
35岁男性牙齿问题，怎么处理牙齿困难拔除？,牙齿问题->治疗方法->使用局部麻醉,0.72,治疗方法
一个患者表现出肢体关节疼痛较剧，痛有定处，得热痛减，遇寒痛增，疼痛局部皮色不红，触之不热，舌苔薄白，脉弦紧。这种情况下，应该选用哪种中药方进行治疗？,寒痹->症状->关节疼痛,0.13,症状
72岁男性，突发心前区疼痛，含硝酸甘油不缓解，心电图ST段抬高并伴有Q波，最可能的诊断？,急性心肌梗死->治疗方法->冠状动脉介入治疗,0.92,治疗方法
一名6岁男性患儿，两天前经历严重车祸后撕脱伤，现体温38.5℃，四肢冰冷，全身多处皮肤瘀斑及出血点，伴有黄疸和血红蛋白尿，血压为60/35mmHg，检查发现血小板计数为55×10⁹/L，纤维蛋白原为1.2g/L，肝功能正常。患儿突然出现惊厥和意识障碍，且血红蛋白为110g/L，最可能是什么原因导致了患儿当前的症状？,DIC->症状->意识障碍,0.89,症状
一名18岁女性患者因感冒发热1周后出现心悸、气促和不能平卧现象。在心脏检查中，心率为每分钟110次，律齐，心尖部闻及舒张早期奔马律及收缩期吹风样杂音2/6级。当她的奔马律在胸骨下端左缘听到时，这种奔马律的性质是什么？,心肌炎->症状->舒张早期奔马律,0.8,症状
某老年高血压患者晨起锻炼发生头痛、呕吐和右侧肢体无力，查体发现血压180/100mmHg，右侧视野同向性偏盲，双眼向左侧凝视，并且出现失语症状。请问，基于这些临床表现，应考虑哪种类型的脑出血？,脑出血->疾病描述->急性出血性脑损伤,0.11,疾病描述
对于一名慢性牙周炎患者出现了剧烈阵发性疼痛且夜间无法入眠，在检查发现左侧后牙无龋坏牙，叩痛且有深牙周袋的情况下，为了确诊最主要的还应该进行哪项检查？,牙髓病变->诊断检查->牙周测量,0.65,诊断检查
根据患者的症状和体征，特别是突然昏倒、语言謇涩、面色潮红、舌质红苔黄燥及脉象等特点，哪种方药最适合作为治疗方案？,天麻钩藤饮->治疗方法->平肝息风,0.59,治疗方法
42岁女性患者，晨起出现剧烈疼痛伴呕吐，昏倒30分钟后清醒。胸片检查显示肺部有半透明小圆形阴影。病史中有阴道少量不规则出血2个月，咳嗽、痰中带血10天，曾G4P1，顺产1次，人流3次，末次妊娠2年前。结合病史和检查结果，最可能的诊断是什么？,阴道不规则出血->可能患有疾病->绒毛膜癌,0.87,可能患有疾病
对于一位44岁的男性肝硬化患者，出现畏寒发热、全腹痛和尿量减少等症状，为了进一步治疗，应该采用哪种措施？,肝硬化->症状->腹痛,0.45,症状
一名33岁女性患者出现高热伴意识障碍，既往有系统性红斑狼疮史。入院查体显示浅昏迷，脑膜刺激征阳性，并出现喷射性呕吐。基于这些表现，入院后应首先进行哪项轴位扫描以辅助诊断？,意识障碍->可能患有疾病->颅内高压,0.52,可能患有疾病
一名30岁的男性患者因左上后牙3天的肿痛就诊，检查发现26牙齿咬合面深龋及髓，无探痛，Ⅲ度松动，叩痛（+++），牙龈轻微红肿，有按压疼痛感，但无波动感。基于这些症状，应该做出什么诊断？,牙周炎->症状->牙龈肿痛,0.28,症状
患者牙痛，面部肿胀，颊部窦道，反复流脓不愈，可能诊断为何？,口腔感染->并发症->窦道形成,0.04,并发症
一位25岁的女性患者，停经30周，出现进食油腻食物后左上腹持续性疼痛伴发热和频繁呕吐。根据她的临床表现，最适合的首选影像学检查方法是什么？,妊娠期->诊断检查->超声检查,0.7,诊断检查
一个胎龄39周的男婴因胎儿窘迫而剖宫产出生，出生后1小时出现呼吸急促、口吐白沫和口周青紫，查体显示呼吸音粗，两肺纹理粗且有少许斑片状影。基于上述症状和体征，该婴儿最可能的诊断是什么？,胎粪吸入综合征->诊断检查->胸部X线,0.84,诊断检查
对于一位44岁的男性肝硬化患者，出现畏寒发热、全腹痛和尿量减少等症状，为了进一步治疗，应该采用哪种措施？,自发性细菌性腹膜炎->治疗方法->抗生素治疗,0.79,治疗方法
奚某，男，68岁，出现喘咳短气、痰多稀白、胸膈满闷、腰痛脚软、两下肢略有浮肿等症状，舌苔白滑，脉弦滑，这种状况应选用哪种中药方剂进行治疗？,喘咳->症状->益气化痰方,0.75,症状
患者庄某出现头痛恶寒、身重疼痛、面色淡黄、胸闷、舌苔白等症状，午后身热，但口不渴，此时应选择哪一种中药方剂进行治疗？,湿邪未解->常用药品->温胆汤,0.55,常用药品
患者表现为胸部隐痛，严重时胸痛彻背，伴有喘息咳唾、短气、气从胁下上抢心，舌苔白腻，脉象沉弦。根据这些症状，应使用哪种中药方剂进行治疗？,痰浊阻滞->治疗方法->化痰散结,0.16,治疗方法
一位怀孕8个月的24岁女性，近一个月来常在卧位时出现突发性头痛、心悸和多汗，测得最高血压为230/140mmHg，但坐起后症状可逐渐缓解，血压恢复正常，空腹血糖为7.8mmol/L，电解质及肝肾功能正常。根据这些症状和检验结果，最可能的诊断是什么？,嗜铬细胞瘤->并发症->妊娠期高血压危象,0.87,并发症
在牙周基础治疗完成2个月后，假如患者磨牙区袋深仍约为5mm，且附着龈较宽，牙槽骨出现水平吸收但无异常骨形态，针对这种情况，哪种牙周手术治疗方案最好？,牙周手术->并发症->牙槽骨缺损,0.3,并发症
一名8岁儿童出现血尿3天，每日尿量300毫升，明显浮肿，血压为22.7/16kPa（170/120mmHg），呼吸急促，不能平卧，并伴有恶心呕吐、头痛、头晕等症状，同时心音低钝且肝肋下触及2厘米。在这种情况下，什么是最紧急的处理方法？,急性肾衰竭->症状->浮肿和高血压,0.88,症状
一位27岁经产妇在妊娠38周时阴道流血2日无痛，量如月经。产后检查发现胎膜破口距胎盘边缘4厘米，胎盘边缘有黑紫色陈旧血块附着。请问本例患者的最终诊断是什么？,前置胎盘->并发症->宫缩乏力,0.25,并发症
一名24岁的男性，患有小肠疝气，经常发作，现在表现为一侧阴囊偏坠肿胀，遇寒疼痛加重，痛引睾丸，舌淡苔白，脉弦紧。在治疗上，应该选择哪种中药来缓解症状？,舌淡苔白->宜吃->温补食物,0.1,宜吃
在妊娠14周进行钳刮术时，破膜后患者出现烦躁、寒战、咳嗽、呼吸心率加快，血压轻度下降的情况时，应急救措施是什么？,羊水栓塞->治疗方法->气管插管,0.5,治疗方法
一个38岁的男性在4小时前从6米高处跌落，左腰部撞击石块，出现左腰部疼痛和轻微压痛，并且尿常规检查显示红细胞阳性。血压正常。根据这些症状和检查结果，最可能的诊断是什么？,肾脏损伤->并发症->肾衰竭,0.29,并发症
一名63岁的男性患者出现心胸疼痛和胸部闷窒，在含化复方丹参滴丸治疗无效后仍有这些症状，并伴有心悸、喘促、出汗、舌体胖大、舌质暗淡、苔白、脉细无力，应选择哪种方剂进行首选治疗？,舌质暗淡->推荐食谱->山药红枣粥,0.2,推荐食谱
对于一名65岁患有慢性肺源性心脏病的女性患者，近两年来咳喘反复发作，并有心悸、气短、乏力的症状，因两日前感受风寒导致咳逆痰多、喘息不得卧及舌质暗浮、苔白腻略黄，该患者应首选哪种中药进行治疗？,慢性肺源性心脏病->常用药品->葶苈子,0.85,常用药品
一位43岁已婚女性，月经过多持续3年，本次月经持续超10天，经肌注丙酸睾丸酮后见好转。妇科检查显示宫颈糜烂Ⅰ°，子宫大小如鹅卵，质软，活动性良好，无附件异常，宫颈刮片未见癌细胞，血红蛋白60g/L。根据这些情况，最恰当的处理措施是什么？,贫血->症状->乏力,0.42,症状
一名20岁的女性患者在劳累后出现畏寒、高热和右胸痛。体检显示急性病容，口周有疱疹，右肺中下部分闻及管性呼吸音。根据这些临床表现，最可能引起她右肺炎的病原体是什么？,肺炎->症状->高热和胸痛,0.83,症状
一位57岁男性，患有慢性阻塞性肺疾病12年，最近一周咳嗽气喘加重，出现明显发绀和烦躁，血气分析结果为pH7.39，PaO2 40mmHg，PaCO2 70mmHg。经过积极治疗效果不佳，可能发生哪些严重并发症？哪一种并发症是不会发生的？,发绀->推荐食谱->补铁猪肝粥,0.12,推荐食谱
患者ALT升高、ALP显著升高、总胆红素升高，肝脏B超形态正常。最可能的诊断是什么？,肝内胆汁淤积->诊断检查->肝功能检测,0.77,诊断检查
70岁女性行走中滑倒致右髋部疼痛，伴右下肢缩短、外旋畸形，应诊断为何种骨折？,老年人->易患人群->骨质疏松,0.15,易患人群
疟疾患者使用二盐酸奎宁静滴抢救时出现寒战、高热、血红蛋白尿，应换用何药？,抗疟药->治疗方法->奎宁,0.52,治疗方法
38岁男性患者突然出现上腹剧痛并波及全腹，伴有面色苍白、出冷汗、全腹压痛、反跳痛和肌紧张，请问针对这种情况最先应进行哪种检查？,消化道穿孔->诊断检查->血液检查,0.12,诊断检查
某中年男性在乘坐汽车时发生车祸后出现右髋关节疼痛，活动受限，患肢短缩，并呈屈曲、内收、内旋畸形。根据这些症状，最可能的诊断是什么？,髋关节后脱位->治疗方法->复位与固定,0.65,治疗方法
患者右上肢外伤后肩部疼痛，活动功能丧失，左手托右肘部。查体显示右肩方肩畸形，搭肩试验阳性，右上臂弹性固定于轻度外展位。根据这些症状，上臂最适宜的固定位置是什么？,方肩畸形->症状->肩关节脱位,0.88,症状
一名53岁的女性患者上腹部疼痛不适半年以上，出现进行性皮肤及巩膜黄染。超声检查显示的声像图特点是什么，可以确诊为胆总管下段癌？,胆总管下段癌->诊断检查->腹部CT检查,0.62,诊断检查
根据患者牙龈肥大增生的症状及其病史，该患者的牙龈增生肥大最可能与长期服用哪种药物有关？,苯妥英钠->治疗方法->控制癫痫发作,0.66,治疗方法
"男性, 42岁, 有5年肝硬化病史, 在3天前经历了500ml的呕血情况, 今天出现淡漠少言, 脑电图结果正常。根据这些临床表现, 他的最可能诊断是什么？",肝硬化->并发症->食管静脉曲张破裂,0.88,并发症
根据患者的症状，如发热、关节痛、乏力、恶心，以及实验室检查结果显示尿蛋白增加、红细胞及白细胞升高、血肌酐升高、P-ANCA阳性、胸片显示双下肺纹理增多，结合上述临床表现和实验室结果，患者最可能的诊断是什么？,慢性支气管炎->忌吃->辛辣食物,0.21,忌吃
一名5岁男孩患有驼背、疼痛5个月，并伴有消瘦、贫血和无神经症状，检查发现双肺浸润性结核和6~8胸椎结核伴椎旁脓肿，血沉为112 mm/h。在进行支持疗法及全身抗结核治疗的同时，应该首先采取什么方法来护理该患儿以帮助缓解症状并促进康复？,椎体结核->治疗方法->抗结核药物+卧床休息,0.84,治疗方法
一名70岁男性患者，半年大便秘结，后逐渐变细，近4个月出现反复脓血样大便，每天3-4次，治疗稍缓解。5天前开始未排便，伴有呕吐及无法进食。体检发现全腹胀，无肠鸣音亢进及肿块，肛诊未触及肿块。结肠镜检显示距肛门10厘米处环形狭窄，呈菜花样外观且肠镜无法通过。请问这种临床表现最可能的诊断是什么？,结肠癌->症状->大便秘结,0.7,症状
一位32岁的女性患者，表现为漫肿无头、皮色不变、酸痛无热、口中不渴，舌淡苔白，脉沉细。根据以上症状，应首选使用哪种中药？,桂枝->可以治疗疾病->寒湿阻滞,0.88,可以治疗疾病
一名28岁女性患者，2年前足月顺产一名女孩，并于1年前进行了皮下埋植术。现患者月经基本规律，但最近1个月出现淋漓出血。根据情况，哪项检查是不需要进行的？,皮下埋植->治疗科室->计划生育科,0.11,治疗科室
一位30岁的女性，停经43天，伴有右下腹隐痛2天并出现阴道少量出血，吸宫术后病理报告显示蜕膜组织。基于这些症状和检查结果，首先应该考虑哪种疾病？,蜕膜组织->可能患有疾病->宫外孕,0.84,可能患有疾病
一个6岁的孩子，经常盗汗，偶尔自汗，身体消瘦，精神不振，心烦少寐，有时会有低热，口干，手足心热，舌质淡且苔少，脉象细弱。针对这些症状，治疗首选的方剂是什么？,生脉散->症状->盗汗自汗,0.85,症状
一名58岁的男性患者有胃病史，最近因饮食不当而复发，症状包括恶心呕吐，伴有胃脘痞闷，纳呆神疲，大便微溏，口淡不渴，舌淡苔薄白，脉虚无力。在这种情况下，哪个中药方剂最适合用于治疗？,香砂六君子汤->治疗方法->清热解毒,0.22,治疗方法
根据一名45岁女性患者的症状：咳嗽十余天，近三天喘促不宁，痰涎壅盛，潮热，便秘，舌苔黄腻，脉右寸实大，应使用哪种中医方剂进行治疗？,宣白承气汤->治疗方法->润肺止咳,0.7,治疗方法
根据62岁男性患者头晕2个月伴言语不清和步态不稳等临床表现及脑电图结果，入院后病情迅速恶化，出现表情淡漠和肌阵挛加重等症状，您认为最可能的诊断是什么？,克雅氏病->疾病描述->快速进行性神经退行性疾病,0.8,疾病描述
一位53岁的女性患者，胸闷乏力数月，并偶尔感到胸痛，无发热，X线检查结果显示多发性肺部病灶。根据这些临床表现和X线结果，最可能的诊断是什么？,肺部肿瘤性病变->疾病描述->乳腺癌肺转移,0.72,疾病描述
26岁初产妇在妊娠39周时顺利经阴道分娩后，立即出现多量鲜红色阴道流血，持续不断。在这种情况下，最可能的病因是什么？,软产道裂伤->并发症->感染,0.45,并发症
根据一位36岁男性患者的症状表现：腹痛痞满拒按，烦渴引饮，大便秘结，潮热汗出，舌质红，苔黄腻，脉滑数，应选择哪种中药方剂进行治疗？,大承气汤->可以治疗疾病->阳明腑实证,0.83,可以治疗疾病
根据患者的症状和体征，包括劳累性呼吸困难、不能平卧、呼吸困难加重、咳嗽、体力受限等表现，以及体检发现，如何评估该患者的心功能分级？,心功能分级->症状->咳嗽,0.18,症状
对于一名35岁女性，右侧乳突区疼痛2天，口角左歪1天，诊断过程中，哪一项体征最能帮助确定病变部位？,面部功能检查->症状->面部麻痹,0.67,症状
患者出现四肢厥逆、恶寒蜷卧、神疲欲寐、面色苍白、腹痛下利、呕吐不渴等症状，舌苔白滑，脉微细，根据上述症状，最适合的治疗方剂是什么？,寒邪内盛->治疗方法->理中汤,0.57,治疗方法
描述一位25岁女性患者因腹痛、腹泻便秘交替3个月就诊，并在胃肠钡餐检查中发现回盲部激惹和“钡影跳跃征象”的情况下，最可能的诊断是什么？,肠结核->症状->腹泻,0.53,症状
根据患者右肾结石伴中度积水和感染的病情特点，以及右肾功能严重受损的状况，最佳的治疗方法是什么？,肾结石->并发症->肾积水,0.86,并发症
一名40岁的男性患者，间断上腹痛3年，多饥饿痛和夜间痛，进食后减轻。为了明确诊断，急诊应该进行什么检查？,消化性溃疡->症状->进食后减轻,0.81,症状
根据患者症状，比如久病体弱，面色晄白，汗出畏寒，动则益甚，平时极易感冒，且舌苔薄白，脉象细弱，应该使用什么中药方剂进行调治？,气虚->治疗方法->补气方,0.5,治疗方法
对于出现周期性下腹痛半年余且无月经来潮的青春期女性，首先应进行哪项检查以便于准确确认问题？,下腹痛->症状->食欲减退,0.38,症状
对于一位术后出现体温上升和轻度呼吸不畅的患者，胸片显示胸腔内有气液平，为了进一步诊断最重要的检查手段是什么？,胸腔气液平->并发症->脓胸,0.7,并发症
一名45岁女性患者，出现头痛和癫痫症状，CT检查显示右颞叶有一个2×3厘米类圆形低密度的囊样病变，边界尚清楚并伴有轻度增强。基于这些临床表现和影像学特征，这种病变最有可能是什么类型的肿瘤？,囊样低密度影->可能患有疾病->星形细胞瘤,0.94,可能患有疾病
一位长期有胃病的患者，最近因为饮食不规律出现了频繁嗳气，伴随酸腐食物味的嗝逆，肠鸣音亢进，大便稀烂且夹杂食物残渣，心下痞满，舌苔微黄。请问此患者应采用哪种中医方剂进行治疗？,胃病->并发症->胃肠功能紊乱,0.69,并发症
32岁男性，右耳流脓1年，CT显示外耳道嵴骨消失、软组织密度影，听小骨及鼓室壁破坏。最可能的诊断是什么？,右耳流脓->可能患有疾病脂瘤,0.92,可能患有疾病
9岁的男孩王某2周前曾出现咽痛，口服药物后症状缓解，但近两日晨起眼睑浮肿，小便色红伴尿潜血阳性，血压130/70mmHg，被诊断为肾炎。其表现为发热不恶寒，咽喉疼痛，口干口渴，头面浮肿，尿少色赤，舌红苔薄黄，脉浮数。根据中医证候学的辨证，此时应选用哪种治疗方剂？,湿热蕴结->症状->小便色红,0.63,症状
根据患者的症状表现，如外感咳嗽、气喘、习惯性便秘、舌质淡红、苔薄黄和脉滑略数，你认为治疗中应选择哪种药物进行干预？,气喘->症状->咳痰,0.25,症状
一名66岁男性，情绪激动后突然出现剧烈头痛、头晕、呕吐，随后表现出'三偏征'，伴随瞳孔缩小和光反射消失，这种症状最可能提示脑出血发生在何处？,脑出血->症状->头痛,0.65,症状
一位10岁出现高热、嗜睡呕吐、抽搐昏迷等症状并有不洁饮食史的患儿，脑脊液检查结果显示压力量大、Pandy氏反应为（±）、白细胞计数高，依据这些症状和检查结果，若需要尽早确诊为乙型脑炎，应进行哪项特异性检查？,乙型脑炎->症状->发热,0.18,症状
28岁女性在停经70天进行人工流产术中，突然出现烦躁不安、寒战、咳嗽、呼吸困难等症状，应该首先应用哪种药物来处理这种情况？,羊水栓塞->症状->烦躁不安,0.32,症状
针对一名25岁的男性患者，他在额头、面部、胸部和背部反复出现红色丘疹、脓疱、囊肿和结节已有10年，并留有紫红色瘢痕，请描述一种不适合用于治疗此患者的药物或方法，并说明原因。,囊肿性痤疮->症状->抗生素疗法,0.18,症状
一名20岁男性患者，颏下皮肤内有一个无痛性肿块缓慢生长了7年。检查该肿块发现它是圆形的，表面皮肤光滑，没有与皮肤及周围组织粘连，触诊时感觉坚韧而有弹性，穿刺后抽出乳白色豆腐渣样分泌物。根据这些特点，这个肿块最可能的诊断是什么？,皮脂腺囊肿->症状->无痛性肿块,0.78,症状
根据临床症状和检查，44岁女性右下后牙牙龈反复肿胀疼痛半年多，颊侧牙龈有一瘘管，近中探诊深度7mm，叩诊阳性，牙髓活力正常，最可能的诊断是什么？,牙髓感染->症状->牙髓活力正常,0.6,症状
一名55岁男性患者出现左胸痛2个月，胸闷气短逐渐加重，并伴有消瘦。胸片显示左侧大量胸腔积液，CT显示广泛胸膜增厚及左侧胸膜凹凸不平，可见胸膜结节影。根据这些临床表现，该患者最可能与哪种职业相关疾病有关？,尘肺病->症状->胸闷气短,0.61,症状
根据患者表现出的频繁呕吐、前囟饱满、高热、多次抽搐、颅缝增大、肌张力增高或偏瘫等症状，结合硬脑膜下穿刺流出清液的结果，该患儿最可能被诊断为何种疾病？,痢疾->忌吃->奶制品,0.05,忌吃
针对一位35岁妇女，近数月来甲状腺肿大，有时心悸，稍觉多汗，食量无明显增多，无便频，消瘦不明显无眼征等症状，甲状腺Ⅱ度大，质地变硬不光滑，未闻及血管杂音，心率90次/分，血压偏高，在哪种处理方式下最不适宜针对她的这种病情？,甲状腺问题->治疗方法->综合治疗,0.5,治疗方法
"一名50岁的女性干部，间歇性腹泻半年，3天前又发作，出现黄色稀便，带脓血，每天6至8次，同时伴有左下腹隐痛。便常规检查显示：RBC（+）/HP, PC（+）/HP, WBC（+++）/HP。基于这些症状和检验结果，该患者最可能的诊断是什么？",溃疡性结肠炎->症状->右下腹隐痛,0.22,症状
一位30岁的女性表现出咽痛干痒、异物感、干咳少痰、颧红、潮热、耳鸣和多梦等症状，舌红苔少，脉细数。根据以上症状特征，宜选用的基础方剂是什么？,养阴清肺汤->可以治疗疾病->肺阴虚,0.75,可以治疗疾病
一位65岁女性患者，诊断为慢支炎急性发作，目前感染已控制，但双下肢仍水肿，仍有气促，心率大于120次/分，呼吸频率大于24次/分，双肺底可闻及湿性啰音，使用利尿剂无效。根据这位患者的病情，应选择什么治疗方案？,心功能不全->治疗方法->无创正压通气,0.32,治疗方法
一名26岁的女性患者出现端坐呼吸、乏力、腹胀等症状，心音遥远。其胸部正侧位摄片显示心影增大。基于这些症状和检查结果，请问该患者最可能的诊断是什么？,心包积液->并发症->腹胀,0.66,并发症
根据患者头部、肩背部多汗、动则尤甚，神疲乏力，面色少华，易患感冒，舌质淡，苔薄白，脉细弱的症状，应如何判断其证候？,肺气虚->治疗方法->益气固表,0.65,治疗方法
某位在蓄电池厂工作的男工，工龄8年，出现头昏、头痛、乏力等症状，尿中6-ALA检测结果为28.6μmol/L。针对该病人的治疗，哪种药物是首选？,铅中毒->并发症->高血压,0.63,并发症
一名28岁男性患者在上呼吸道感染后2周出现肉眼血尿和颜面水肿，经过2个月治疗后，尿检显示蛋白（＋＋），红细胞15～20个/HP，血压变化不大，但血清肌酐升至400μmol/L，B超显示双肾增大。为了进一步明确诊断，应该选择哪种辅助检查？,肾功能恶化->诊断检查->肾活检,0.96,诊断检查
高血压患者争吵后突然倒地昏迷，一侧瘫痪，口斜眼歪。应优先考虑哪种疾病？,出血性中风->症状->意识障碍,0.56,症状
一位49岁的男性患者，反复发作性癫痫，双手震颤5年，伴有头晕和行走不稳，生化检查显示血清钙降低和血清磷升高。根据这些症状和实验室检查结果，你认为最可能的诊断是什么？,甲状腺功能亢进->症状->心悸,0.1,症状
一名6岁男孩患有法洛四联症，出现意识不清伴频繁抽搐、腹泻和呕吐等症状。结合病史和症状，他最可能的病因是什么？,法洛四联症->症状->腹泻和呕吐,0.6,症状
一个5岁的男孩因2天无痛性暗红色血便入院，并有类似病史。在体检后为明确诊断，应该首选哪种检查方法？,血便->推荐食谱->清淡饮食,0.42,推荐食谱
一名45岁男性患者突然感到胸痛，4小时后前往医院就诊。在排除急性心肌梗死时，哪项检查最为有帮助？,心律失常->诊断检查->心电图,0.94,诊断检查
一位初产妇，25岁，怀孕1次，分娩0次。骨盆外测量正常，已经临产10小时，肛查显示宫口开大9cm，胎先露在S2+，宫缩时胎心下降至110次/分，宫缩后不能迅速恢复。这种情况下，最适合的处理方法是什么？,胎儿窘迫->症状->胎心过快,0.14,症状
一名20岁男性，出现全身水肿半个月，最近呼吸困难和尿量减少，血压升高至170/120mmHg，并伴随全身高度水肿以及右侧胸腔及腹腔积液。经诊断为肾病综合征，请问此患者首先应使用哪种药物进行治疗？,肾病综合征->治疗方法->利尿剂,0.72,治疗方法
一名45岁男性患者有上腹饱胀不适7年的病史，近3天出现柏油样便且大便潜血测试为阳性(+++)，胃镜检查结果显示胃窦部黏膜薄且透，见紫蓝色血管纹。根据这些临床表现和检查结果，他最可能被诊断为何种胃部疾病？,萎缩性胃炎->诊断检查->胃镜检查,0.94,诊断检查
根据以下病人的化验结果：白细胞计数为5.4×10⁹/L，尿液中白细胞为30～40/HP，红细胞为10～15/HP，并且亚硝酸盐呈阳性，该患者的标准抗感染治疗疗程应该是几天？,尿路感染->治疗方法->一周疗程,0.17,治疗方法
患者表现恶寒发热，无汗，鼻流清涕，咳嗽痰多，气短懒言，倦怠乏力，苔白脉弱。首选治疗方剂？,外感风寒->症状->恶寒发热,0.81,症状
描述一下学生16岁时在课堂上发生的发作事件特征，这种发作事件的最可能诊断是什么？,失神发作->症状->短时间内恢复正常,0.78,症状
孕34周女性血压150/90mmHg，尿蛋白0.4g，诊断妊娠相关病症？,妊娠相关疾病->诊断检查->血清尿素氮检测,0.42,诊断检查
一个生后8天的男婴因皮肤黄染伴发热和拒乳入院。体检发现其皮肤明显黄染，肝脾肿大和脐部少量渗液伴脐周红肿。在此情况下，哪种检查方法最有助于确诊感染病因？,脐周红肿->可能患有疾病->新生儿脐炎,0.82,可能患有疾病
一位24岁的女性患者因车祸导致面部外伤，X光片显示右侧上颌骨骨折，骨折线经过鼻背、眶部并穿过颧骨上方达到翼突。请问这种情况的诊断是什么？,Le Fort III型骨折->症状->翼突骨折,0.65,症状
对于一名72岁男性患者，反复腹泻2个月，每天大便3至4次，为稀烂便，有少许黏液，偶有血便，但无明显里急后重且体重减轻不明显，最可能的诊断是什么？,结肠癌->可能患有疾病->结肠息肉,0.7,可能患有疾病
对于一位30岁，体壮，经常便秘，每隔几天须服用泻药才能排便，大便干结，腹部胀满，并且出现烦热、口渴、口臭、舌红、舌苔黄厚，脉滑数的女性，应选择哪种方剂进行治疗？,阳明腑实->治疗方法->麻子仁丸,0.9,治疗方法
一位怀孕8个月的24岁女性，近一个月来常在卧位时出现突发性头痛、心悸和多汗，测得最高血压为230/140mmHg，但坐起后症状可逐渐缓解，血压恢复正常，空腹血糖为7.8mmol/L，电解质及肝肾功能正常。根据这些症状和检验结果，最可能的诊断是什么？,嗜铬细胞瘤->诊断检查->尿儿茶酚胺测定,0.31,诊断检查
一名患者出现胸骨左缘第三肋间3/6级收缩期喷射性杂音，X线显示肺血减少、肺动脉段突出、右室增大。根据这些临床表现，最可能的诊断是什么？,肺动脉瓣狭窄->治疗方法->瓣膜置换术,0.66,治疗方法
一名40岁的男性患者，间断上腹痛3年，多饥饿痛和夜间痛，进食后减轻。为了明确诊断，急诊应该进行什么检查？,消化性溃疡->诊断检查->腹部X线检查,0.91,诊断检查
一名17岁的女性患者长期持续性出现阴道漏尿，并且可以间隔性正常排尿，B超示右肾重度积水且肾图提示右肾无功能。在这种情况下，首先应进行哪项检查以明确诊断？,逆行肾盂造影->症状->阴道漏尿,0.49,症状
一位60岁的男性患者确诊为帕金森病，因经济原因无法负担昂贵的药物治疗，当前临床上应推荐哪种药物作为首选？,金刚烷胺->治疗方法->经济实惠,0.9,治疗方法
当患者出现卒然仆倒，不省人事，四肢强痉拘挛，口中有声，口吐白沫，烦躁不安，气高息短，痰鸣漉漉，口臭便于，舌红或暗红，舌苔黄腻，脉弦滑的症状时，该病证属于什么？,痰火扰神->可以治疗疾病->癫痫,0.61,可以治疗疾病
一名男性患者颈部有直径约3厘米的肿物，质地柔软，色暗红如海绵状，按压后可缩小。请问这种肿物可能的诊断是什么？,海绵状血管瘤->症状->按压后缩小,0.9,症状
一个胎龄39周的男婴因胎儿窘迫而剖宫产出生，出生后1小时出现呼吸急促、口吐白沫和口周青紫，查体显示呼吸音粗，两肺纹理粗且有少许斑片状影。基于上述症状和体征，该婴儿最可能的诊断是什么？,口吐白沫->症状->吸入性肺炎,0.76,症状
一位8岁的男孩在吃生黄瓜后出现腹部不适，高热和抽搐，查体显示神志不清，瞳孔等大且对光反射好，颈软，血压10.7/6.7kPa(80/50mmHg)。在这种情况下，首选的检查是什么？,肠道感染->诊断检查->肛拭子培养,0.9,诊断检查
男性，30岁，持续低热，咳嗽并痰中带血丝20天，胸片显示右肺上叶不张。这种情况下，最可能的诊断是什么？,中心性肺癌->症状->咳痰带血,0.89,症状
一名2岁患儿已患肺炎1周，近日全身中毒症状加重，并出现高热持续不退、呼吸困难加重、频繁咳嗽、面色发绀和低血压。综合这些症状，最有可能的诊断是什么？,肺炎->并发症->脓胸,0.72,并发症
一名72岁男性因皮肤、巩膜黄染进行性加重伴消瘦、乏力2个月入院，入院后病人时有寒战及发热现象。在诊疗计划中，哪项检查对于明确病因最不重要？请解释理由。,黄疸->症状->乏力,0.21,症状
一位56岁的男性患者被诊断为稳定性心绞痛，在经过一段时间的治疗后效果不佳，医生决定采用联合用药。针对这种情况，哪种药物组合较为合理，可以更有效地帮助患者改善病情？,稳定性心绞痛->治疗方法->β-受体阻滞剂、钙通道阻滞剂、长效硝酸酯类,0.85,治疗方法
一名50岁男性患者，大量饮酒后出现上腹部剧烈疼痛和呕吐，症状没有缓解，并且保守治疗3天后病情恶化至休克状态。查体发现体温升高、脐周及背部瘀斑、上腹肌紧张和明显的压痛反跳痛。对于这种病情，最重要的治疗措施是什么？,急性重症胰腺炎->症状->恶化至休克,0.6,症状
根据以下症状：患儿男，10岁，受凉后出现发热、咳嗽、乏力，随后出现心悸、胸闷、烦躁不安。查体时面色苍白、皮肤发凉、血压降低、心率加快，第一心音低钝，面诊给予扩容及血管活性药物后，病情加重至神志不清、面色青灰、呼吸急促，血压测不到。请问该患儿的休克类型是什么？,发热+咳嗽->传染性->病毒性感染,0.18,传染性
一位38岁女性患者，经历5年的心悸、气短、下肢浮肿和纳差症状，并在最近2周加重。体检发现，其心脏区域有级别为3/6的收缩期杂音，心率为120次/分钟，心律规整，双肺底部有湿啰音，肝脏下降至肋下3厘米并有轻度压痛。结合这些体征和症状，请给出该患者的具体心功能诊断。,心力衰竭->并发症->肝脏肿大,0.65,并发症
一名50岁的男性患者腰疼4个月，伴有腰2、3叩击痛，影像检查显示腰2/3椎间隙变窄，相邻骨性终板有侵蚀样骨质破坏，腰2椎体压缩呈楔形，两侧腰大肌肿胀。基于这些临床表现和影像特征，应如何诊断此病症？,椎体压缩->症状->结核感染,0.83,症状
一位62岁的女性患者有长期便秘史，在一次排便后出现头痛和右侧肢体麻木无力，病情逐渐进展。2天后头颅CT显示左侧壳核区高密度病灶。查体时会发现什么特定的体征？,左侧壳核出血->症状->右侧偏瘫,0.88,症状
一位48岁的女性患者，近一年常出现午后潮热和五心烦热，近两个月心悸且思虑过度，服用安定片后可缓解。她有心悸易惊、头晕耳鸣、易怒、口燥咽干等症状，舌红苔少而干，脉细数。针对这些症状，应选择哪种中药方剂进行治疗？,心肝肾阴虚->治疗方法->天王补心丹,0.88,治疗方法
某患者有丛林接触史，突然高热，使用变形杆菌OXk株作为抗原与患者血清进行定量凝集试验，结果显示抗体效价为1:320，该病人可能患上了哪种具体的疾病？,恙虫病->诊断检查->血清定量凝集试验,0.84,诊断检查
一位33岁的女性患者，劳累后心悸气促加重持续3年，不能平卧并伴有咯血。检查发现有二尖瓣面容，第一心音亢进，心尖部可听到隆隆样舒张期杂音，以及P₂＞A₂且心率规则。根据这些症状和体征，应该采用什么治疗措施来缓解她的症状？,二尖瓣狭窄->常用药品->抗凝药物,0.72,常用药品
对于48岁的患者体检中发现的左肺下叶外带圆形阴影，为明确诊断，应该使用哪一种简单而重要的检查方法？,肺部阴影->检查疾病->胸部X光,0.84,诊断检查
一位32岁的女性患者，表现为漫肿无头、皮色不变、酸痛无热、口中不渴，舌淡苔白，脉沉细。根据以上症状，应首选使用哪种中药？,桂枝->常用药品->肉桂,0.63,常用药品
根据一位55岁女性患者的症状表现为腹痛、大便秘结和腹泻交替，并在直肠指检阴性情况下，如果确诊为早期大肠癌，最优先选择哪种治疗方法？,早期大肠癌->治疗方法->化疗,0.75,治疗方法
一位32岁的女性患者，表现为漫肿无头、皮色不变、酸痛无热、口中不渴，舌淡苔白，脉沉细。根据以上症状，应首选使用哪种中药？,桂枝->常用药品->肉桂,0.63,常用药品
根据患者因车祸头部受伤后出现的症状，如左侧瞳孔散大、对光反应消失、右侧肢体瘫痪等，结合病情进展过程，推断患者最可能出现什么类型的脑部病情变化？,脑损伤->治疗方法->手术干预,0.29,治疗方法
对于一名1岁10个月的患儿，出现发热半天及全身惊厥1次、持续10余分钟伴呕吐和意识模糊的症状，大小便正常，应进行什么检查才能有助于明确诊断？,惊厥->诊断检查->脑电图,0.62,诊断检查
一名25岁女性患者持续性无尿1周，并有严重外伤史。从症状及病史分析，结合相关图像，最可能的诊断是什么？,创伤性横纹肌溶解症->并发症->急性肾衰竭,0.75,并发症
一个6岁的孩子，经常盗汗，偶尔自汗，身体消瘦，精神不振，心烦少寐，有时会有低热，口干，手足心热，舌质淡且苔少，脉象细弱。针对这些症状，治疗首选的方剂是什么？,生脉散->并发症->气阴两虚,0.58,并发症
一位36岁女性患者的颊部黏膜出现白色斑块并带有皱褶。显微镜下检查显示上皮厚度增加，上皮细胞内出现水肿，胞核固缩或消失，并出现空泡性变。根据这些病理特征，该病理诊断应该是什么？,扁平苔藓 -> 并发症 -> 黏膜糜烂,0.41,并发症
患者表现为角弓反张状、四肢伸直和肌张力增高，呼之不应，这种状态被称为什么？,去脑强直->症状->角弓反张,0.82,症状
一位62岁的女性患者有长期便秘史，在一次排便后出现头痛和右侧肢体麻木无力，病情逐渐进展。2天后头颅CT显示左侧壳核区高密度病灶。查体时会发现什么特定的体征？,便秘->并发症->脑血管意外,0.58,并发症
根据2岁男孩的病情描述，包括发热、剧烈头痛、喷射性呕吐和脑膜刺激征阳性等症状，他被诊断为哪种类型的流行性脑膜炎？,脑膜炎奈瑟菌感染->常用药品->头孢曲松,0.85,常用药品
一名32岁的男性因车祸导致右髋关节肿痛并活动受限，请根据X光片描述最可能的诊断类型是什么？,骨盆Ⅳ型骨折->症状->髋关节肿痛,0.88,症状
根据患者症状描述，老年女性患者多年来在疲劳后出现尿频、尿痛等症状，同时伴有腰膝酸软、神疲乏力。检查发现双肾区叩击痛，尿白细胞升高，结合这些症状，最适合采用何种治疗方法进行治疗？,肾盂肾炎->治疗方法->抗生素+中药调理,0.85,治疗方法
42岁男性患者出现发热、咳嗽、咳痰并活动时气促，面部及手部出现红斑且红斑扩展至胸部、腰和膝关节。确诊的主要方法是什么？,皮肌炎->诊断检查->肌酶测定,0.76,诊断检查
在一位患者表现出外感风寒湿邪、恶寒发热、肌表无汗、头痛项强、肢体酸楚疼痛、口苦而渴的情况下，应该选用哪种中药方进行治疗？,外感风寒湿邪->症状->恶寒发热,0.82,症状
通过检查，一名患者的呼吸模式表现为由浅慢逐渐变深快，然后由深快转为浅慢，随之出现短时暂停，并不断循环此模式。这种呼吸模式应如何诊断？,切尼-施托克斯呼吸->症状->呼吸逐渐加深再变浅,0.88,症状
一位49岁的男性患者，反复发作性癫痫，双手震颤5年，伴有头晕和行走不稳，生化检查显示血清钙降低和血清磷升高。根据这些症状和实验室检查结果，你认为最可能的诊断是什么？,癫痫->治疗方法->抗癫痫药物,0.12,治疗方法
一位45岁的女性患者经过抗甲状腺药物治疗后复发，现计划行甲状腺双侧次全切除术后，最危急的并发症是什么？,甲状腺疾病->治疗方法->长期激素替代,0.25,治疗方法
在总义齿患者的调牙合过程中，当下颌前伸至上下颌前牙切缘相对时，出现左右侧上下颌第二磨牙和第一磨牙与上颌第二双尖牙同时接触的现象，这种接触模式如何描述？,牙合接触->诊断检查->前伸平衡牙合,0.89,诊断检查
一名72岁男性因皮肤、巩膜黄染进行性加重伴消瘦、乏力2个月入院，入院后病人时有寒战及发热现象。在诊疗计划中，哪项检查对于明确病因最不重要？请解释理由。,黄疸->检查疾病->ERCP,0.87,诊断检查
一名50岁男性患者视力略减退，眼外检查无异常，但眼底检查显示静脉曲张、动脉变细，并且乳头面上出现大片状火焰状出血，同时视网膜反光增强以及可能出现黄白色类脂质变性及出血。根据这些临床表现，这种情况最可能的诊断是什么？,中央视网膜静脉阻塞->治疗方法->激光治疗,0.57,治疗方法
一位48岁的女性患者，近一年常出现午后潮热和五心烦热，近两个月心悸且思虑过度，服用安定片后可缓解。她有心悸易惊、头晕耳鸣、易怒、口燥咽干等症状，舌红苔少而干，脉细数。针对这些症状，应选择哪种中药方剂进行治疗？,心肝肾阴虚->治疗方法->补中益气汤,0.55,治疗方法
当患者出现晕厥发作，心电图显示多形性宽QRS波心动过速，主波方向围绕等电位线上下改变时，应考虑哪种诊断？,尖端扭转型室速->治疗方法->药物治疗,0.62,治疗方法
一名54岁男性患者在生产有机磷农药的工作中出现中毒症状，经过阿托品静脉给药达到阿托品化状态，但仍出现面部、四肢抽搐。此时应进行怎样的进一步治疗？,有机磷中毒->治疗方法->地西泮,0.77,治疗方法
在患者体检时发现脾肋下4指可触及，白细胞计数为3.0×10^9/L，中性粒细胞占30％，淋巴细胞占60％，单核细胞占10％的情况下，这种临床表现应该诊断为什么疾病？,EB病毒感染->治疗科室->感染科,0.65,治疗科室
对于一名30岁男性在车祸后30分钟出现发绀、烦躁不安、呼吸困难，并伴有左侧大块胸壁软化和两肺湿啰音的症状，首要的处理措施是什么？,发绀->症状->缺氧,0.08,症状
一名25岁女性，在活动后出现气急，并且出现夜间不能平卧、痰中带血的症状。她的家人注意到她面颊部发红，并且在医院检查中发现心脏杂音。基于这些症状，最可能的疾病诊断是什么？,二尖瓣狭窄->治疗方法->球囊扩张术,0.79,治疗方法
一位17岁的女性在体检中发现肛周囊性肿物，壁较硬，与骶骨面界限不清，考虑为哪种疾病？,骶尾部畸胎瘤->症状->肛周囊性肿物,0.91,症状
15岁男性患者，4年前开始出现发作性四肢抽搐、意识不清，每次发作持续数分钟，常伴有舌咬伤。口服苯妥英钠维持治疗后，发作次数减少。数天前因故停服苯妥英钠，现患者再次发作，每次发作持续半小时以上，一天内发生多次。请问治疗癫痫持续状态的首选药物是什么？,癫痫持续状态->治疗方法->抗癫痫药物,0.65,治疗方法
对于急性白血病患者出现头痛、恶心呕吐、脑脊液压力增高、蛋白质增多、细胞大多为白血病细胞的情况，鞘内注射应首先使用哪种药物进行治疗？,脑白血病->治疗方法->鞘内化疗,0.85,治疗方法
根据一名48岁女性患者的症状，包括紧张不安、多虑、失眠、头晕、心痛、注意力不集中、阵发性心悸、胸闷和四肢无力，而头颅MRI未发现异常，请问该患者最可能被诊断为什么心理疾病？,广泛性焦虑障碍->症状->失眠,0.89,症状
42岁女性，月经规律，轻微痛经，间断性下腹痛2年，反复发作伴腰酸无腥臭阴道分泌物。超声显示左附件区囊性条索状回声，近期腹痛加重，囊实性肿物增大，CA125为269IU/ml。最可能诊断是什么？,盆腔炎症->症状->下腹痛,0.33,症状
请问对于一位患有抑郁症并伴有II度房室传导阻滞的60岁患者，首选的治疗药物是什么？,帕罗西汀->治疗方法->提高5-HT水平,0.04,治疗方法
一名5岁男孩因反复刺激性咳嗽、痰中带血和胸痛1年，多次胸片检查显示右肺门区钙化影，其数目和位置互不相同，右下肺有时出现局限性肺炎和肺不张表现，这种情况下，最可能的诊断是什么？,肺炎->症状->咳嗽,0.52,症状
一个8个月大的女孩反复出现呼吸道感染，检查结果显示她体内的IgA含量非常低，但IgG和IgM含量正常，请问这种情况下最可能的诊断是什么？,IgA缺乏->可能患有疾病->选择性IgA缺乏症,0.85,可能患有疾病
一名66岁男性，情绪激动后突然出现剧烈头痛、头晕、呕吐，随后表现出'三偏征'，伴随瞳孔缩小和光反射消失，这种症状最可能提示脑出血发生在何处？,丘脑出血->症状->三偏征,0.92,症状
6岁儿童突然出现头面眼睑浮肿，迅速波及全身，呈紧张性水肿，尿量减少，尿色如浓茶，并伴有发热、恶风、口渴、咽痛症状，舌尖红，苔薄黄，脉浮数。针对这些症状，应该选择哪种方剂进行治疗？,麻黄连翘赤小豆汤->可以治疗疾病->风热水肿,0.84,可以治疗疾病
在一名男性患者摔倒后出现肩部疼痛，检查发现患肩下沉，患肢活动障碍，头向患侧偏斜，Dugas征阳性的情况下，最可能的诊断是什么？,Dugas征阳性->可能患有疾病->肩关节前脱位,0.88,可能患有疾病
一名40岁的男性患者表现为发热、咳嗽并伴有臭脓痰长达2周，有时痰中带血。他有多年的吸烟史，血液检查显示白细胞计数为23×10^9/L，中性粒细胞为90%。X线胸片显示右下肺有大片状阴影，并出现空洞和液平面。在此情况下，应该采取怎样的处理措施？,肺脓肿->诊断检查->胸部X线,0.77,诊断检查
35岁男性患者因高处坠落导致胸背部疼痛以及双下肢感觉/运动功能完全丧失，但经过5小时的静脉使用甘露醇和地塞米松治疗后功能逐渐恢复，最可能的诊断是什么？,脊髓震荡->诊断->脊髓压迫,0.55,可能患有疾病
一位38岁的女性患者，10年前患有葡萄胎，现在出现2个月的阴道流血，量时多时少，诊刮病理报告显示滋养细胞增生活跃，未见绒毛结构。根据这些信息，最可能的诊断是什么？,滋养细胞->诊断检查->绒毛膜癌,0.85,诊断检查
根据一名57岁男性患者表现出上腹隐痛、食欲缺乏、体重减轻4个月以及排黑便3次的症状，并且体检未发现腹部阳性体征，应该首先考虑的诊断是什么？,消化性溃疡->症状->黑便、上腹隐痛、无腹部阳性体征,0.58,症状
针对一名46岁女性患者，表现为白带增多、偶尔粉红色，以及近3个月有性交出血，妇科检查显示宫颈中度糜烂，活检结果显示癌细胞已突破基底膜5mm，并有淋巴管受侵情况下，单纯盆腔大野照射治疗宫颈癌时，B点剂量应给予多少cGy？,宫颈癌->治疗方法->支持疗法,0.21,治疗方法
"一名50岁的女性干部，间歇性腹泻半年，3天前又发作，出现黄色稀便，带脓血，每天6至8次，同时伴有左下腹隐痛。便常规检查显示：RBC（+）/HP, PC（+）/HP, WBC（+++）/HP。基于这些症状和检验结果，该患者最可能的诊断是什么？",溃疡性结肠炎->诊断检查->便常规检查,0.53,诊断检查
一位42岁的男性患者反复腰痛5年，并在7个月前因腰部扭伤出现剧烈疼痛和左侧肢体不适，经过系统性的保守疗法后症状依然没有缓解，腰椎CT显示L间盘左后方突出压迫了硬膜囊。请问在这种情况下，他下一步应该接受什么治疗来缓解症状？,腰椎间盘突出->治疗方法->镇痛药物,0.18,治疗方法
一位60岁男性患者，患有慢性阻塞性肺病15年，最近一周内咳嗽和喘息加重，出现明显发绀和烦躁，血气分析结果为pH值7.4，PaO₂为40mmHg，PaCO₂为70mmHg。请问在这种情况下，应如何进行氧疗？,低氧血症->治疗方法->低流量氧疗,0.66,治疗方法
一个足月出生的男婴，顺产，体重3.2kg，出生后20小时出现黄疸，胆红素水平为210μmmol/L。为了明确诊断，应首先进行哪项检查？,黄疸->治疗方法->光疗,0.12,治疗方法
一名42岁的男性患者，突然出现阵发性腹痛，伴有腹胀和呕吐2天，体温38.5℃，脉搏93次/分，血压100/60mmHg。腹部饱胀并胀气，右下腹部有压痛，肠鸣音亢进。腹部X线平片检查显示小肠高度胀气、扩张，并有多个液气平面。请根据以上症状和检查结果，诊断该患者可能的疾病类型。,小肠梗阻 -> 诊断检查 -> 腹部X线平片,0.85,诊断检查
一名56岁女性，颈部肿大20年，术后应采取什么药物处理措施？,甲状腺手术->并发症->甲状腺功能减退,0.85,并发症
13岁女生刷牙时牙龈出血，牙龈充血水肿，X线无牙槽骨吸收。最可能的诊断是什么？,牙槽骨吸收->诊断检查->X线检查,0.35,诊断检查
根据患者的症状表现，如外感咳嗽、气喘、习惯性便秘、舌质淡红、苔薄黄和脉滑略数，你认为治疗中应选择哪种药物进行干预？,麻子仁丸->常用药品->润肠通便,0.83,常用药品
根据以下信息，患者可诊断为何种类型的高脂血症：患者女性，39岁，有皮肤黄色斑块10年，伴随胸闷2年和反复发作的胸痛1年。心电图显示心肌缺血，血压138/90mmHg，心率74次/分，节律齐，无心脏杂音。她的双侧上眼睑有扁平黄色瘤，手指和足跟肌腱处见结节状黄色瘤，两眼有明显的角膜弓。血脂测定结果为：TC 12.3mmol/L，TG 1.5mmol/L，HDL-C 1.2mmol/L，LDL-C 8.0mmol/L。家族史显示母亲有冠心病，父亲有高血压，兄妹中一个有胆固醇增高。,家族性高胆固醇血症Ⅱa型->并发症->冠心病,0.65,并发症
对于一名1岁患儿，出现低热伴咳嗽3周并消瘦，血沉为40mm/h，PPD试验为阴性，X线胸片显示右肺中部有炎症影伴随右肺门淋巴结肿大，且近期患过麻疹，这种情况下最可能的诊断是什么？,原发型肺结核->推荐食谱->牛奶鸡蛋粥,0.28,推荐食谱
患者在急性淋巴细胞白血病化疗完全缓解后的缓解期，出现了头痛、恶心、呕吐和手足抽搐的症状。这些症状表明患者最可能发生了什么情况？,急性淋巴细胞白血病->症状->头痛,0.83,症状
请根据患儿3岁男孩右腹股沟可复性包块超过1年，玩耍后出现哭闹伴呕吐症状，右侧阴囊肿胀并触及不可还纳的肿块，判断最可能的诊断是什么？,腹股沟疝->治疗方法->手术治疗,0.65,治疗方法
一名55岁男性患者，出现右上腹痛2个月，伴有皮肤和巩膜黄染15天，并进行性加重，查体显示胆囊肿大，超声提示肝内胆管扩张且胆囊肿大，在胰腺平面以上肝外胆管扩张但胰头及胰管无明显异常的情况下，最可能观察到的影像学征象是什么？,肝门部胆管癌->并发症->胆囊肿大,0.73,并发症
一名患有急性昏迷的患者出现轻度黄疸、双侧肢体肌张力对称性增高、瞳孔等大，并且尿蛋白及糖定性均为阴性。结合这些症状，这名患者最可能的诊断是什么？,肝性脑病->症状->急性昏迷,0.94,症状
一名4岁女孩，右侧颈部发现无热无痛的包块约两个月，CT检查结果显示如图所示。根据这些信息，包块最可能的诊断是什么？,包块->食谱有益于疾病->富含蛋白质食物,0.61,食谱有益于疾病
一名36岁的女性患者，发热盗汗，腹泻便秘交替持续2个月。体检显示腹部平软，右下腹轻度压痛，未扪及包块，粪检无特殊。在这种情况下，为了明确诊断，首选应进行哪项检查？,克罗恩病->诊断检查->腹部CT扫描,0.88,诊断检查
一个8岁男孩，身材矮小，上下肢比例正常，面容较幼稚，腹部皮下脂肪丰满，手腕骨X线片显示骨龄为5岁。根据这些临床特征，他可能患有什么疾病？,生长激素缺乏症->疾病描述->骨龄落后,0.93,疾病描述
一位60岁男性患者，患有慢性阻塞性肺病15年，最近一周内咳嗽和喘息加重，出现明显发绀和烦躁，血气分析结果为pH值7.4，PaO₂为40mmHg，PaCO₂为70mmHg。请问在这种情况下，应如何进行氧疗？,慢阻肺->治疗科室->呼吸内科,0.88,治疗科室
一个出生7天的男婴出现了啼哭和哺乳困难，临床检查发现其两颊黏膜和软腭充血，并出现散在的白色柔软小斑点，这些斑点用力擦拭后可以去掉。根据这些临床表现，该婴儿可能患有什么疾病？,鹅口疮->症状->用力擦拭后斑点去掉,0.91,症状
针对一名在胆管结石行内镜下Oddi's括约肌切开术后出现头晕、大汗的25岁男性患者，在查体发现脉率120次/分，血压100/70mmHg，上腹压痛及肌紧张的情况下，首选的检查方法是什么？,术后并发症->检查方法->MRI,0.55,诊断检查
一位23岁的女性患者因突发腹痛和晕厥入院，被诊断为宫外孕大出血并接受了紧急手术。在术后第二天，患者出现进行性加深的皮肤巩膜黄疸，血清胆红素为50μmol/L，ALT为70U/L，AST为130U/L。基于上述情况，术后肝功能障碍的原因和特性是什么？,肝损伤->治疗科室->肝病科,0.11,治疗科室
在患者视力骤降、神膏混浊、视衣脱离，伴随情绪急躁易怒、失眠多梦、耳鸣如潮、口苦、舌红苔黄、脉弦数的情况下，宜选用哪种中药方剂进行治疗？,龙胆泻肝汤->常用药品->柴胡,0.85,常用药品
一名24岁女性患者在咽痛2周后出现肉眼血尿，尿液分析显示红细胞遍布于视野中，且有链球菌感染病史，尿蛋白定量为0.9g/d，肾功能和血压正常，ANA结果为阴性。基于这些信息，最可能的诊断是什么？,女性->推荐食谱->红枣银耳汤,0.12,推荐食谱
根据病例描述，某男性患者，54岁，有心悸不安、胸闷不舒、心痛时作、唇甲青紫、舌紫暗及脉涩的症状，应选用何种中药来治疗？,心悸->症状->唇甲青紫,0.65,症状
一名28岁男性患者在上呼吸道感染后2周出现肉眼血尿和颜面水肿，经过2个月治疗后，尿检显示蛋白（＋＋），红细胞15～20个/HP，血压变化不大，但血清肌酐升至400μmol/L，B超显示双肾增大。为了进一步明确诊断，应该选择哪种辅助检查？,肾炎->症状->肉眼血尿,0.84,症状
患者出现经前吐血、衄血且出血量较多、色鲜红，伴有月经提前、量少，心烦易怒、两胁胀痛等症状。舌象为舌红、苔黄，脉象为弦数。针对上述症状，治疗应首选的方剂是什么？,血热妄行->治疗方法->清血方,0.58,治疗方法
42岁女性患者，晨起出现剧烈疼痛伴呕吐，昏倒30分钟后清醒。胸片检查显示肺部有半透明小圆形阴影。病史中有阴道少量不规则出血2个月，咳嗽、痰中带血10天，曾G4P1，顺产1次，人流3次，末次妊娠2年前。结合病史和检查结果，最可能的诊断是什么？,绒毛膜癌->治疗科室->妇科肿瘤科,0.12,治疗科室
对于一名50岁的女性患者，表现为上腹部持续性疼痛伴腰背部放射12小时，有胆总管结石病史，检查发现体温38℃，腹略膨隆，上腹正中压痛，轻度肌紧张和反跳痛，移动性浊音阳性，肠鸣音减弱，血白细胞计数为20×10^9/L。请回答哪项化验结果可以提示病情严重？,急性胰腺炎->治疗方法->禁食补液,0.63,治疗方法
针对一位35岁妇女，近数月来甲状腺肿大，有时心悸，稍觉多汗，食量无明显增多，无便频，消瘦不明显无眼征等症状，甲状腺Ⅱ度大，质地变硬不光滑，未闻及血管杂音，心率90次/分，血压偏高，在哪种处理方式下最不适宜针对她的这种病情？,甲状腺问题->治疗方法->放射性碘治疗,0.87,治疗方法
35岁男性牙齿问题，怎么处理牙齿困难拔除？,牙齿问题->治疗->拔牙钳使用,0.84,治疗方法
患者症见肢节烦疼、肩背沉重，舌苔白腻微黄，脉濡数，内蕴湿热，外受风邪，此时应选用哪种中药方剂进行治疗？,当归拈痛汤->治疗->筋骨关节疼痛,0.68,治疗方法
一位30岁的女性产后哺乳1个月，右侧乳房出现紧韧肿硬，皮肤出现橘皮样改变，并且全身炎症反应不明显。根据这些临床表现，最可能的诊断是什么？,乳腺癌->诊断检查->乳腺影像学,0.54,诊断检查
如果一个10岁女孩在经历呼吸道感染后，因水肿、尿量减少及血尿在2天内入院，随后在2到4周后出现进行性尿量减少和肾功能下降，应考虑什么诊断？,急进性肾小球肾炎->治疗方法->免疫抑制治疗,0.72,治疗方法
一名3岁男孩被诊断为营养性缺铁性贫血，伴有面色萎黄、唇甲淡白、发黄枯燥、容易脱落、心悸气短、头晕目眩、入睡困难、声音低微、精神萎靡、食欲不振、舌淡红、苔薄白、脉细弱、指纹淡红的症状。针对这些症状中医应首选哪种方剂进行调理？,脉细弱->治愈概率->0.6,0.25,治愈概率
一个足月出生的男婴，顺产，体重3.2kg，出生后20小时出现黄疸，胆红素水平为210μmmol/L。为了明确诊断，应首先进行哪项检查？,黄疸->诊断检查->Coombs试验,0.93,诊断检查
患者王某反复呕吐清水痰涎、脘闷不食、头眩心悸、舌苔白腻、脉滑。最适合的中医方剂？,心悸->症状->心气不足,0.11,症状
跌落后患者短暂不省人事，清醒后神志清楚，呼吸急促，口唇发绀。最可能的颅脑损伤？,脑震荡->诊断检查->神经系统检查,0.91,诊断检查
一名20岁未婚女性患者，出现经行鼻衄已经3年，鼻血量较多，呈红色，伴随月经周期提前，经量偏少。患者在月经第2天出现鼻衄，情绪波动会影响出血量，舌质红，脉象细弦。根据这些症状，针对她的病情应选择哪种中药方剂进行治疗，并且加哪味药以达到最佳疗效？,经行鼻衄->症状->鼻血量多,0.86,症状
患者男性，55岁，3个月前因胸胁部撞伤后出现胁肋刺痛症状，表现为痛有定处，入夜痛甚，舌质紫暗，脉沉涩。请问针对这一症状，应选用哪种中药方剂进行治疗？,胸胁刺痛->症状->夜间痛甚,0.35,症状
患者长期喘息病，近日感冒，微热、怕风寒、咳嗽气短、微汗、舌苔淡白、脉浮缓弱。应给予何种中药治疗方案？,风寒感冒->症状->怕风寒,0.69,症状
一名37岁的男性患者昨晚摄入大量油腻食物后半夜突发腹痛、腹泻及里急后重的症状，此时最适宜使用哪种中药治疗？,保和丸->常用药品->消化不良,0.79,常用药品
对于31岁初产妇产后10天仍有血性恶露伴随色淡质稀、无臭味，精神倦怠，小腹空坠，面色白光白，舌淡，苔白，脉缓弱的症状，应首选什么方剂进行治疗？,气虚->症状->舌淡,0.25,症状
一位60岁男性患者，患有慢性阻塞性肺病15年，最近一周内咳嗽和喘息加重，出现明显发绀和烦躁，血气分析结果为pH值7.4，PaO₂为40mmHg，PaCO₂为70mmHg。请问在这种情况下，应如何进行氧疗？,发绀->症状->低氧血症,0.97,症状
一位65岁女性患者，诊断为慢支炎急性发作，目前感染已控制，但双下肢仍水肿，仍有气促，心率大于120次/分，呼吸频率大于24次/分，双肺底可闻及湿性啰音，使用利尿剂无效。根据这位患者的病情，应选择什么治疗方案？,心功能不全->常用药品->无创正压通气,0.29,常用药品
请问对于一位患有抑郁症并伴有II度房室传导阻滞的60岁患者，首选的治疗药物是什么？,帕罗西汀->可能患有疾病->QT延长综合征,0.03,可能患有疾病
4岁7个月男孩，右上后牙疼痛1天，体检发现远中邻面龋，叩诊反应微弱，X线显示深龋近髓，最可能的诊断是什么？,根尖周炎->诊断检查->影像学检查,0.62,诊断检查
一位58岁男性患者因过劳而反复出现腰痛，表现为静卧时痛减，阴雨天气加重，左侧腰疼剧烈，不能转侧，白天症状较轻晚上较重，痛处拒按，舌苔薄白腻，脉象弦，应选择什么中药方剂进行首选治疗？,腰痛治疗->方剂选择->小建中汤,0.49,常用药品
一名5岁男孩出现面部和外生殖器皮肤颜色加深、智力退化、行走困难以及无热惊厥等症状，体检发现全身皮肤呈褐色、四肢肌张力高、膝反射亢进及双侧巴氏征阳性。这种疾病最可能的遗传方式是什么？,肾上腺脑白质失养->症状->皮肤颜色加深,0.85,症状
根据以下症状描述：王某，女57岁，咳喘12年，近半年下肢浮肿，经常心悸，动则尤甚，近2天来心悸咳喘加重，咯痰清稀，面部下肢浮肿，尿少，夜间不能平卧，面唇青紫，苔白滑舌胖质暗，脉沉细无力，该病例最可能的中医诊断是什么？,肺胀->症状->咳喘,0.92,症状
对于自诉感冒后出现眼部不适的女性患者，她在这段期间使用了哪些治疗方法？,眼部不适->常用药品->抗生素滴眼液,0.89,常用药品
一位40岁的男性无意中发现左侧阴囊有一硬结且无疼痛，体检发现左侧附睾尾部有结节状包块，并伴有同侧输精管的'串珠样'增粗。针对这种情况，首先应该进行什么检查以排除或确诊相关疾病？,阴囊超声->诊断->附睾囊肿,0.95,可能患有疾病
根据患者的症状：心悸不宁，心烦少寐，头晕目眩，手足心热，口干口渴，耳鸣腰酸，舌红，少苔，脉细数，应该选用哪种中药材配伍治疗？,心肾不交->常用药品->六味地黄丸,0.85,常用药品
根据患者的症状表现，包括失眠多梦、健忘、心悸、头晕和盗汗，结合舌苔薄白、脉细弱的特征，应该首选哪种中药进行治疗？,心脾两虚->治疗药物->归脾汤,0.72,常用药品
一名7岁的患儿，2周前得过猩红热，最近两天出现眼睑水肿，血压为16.0/10.7kPa(120/80mmHg)，尿常规显示蛋白++，红细胞5~8个/HP，目前水肿明显且尿量200ml/日。在护理过程中，应特别警惕发生哪种严重并发症？,急性肾小球肾炎->并发症->贫血,0.09,并发症
一名37岁男性，行胃癌根治术后一个多月，反复上腹胀和呕吐十天。请描述该患者所接受的具体根治术类型。,胃癌->治疗方法->毕Ⅱ式胃切除术,0.82,治疗方法
一名50岁男性，10天前开始发冷、发热，体温39.5℃，伴有右侧胸痛、咳嗽、咳脓性臭痰，并有结核病密切接触史。为了进一步明确他的诊断，应该首先进行什么检查？,肺部感染->推荐食谱->维生素丰富饮食,0.22,推荐食谱
48岁男性，右腮腺处肿物已有2个月，生长较快，腮腺造影显示腺泡不规则充盈缺损且造影剂外溢，最可能的诊断是什么？,腮腺肿物->疾病描述->高级别黏液表皮样癌,0.91,疾病描述
对于出现持续发热和口腔溃疡的1岁女患儿，检查发现口腔黏膜充血水肿以及形成透明水泡和溃疡，哪种治疗措施不宜用于此病？,疱疹性口腔炎->忌吃->辛辣食物,0.16,忌吃
描述成人患者在手足背出现边界清楚的红斑，并伴有群集小疱和鳞屑痂，还有前臂及小腿的播散病损，这种症状最可能的诊断是什么？,湿疹->检查疾病->皮肤活检,0.19,诊断检查
一名33岁女性患者出现高热伴意识障碍，既往有系统性红斑狼疮史。入院查体显示浅昏迷，脑膜刺激征阳性，并出现喷射性呕吐。基于这些表现，入院后应首先进行哪项轴位扫描以辅助诊断？,高热->诊断检查->头颅CT,0.89,诊断检查
对于一位29岁女性患者，症状包括因外感风邪导致的全身关节烦疼，肩背沉重，舌苔白腻微黄，在这种情况下，应选用哪种方剂进行治疗？,风湿性疾病->忌吃->海鲜,0.64,忌吃
外感风寒患者误用泻下剂后出现发热头痛、汗出恶风、鼻鸣微喘、舌苔薄白、脉沉缓的症状时，应选择哪种治疗方剂？,外感风寒->治疗方剂->银翘解毒丸,0.57,常用药品
一个8岁的男孩发烧到39℃，接着出现右下腹疼痛和每天3到4次腹泻。体检显示脐部轻压痛，腹部柔软且无反跳痛。在这种情况下，你首先应该考虑哪种疾病的可能性？,腹膜炎->症状->脐部轻压痛,0.67,症状
患者出现经前吐血、衄血且出血量较多、色鲜红，伴有月经提前、量少，心烦易怒、两胁胀痛等症状。舌象为舌红、苔黄，脉象为弦数。针对上述症状，治疗应首选的方剂是什么？,肝火亢盛->症状->两胁胀痛,0.15,症状
对于患者表现出咳嗽经久不愈，咳吐黄痰，甚至咳吐腥臭脓血，并且有身热不退，胸中隐隐作痛的症状，舌红苔黄腻，脉滑数的情况，应该使用哪种中药方剂进行治疗？,咳嗽->症状->千金苇茎汤,0.89,症状
一位40岁的女性患者，20年前因甲状腺功能亢进接受了甲状腺大部切除术，术后恢复良好。她在10年前经历过产后大出血。目前，她因坏疽性阑尾炎接受了阑尾切除术。请问，这位患者术后可能出现的并发症是什么？,甲状腺功能减退->症状->代谢减慢,0.86,症状
一个5岁的女孩因浮肿和尿量减少3至4天入院，体检显示眼睑浮肿，尿液检查蛋白质和红细胞增多，血压为140/100mmHg。根据这些症状和检查结果，她可能被诊断为什么病？,蛋白尿->可能患有疾病->急性肾小球肾炎,0.93,可能患有疾病
48岁男性患者，自诉双髋关节疼痛4年，并在最近5个月加重导致跛行。4年前该患者因角膜炎长期服用激素。请根据这些信息判断该患者最可能的诊断是什么？,股骨头坏死->症状->跛行,0.85,症状
单女士的胎儿在第二产程延长后，经过胎头吸引助产娩出，此时脐带绕颈2周，且Apgar评分为3分，应采取的首要紧急措施是什么？,胎儿复苏->治疗方法->药物治疗,0.55,治疗方法
对于一名75岁的男性患者，有16年高血压病史，平时血压为170/70mmHg，实验室检测显示空腹血糖为5.6mmol/L，肌酐为180μmol/L，尿蛋白为(++)，其收缩压至少应控制在多少以下？,高血压->治疗方法->收缩压控制,0.21,治疗方法
患者50岁的女性，3年前体检时发现血压为180/115mmHg，间歇服药后血压波动于130～180/90～115mmHg，既往有脑梗死史，无吸烟史和糖尿病及早发心血管疾病家族史，本次就诊时血压为160/90mmHg。确定其高血压的分级和危险度。,高血压->症状->头痛,0.59,症状
一位三十岁女性患者右前臂伸侧有散在分布的环状结节，直径5mm至3cm，皮损呈淡红色且表面光滑，质地坚韧且界限明确，无明显自觉症状。根据这些特征，患者最可能的诊断是什么？,环状肉芽肿->诊断检查->皮肤病理检查,0.22,诊断检查
一位74岁男性患者，突发头疼并意识丧失7小时，经过99Tc^m-HMPAO脑血流断层显像的结果显示，最准确的诊断是什么情况下会呈现这样的影像学特征？,蛛网膜下腔出血->检查疾病->脑血流显像异常,0.82,诊断检查
根据一个72岁男性患者因剧烈咳嗽后出现的右腹股沟包块，并经过手法复位的特点，结合包块性质和触诊结果，疝出的内容物最可能是什么？,腹股沟疝->症状->咳嗽后包块,0.82,症状
一位34岁女性患者，一年前接受了结扎术，现在因失去孩子要求再怀孕，计划进行输卵管吻合手术。通常选择什么类型的切口进行这项手术？,输卵管吻合术->推荐食谱->高蛋白饮食,0.22,推荐食谱
在患者因肺部感染而出现高热，咳嗽气急，咽痛咳血等症状，舌红绛或紫绛，苔黄，脉滑数的情况下，应如何加减应用中药进行治疗？,清热化痰->症状->高热,0.18,症状
经来先期量多、色紫红、质黏稠，伴心烦面红口干，小便黄，大便燥结，舌红苔黄，脉滑数，选用哪种方剂？,清热->治疗方法->清热凉血,0.59,治疗方法
一名72岁男性患者打哈欠后突然出现下颌不能闭合、流涎及下颌中线偏向一侧的情况。针对这种情况，最常用的治疗方法是什么？,下颌脱位->治疗方法->抗生素,0.13,治疗方法
一名30岁的男性患者因左侧季肋部撞击伤导致左侧第9、10肋骨骨折，经过保守治疗3天后出现晕厥，伴心率118次/分和血压85/55mmHg。基于这些症状，最可能的原因是什么？,脾破裂->诊断检查->腹部B超,0.83,诊断检查
一名30岁男性患者，头颅CT显示左小脑半球有一个3cm×4cm的囊样低密度区，并伴有壁结节，结节明显增强，四脑室受压变形及右移。根据这些影像特征，最可能的诊断是什么？,血管母细胞瘤->传染性->是,0.18,传染性
对于一位3个月的女婴，家长发现其左眼瞳孔区发白持续1个月。眼部检查显示双眼眼压正常，左眼角膜清澈，前房深度正常，瞳孔约2×2mm，对光反射灵敏，但晶状体白色浑浊且眼底无法窥查，在这种情况下，哪项检查最有助于进一步诊断？,晶状体浑浊->治疗方法->白内障手术,0.21,治疗方法
患者出现皮肤黄染、小便色黄、大便秘结等症状，结合舌苔黄腻，脉滑数的情况，宜使用哪种药物与茵陈配伍以改善便秘症状？,湿热->治疗方法->茵陈与大黄配伍,0.89,治疗方法
一名3岁男孩被诊断为营养性缺铁性贫血，伴有面色萎黄、唇甲淡白、发黄枯燥、容易脱落、心悸气短、头晕目眩、入睡困难、声音低微、精神萎靡、食欲不振、舌淡红、苔薄白、脉细弱、指纹淡红的症状。针对这些症状中医应首选哪种方剂进行调理？,心脾两虚->治疗方法->归脾汤,0.92,治疗方法
一名38岁男性患者表现出脐周疼痛和间歇性腹泻持续3个月，粪便暗红色且有腥臭味。显微镜检显示大量红细胞、少量白细胞及夏-雷结晶。根据这些临床表现，最可能是哪种诊断？,阿米巴肠病->诊断检查->粪便显微镜检查,0.83,诊断检查
一位24岁的女性患者因车祸导致面部外伤，X光片显示右侧上颌骨骨折，骨折线经过鼻背、眶部并穿过颧骨上方达到翼突。请问这种情况的诊断是什么？,Le Fort III型骨折->症状->眶部骨折,0.77,症状
患者贺某，30岁，男性，症状包括咳嗽痰稠带血、心烦易怒、胸胁作痛、咽干口苦、颊赤便秘，舌红苔黄，脉弦数。根据这些症状，应该使用哪种中药方剂进行治疗？,肝火犯肺->治疗方法->咳血方,0.78,治疗方法
根据症状描述，43岁女性患者表现出嘈杂、恶心、吐酸等症状，伴有口渴喜冷、口臭、脘闷心烦、多食易饥，舌红苔黄干，脉滑数，最适合选用哪种中药方剂进行治疗？,胃热 -> 常用药品 -> 参苓白术散,0.69,常用药品
针对一名46岁女性患者，表现为白带增多、偶尔粉红色，以及近3个月有性交出血，妇科检查显示宫颈中度糜烂，活检结果显示癌细胞已突破基底膜5mm，并有淋巴管受侵情况下，单纯盆腔大野照射治疗宫颈癌时，B点剂量应给予多少cGy？,宫颈癌->治疗方案->放射治疗剂量,0.78,治疗方法
对于住院第2天检查时，患者的瘫痪肢体只能在水平面上移动而不能上抬，这表明其右下肢的肌力处于哪个级别？,肌力评估->症状->2级肌力,0.93,症状
8岁农村男孩突起高热、昏迷、抽搐，体温39.7℃，血压110/70mmHg，皮肤无淤点，左侧瞳孔较大光反应迟钝，颈部有抵抗感，心率120次/分，双侧Babinski征阳性。最可能诊断？,高热->症状->皮肤无淤点,0.13,症状
一名30岁男性患者夜间发作性腹部烧灼样痛持续两个月，进食后迅速缓解，近期出现柏油样便和晕厥的症状，检查显示低血压和四肢厥冷。请问该病人最可能的基本病因是什么？,幽门螺杆菌感染->症状->柏油样便,0.79,症状
对于一个2岁的孩子，出现形体消瘦、面色萎黄、毛发稀疏、食欲不振、易发脾气、大便不调且有酸臭味、尿如米泔等症状，并体重仅10kg，舌质淡红舌苔薄白时，应首先考虑是哪种中医诊断？,疳证->症状->消化不良、营养不良,0.85,症状
一名46岁的女性患者，进行了胆总管十二指肠吻合术，入院后输血时出现心前区压迫感和血红蛋白尿，经过抗休克治疗后血压恢复正常。在这种情况下，下一步应采取什么措施来继续治疗？,溶血反应->治疗科室->急诊科,0.05,治疗科室
8岁男孩4周前患有脓疱疮，最近3天出现眼睑水肿、尿少和肉眼血尿症状。检查发现蛋白尿、红细胞尿、抗O滴度升高、C3下降和NPN升高，该患者最可能的病情诊断是什么？,泌尿系感染->症状->尿频,0.14,症状
根据描述，49岁女性患者出现胸胁疼痛，如灼如刺，胸闷不舒等症状。结合阴雨天加重和病侧胸廓变形的情况，请问对该患者的治疗应采用哪种治法？,阴雨天加重->可能患有疾病->风湿痹痛,0.15,可能患有疾病
根据临床症状和检查，44岁女性右下后牙牙龈反复肿胀疼痛半年多，颊侧牙龈有一瘘管，近中探诊深度7mm，叩诊阳性，牙髓活力正常，最可能的诊断是什么？,牙周脓肿->并发症->深部炎症,0.47,并发症
某患者有丛林接触史，突然高热，使用变形杆菌OXk株作为抗原与患者血清进行定量凝集试验，结果显示抗体效价为1:320，该病人可能患上了哪种具体的疾病？,恙虫病->症状->高热、头痛,0.88,症状
一名50岁男性患者视力略减退，眼外检查无异常，但眼底检查显示静脉曲张、动脉变细，并且乳头面上出现大片状火焰状出血，同时视网膜反光增强以及可能出现黄白色类脂质变性及出血。根据这些临床表现，这种情况最可能的诊断是什么？,中央视网膜静脉阻塞->症状->视网膜出血,0.88,症状
患者是一名50岁肥胖男性，经常感到胸闷、憋气和胸痛，有时疼痛会放射至背部，舌质紫暗而苔薄腻，脉象弦滑。在治疗过程中，应该选择哪种中药来缓解患者的症状？,痰湿阻滞->治疗方法->薤白,0.82,治疗方法
描述一名老年男性在车祸导致右股骨开放性骨折并在内固定术后出现切口少量脓性渗出和创口肉芽组织突起的情况，结合X线片显示骨折断端有层状致密新骨形成且骨折片边界清楚的影像学特征，你认为最可能的诊断是什么？,慢性骨髓炎->疾病描述->脓性渗出,0.67,疾病描述
一名8岁的患者皮肤出现瘀斑瘀点2周，双下肢对称分布，斑色淡红，压之不退色，伴有神疲乏力、气短懒言、大便稀溏，舌淡苔薄白，脉细弱。根据这些症状，应该采用什么治疗方法？,脾虚->治疗方法->驱寒祛湿,0.29,治疗方法
一个胎龄39周的男婴因胎儿窘迫而剖宫产出生，出生后1小时出现呼吸急促、口吐白沫和口周青紫，查体显示呼吸音粗，两肺纹理粗且有少许斑片状影。基于上述症状和体征，该婴儿最可能的诊断是什么？,胎粪吸入综合征->治愈概率->中等,0.16,治愈概率
一位74岁的男性农民，早晨在菜地拔草时突然起立而昏倒，经过一段时间后病人神志渐清，但仍面色苍白，唇青，呼吸微弱，四肢冷汗出，大便失禁，而额头尚温，舌质淡，脉沉微。在中医治疗中，应选用哪一方剂进行处理？,气虚->症状->大便失禁,0.72,症状
患者进行抗凝溶栓治疗后出现情绪低落和记忆力减退，最有价值的检查是什么？,抗凝溶栓治疗后->诊断->抑郁自评量表（SDS）,0.92,可能患有疾病
患者ALT升高、ALP显著升高、总胆红素升高，肝脏B超形态正常。最可能的诊断是什么？,肝硬化->诊断检查->肝活检,0.07,诊断检查
一个8岁男孩出现头痛，CT显示松果体区有结节状稍高密度影，并出现明显增强，且侧脑室室管膜增厚。根据这些临床和影像学特征，这名男孩最可能患有什么类型的肿瘤？,生殖细胞瘤->治疗科室->神经外科,0.19,治疗科室
对于一个8个月大，腹泻伴呕吐，6小时无尿的男婴，其临床表现包括前囟凹陷，皮肤弹性差等，实验室检查血钠浓度为134mmol/L。在这种情况下，初步快速扩容静脉输液应该给予什么类型的含钠液体？,婴儿->推荐食谱->蛋黄泥,0.17,推荐食谱
一位60岁的男性患者在活动时出现胸骨后疼痛，听诊发现在胸骨右缘第2肋间有4/6级收缩期喷射样杂音。结合这些症状和体征，他最可能的心脏疾病诊断是什么？,主动脉瓣狭窄->治疗方法->心脏手术,0.71,治疗方法
一名女性患者出现口干、尿少、厌食、恶心、软弱无力等症状，伴随有血红蛋白16 g/L，血钠132 mmol/L，CO2CP为27 mmol/L。结合这些临床表现和血液检验结果，你认为该患者可能出现了什么类型的脱水？,低渗性脱水->疾病描述->血钠低,0.92,疾病描述
对于一名21岁右利男性患者，突然癫痫发作并伴有头痛、呕吐、颈项强直、低热和命名性失语的症状，询问病史时应该着重询问什么？,癫痫->检查疾病->脑电图,0.62,诊断检查
患者有10年糖尿病史，现出现眼睑及下肢浮肿、乏力、尿蛋白(++)及尿糖(+++)的症状，这种情况下该患者的糖尿病类型通常是什么类型？,糖尿病->症状->眼底病变,0.12,症状
对于一名18岁男性患者，右上1牙在备洞过程中发生意外穿髓，穿髓孔直径约0.5mm，请问应使用何种治疗方法？,牙髓暴露->治疗方法->矿物三氧化物聚合体盖髓,0.65,治疗方法
一名3岁女孩，有青紫型先天性心脏病，连续5天发热伴腹泻，并在1天内出现头痛、两次惊厥以及左侧肢体活动障碍，这种情况下最可能的诊断是什么？,脑栓塞->症状->腹泻,0.68,症状
一位45岁的女性患者在胃癌术后2年，现在检查出双侧卵巢对称性增大，直径10cm，卵巢保持固有外形，表面光滑，切面实性，灰白色，质硬。该肿瘤中的印戒样细胞使用哪种染色方法会呈现阳性结果？,Krukenberg肿瘤->并发症->肿瘤转移,0.76,并发症
一位38岁男性患者，10天前患感冒，随后出现双下肢无力、尿潴留、双上肢无力以及吞咽困难、呼吸困难、构音不清等症状。体检显示肌力减弱、肌张力低、腱反射消失、病理征阴性以及颈平面以下痛觉减退。根据这些临床表现和查体结果，你认为应该考虑什么诊断？,急性横贯性脊髓炎->症状->双下肢无力,0.92,症状
根据以下症状描述，患者白带量多，外阴瘙痒，白带呈豆腐渣样，伴有心烦失眠，舌苔黄腻，脉弦，其分泌物检查结果为霉菌(+)。请问，应选用哪种中药方剂进行治疗？,失眠 -> 常用药品 -> 酸枣仁汤,0.43,常用药品
某肺心病患者在急性加重期治疗后病情好转，但出现躁动、手足抽搐，血清钾及氯均降低，HCO₃⁻为38mmol/L，二氧化碳分压为40mmHg。这种情况下，患者可能出现了什么病理变化？,代谢性碱中毒->并发症->高血糖,0.03,并发症
根据患者的症状描述，如何判断这位60岁男性右膝关节问题的中医证型？,血瘀->症状->固定疼痛,0.47,症状
一位17岁的女性在体检中发现肛周囊性肿物，壁较硬，与骶骨面界限不清，考虑为哪种疾病？,骶尾部畸胎瘤->常用药品->抗肿瘤药物,0.62,常用药品
一位38岁男性患者，10天前患感冒，随后出现双下肢无力、尿潴留、双上肢无力以及吞咽困难、呼吸困难、构音不清等症状。体检显示肌力减弱、肌张力低、腱反射消失、病理征阴性以及颈平面以下痛觉减退。根据这些临床表现和查体结果，你认为应该考虑什么诊断？,格林-巴利综合征->症状->对称性无力,0.58,症状
在体检中，患者发现右眼球外展位、不能内收并上下视困难，左侧肢体肌力减弱和出现左倾Babinski征阳性，这些症状指向哪种综合征的诊断？,眼球外展->推荐食谱->枸杞猪肝汤,0.22,推荐食谱
在尿急、尿痛伴尿道口脓性分泌物3天的情况下，若28岁男性患者未得到正规有效治疗，他可能出现的最严重并发症是什么？,尿道炎->忌吃->辛辣食物,0.13,忌吃
一位24岁的孕妇，妊娠31周，表现为高血压、尿蛋白和浮肿等症状，血HCT为43%且全血黏度比值为3.8，针对这种情况，最佳的处理方法是什么？,先兆子痫->常用药品->降压药,0.46,常用药品
患者在牙齿拔除后进行烤瓷修复，戴修复体1个月后出现食物嵌塞且牙龈易出血。经过检查，修复体无松动且边缘密合。导致此问题的最可能原因是什么？,食物嵌塞 -> 常用药品 -> 口腔清洁剂,0.63,常用药品
在55岁诊断为冠心病的男性患者，经过近2周治疗后出现心悸，脉律不齐，心电图示窦性心律，每分钟78次，频发房性早搏和短阵房速的情况下，哪一种药物不适用于治疗这种心律失常？,房性心律失常->并发症->短阵房速,0.53,并发症
患者60/30mmHg，面色苍白，四肢湿冷，呼吸急促，心率快，腹平软，脐周压痛，肠鸣音活跃，脑膜刺激征阴性。请问在这种情况下，应立即进行哪项检查以帮助诊断问题的原因？,神经系统疾病->辅助检查->脑CT,0.12,诊断检查
根据一名24岁男性患者的临床表现，包括腰骶部疼痛伴晨僵、足趾肿痛、头皮和脐周皮疹以及双手指甲凹陷性小坑等症状，并且类风湿因子阴性，应该首先考虑什么诊断？,类风湿性关节炎->症状->指甲小坑,0.62,症状
根据以下信息，给出患牙的最可能诊断：一位28岁女性，左下后牙进食时疼痛半年，常在食物进入洞后加剧，左下第一磨牙咬合面出现深龋，洞内有粉红色息肉状物。探诊时略感敏感，叩痛呈阳性，冷测反应迟钝，并能探及牙周袋。,牙周炎->症状->牙周袋,0.18,症状
8岁男孩4周前患有脓疱疮，最近3天出现眼睑水肿、尿少和肉眼血尿症状。检查发现蛋白尿、红细胞尿、抗O滴度升高、C3下降和NPN升高，该患者最可能的病情诊断是什么？,肾病综合征->症状->蛋白尿,0.42,症状
一名45岁男性，诊断为风湿性心脏病导致的二尖瓣病变5年，房颤持续半年。为了纠正房颤，该患者在出院后应持续维持治疗多长时间？,房颤->治疗方法->长期服药,0.74,治疗方法
患者出现经前吐血、衄血且出血量较多、色鲜红，伴有月经提前、量少，心烦易怒、两胁胀痛等症状。舌象为舌红、苔黄，脉象为弦数。针对上述症状，治疗应首选的方剂是什么？,肝火亢盛->治疗方法->清热止血,0.65,治疗方法
一名28岁女性因车祸受伤来院，检查发现右下肢短缩，髋关节屈曲、内收、内旋畸形，X线显示髋关节后脱位但无骨折，应该采用何种治疗方法来处理这些损伤？,髋关节脱位->治疗方法->药物治疗,0.17,治疗方法
一名50岁男性，大量饮酒后出现上腹部剧烈疼痛，伴呕吐。保守治疗3天后病情恶化，并出现休克。查体显示体温38.9℃，脐周及背部可见大片青紫瘀斑，上腹腹肌紧张，腹部压痛和反跳痛明显，肠鸣音减弱。根据这些症状和体征，你首先考虑的诊断是什么？,急性重症胰腺炎->治疗方法->保守治疗,0.52,治疗方法
某患者有丛林接触史，突然高热，使用变形杆菌OXk株作为抗原与患者血清进行定量凝集试验，结果显示抗体效价为1:320，该病人可能患上了哪种具体的疾病？,恙虫病->并发症->心肌炎,0.63,并发症
根据一位30岁女性停经46天后出现下腹部隐痛和不规则阴道少量出血十余天的症状，加上尿妊娠试验可疑阳性和触摸到右侧附件有鸡蛋大韧性包块的情况，最可能的诊断是什么？,子宫肌瘤->症状->月经过多,0.09,症状
42岁男性，乏力低热3个月，青霉素环丙沙星治疗无效，有静脉吸毒史，最可能感染病原体是什么？,静脉吸毒->易患人群->感染风险,0.75,易患人群
请根据患者的症状描述和实验室结果，诊断此8岁男性最可能患上的疾病是什么？,川崎病->症状->皮疹,0.75,症状
对于一位25岁已婚妇女，尚未生育，停经2.5个月伴少量阴道出血3天，医生检查发现她的子宫大小明显超出停经月份，请问针对这种病人的下一步治疗方法是什么？,葡萄胎->治疗方法->子宫切除术,0.62,治疗方法
一名25岁男性患者，2个月前经历上呼吸道感染，10余天后出现浮肿和血尿伴随高血压，尿蛋白(++)，红细胞满视野，肾功能目前正常，但按急性肾炎进行治疗后病情未见改善，复查发现血红蛋白为14|D g/L，肌酐水平升高到380μmol/L，B超显示双肾稍增大。基于以上信息，详细说明在确定诊断或进一步处理上，目前最佳的医学步骤是什么？,急性肾炎->可能患有疾病->新月体性肾炎,0.92,可能患有疾病
一名20岁的女性患者跌倒时右上唇的疖肿受到碰击，2小时后突然出现寒战﹑高热，面部高度肿胀，尤其是两眼附近的软组织肿胀最为明显。这种症状表现应该考虑是哪种疾病？,荨麻疹->症状->眼睑水肿,0.22,症状
患者李某，72岁，症状包括头晕目眩、耳鸣、记忆力差等，舌质淡红体胖大，苔薄白，脉沉弦无力。结合这些症状和舌脉表现，适合的治疗方法是什么？,肝肾阴虚->症状->耳鸣,0.75,症状
患者出现腹大胀满，撑胀不甚，下肢水肿，神疲面青，小便不利，舌淡，边有齿印，苔厚腻水滑，脉沉弱等症状，治疗此证宜用哪种中药方剂？,脾阳虚弱->症状->腹胀,0.65,症状
一名28岁的男性患者，不规则发热2个月，右颈部淋巴结肿大且韧。通过穿刺涂片观察到“镜影状”细胞，请问这最可能是诊断什么疾病？,霍奇金淋巴瘤->疾病描述->淋巴结肿大,0.71,疾病描述
26岁初产妇在产后第4天出现发热、双乳胀痛，体温为38.2℃，双乳出现红肿、血管淋巴充盈和硬结。此时应做何种治疗？,乳汁淤积->并发症->乳腺炎,0.54,并发症
根据患者的症状描述，包括高热、腹痛、腹泻、食欲减退、淡红色斑丘疹，以及骨髓涂片找到了印戒细胞，你认为该患者最可能的诊断是什么？,伤寒->诊断检查->血培养,0.79,诊断检查
一位65岁的女性，患有冠心病和下壁心肌梗死，10年前因三度房室传导阻滞植入了VVI起搏器，起搏频率设定为72次/分。当前需要采取什么治疗措施？,起搏器使用年限->检查疾病->电池耗竭,0.75,诊断检查
25岁男性患者，3周前因上呼吸道感染后，出现胸闷、气短、头晕等症状，并伴有心率较慢、第一心音低钝等体征。结合这些信息，最可能的诊断是什么？,心肌炎->治疗方法->抗病毒治疗,0.78,治疗方法
一名30岁的男性患者因左上后牙3天的肿痛就诊，检查发现26牙齿咬合面深龋及髓，无探痛，Ⅲ度松动，叩痛（+++），牙龈轻微红肿，有按压疼痛感，但无波动感。基于这些症状，应该做出什么诊断？,牙髓炎->症状->深龋,0.63,症状
一名3岁男性患儿患有麻疹并未及时治疗，目前症状包括高热烦躁、神昏谵语、偶尔抽搐、皮疹遍及全身呈紫红色、舌红绛及脉弦数，针对这样的病情，应采用何种治疗方法？,麻疹->治疗方法->清热解毒,0.07,治疗方法
一个出生7天的男婴出现了啼哭和哺乳困难，临床检查发现其两颊黏膜和软腭充血，并出现散在的白色柔软小斑点，这些斑点用力擦拭后可以去掉。根据这些临床表现，该婴儿可能患有什么疾病？,鹅口疮->症状->恶化的婴儿口腔病,0.71,症状
"28岁女性患者反复水肿4年，并伴有近日厌食、恶心、齿龈出血、排柏油样便及逐渐昏迷症状，血压为170／100 mmHg，双下肢散在出血点，呼吸深大，Hb为70g／L，血小板为70×10⁹/L，且1年前曾患肝炎。为了尽快明确诊断，哪项血液检查最有意义？""",尿素氮+肌酐->检查方法->肝功能异常,0.62,诊断检查
一名20岁的女性患者跌倒时右上唇的疖肿受到碰击，2小时后突然出现寒战﹑高热，面部高度肿胀，尤其是两眼附近的软组织肿胀最为明显。这种症状表现应该考虑是哪种疾病？,海绵窦血栓性静脉炎->症状->眼部肿胀,0.92,症状
一名28岁的男性患者，不规则发热2个月，右颈部淋巴结肿大且韧。通过穿刺涂片观察到“镜影状”细胞，请问这最可能是诊断什么疾病？,霍奇金淋巴瘤->常用药品->抗癌药物,0.48,常用药品
一名24岁女性患者，出现齿龈出血6天，血检结果为血红蛋白125g/L、白细胞5.4×10^9/L、血小板45×10^9/L，骨髓检查显示巨核细胞增多而其他结果正常。根据这些信息，该患者可能的诊断是什么？,特发性血小板减少性紫癜->可以治疗疾病->出血性疾病,0.66,可以治疗疾病
一名70岁男性，高热、咳嗽、咳脓血痰1周，伴有糖尿病病史10年。查体显示体温39.5℃，精神差，双肺底可闻及湿性啰音，胸部X线片显示双下肺斑片状影，多发小气囊腔，血液检查显示白细胞计数18.2×10^9/L，中性粒细胞占92%。根据这些临床表现和检查结果，该患者最可能感染的病原体是什么？,脑出血->症状->四肢麻木,0.25,症状
根据患者的症状和体征，特别是突然昏倒、语言謇涩、面色潮红、舌质红苔黄燥及脉象等特点，哪种方药最适合作为治疗方案？,天麻钩藤饮->治疗科室->中医内科,0.66,治疗科室
针对一位颈部疼痛、四肢无力2年，并在检查时发现第二肋间感觉明显减弱的患者，哪种检查对于确诊最有意义？,第二肋间感觉减退->检查疾病->脊髓病变,0.95,诊断检查
一位45岁的男子，有5年胃痛病史，遇饮食生冷或劳累则发作，痛呈阵发性，空腹时较重，食后减轻。两天前因气候寒冷再发，症见上腹隐痛，喜温喜按，偶尔泛吐清水，精神疲倦，四肢欠温，舌淡苔白，脉虚弱。若其伴有形寒肢冷、腰膝酸软的症状，应使用哪种药方进行治疗？,胃虚寒->治疗方案->参苓白术散,0.62,治疗方法
针对一位80岁女性患者，有20年高血压史和痛风史，目前血压为180/90mmHg，心率52次/分，心律规则，心脏各瓣膜无杂音，血肌酐为100μmo1/L，血钾正常的情况，最适合的降压治疗方案是什么？请说明理由。,高血压->常用药品->氨氯地平和缬沙坦,0.52,常用药品
一位45岁的女性患者经过抗甲状腺药物治疗后复发，现计划行甲状腺双侧次全切除术后，最危急的并发症是什么？,甲状腺手术->症状->声音嘶哑,0.48,症状
一名10岁的男性患有急性淋巴细胞性白血病，并出现双侧视物模糊。检查发现双侧视神经扩大、隆起，伴有出血和棉絮斑，提示急性白血病性视神经浸润。在这种情况下，应采取哪种紧急治疗方案以挽救视力？,急性白血病->并发症->视网膜脱落,0.65,并发症
对于一名出现拒食、呕吐、嗜睡、面色青灰、前囟紧张和脐部有脓性分泌物的2个月女婴，最关键的诊断检查应该是什么？,脑膜炎->并发症->脑疝,0.12,并发症
35岁男性跌倒后腕部肿胀和酸痛，无骨折征象，后期未治疗容易引发的情况？,软组织损伤->并发症->慢性疼痛,0.18,并发症
30岁女性，面部水肿、疲倦，蝶形红斑，血沉65mm/h，尿蛋白三级阳性，抗核抗体和抗Sm抗体阳性。最可能诊断？,面色苍白->症状->贫血,0.18,症状
一位28岁女性在葡萄胎清宫术后3年，分娩一男婴8个月后，出现咳嗽、咯血和右胸部隐痛，胸部X线片显示两肺棉絮样阴影且β-HCG明显增高。针对这种情况的治疗，应首选什么处理方案？,手术治疗->治疗方案->癌症管理,0.75,治疗方法
一名50岁的男性患者在饱食后出现上腹持续性胀痛，伴有全腹压痛和反跳痛，肌紧张及肠鸣音消失等症状，经过体格检查和实验室检查后，为确定最佳的治疗方案，哪种影像学检查最有价值？,急腹症->诊断检查->腹部CT,0.95,诊断检查
42岁男性，乏力低热3个月，青霉素环丙沙星治疗无效，有静脉吸毒史，最可能感染病原体是什么？,感染症状->症状->乏力低热,0.27,症状
对于急性白血病患者出现头痛、恶心呕吐、脑脊液压力增高、蛋白质增多、细胞大多为白血病细胞的情况，鞘内注射应首先使用哪种药物进行治疗？,急性白血病->治疗方案->化疗,0.67,治疗方法
一位38岁男性患者，10天前患感冒，随后出现双下肢无力、尿潴留、双上肢无力以及吞咽困难、呼吸困难、构音不清等症状。体检显示肌力减弱、肌张力低、腱反射消失、病理征阴性以及颈平面以下痛觉减退。根据这些临床表现和查体结果，你认为应该考虑什么诊断？,急性横贯性脊髓炎->诊断->脊髓MRI,0.67,可能患有疾病
患者有癫病史，表现为神志恍惚、躁动不寐、多言善惊、口舌干燥、纳少，舌红少苔，脉沉细数，治疗上应该采用什么方法？,肝阳上亢->治疗方法->天麻钩藤饮,0.53,治疗方法
一名50岁男性患者，1周前突然发生脑血管意外，3日前开始呕血约500ml并伴有黑便，且过去无胃病与肝炎史。根据这些症状，最可能的诊断是什么？,脑血管意外->可能患有疾病->肝硬化,0.12,可能患有疾病
对于药物治疗无效的反复发作室性心动过速或心室颤动的心力衰竭患者，最适宜的治疗方法是什么？,室性心动过速->诊断检查->心电图,0.73,诊断检查
男，50岁，因肝硬化食管静脉曲张、腹水入院，放腹水后出现精神错乱、幻觉、扑击样震颤、脑电图异常等肝昏迷表现。针对该患者的情况，安排何种饮食最为合适？,肝性脑病->推荐食谱->无蛋白饮食,0.94,推荐食谱
根据描述，一位49岁的女性在最近半年内经历情绪低落、丧失兴趣、体力不支、头晕头痛，并有强烈的内疚感和自杀企图，体检和神经系统检查没有明显异常。请问该病人的最可能诊断是什么？,抑郁症->症状->情绪低落,0.94,症状
患者盛氏表现出全身浮肿，尤以身体下半身为重，伴有腹胀、喘满、二便不利，脉象为沉实有力。请问应选用哪种中药方剂进行治疗？,水肿->治疗方法->活血化瘀,0.78,治疗方法
25岁女性起床后颈背部僵痛、头部转动困难、右侧斜方肌压痛，最可能的疾病？,肌肉痉挛->症状->头部转动困难,0.67,症状
一名50岁的男性患者出现了近期恶心、呕吐、发热、咳嗽症状，每日尿量约400ml，血压165/97mmHg，血红蛋白78g/L，Cr545μmol/L（6.2mg/dl），Ccrl5ml/min。为了明确诊断，该进行哪项无创影像学检查？,腹部超声->检查疾病->急性肾损伤,0.63,诊断检查
27岁女性哮喘患者，对阿司匹林敏感，最适合的药物是哪种？,阿司匹林哮喘->常用药品->孟鲁司特,0.91,常用药品
一个34岁的男性出现发热、背部疼痛、不能直立和局部软组织肿胀等症状，结合医学影像，他的症状最可能指向哪种疾病？,脊柱结核->治疗方法->抗真菌治疗,0.05,治疗方法
当一位患者因施用有机磷农药出现恶心、呕吐、腹痛、腹泻、视力模糊等症状时，急诊室处理中的首选措施是什么？,有机磷农药中毒->治疗方法->快速监护与液体补充,0.65,治疗方法
针对一名60岁的男性患者，他在过去2周有多饮多尿的症状，并在过去2天内感到嗜睡，出现脱水表现。化验显示血尿素氮为42.9mmol/L，血钠为150mmol/L，尿酮体阴性，诊断为高渗性非酮症糖尿病昏迷。请问对此患者宜采用什么治疗措施？,高渗状态->治疗科室->神经内科,0.13,治疗科室
根据以下病例描述：一名41岁女性，以长期忧郁为诱因，出现表情淡漠、神识呆钝、喃喃独语、喜怒无常、言语有头无尾、污秽不避、终日不思饮食、舌苔腻、脉象弦滑等症状，试问该病例在中医上的诊断应该是什么？,癫证->易患人群->中年女性,0.03,易患人群
一名10岁的男性患有急性淋巴细胞性白血病，并出现双侧视物模糊。检查发现双侧视神经扩大、隆起，伴有出血和棉絮斑，提示急性白血病性视神经浸润。在这种情况下，应采取哪种紧急治疗方案以挽救视力？,急性白血病->治疗方法->化疗,0.68,治疗方法
在牙周基础治疗完成2个月后，假如患者磨牙区袋深仍约为5mm，且附着龈较宽，牙槽骨出现水平吸收但无异常骨形态，针对这种情况，哪种牙周手术治疗方案最好？,牙周手术->治疗方法->牙龈切除术,0.47,治疗方法
根据病情描述，患者在被铁钉刺伤后出现一系列症状，请说明导致该疾病的致病菌在感染过程中必须具备的环境条件是什么？,破伤风->治疗方法->抗生素治疗,0.12,治疗方法
一位37岁女性，因车祸导致胫骨骨折十余天后，突然出现头痛和头晕。结合患者的病史和症状以及图像，最可能的诊断是什么？,车祸->症状->晕厥,0.65,症状
根据8岁患儿在春节期间因上感，注射青霉素40万单位后5小时出现高热、头痛、前胸出血点、低血压的情况，诊断最可能是什么？,青霉素过敏反应->检查疾病->CT扫描,0.21,诊断检查
对于一名6岁已确诊为室间隔缺损的儿童，如果出现近1周持续发热、体温达到39℃、伴有咳嗽、呼吸困难和口唇发绀，且白细胞显著增高的症状，该儿童最可能发生什么并发症？,室间隔缺损->治疗方法->抗生素治疗,0.18,治疗方法
一名45岁妇女因性交后出血就诊，检查发现宫颈中度糜烂，子宫大小和活动情况正常，宫旁无异常，宫颈刮片巴氏Ⅲ级。术后证实有淋巴结转移，应采取哪种治疗措施？,宫颈癌->治疗时长->数月,0.61,治疗时长
一位57岁男性，患有慢性阻塞性肺疾病12年，最近一周咳嗽气喘加重，出现明显发绀和烦躁，血气分析结果为pH7.39，PaO2 40mmHg，PaCO2 70mmHg。经过积极治疗效果不佳，可能发生哪些严重并发症？哪一种并发症是不会发生的？,PaCO2升高->治愈概率->0.3,0.32,治愈概率
一名67岁女性患者，乳腺出现包块并伴有乳头溢液，病程为一个多月，通过X线检查后，你认为最有可能是什么诊断？,乳腺疾病->诊断检查->乳腺癌,0.91,诊断检查
根据患者的症状描述，如何判断这位60岁男性右膝关节问题的中医证型？,风湿热痹->症状->关节红肿热痛,0.79,症状
对于急性白血病患者出现头痛、恶心呕吐、脑脊液压力增高、蛋白质增多、细胞大多为白血病细胞的情况，鞘内注射应首先使用哪种药物进行治疗？,急性白血病->并发症->脑脊液蛋白增多,0.62,并发症
6岁儿童突然出现头面眼睑浮肿，迅速波及全身，呈紧张性水肿，尿量减少，尿色如浓茶，并伴有发热、恶风、口渴、咽痛症状，舌尖红，苔薄黄，脉浮数。针对这些症状，应该选择哪种方剂进行治疗？,风热水肿->忌吃->辛辣燥热食物,0.14,忌吃
描述一下学生16岁时在课堂上发生的发作事件特征，这种发作事件的最可能诊断是什么？,癫痫发作->症状->剧烈的身体抽搐,0.18,症状
在一名患者接受牙周治疗1周后，右下磨牙颊侧牙龈突然肿起，并被诊断为急性牙周脓肿。请分析此患者脓肿形成的原因，哪个因素不可能导致这种情况？,急性牙周脓肿->治疗方法->牙周治疗,0.27,治疗方法
8岁农村男孩突起高热、昏迷、抽搐，体温39.7℃，血压110/70mmHg，皮肤无淤点，左侧瞳孔较大光反应迟钝，颈部有抵抗感，心率120次/分，双侧Babinski征阳性。最可能诊断？,脑炎->治疗方法->支持治疗,0.66,治疗方法
一名30岁的女性患者表现出头晕、乏力、发热和皮肤出血点，检查显示全身淋巴结不大，胸骨无压痛，肝脏肋下3厘米，脾脏肋下5厘米，血常规显示血红蛋白为68 g/L，白细胞为2×10⁹/L，血小板为20×10⁹/L。这位患者最可能的诊断是什么？,再障->传染性->是,0.12,传染性
4岁7个月男孩，右上后牙疼痛1天，体检发现远中邻面龋，叩诊反应微弱，X线显示深龋近髓，最可能的诊断是什么？,牙髓炎->诊断检查->病理检查,0.79,诊断检查
一名30岁的男性，近半年旁人发现他常常发愣，对提问无反应，持续1-2分钟，并伴有口唇咀嚼动作，每日出现多次。神经系统检查无异常，脑电图显示右颞局灶性尖波活动。根据这些症状，他应被诊断为什么类型的发作？,癫痫->症状->大发作,0.51,症状
患者血氧检查显示PaO2 50mmHg，动脉血氧含量15ml/dl，动-静脉血氧含量差4ml/dl。缺氧类型是什么？,肺功能障碍->诊断检查->血气分析,0.77,诊断检查
一名2岁男孩突然出现皮肤瘀斑瘀点，颜色鲜红，伴有齿衄、鼻衄、尿血等症状，面红目赤，心烦口渴，便秘尿少，舌红苔黄，脉数。在这些症状表现下，应选用哪种方剂进行治疗？,血热->治疗方法->清热化瘀,0.66,治疗方法
一名59岁男性患者，上腹不适2周，经过检查并进行电子胃镜检查及超声内镜后，最佳的进一步治疗方案是什么？,胃溃疡->治疗方法->根除幽门螺杆菌,0.65,治疗方法
一名72岁男性患者打哈欠后突然出现下颌不能闭合、流涎及下颌中线偏向一侧的情况。针对这种情况，最常用的治疗方法是什么？,下颌脱位->并发症->神经损伤,0.63,并发症
一名38岁的女性患者发现左眼视野缺损，眼压为40mmHg，经检查后确诊。请问，该患者的首选治疗方法是什么？,青光眼->治疗方法->药物治疗,0.73,治疗方法
针对一名25岁的男性患者，他在额头、面部、胸部和背部反复出现红色丘疹、脓疱、囊肿和结节已有10年，并留有紫红色瘢痕，请描述一种不适合用于治疗此患者的药物或方法，并说明原因。,囊肿性痤疮->治疗方法->外用药物,0.59,治疗方法
一位32岁的男性患者，出现胃脘部痞硬不适、频繁嗳气、反胃呕吐、嗝逆暖气等症状，舌淡苔白腻，脉象缓而滑。请问此时应首选哪种中药方剂进行治疗？,补中益气汤->常用药品->黄芪,0.58,常用药品
对于一名慢性牙周炎患者出现了剧烈阵发性疼痛且夜间无法入眠，在检查发现左侧后牙无龋坏牙，叩痛且有深牙周袋的情况下，为了确诊最主要的还应该进行哪项检查？,牙髓病变->诊断检查->牙髓活力测试,0.92,诊断检查
20岁女性，发现下腹部肿块2年，突然出现剧烈疼痛伴恶心呕吐，体检发现10cm×10cm×8cm肿块。最首选的辅助检查方法是什么？,下腹部肿块->检查疾病->内窥镜检查,0.11,诊断检查
一名30岁男性工人，1个月前在工作中突然感到胸痛和心慌，随后出现气促症状逐渐加重。体检发现胸骨左缘第3〜4肋间有三级连续性粗糙杂音。结合这些症状和体征，最可能的疾病诊断是什么？,心慌->可能患有疾病->心脏结构异常,0.68,可能患有疾病
这名20岁女性患者自幼牙齿磨耗，牙冠微黄色，严重的釉质缺损，牙本质暴露且无明显反应，并有家族史，其症状最可能指向哪种牙齿疾病？,牙本质发育不全->检查疾病->牙体结构影像,0.66,诊断检查
一位女性患者人工流产术后4天出现寒战、高热，小腹疼痛拒按，并伴有颜色暗如败酱且气味臭秽的阴道出血。她还感到口干喜饮，舌质红，苔黄腻，脉弦数。针对这种情况，治疗的最佳方剂是什么？,人工流产术后感染->检查疾病->超声检查,0.11,诊断检查
一名48岁男性患者，腘窝上方持续性钝痛2年，且疼痛加重，以往‘结核’治疗无效，体检显示腘窝上方有肿胀和局部压痛，实验室检查正常。请问根据提供的图像，导致这种症状的最可能病因是什么？,神经纤维瘤->并发症->肌肉萎缩,0.15,并发症
根据患者的症状，包括左眼闭合不全、口角向右歪、左耳部疼痛、查体发现左侧周围性面瘫征、左侧舌前2/3味觉丧失及左侧外耳道小疱疹，这些表现表明病变最可能发生在哪个解剖部位？,面神经炎->症状->听力减退,0.15,症状
23岁女性患有急性一氧化碳中毒且出现粉红色泡沫样痰液，最适合的氧疗方法是什么？,一氧化碳中毒->症状->头痛,0.12,症状
对于一名表现出低热、盗汗、乏力等症状，并且PPD试验结果为强阳性的15岁女孩，她的脑脊液检查显示白细胞增多和蛋白升高，在胸片正常的情况下，应选择哪种药物组合进行强化治疗？,结核性脑膜炎->症状->枕部钝痛,0.19,症状
一名中年男性出现腰痛、尿频、尿急，CT检查显示右肾上极有一个直径约5厘米的略低密度占位，边缘模糊并呈现环形强化，邻近肾周围有积液。这种情况下，应首先诊断为什么？,泌尿系感染->症状->尿频尿急,0.79,症状
根据患者的症状和化验结果，该患者出现咽痛、鼻塞、低热、下颌淋巴结肿大，血白细胞计数偏低，请描述可能出现的与此病情相关的并发症。,病毒性心肌炎->并发症->呼吸困难,0.22,并发症
一位20岁的健康女性突然出现右眼发痒和流眼水，伴有眼红和耳前淋巴结稍触及，角膜和眼底检查正常，右眼视力完好。在这种情况下，最有可能的诊断是什么？,病毒性结膜炎->并发症->角膜水肿,0.51,并发症
一个7岁患儿，两周前患上感冒，三天前出现发热、易疲倦和脸色苍白。检查发现心率增快、心音低钝，并可闻及早搏，心电图显示P-R间期延长和ST段下移，实验室检查显示C反应蛋白增高。结合这些临床表现，该患儿最可能的临床诊断是什么？,心肌炎->治疗科室->心内科,0.01,治疗科室
根据一名45岁女性患者的症状：咳嗽十余天，近三天喘促不宁，痰涎壅盛，潮热，便秘，舌苔黄腻，脉右寸实大，应使用哪种中医方剂进行治疗？,宣白承气汤->并发症->便秘,0.62,并发症
一个5岁的男孩因2天无痛性暗红色血便入院，并有类似病史。在体检后为明确诊断，应该首选哪种检查方法？,Technetium-99m核素扫描->治疗方法->手术切除,0.77,治疗方法
一名45岁的女性患者有心肌缺血病史，最近出现心慌和气短的症状，经心电图检查诊断为阵发性室上性心动过速。根据她的病情，哪种药物是治疗这种情况的最佳选择？,高血压->治疗方法->降压药,0.08,治疗方法
对于一名表现为腹痛便秘，脐下绞结，绕脐不止，手足不温，舌苔白不渴，脉沉弦而迟的患者，应该采用什么方剂进行治疗？,温脾汤->可以治疗疾病->寒积便秘,0.71,可以治疗疾病
对于48岁的患者体检中发现的左肺下叶外带圆形阴影，为明确诊断，应该使用哪一种简单而重要的检查方法？,肺部阴影->治疗方法->放血疗法,0.07,治疗方法
对于一位男性患者，25岁，近期发现有贫血但无明显自觉症状，体检发现浅表淋巴结不大，脾肋下4cm，血红蛋白80g/L，红细胞3×10^12/L，红细胞渗透脆性试验减低，且其母有贫血病史，你认为应该做哪项检查来确诊？,遗传性球形红细胞增多症->常用药品->叶酸,0.12,常用药品
一名31岁女性患者，左眼球突出持续进行性加重超过10年，结合CT影像，最可能的诊断是什么？,黏液囊肿->治愈概率->0.5,0.01,治愈概率
患者肛门肿痛，皮色暗红，化脓时间长，溃后脓液稀薄，创口难愈合，伴有午后潮热、心烦口干，舌质红，苔少，脉象细数，应选择什么方剂进行治疗？,阴虚内热->并发症->创口感染,0.68,并发症
对于一个12岁的患者，出现两小腿皮肤米粒大小、鲜红色、微痒且触之碍手的斑疹，应该首选哪种中药方剂进行治疗？,皮肤过敏->可能患有疾病->荨麻疹,0.05,可能患有疾病
患者李某出现咯血反复发作一个月，同时伴有咳呛气急、午后潮热、五心烦热等症状。根据这些临床表现，应首选哪种方剂进行治疗？,肺阴虚->忌吃->辛辣煎炸食物,0.19,忌吃
一名5岁男孩因反复刺激性咳嗽、痰中带血和胸痛1年，多次胸片检查显示右肺门区钙化影，其数目和位置互不相同，右下肺有时出现局限性肺炎和肺不张表现，这种情况下，最可能的诊断是什么？,结核病->症状->胸痛,0.73,症状
一位68岁的男性患者，表现出胸痛、呼吸困难、并伴有超过一个月的咳嗽症状。结合影像学检查，该患者最可能的诊断是什么？,胃炎->宜吃->小米粥,0.01,宜吃
患者出现腹大胀满，撑胀不甚，下肢水肿，神疲面青，小便不利，舌淡，边有齿印，苔厚腻水滑，脉沉弱等症状，治疗此证宜用哪种中药方剂？,面色青暗->可能患有疾病->气血不足,0.07,可能患有疾病
一个1岁1个月的女孩，体重7.5kg，身高73cm，以母乳喂养为主，并在9个月时开始添加稀粥。她能独立行走，会主动叫'爸爸、妈妈'。体重小于第3百分位数，身长在第5到90百分位数之间。基于这些信息，你认为该女孩最可能的诊断是什么？,稀粥添加时间->诊断检查->营养评估,0.61,诊断检查
72岁男性，突发心前区疼痛，含硝酸甘油不缓解，心电图ST段抬高并伴有Q波，最可能的诊断？,急性心肌梗死->症状->心前区疼痛,0.91,症状
一名50岁的男性患者出现了近期恶心、呕吐、发热、咳嗽症状，每日尿量约400ml，血压165/97mmHg，血红蛋白78g/L，Cr545μmol/L（6.2mg/dl），Ccrl5ml/min。为了明确诊断，该进行哪项无创影像学检查？,急性肾损伤->诊断检查->肌酐升高,0.36,诊断检查
一名37岁男性，行胃癌根治术后一个多月，反复上腹胀和呕吐十天。请描述该患者所接受的具体根治术类型。,上腹胀->推荐食谱->小米粥,0.09,推荐食谱
一个足月出生的男婴，顺产，体重3.2kg，出生后20小时出现黄疸，胆红素水平为210μmmol/L。为了明确诊断，应首先进行哪项检查？,黄疸->诊断检查->Coombs试验,0.13,诊断检查
一名35岁男性患者，因2天来腹泻于8月20日就诊。患者外出旅游归来，大便每日10多次，伴呕吐多次，无发热，口渴，血压100/70mmHg，脉搏100次/分，腹软无压痛，肠鸣音活跃，大便镜检白细胞0～1/HP。根据这些临床表现和实验室检查结果，请问这个病人最可能的诊断是什么？,霍乱->诊断方法->实验室检测,0.78,诊断检查
根据临床症状和检查，44岁女性右下后牙牙龈反复肿胀疼痛半年多，颊侧牙龈有一瘘管，近中探诊深度7mm，叩诊阳性，牙髓活力正常，最可能的诊断是什么？,牙周脓肿->症状->探诊深度和牙周袋,0.78,症状
根据病例描述，26岁女性婚后二年未孕，伴随月经规律，但在末次月经后20天出现了阴道出血，持续半个月，且止血药无效，今天早上出现小腹疼痛并冷汗，身体检查显示血压90/60 mmHg，脉搏110次/分，内诊结果为后穹隆饱满下垂、子宫体水平位稍大、宫颈有举摆痛。根据这些症状，该患者最可能的诊断是什么？,宫外孕->治疗方法->手术治疗,0.47,治疗方法
根据中医辨证理论，患者男，38岁，出现高热烦渴、抽搐项强、两目上翻、神志昏迷、舌红苔黄、脉弦数等症状，应该选用哪种中药进行治疗？,热极生风->症状->高热烦渴,0.68,症状
根据一个65岁男性患者，患有15年糖尿病且长期使用苯乙双胍的病史，因意识障碍入院，体检显示浅昏迷、呼吸深大、中度脱水，膝反射极弱，血压80/65 mmHg，血糖15mmol/L，CO2结合力12mmol/L，尿糖（+++），尿蛋白（++）及少量尿酮体（+），请问最可能的诊断是什么？,乳酸酸中毒->推荐食谱->甜饮料,0.14,推荐食谱
一位23岁的女性患者因突发腹痛和晕厥入院，被诊断为宫外孕大出血并接受了紧急手术。在术后第二天，患者出现进行性加深的皮肤巩膜黄疸，血清胆红素为50μmol/L，ALT为70U/L，AST为130U/L。基于上述情况，术后肝功能障碍的原因和特性是什么？,输血->并发症->溶血性黄疸,0.69,并发症
一名26岁未产妇女，停经48日后出现阴道少量流血伴右下腹隐痛。今晨突然感到右下腹剧烈疼痛就诊。经过体格检查和相关化验检查，描述其体征和化验结果后，请问该患者最可能的诊断是什么？,异位妊娠->症状->输卵管妊娠破裂,0.75,症状
38岁男性患者突然出现上腹剧痛并波及全腹，伴有面色苍白、出冷汗、全腹压痛、反跳痛和肌紧张，请问针对这种情况最先应进行哪种检查？,消化道穿孔->症状->反跳痛,0.75,症状
一名38岁女性患者，症状包括反复尿频、尿急、尿痛半年，尿液检查显示pH6.5，SG1.010，Pro0g/L，WBC2/μl，RBC12/μl；血液检查显示CRE84μmol/l，BUN5.9mmol/L，K+3.1mmol/L，Na+136mmol/L，Cl-110mmol/L，Ca2+1.9mmol/L，B超检查提示双肾小结石或钙化。为进一步明确诊断，首选进行的尿液检查是什么？,尿液检查->症状->尿液沉渣检查,0.22,症状
根据患者右肾结石伴中度积水和感染的病情特点，以及右肾功能严重受损的状况，最佳的治疗方法是什么？,肾结石->诊断检查->泌尿系CT,0.68,诊断检查
患者症见肢节烦疼、肩背沉重，舌苔白腻微黄，脉濡数，内蕴湿热，外受风邪，此时应选用哪种中药方剂进行治疗？,湿热->并发症->关节疼痛,0.72,并发症
一位28岁的男性被沸水烫伤，各部位表现出不同症状。左上肢、颈部、胸腹部、双足和双小腿有水泡且剧痛，右手掌有焦痂呈皮革状且不痛，面部有红斑表面干燥，并发生低血容量性休克。请计算该患者Ⅱ度烧伤的总面积百分比。,烧伤->并发症->休克,0.63,并发症
一名39岁的男性患者在癫痫发作期间，表现出胃部一股气体上升、咀嚼和吞咽动作、喃喃自语、走动，并似乎在寻找东西但对呼唤无反应，整个过程持续约4分钟，请问这种情况属于哪种癫痫发作类型？,复杂部分性癫痫发作->治疗方法->抗癫痫药物,0.75,治疗方法
一名26岁的女性患者出现端坐呼吸、乏力、腹胀等症状，心音遥远。其胸部正侧位摄片显示心影增大。基于这些症状和检查结果，请问该患者最可能的诊断是什么？,心包积液->症状->乏力,0.79,症状
患者表现为胸部隐痛，严重时胸痛彻背，伴有喘息咳唾、短气、气从胁下上抢心，舌苔白腻，脉象沉弦。根据这些症状，应使用哪种中药方剂进行治疗？,痰浊阻滞->疾病描述->胸痛彻背,0.75,疾病描述
44岁男性，小细胞肺癌，脑CT示两个孤立病灶，体力良好，应选择哪种治疗方案？,小细胞肺癌->治疗科室->肿瘤科,0.03,治疗科室
在一位45岁男性患者由于大量失血需输入库血1200ml的情况下，为防止枸橼酸钠中毒反应，护士应该按医嘱静脉推注哪种药物?,枸橼酸钠中毒->治疗方法->氯化钙,0.94,治疗方法
对于一位65岁男性肺癌患者，在化学治疗期间出现左下肢肿胀和疼痛，经Doppler超声检查诊断为深静脉炎，并在抗凝治疗后症状有所改善。在早餐时突然出现气急、胸闷和心前区疼痛，呈进行性加重，口唇发绀，坐位，心界扩大，心率120次/分，P2亢进，右下肺呼吸音降低，既往有高血压和冠心病史。此时进行的哪项非创伤性检查最有诊断价值？,深静脉炎->可能患有疾病->肺动脉栓塞,0.94,可能患有疾病
一名38岁的女性患者因反复肾结石入院，血钙水平为10mg/dl。口服钙负荷后，患者血钙未升高，但24小时尿钙排出量为350mg，空腹尿cAMP升高，口服钙负荷后尿cAMP降至正常。根据这些临床表现，最可能的诊断是什么？,尿cAMP->检查疾病->特发性高钙尿症,0.01,诊断检查
足月女婴出生6小时全身黄染橘色，哭闹不安，尿色黄，舌红苔黄腻，指纹紫滞。中医治法？,指纹紫滞->症状->血瘀,0.12,症状
一个5岁的女孩因浮肿和尿量减少3至4天入院，体检显示眼睑浮肿，尿液检查蛋白质和红细胞增多，血压为140/100mmHg。根据这些症状和检查结果，她可能被诊断为什么病？,急性肾小球肾炎->并发症->贫血,0.08,并发症
一位30岁的女性产后哺乳1个月，右侧乳房出现紧韧肿硬，皮肤出现橘皮样改变，并且全身炎症反应不明显。根据这些临床表现，最可能的诊断是什么？,乳腺增生->症状->乳房肿硬,0.11,症状
对于一位36岁的女性患者，她因外伤休克导致血压70/50mmHg，中心静脉压16cmH2O，应该首先选择哪种药物进行治疗？,外伤休克->治疗药物->补液,0.49,常用药品
男，50岁，因肝硬化食管静脉曲张、腹水入院，放腹水后出现精神错乱、幻觉、扑击样震颤、脑电图异常等肝昏迷表现。针对该患者的情况，安排何种饮食最为合适？,肝性脑病->治疗方法->蛋白质摄入控制,0.92,治疗方法
对于一名出现头晕、气短、畏风自汗、大便质烂、脱肛症状的60岁女性患者，应该选用哪种中成药进行治疗？,气虚->常用药品->补中益气丸,0.91,常用药品
一名40岁的男性患者表现为发热、咳嗽并伴有臭脓痰长达2周，有时痰中带血。他有多年的吸烟史，血液检查显示白细胞计数为23×10^9/L，中性粒细胞为90%。X线胸片显示右下肺有大片状阴影，并出现空洞和液平面。在此情况下，应该采取怎样的处理措施？,肺脓肿->治疗方法->抗生素治疗,0.95,治疗方法
对于一名70岁男性患者，半年来在劳累时出现胸痛和气短，且活动如扫地和平地行走受限。该患者既往有10余年高血压病史，20岁时曾患肺结核。在这种情况下，要进一步检查以评估他的心脏功能，首选的检查方法是什么？,胸痛->诊断检查->心脏彩超,0.53,诊断检查
一名43岁男性，患有扩张型心脏病，突发心悸来到急诊。结合心电图结果，针对该患者的病情，首选的治疗方案是什么？,扩张型心脏病->治疗方法->抗凝药物,0.61,治疗方法
针对一位63岁的男性患者，他出现小便频数清长、尿有余沥、遗尿、或小便点滴不爽且排尿无力，伴随心神恍惚和健忘，舌质润且苔薄，脉象沉细等症状，应选择哪种中药配伍进行治疗？,桑螵蛸->常用药品->治疗遗尿,0.65,常用药品
针对一名4岁患儿，出现脐周腹痛，时作时止，面色萎黄，日渐消瘦，恶心呕吐，大便排出蛔虫1条，睡眠中磨牙的症状，请问首选的治疗中药方剂是什么？,蛔虫病->治疗方法->清热解毒,0.57,治疗方法
对于一位26岁足月产妇，临产18小时宫颈扩张2厘米，子宫收缩乏力，并感到母子生命受到威胁的情况下，她最有可能的护理诊断是什么？,产程延长->并发症->宫内感染,0.21,并发症
一名30岁女性患者出现体重增加并伴有月经紊乱2年。体检时发现血压170/110mmHg，心率76次/分；有满月脸、水牛背、皮肤菲薄及腹部紫纹的症状。根据这些临床表现，最可能的诊断是什么？,体重增加->症状->紫纹,0.72,症状
一位56岁的男性患者，具有3年风湿性关节炎病史，近期因病情加重服用大量NSAID后，出现黑便。请问黑便的最可能原因是什么？,黑便->可能患有疾病->上消化道出血,0.77,可能患有疾病
3岁患儿，发热39.8℃，烦躁不安，面红目赤，口渴欲饮，丘疹、疱疹、结痂散布，舌红绛苔黄糙，脉洪数。应该选择什么药物进行治疗？,热毒内蕴->并发症->中枢神经系统感染,0.76,并发症
某患者术后第三天出现体温升高到39℃，伴有大便次数增多、里急后重和黏液便，但伤口不痛且无咳嗽。结合症状，最可能的诊断是什么？,术后感染->常用药品->抗生素,0.49,常用药品
对于一名29岁的已婚女性，孕2产1，剖宫产术后7个月并处于哺乳期，未避孕且未转经，最近2个月出现恶心呕吐和阴道淋漓出血7天的情况，体检显示宫颈着色，宫体前倾，大小相当于12周，极软，活动度好，尿HCG呈阳性，B超显示子宫增大且后壁有绒毛。患者要求终止妊娠，在这种情况下，可以采用哪种终止妊娠的方法？,哺乳期->忌吃->寒凉食物,0.15,忌吃
一位45岁的女性患者在胃癌术后2年，现在检查出双侧卵巢对称性增大，直径10cm，卵巢保持固有外形，表面光滑，切面实性，灰白色，质硬。该肿瘤中的印戒样细胞使用哪种染色方法会呈现阳性结果？,Krukenberg肿瘤->症状->卵巢肿块,0.78,症状
55岁男性，晚宴后早晨被发现死亡，床上有少量咖啡色渣液，左侧腰腹部有大片青紫斑，最可能的死因是什么？,急性胰腺炎->治疗方法->胃肠道止血药,0.52,治疗方法
一名6岁男孩患有法洛四联症，出现意识不清伴频繁抽搐、腹泻和呕吐等症状。结合病史和症状，他最可能的病因是什么？,法洛四联症->症状->血氧饱和度低,0.48,症状
根据患者的症状表现，包括失眠多梦、健忘、心悸、头晕和盗汗，结合舌苔薄白、脉细弱的特征，应该首选哪种中药进行治疗？,心脾两虚->治疗药物->桂枝加龙骨牡蛎汤,0.78,常用药品
25岁男性患者，发热3天，体温38℃，左胸痛，查体发现左胸下部可闻胸膜摩擦音。根据这些症状和体征，诊断应是什么？,干性胸膜炎->治疗方法->类固醇治疗,0.72,治疗方法
根据一名4岁女孩的临床表现：面色苍白持续6个月并加重1个月，低热及皮肤瘀点持续3周，补血药物无效治疗史，以及结合血常规和骨髓检查结果，最可能的诊断是什么？,MDS->治疗方法->造血干细胞移植,0.07,治疗方法
根据病例描述，某男性患者，54岁，有心悸不安、胸闷不舒、心痛时作、唇甲青紫、舌紫暗及脉涩的症状，应选用何种中药来治疗？,活血化瘀->治疗方法->红花,0.75,治疗方法
对于一名50岁女性患者，她有乏力和活动后气急的症状持续2年，并在最近一个月出现呼吸困难和下肢水肿。体检显示血压为120/70mmHg，心界向两侧扩大，心尖搏动及第一心音减弱。在这个情况下，应当选择哪种药物进行治疗？,糖尿病->推荐食谱->苦瓜炖鸡,0.01,推荐食谱
一名43岁男性患者被诊断为急性肝炎，症状表现为面色和全身皮肤均呈现鲜明的黄色如橘子皮，同时伴有口渴、腹胀、小便短赤，舌苔黄腻，脉象滑数。针对此临床表现，应选用哪种中药方进行治疗？,急性肝炎->治疗->茵陈蒿汤,0.92,治疗方法
对于一名31岁的女性患者，她十年前患有肝炎并已治愈，一年前出现脾大和轻度食道下段静脉曲张，偶尔乏力但尚能工作，且没有呕血或黑便史，最合适的治疗方法是什么？,门静脉高压->检查疾病->腹部超声,0.68,诊断检查
"男性25岁,鼻部疖肿一周前出现,3日前受挤压后症状加重,出现发烧、脉率增快、两眼周围红肿,局部压痛,血白细胞计数升高。这种情况最可能并发了什么病症?",疖肿->治疗方法->局部冷敷,0.21,治疗方法
对于一名56岁男性，症状包括大便次数增多、低热、厌食、消瘦，无抗生素疗效，甲状腺结节性肿大，心率加快和血压升高，以及甲状腺摄131I率3小时35%、24小时52%的情况下，若对抗甲状腺药物治疗无效，应该选择什么治疗方案？,甲亢->治疗方法->药物治疗,0.75,治疗方法
对于一名60岁男性患者，咳嗽和痰中带血2个月，胸部CT显示右上叶近胸壁处有一个6cm×6cm块状影，为进一步确诊，此病例首选的检查方法是什么？,肺部肿块->治疗方法->手术切除,0.42,治疗方法
腹泻、腹痛、脉弦的患者应该使用什么药物进行治疗？,腹泻->常用药品->养胃汤,0.51,常用药品
一位65岁的女性，患有冠心病和下壁心肌梗死，10年前因三度房室传导阻滞植入了VVI起搏器，起搏频率设定为72次/分。当前需要采取什么治疗措施？,起搏频率->传染性->否,0.12,传染性
一位40岁的男性无意中发现左侧阴囊有一硬结且无疼痛，体检发现左侧附睾尾部有结节状包块，并伴有同侧输精管的'串珠样'增粗。针对这种情况，首先应该进行什么检查以排除或确诊相关疾病？,阴囊超声->诊断->精索静脉曲张,0.74,可能患有疾病
65岁男性冠心病史，冠脉造影后恶心、食欲不振，实验室检查显示BUN为22mmol/L，肌酐为230mmol/L，尿量为500ml，血压140/80mmHg，最可能的诊断是什么？,急性肾损伤->治疗方法->透析,0.62,治疗方法
根据一位46岁女性的超声检查结果，她的月经量不多，无痛经史，今年龄段最可能的子宫异常诊断是什么？,子宫异常->可能患有疾病->子宫内膜增生,0.18,可能患有疾病
对于一名47岁男性患者，出现心悸、乏力和心绞痛等症状，若要通过测量二尖瓣环运动速度来定量评价其左心功能，应使用哪种超声技术？,组织多普勒超声->诊断->二尖瓣环运动速度,0.95,可能患有疾病
一位40岁的女性患者，20年前因甲状腺功能亢进接受了甲状腺大部切除术，术后恢复良好。她在10年前经历过产后大出血。目前，她因坏疽性阑尾炎接受了阑尾切除术。请问，这位患者术后可能出现的并发症是什么？,产后大出血->可能患有疾病->垂体功能减退症,0.71,可能患有疾病
42岁男性，乏力低热3个月，青霉素环丙沙星治疗无效，有静脉吸毒史，最可能感染病原体是什么？,免疫抑制->并发症->感染风险,0.18,并发症
一名42岁的男性患者，感到肛门内胀痛、畏寒、排尿困难，直肠指检发现肛管右侧有触痛性隆起并具有搏动感。根据这些症状，最可能的诊断是什么？,坐骨直肠窝脓肿->症状->肛门胀痛,0.95,症状
一位32岁的女性在遇到寒冷时，双手顺序出现苍白、青紫和潮红，病程已有3年，逐渐加重且每次发作持续15到30分钟。根据该患者被诊断为雷诺综合征，请描述她在发作时的典型症状是什么？,雷诺综合征->诊断检查->毛细血管显微镜检查,0.52,诊断检查
一名31岁女性患者，左眼球突出持续进行性加重超过10年，结合CT影像，最可能的诊断是什么？,眼球突出->可能患有疾病->黏液囊肿,0.91,可能患有疾病
针对有先天性心脏病史的3岁女孩，出现不规则发热、头痛3周、偶伴呕吐、右Barbinski征阳性及血WBC 18×10^9/L，N 0.86，L 0.14的情况，除了原有心脏体征及扁桃体Ⅱ度肿大伴黄白色渗出外，最可能合并什么疾病？,脑脓肿->并发症->脑出血,0.13,并发症
一位27岁男性患者有2年发作性神志丧失和四肢抽搐的病史，今天凌晨发作后意识一直未恢复，来院后又出现了一次四肢抽搐。为控制发作后的维持治疗，应该首选哪种药物？,癫痫持续状态->治疗方法->静脉注射抗癫痫药,0.74,治疗方法
一位38岁男性患者，10天前患感冒，随后出现双下肢无力、尿潴留、双上肢无力以及吞咽困难、呼吸困难、构音不清等症状。体检显示肌力减弱、肌张力低、腱反射消失、病理征阴性以及颈平面以下痛觉减退。根据这些临床表现和查体结果，你认为应该考虑什么诊断？,急性横贯性脊髓炎->并发症->尿潴留,0.27,并发症
25岁男性患者，3周前因上呼吸道感染后，出现胸闷、气短、头晕等症状，并伴有心率较慢、第一心音低钝等体征。结合这些信息，最可能的诊断是什么？,心肌炎->并发症->心力衰竭,0.58,并发症
一位33岁的女性患者，劳累后心悸气促加重持续3年，不能平卧并伴有咯血。检查发现有二尖瓣面容，第一心音亢进，心尖部可听到隆隆样舒张期杂音，以及P₂＞A₂且心率规则。根据这些症状和体征，应该采用什么治疗措施来缓解她的症状？,二尖瓣狭窄->常用药品->利尿剂（呋塞米）,0.91,常用药品
患者60/30mmHg，面色苍白，四肢湿冷，呼吸急促，心率快，腹平软，脐周压痛，肠鸣音活跃，脑膜刺激征阴性。请问在这种情况下，应立即进行哪项检查以帮助诊断问题的原因？,急性腹痛->辅助检查->血常规,0.52,诊断检查
对于局限期小细胞肺癌患者，在经历了三个周期的化疗后，肿块明显缩小的情况下，接下来的最佳治疗方案是什么？,小细胞肺癌->治疗方法->单独化疗,0.72,治疗方法
肾移植术后36小时，患者出现少尿、血肌酐持续升高，并伴有高热和寒战，应首先考虑什么病情？,高热->可能患有疾病->移植肾感染,0.64,可能患有疾病
50岁男性患者在胃癌根治术后2小时出现腹腔引流出不凝血800ml，血压为86/60mmHg，中心静脉压从8cmH₂O降至4cmH₂O。请问在这种情况下最恰当的处理措施是什么？,失血性休克->治疗方法->止血药物,0.14,治疗方法
一名28岁女性患者，四年间在活动后出现心悸气促症状，心尖区可闻及舒张期隆隆样杂音和二尖瓣开瓣音，超声心动图显示二尖瓣狭窄，无风湿活动和感染。针对这种病例，当前最适合的治疗方案是什么？,二尖瓣狭窄->症状->舒张期杂音,0.76,症状
"在男性患者23岁入院时表现为“头痛、呕吐2天,抽搐、昏迷4小时”，脑脊液显示化脓性改变的情况下，应选择哪种抗生素作为经验性治疗？",头痛->症状->脑膜炎症状,0.67,症状
男性，44岁，长期足癣，左小腿反复红肿疼痛，病变边界清晰隆起，伴腹股沟淋巴结肿大。最可能诊断？,足癣->并发症->皮肤细菌感染,0.67,并发症
一位29岁男性患者出现尿频、尿痛、米汤样尿和终末血尿3个月，经过实验室和影像学检查确诊为左肾结核。在抗生素治疗无效的情况下，应该首先采取哪种治疗措施？,肾结核->治疗方法->排尿症状改善,0.75,治疗方法
一个患者常在劳累之后出现低热，并伴有头晕乏力、气短懒言、食少纳呆、大便溏薄的症状，舌淡苔白，脉弱。根据这些症状特征，应该采用什么治法？,气短懒言->可能患有疾病->脾肺气虚,0.79,可能患有疾病
请问对于一名45岁男性患者，体检结果显示血压150/96mmHg，心率80次/分，血糖8.0mmol/L，糖化血红蛋白8.0%，血蛋白酶500μmol/L，首选哪种降压药物？,高血压合并糖尿病->治疗方法->ACEI治疗,0.15,治疗方法
对于一位47岁女性患者来说，她的腕关节肿痛持续了3个月，掌指关节肿痛持续了6周，并伴有早晨僵硬症状，哪项检查对确立诊断最有意义？,关节疼痛->推荐食谱->胡萝卜粥,0.08,推荐食谱
一位27岁经产妇在妊娠38周时阴道流血2日无痛，量如月经。产后检查发现胎膜破口距胎盘边缘4厘米，胎盘边缘有黑紫色陈旧血块附着。请问本例患者的最终诊断是什么？,前置胎盘->可能患有疾病->胎盘早剥,0.59,可能患有疾病
26岁女性人流术后微热、下腹坠痛、子宫触痛，应考虑哪种疾病？,红豆汤->食谱有益于疾病->水肿,0.09,食谱有益于疾病
一位8岁的男孩在吃生黄瓜后出现腹部不适，高热和抽搐，查体显示神志不清，瞳孔等大且对光反射好，颈软，血压10.7/6.7kPa(80/50mmHg)。在这种情况下，首选的检查是什么？,神经系统疾病->检查方法->脑电图,0.19,诊断检查
一位24岁女性患者突发心悸，既往有类似发作史5年，体检显示心率170次/分，血压90/50mmHg，心电图显示QRS波群正常且P波不明显。根据这些信息，最可能的诊断是什么？,心房颤动->治疗方法->抗凝治疗,0.39,治疗方法
一名26岁未产妇女，停经48日后出现阴道少量流血伴右下腹隐痛。今晨突然感到右下腹剧烈疼痛就诊。经过体格检查和相关化验检查，描述其体征和化验结果后，请问该患者最可能的诊断是什么？,异位妊娠->疾病描述->输卵管妊娠破裂,0.69,疾病描述
一名51岁男性，有7年溃疡病史，半年来持续上腹隐痛，进食后加重。钡餐检查显示胃粘膜增粗，胃窦部见0.3cm×0.3cm龛影，胃蠕动正常。根据这些临床表现和检查结果，最可能的诊断是什么？,胃溃疡->治疗方法->胃镜检查,0.55,治疗方法
56岁男性背痈溃后脓水稀少，坚肿不消，精神不振，面色无华，脉数无力。首选中药方剂？,脓肿->治疗方法->清热解毒汤剂,0.55,治疗方法
患者贺某，30岁，男性，症状包括咳嗽痰稠带血、心烦易怒、胸胁作痛、咽干口苦、颊赤便秘，舌红苔黄，脉弦数。根据这些症状，应该使用哪种中药方剂进行治疗？,肝火犯肺->治疗方法->清肺热、止血化痰,0.96,治疗方法
一名70岁男性患者，1年前因壶腹癌行Whipple手术，手术恢复良好。近2个月反复发热，伴寒战，最高体温达39.5℃，WBC升至15×10^9/L，血清ALT升高至121U/L，TBil为589μmol/L。CT影像显示肝内有多处直径1～2cm的低密度灶，并且边缘强化明显。根据这些临床表现和影像学特点，最可能的诊断是什么？,肝脓肿->症状->寒战高热,0.61,症状
一名56岁男性患者，经历2个月间断无痛全程肉眼血尿，体检结果显示肾区无叩痛，尿检红细胞充满每高倍镜视野，并且静脉尿路造影显示右肾盂有充盈缺损，这些症状和检查结果最可能提示该患者患有什么疾病？,尿路上皮癌->诊断检查->尿路镜检查,0.49,诊断检查
一位48岁的女性有10年上腹痛病史，近3个月症状加重。胃镜检查显示胃角溃疡，并且HP检查呈阳性。请问针对这种情况，最佳的治疗方案是什么？,胃溃疡->治疗科室->消化内科,0.18,治疗科室
一名30岁男性患者，半年前上腹部受到钝性挫伤，两个月前出现上腹部肿物，伴有呕吐但无腹痛和发热。检查发现上腹部有巨大囊性肿物且无压痛，诊断为假性胰腺囊肿。请问此次病例的最佳治疗方法是什么？,胰腺囊肿->食物有益于疾病->清淡饮食,0.07,食物有益于疾病
一名33岁的初孕妇，孕8周，出现心悸、夜间胸闷、心率120次/分、呼吸22次/分、心界向左扩大、心尖部舒张期杂音、肺底部湿啰音和双下肢浮肿的症状，什么是恰当的处理方案？,心理支持->治疗方法->心理辅导,0.12,治疗方法
15岁男性患者，4年前开始出现发作性四肢抽搐、意识不清，每次发作持续数分钟，常伴有舌咬伤。口服苯妥英钠维持治疗后，发作次数减少。数天前因故停服苯妥英钠，现患者再次发作，每次发作持续半小时以上，一天内发生多次。请问治疗癫痫持续状态的首选药物是什么？,癫痫持续状态->治疗方法->安定药物,0.17,治疗方法
青年男性，25岁，有右肩外伤史，今天转身开门时突然感到右肩部疼痛，不敢活动，并用左手托住右上肢来医院就诊。请问这种情况下最可能的诊断是什么？,肩关节脱位->并发症->关节不稳定,0.59,并发症
一名45岁妇女因性交后出血就诊，检查发现宫颈中度糜烂，子宫大小和活动情况正常，宫旁无异常，宫颈刮片巴氏Ⅲ级。术后证实有淋巴结转移，应采取哪种治疗措施？,宫颈癌->并发症->淋巴结转移,0.72,并发症
一位48岁男性患者，具有15年高血压病史，现在突然出现剧烈的胸背部疼痛，伴有面色苍白。体检发现其脉搏为88次/分，血压为170/120mmHg，心电图正常。请问该患者最有可能被诊断为何种疾病？,主动脉夹层->并发症->休克,0.69,并发症
肝硬化患者因腹泻发生昏迷，其血钾水平测得为2mmol/L，应该选用哪种药物进行治疗？,氯化钾->可以治疗疾病->低钾血症,0.76,可以治疗疾病
一名24岁女性患者，出现齿龈出血6天，血检结果为血红蛋白125g/L、白细胞5.4×10^9/L、血小板45×10^9/L，骨髓检查显示巨核细胞增多而其他结果正常。根据这些信息，该患者可能的诊断是什么？,特发性血小板减少性紫癜->治疗方法->激素治疗,0.04,治疗方法
一名24岁女性患者在咽痛2周后出现肉眼血尿，尿液分析显示红细胞遍布于视野中，且有链球菌感染病史，尿蛋白定量为0.9g/d，肾功能和血压正常，ANA结果为阴性。基于这些信息，最可能的诊断是什么？,ANA阴性->诊断检查->自身抗体检测,0.62,诊断检查
一名60岁男性患者阴茎头部出现菜花样肿物，继而糜烂，边缘硬而不整齐，有分泌物、出血及恶臭。根据这些症状，该患者应诊断为何种疾病？,阴茎肿物->并发症->慢性阴茎炎,0.58,并发症
一名35岁女性，10年前做过胃大部切除术，现在出现头晕、乏力、面色苍白等症状，血常规显示红细胞减少，血红蛋白低，骨髓检查显示幼红细胞显著增生，尤其是中、晚期幼红细胞增多且体积小、蓝染质少，边缘不规则。请问针对这些情况，首选的治疗措施是什么？,维生素B12缺乏性贫血->治疗方法->口服维生素B12,0.79,治疗方法
在CT平扫中，观察到一名40岁男性的肝脏密度大片减低，并且肝内血管清晰呈现较高密度，其分布走形规则。这种CT表现最可能提示何种肝脏病变？,肝脏病变->诊断检查->肝癌,0.75,诊断检查
某肺心病患者在急性加重期治疗后病情好转，但出现躁动、手足抽搐，血清钾及氯均降低，HCO₃⁻为38mmol/L，二氧化碳分压为40mmHg。这种情况下，患者可能出现了什么病理变化？,代谢性碱中毒->症状->低钾血症,0.74,症状
一名40岁女性左下腹部触及肿块2个月，近日出现腹部膨隆和右侧胸水，B超显示盆腔肿块伴多量腹水，妇科检查发现左侧附件区触及不规则质硬活动良好的肿块。结合这些临床表现，最可能的诊断是什么？,左下腹肿块->症状->子宫肌瘤,0.68,症状
一位40岁女性，体型偏胖，近2年反复出现清晨不易唤醒的情况，喝糖水后可以缓解，并且发作逐渐频繁。根据这些症状，最可能的诊断是什么？,胰岛素瘤->检查疾病->血糖监测,0.73,诊断检查
65岁男性患者，40多年咳嗽病史，近期病情加重，表现为神志恍惚、谵语、烦躁不安等，应该使用哪种中医治疗方法进行治疗？,痰湿内扰->治疗方法->补气养血,0.17,治疗方法
在45岁女性接受回肠及部分空肠切除术后，出现每日10余次稀水样便，进食后病情加重的情况下，导致腹泻的主要原因是什么？,胆盐性腹泻->并发症->消化不良,0.68,并发症
对于一名25岁的男性患者，患有发作性意识丧失伴随四肢抽搐达8年。2天前患者自行调整了治疗药物，次日又出现频繁发作并伴有意识不清的情况。在这种情况下，医护人员应该立即采取什么处理措施？,癫痫->并发症->癫痫持续状态,0.79,并发症
25岁孕妇，怀孕26周，诉平卧时间长会出现恶心、胸闷、头昏，血压测量结果为95/55mmHg，心尖区听到Ⅰ～Ⅱ级吹风样收缩期杂音，胎心胎动良好，无宫缩。在这种情况下，最可能的诊断是什么？请说明理由。,仰卧位低血压综合征->可能患有疾病->妊娠期高血压,0.18,可能患有疾病
针对5岁患者8月中旬出现高热、抽搐、面色苍白、意识朦胧及四肢凉等症状，并有食入不洁食物史，医师为确诊该患者的病情，下一步最应进行哪一项检查？,脑膜炎->诊断检查->腰椎穿刺,0.09,诊断检查
一名18岁男性患者的X线胸片检查发现左侧胸腔第6胸椎旁有一直径约6cm的圆形肿块影，从这个位置和影像特征来看，这个肿块最可能的诊断是什么？,神经鞘瘤->疾病描述->良性肿瘤,0.63,疾病描述
根据病例描述，某男性患者，54岁，有心悸不安、胸闷不舒、心痛时作、唇甲青紫、舌紫暗及脉涩的症状，应选用何种中药来治疗？,血瘀->治疗方法->活血化瘀药,0.61,治疗方法
初产妇，27岁，妊娠2个月，出现反复恶心呕吐和食欲不振，并伴有偶尔咖啡渣样呕吐物，近2天出现视物模糊和乏力。这种症状最可能提示哪种疾病的发生？,妊娠剧吐->症状->恶心呕吐、食欲不振,0.91,症状
一名24岁女性患者在咽痛2周后出现肉眼血尿，尿液分析显示红细胞遍布于视野中，且有链球菌感染病史，尿蛋白定量为0.9g/d，肾功能和血压正常，ANA结果为阴性。基于这些信息，最可能的诊断是什么？,急性链球菌感染后肾小球肾炎->诊断检查->尿液分析,0.74,诊断检查
一名患者产后7天，全身疼痛，下肢尤甚，并且恶露量少，色黯夹有血块，小腹疼痛拒按，舌黯，苔白，脉弦涩。基于这些症状，应该首选什么方剂进行治疗？,产后恢复->常用药品->生化汤,0.91,常用药品
一名20岁男性，出现全身水肿半个月，最近呼吸困难和尿量减少，血压升高至170/120mmHg，并伴随全身高度水肿以及右侧胸腔及腹腔积液。经诊断为肾病综合征，请问此患者首先应使用哪种药物进行治疗？,胸腔积液->诊断检查->B超,0.72,诊断检查
对于一名出现头晕、气短、畏风自汗、大便质烂、脱肛症状的60岁女性患者，应该选用哪种中成药进行治疗？,气虚->常用药品->固肠止泻,0.48,常用药品
根据一名23岁女性患者的症状表现，如发热、腹泻便秘交替和右下腹部轻度压痛等，为了明确诊断，应该进行哪项检查最为重要？,炎症性肠病->症状->腹泻,0.25,症状
一名15岁男性患者在睡眠中突发阴囊疼痛，查体发现右侧睾丸稍大，位置在阴囊上方，明显触痛，彩色多普勒超声检查显示右睾丸血流明显减少。根据这些症状和检查结果，最可能的疾病是什么？,睾丸扭转->疾病描述->右侧睾丸位置异常,0.78,疾病描述
对于药物治疗无效的反复发作室性心动过速或心室颤动的心力衰竭患者，最适宜的治疗方法是什么？,心力衰竭->常用药品->美托洛尔,0.55,常用药品
一位18岁男性患者的X线胸片检查发现左侧胸腔第6胸椎旁有一直径约6cm的圆形肿块影，从这个位置和影像特征来看，这个肿块最可能的诊断是什么？,胸腔肿块->疾病描述->神经鞘瘤,0.61,疾病描述
男，50岁，因肝硬化食管静脉曲张、腹水入院，放腹水后出现精神错乱、幻觉、扑击样震颤、脑电图异常等肝昏迷表现。针对该患者的情况，安排何种饮食最为合适？,腹水->治疗方法->利尿剂,0.25,治疗方法
50岁女性患者被诊断为卵巢癌，手术中发现双侧卵巢受累，包膜破裂，盆腔内有转移灶，并在腹腔冲洗液中检测到肿瘤细胞。根据这些临床特征，请问该患者的卵巢癌分期是什么？,卵巢癌->治疗方法->手术治疗,0.55,治疗方法
一名25岁男性患者，2个月前经历上呼吸道感染，10余天后出现浮肿和血尿伴随高血压，尿蛋白(++)，红细胞满视野，肾功能目前正常，但按急性肾炎进行治疗后病情未见改善，复查发现血红蛋白为14|D g/L，肌酐水平升高到380μmol/L，B超显示双肾稍增大。基于以上信息，详细说明在确定诊断或进一步处理上，目前最佳的医学步骤是什么？,肾活检->诊断检查->急性肾炎,0.93,诊断检查
一位28岁的男性因心悸气急被诊断为风湿性心脏病。最近一周症状加重，无法平卧，体检发现颈静脉充盈，心界左扩大，心率每分钟130次，心律齐整，心尖部闻及奔马律和Ⅲ级收缩期杂音，两肺底有细湿啰音，下肢稍肿。在这种情况下，综合治疗中哪种处理方法被认为效果最佳？,心衰->治疗科室->心内科,0.04,治疗科室
"在男性患者23岁入院时表现为“头痛、呕吐2天,抽搐、昏迷4小时”，脑脊液显示化脓性改变的情况下，应选择哪种抗生素作为经验性治疗？",昏迷->症状->急性神经系统感染,0.42,症状
对于一名6个月大的婴儿患者，在经历腹泻2天后症状有所缓解，当天大便减少至7-8次，已排尿，呕吐停止。在继续监测酸碱平衡并纠正及静脉补钾的情况下，第二天应选择哪种混合液进行静脉补液？请具体说明选择的理由。,氯化钠液->可以治疗疾病->腹泻,0.75,可以治疗疾病
对于Cushing综合征患者，血浆ACTH为200pg/ml且大剂量地塞米松不能抑制的情况下，应该进一步进行何种影像学检查以帮助明确诊断？,异位ACTH综合征->治疗科室->内分泌科,0.78,治疗科室
一名30岁的男性患者因左侧季肋部撞击伤导致左侧第9、10肋骨骨折，经过保守治疗3天后出现晕厥，伴心率118次/分和血压85/55mmHg。基于这些症状，最可能的原因是什么？,脾破裂->并发症->失血性休克,0.63,并发症
一名36岁的女性患者，一年来出现入睡困难、工作时头痛、时常血压偏高，怀疑自己得了高血压，并且症状时好时坏，根据这些症状，该患者最可能被诊断为何种精神疾病？,焦虑障碍->诊断检查->临床评估,0.54,诊断检查
一名33岁的初孕妇，孕8周，出现心悸、夜间胸闷、心率120次/分、呼吸22次/分、心界向左扩大、心尖部舒张期杂音、肺底部湿啰音和双下肢浮肿的症状，什么是恰当的处理方案？,妊娠合并心脏病->患病概率->高风险妊娠,0.23,患病概率
一名45岁男性，有消化性溃疡病史，出现上腹部剧烈疼痛3小时并蔓延至全腹，呈持续性。查体发现板状腹，全腹压痛及反跳痛，肠鸣音消失。为了确诊病情，最重要需要做的检查是什么？,肠鸣音消失->可能患有疾病->胃肠穿孔,0.78,可能患有疾病
肝硬化患者因腹泻发生昏迷，其血钾水平测得为2mmol/L，应该选用哪种药物进行治疗？,低钾血症->治疗方法->静脉补钾,0.54,治疗方法
在患者伴有尿道口红肿、尿急、尿频、尿痛、淋沥不止等症状，且舌红苔黄腻、脉滑数的情况下，结合西医诊断为急性淋病，中医治疗应首选哪个方剂？,急性淋病->治疗方法->清热解毒,0.55,治疗方法
某患者有丛林接触史，突然高热，使用变形杆菌OXk株作为抗原与患者血清进行定量凝集试验，结果显示抗体效价为1:320，该病人可能患上了哪种具体的疾病？,恙虫病->治疗方法->支持性治疗,0.51,治疗方法
针对63岁男性肝硬化患者，出现右肋部疼痛、发热及血性腹水增多，应首选进行哪项检测以判断病情变化？,发热->症状->感染,0.75,症状
患者多次流产，现表现为腰酸膝软、足跟痛、头晕耳鸣、手足心热、两颧潮红、大便秘结，舌红少苔，脉细数等症状。根据这些症状，应该首选哪种中药方剂进行治疗？,肾阴虚->常用药品->补阴丸,0.52,常用药品
针对有先天性心脏病史的3岁女孩，出现不规则发热、头痛3周、偶伴呕吐、右Barbinski征阳性及血WBC 18×10^9/L，N 0.86，L 0.14的情况，除了原有心脏体征及扁桃体Ⅱ度肿大伴黄白色渗出外，最可能合并什么疾病？,脑脓肿->并发症->脑出血,0.13,并发症
"一名50岁的女性干部，间歇性腹泻半年，3天前又发作，出现黄色稀便，带脓血，每天6至8次，同时伴有左下腹隐痛。便常规检查显示：RBC（+）/HP, PC（+）/HP, WBC（+++）/HP。基于这些症状和检验结果，该患者最可能的诊断是什么？",溃疡性结肠炎->症状->黄色稀便带脓血,0.92,症状
对于一名52岁男性患者，伴有逐渐出现的贫血、尿色浓茶、轻度黄染但无发热或出血症状，且肝脾不肿大的情况下，应该进行哪项检查以确诊溶血性贫血？,溶血性贫血->检查疾病->网织红细胞计数,0.54,诊断检查
一名20岁女性患者反复出现牙龈出血和月经量增多1年半，伴有轻度贫血，检查发现血小板低至30×10^9/L，出血时间延长但凝血时间正常，骨髓增生明显活跃且红系占30%，巨核细胞明显增多，同时骨髓内外铁减少。基于这些临床和检验结果，确定该患者的诊断。,免疫性血小板减少性紫癜->可以治疗疾病->牙龈出血,0.33,可以治疗疾病
一名68岁女性，反复咳嗽、咳痰20年，气喘10年，近期加重伴有下肢水肿，检查发现口唇发绀，双下肺湿啰音和哮鸣音，肝肋下3cm，肝颈静脉回流征阳性，双下肢水肿，WBC为9.3×10⁹/L，该患者最可能的诊断是什么？,慢性肺源性心脏病->诊断检查->肝颈静脉回流征阳性,0.77,诊断检查
一名45岁男性，有消化性溃疡病史，出现上腹部剧烈疼痛3小时并蔓延至全腹，呈持续性。查体发现板状腹，全腹压痛及反跳痛，肠鸣音消失。为了确诊病情，最重要需要做的检查是什么？,胃肠穿孔->忌吃->粗糙坚硬食物,0.11,忌吃
一名33岁的初孕妇，孕8周，出现心悸、夜间胸闷、心率120次/分、呼吸22次/分、心界向左扩大、心尖部舒张期杂音、肺底部湿啰音和双下肢浮肿的症状，什么是恰当的处理方案？,氧疗->治疗方法->改善缺氧,0.44,治疗方法
根据一名23岁女性患者的症状表现，如发热、腹泻便秘交替和右下腹部轻度压痛等，为了明确诊断，应该进行哪项检查最为重要？,腹泻->症状->右下腹部轻度压痛,0.95,症状
一名76岁的男性患者突发表现为“糊涂，忘事”，反应迟钝，通过MRI检查后，你认为最可能的诊断是什么？,糊涂、忘事->症状->老年痴呆,0.55,症状
6岁儿童突然出现头面眼睑浮肿，迅速波及全身，呈紧张性水肿，尿量减少，尿色如浓茶，并伴有发热、恶风、口渴、咽痛症状，舌尖红，苔薄黄，脉浮数。针对这些症状，应该选择哪种方剂进行治疗？,风水泛滥->食物有益于疾病->冬瓜皮,0.11,食物有益于疾病
一个8岁男性患者发现右阴囊内肿块1年，该肿块无痛且平卧时消失，扪之囊性感，透光试验呈阳性。请问根据这些情况，首选的治疗方法是什么？,交通性鞘膜积液->治疗时长->短期手术恢复,0.53,治疗时长
一位40岁的女性患者，下腹部出现积块，触摸时发现不坚且固定不移，同时伴随腰腹疼痛、经行量多，舌苔厚腻且舌边有瘀点，脉象沉涩。根据这些症状，治疗应首选哪种中药方剂？,瘀血内阻->常用药品->桂枝茯苓汤,0.75,常用药品
根据临床表现：一名30岁女性，阴道不规则流血持续20天，并伴有咳嗽症状。半年前曾进行人工流产，术后吸出物中看到绒毛组织。妇科检查发现子宫大小如40天妊娠，质地柔软，且双侧附件区各有约5cm的囊性包块。胸部X光显示双侧中下野多发棉球状阴影。请指出此患者最可能的诊断。,绒毛膜癌->检查疾病->hCG血清检测,0.79,诊断检查
一个5岁的男孩因2天无痛性暗红色血便入院，并有类似病史。在体检后为明确诊断，应该首选哪种检查方法？,Technetium-99m核素扫描->诊断检查->梅克尔憩室,0.95,诊断检查
根据CT影像结果和患者的一年余右侧腰、腹部偶尔不适症状，请描述该患者右肾的最可能诊断。,右肾囊肿->治疗方法->观察随访,0.58,治疗方法
32岁女性患者在进餐时与人发生口角后，突然感到呼吸困难。体检显示呼吸浅表频率达80次/分且无啰音。根据这些临床表现，该患者最可能的诊断是什么？,过度通气综合症->症状->呼吸急促,0.65,症状
对于一名50岁男性患者，其主要症状包括左胸闷气2个月，胸痛20天，夜间加重，并伴有颜面、颈部及胸壁略肿胀、胸壁静脉曲张，左肺呼吸音消失。为了明确诊断，应该进行哪项检查？,胸部CT扫描->并发症->心衰,0.18,并发症
针对一名10个月大的女婴，长期母乳喂养且母亲素食为主，出现面色苍白、精神呆滞、贫血等症状，血红蛋白和网织红细胞水平偏低，外周血成熟红细胞以大细胞为主的情况，最佳的解决方案是什么？,维生素B12缺乏->症状->贫血,0.61,症状
对于一位45岁女性患者，手指近端指间关节肿痛并伴有实验室指示风湿因子的阳性以及抗环瓜氨酸肽抗体阳性，控制病情进展应该首选什么药物？,风湿因子阳性->可能患有疾病->类风湿关节炎,0.58,可能患有疾病
请问对于一名45岁男性患者，体检结果显示血压150/96mmHg，心率80次/分，血糖8.0mmol/L，糖化血红蛋白8.0%，血蛋白酶500μmol/L，首选哪种降压药物？,糖尿病->食物有害于疾病->高糖食品,0.09,食物有害于疾病
一位43岁已婚女性，月经过多持续3年，本次月经持续超10天，经肌注丙酸睾丸酮后见好转。妇科检查显示宫颈糜烂Ⅰ°，子宫大小如鹅卵，质软，活动性良好，无附件异常，宫颈刮片未见癌细胞，血红蛋白60g/L。根据这些情况，最恰当的处理措施是什么？,月经过多->治疗方法->子宫肌瘤治疗,0.15,治疗方法
该患者在肌内注射妥布霉素3天后出现少尿、恶心呕吐、尿蛋白阳性和血肌酐显著升高，这一系列症状提示其最可能的肾病类型是什么？,急性肾小管坏死->症状->少尿,0.69,症状
一位32岁的女性患者出现1个月的低热、盗汗和腹胀，并伴有阵发性腹部绞痛以及停止排气和排便10小时。根据这些症状，针对确定疾病的诊断，目前应进行哪种首选检查？,胃炎->症状->腹痛,0.11,症状
32岁的女性患者出现尿频、尿痛、尿急和下腹部不适2天，但没有发热和肾区叩击痛现象。尿液显微镜检查显示白细胞满视野、红细胞2~4个/HP，肾功能正常。停用抗菌药物7天后复诊，症状消失，但清洁中段尿培养结果为阳性，细菌数量为1×10^5/ml，并且为同一菌株。在这种情况下，该患者应诊断为什么？,无症状菌尿->疾病描述->尿中细菌持续存在而无症状,0.41,疾病描述
某35岁女性因腹泻、脱水入院，既往有难产史，产后无乳、闭经，食欲不振，疲乏无力，血压偏低。在此情况下，进行哪项检查结果最可能出现异常？请详细说明。,甲状腺功能减退->症状->乏力,0.17,症状
针对一位患有类风湿关节炎的23岁女性，她在左上眼睑和右眼巩膜上分别出现褐色斑点和蓝色斑块。结合她的病情历史和症状，最合适的诊断是什么？,类风湿关节炎->症状->眼部表现,0.92,症状
一位71岁男性，出现右侧肢体无力逐渐加重，查体显示右侧Babinski征阳性和右偏身痛觉减退，头颅CT未见异常，请问对该患者最适宜的治疗措施是什么？,脑卒中->治疗方法->抗抑郁药,0.21,治疗方法
某患者患肺炎多年，现症状包括咳声频剧、咳痰不爽、咽干口渴、头痛、鼻塞，舌质红，苔黄，脉浮数。根据这些症状，应选择何种药物治疗方案？,清热化痰汤->治疗方法->调理慢性肺炎,0.62,治疗方法
一个生后8天的男婴因皮肤黄染伴发热和拒乳入院。体检发现其皮肤明显黄染，肝脾肿大和脐部少量渗液伴脐周红肿。在此情况下，哪种检查方法最有助于确诊感染病因？,新生儿败血症->治疗方法->抗生素治疗,0.78,治疗方法
针对面色白、时常自汗、恶风、易感冒以及脉浮无力的症状，这位54岁女性患者宜使用何种中药进行治疗？,气虚->宜吃->高蛋白饮食,0.55,宜吃
一名50岁男性，10天前开始发冷、发热，体温39.5℃，伴有右侧胸痛、咳嗽、咳脓性臭痰，并有结核病密切接触史。为了进一步明确他的诊断，应该首先进行什么检查？,结核病->食物有害于疾病->高脂肪饮食,0.18,食物有害于疾病
56岁女性，右侧面部闪电样锐痛1个月，疼痛出现在右上唇、鼻翼、口角及颊黏膜，伴进食、洗脸、刷牙发作，手术治疗有效率是多少？,三叉神经痛->症状->面部疼痛,0.59,症状
一位65岁的男性患者体检结果显示：三酰甘油（TG）水平为3.20mmol/L，低密度脂蛋白胆固醇（LDL-C）水平为2.6mmol/L，高密度脂蛋白胆固醇（HDL-C）水平为1.23mmol/L。在这种情况下，应选择哪种调血脂药物进行治疗？,甘油三酯升高->传染性->否,0.08,传染性
"一名27岁已婚妇女,在停经13周时出现不规则阴道出血,持续10余天,量不多且暗色。在妇科检查中,发现其子宫大小如新生儿头,张力较大,且两侧附件均可触及手拳大小、活动良好并光滑的肿物。最可能的诊断是什么?",葡萄胎->可能患有疾病->卵巢黄素囊肿,0.72,可能患有疾病
对于住院第2天检查时，患者的瘫痪肢体只能在水平面上移动而不能上抬，这表明其右下肢的肌力处于哪个级别？,肌力评估->症状->活动受限,0.16,症状
一名70岁男性患者出现头痛、嗜睡和癫痫发作症状，经MRI平扫及增强扫描发现颅内多发病灶，并经过放射治疗后病灶明显缩小，结合这些信息，最可能的诊断是什么？,原发性中枢神经系统淋巴瘤->症状->癫痫发作,0.91,症状
郭女士，45岁，出现吞咽困难、胸膈疼痛等一系列症状，病情加重后表现为食物无法下咽而反吐，甚至水饮难下，大便干燥如羊屎，或吐出物如赤豆汁，面色晦滞，形体更为消瘦，肌肤枯燥，舌红少津带青紫，脉细涩。根据这些症状，应该选用哪种中药方来进行治疗？,吞咽困难->治疗方剂->疏肝理气汤,0.63,常用药品
外感风寒患者误用泻下剂后出现发热头痛、汗出恶风、鼻鸣微喘、舌苔薄白、脉沉缓的症状时，应选择哪种治疗方剂？,外感风寒->治疗方剂->麻黄汤,0.75,常用药品
请根据描述分析，在湖南某市某年洪水后，出现的发热症状和血常规结果，患者发热的原因最可能是什么疾病？,钩端螺旋体病->治疗方法->抗生素治疗,0.68,治疗方法
27岁男性患者外感咳嗽，经解表宣肺治疗后仍咳嗽、咽痒，应选何方剂？,咳嗽->推荐方剂->止嗽散,0.91,常用药品
对于一名60岁男性患者，咳嗽和痰中带血2个月，胸部CT显示右上叶近胸壁处有一个6cm×6cm块状影，为进一步确诊，此病例首选的检查方法是什么？,肺部肿块->诊断检查->经皮肺穿刺活检,0.97,诊断检查
对于一个2岁的孩子，出现形体消瘦、面色萎黄、毛发稀疏、食欲不振、易发脾气、大便不调且有酸臭味、尿如米泔等症状，并体重仅10kg，舌质淡红舌苔薄白时，应首先考虑是哪种中医诊断？,疳证->诊断->营养不良引起的免疫虚弱,0.74,可能患有疾病
一名24岁的男性，患有小肠疝气，经常发作，现在表现为一侧阴囊偏坠肿胀，遇寒疼痛加重，痛引睾丸，舌淡苔白，脉弦紧。在治疗上，应该选择哪种中药来缓解症状？,川楝子->食物有害于疾病->高脂肪饮食,0.19,食物有害于疾病
在体检中，患者发现右眼球外展位、不能内收并上下视困难，左侧肢体肌力减弱和出现左倾Babinski征阳性，这些症状指向哪种综合征的诊断？,左侧Babinski征阳性->检查疾病->锥体束损伤,0.63,诊断检查
对于一名41岁女性，身高164cm、体重65kg，在近半年表现出多饮、多尿及乏力症状，血压为20／13.3kPa，空腹血糖为6.9mmol/L。在该情况下，哪项检查可以明确诊断为糖尿病？,糖尿病->检查方法->糖化血红蛋白（HbA1c）,0.92,诊断检查
一位33岁的女性患者，劳累后心悸气促加重持续3年，不能平卧并伴有咯血。检查发现有二尖瓣面容，第一心音亢进，心尖部可听到隆隆样舒张期杂音，以及P₂＞A₂且心率规则。根据这些症状和体征，应该采用什么治疗措施来缓解她的症状？,二尖瓣狭窄->治疗方法->二尖瓣球囊扩张术,0.78,治疗方法
35岁女性慢性肾炎，GFR为50ml/min，血尿素氮为12mmol/L，血肌酐为256μmol/L，如何判断肾功能状况？,慢性肾病->检查疾病->肾脏超声检查,0.18,诊断检查
在牙周基础治疗完成2个月后，假如患者磨牙区袋深仍约为5mm，且附着龈较宽，牙槽骨出现水平吸收但无异常骨形态，针对这种情况，哪种牙周手术治疗方案最好？,牙周疾病->诊断检查->牙齿X光检查,0.22,诊断检查
一名男性患者颈部有直径约3厘米的肿物，质地柔软，色暗红如海绵状，按压后可缩小。请问这种肿物可能的诊断是什么？,海绵状血管瘤->检查疾病->影像学检查,0.58,诊断检查
一位32岁的女性在遇到寒冷时，双手顺序出现苍白、青紫和潮红，病程已有3年，逐渐加重且每次发作持续15到30分钟。根据该患者被诊断为雷诺综合征，雷诺综合征的治愈概率如何？,雷诺综合征->治愈概率->个体差异,0.65,治愈概率
5岁小儿0T试验1：1000浓度24小时后复诊，局部红硬结直径15mm，最恰当的处理措施是什么？,结核试验->治疗方法->抗结核药物治疗,0.18,治疗方法
一位53岁的女性患者，胸闷乏力数月，并偶尔感到胸痛，无发热，X线检查结果显示多发性肺部病灶。根据这些临床表现和X线结果，最可能的诊断是什么？,肺部肿瘤性病变->常用药品->抗肿瘤药物,0.77,常用药品
在患者男性，35岁，已行完善根管治疗且有深覆牙合的情况下，要对冠折1/2的牙齿进行修复，哪种修复方案最合适？,牙齿断裂->食谱有益于疾病->咀嚼软食,0.19,食谱有益于疾病
一名35岁男性突发上腹部剧痛2小时，伴有恶心呕吐。体检发现腹部板样强直，全腹明显压痛，肠鸣音消失，肝浊音界缩小。在这种情况下，哪一种检查最有针对性能够帮助诊断？,消化道穿孔->诊断检查->直立位胸部X线,0.94,诊断检查
一名56岁男性患者，经历2个月间断无痛全程肉眼血尿，体检结果显示肾区无叩痛，尿检红细胞充满每高倍镜视野，并且静脉尿路造影显示右肾盂有充盈缺损，这些症状和检查结果最可能提示该患者患有什么疾病？,尿路上皮癌->症状->尿检红细胞增多,0.61,症状
26岁初产妇在产后第4天出现发热、双乳胀痛，体温为38.2℃，双乳出现红肿、血管淋巴充盈和硬结。此时应做何种治疗？,乳汁淤积->治疗方法->外科手术,0.11,治疗方法
根据10岁女孩的症状：胸背部疼痛3天伴随两下肢进行性无力和尿潴留，上肢肌力正常但下肢肌力为0、肌张力低、腱反射消失，病理反射未引出，第5胸椎水平以下深浅感觉消失，膀胱充盈脐下3厘米，临床上如何诊断该病情？,急性横贯性脊髓炎->症状->脊髓压迫,0.78,症状
对于一位有长期高血压和冠心病历史的70岁女性患者，在经历近期病情恶化后接受初步治疗，但血压仍保持在165/70mmHg的情况下，若需要调整用药以更好地控制血压，你会建议添加哪些药物来达到此目的？,高血压治疗->药物调整->钙通道阻滞剂,0.91,常用药品
对于Cushing综合征患者，血浆ACTH为200pg/ml且大剂量地塞米松不能抑制的情况下，应该进一步进行何种影像学检查以帮助明确诊断？,小细胞肺癌->可以治疗疾病->异位ACTH综合征,0.58,可以治疗疾病
一名58岁男性患者，胃镜显示胃小弯有一大病灶。病理报告中，细胞较小，大小一致，呈线状分布，内无腺管结构。这种病理特征的诊断是什么？,未分化癌->治疗方法->放化疗,0.03,治疗方法
一个5岁男孩发热2天，伴有微恶风寒、鼻塞流涕、咳嗽、眼睑红赤、泪水汪汪、口腔颊黏膜红赤、细小白色疹点、周围红晕、小便黄、舌苔薄黄的症状，对于这种情况下首选的中医方剂是什么？,风热感冒->症状->发热,0.92,症状
一名30岁男性患者夜间发作性腹部烧灼样痛持续两个月，进食后迅速缓解，近期出现柏油样便和晕厥的症状，检查显示低血压和四肢厥冷。请问该病人最可能的基本病因是什么？,幽门螺杆菌感染->并发症->消化道出血,0.56,并发症
一名53岁的女性患者上腹部疼痛不适半年以上，出现进行性皮肤及巩膜黄染。超声检查显示的声像图特点是什么，可以确诊为胆总管下段癌？,胆总管下段癌->症状->胆总管肿块,0.78,症状
对于手术后反复胸痛、伴轻度呼吸功能不全的左肺癌患者，若使用解热消炎镇痛药效果不佳，考虑使用中枢性镇痛药进行治疗，应选择哪种口服药物？,左肺癌->并发症->肺功能不全,0.67,并发症
32岁已婚女性，月经规律，近3年未避孕未怀孕，丈夫精液检查正常，输卵管造影提示双侧输卵管梗阻。最适合的治疗方法是什么？,不孕症->可能患有疾病->输卵管梗阻,0.63,可能患有疾病
一名63岁女性患者，脑卒中后左下肢肿胀一周，超声检查显示左下肢深静脉血栓，她目前感觉胸部不适和呼吸困难。如果其肺通气显像结果正常，应如何高度诊断可能的病症是肺栓塞？,肺栓塞->症状->胸部不适,0.65,症状
患者盛氏表现出全身浮肿，尤以身体下半身为重，伴有腹胀、喘满、二便不利，脉象为沉实有力。请问应选用哪种中药方剂进行治疗？,水肿->治疗方法->滋阴降火,0.25,治疗方法
对于手术后反复胸痛、伴轻度呼吸功能不全的左肺癌患者，若使用解热消炎镇痛药效果不佳，考虑使用中枢性镇痛药进行治疗，应选择哪种口服药物？,左肺癌->诊断检查->肺部影像学检查,0.42,诊断检查
一位24岁的初产妇在低位产钳分娩后立即出现阴道持续流血400ml，且血色鲜红，血压为14.7/9.33kPa，子宫坚硬，此时最适宜的处理步骤是什么？,产后出血->并发症->子宫裂伤,0.75,并发症
根据一名27岁女性患者的症状，包括跳舞后突发右下腹剧烈疼痛、伴恶心和畏冷，查体发现右附件区有一个5*6*4cm大小的囊性肿物，并且触痛明显，最可能的诊断是什么？,卵巢囊肿->治疗方法->手术切除,0.75,治疗方法
根据一名9岁女孩的症状，包括干咳1周、咽痛、低热，右下肺呼吸音减弱以及X线显示两下肺呈云雾状浸润影，哪种药物最适合用于该患儿的治疗？,肺炎支原体->疾病描述->云雾状浸润影,0.72,疾病描述
对于一名7岁女孩，出现尿频尿急5天并伴有寒战，全身温度39.0℃，双肾区有叩击痛，确诊这种情况下首选的检查是什么？,尿急->可能患有疾病->急性肾盂肾炎,0.71,可能患有疾病
3岁男孩，症状包括咳嗽重浊、痰多色白清稀、喉间痰声辘辘、纳呆，舌质淡红、苔白腻、脉滑，应该选用什么方剂进行治疗？,痰湿内困->常用药品->补中益气汤,0.65,常用药品
一名48岁男性患者，腘窝上方持续性钝痛2年，且疼痛加重，以往‘结核’治疗无效，体检显示腘窝上方有肿胀和局部压痛，实验室检查正常。请问根据提供的图像，导致这种症状的最可能病因是什么？,神经纤维瘤->症状->腘窝肿块,0.91,症状
32岁已婚女性，月经规律，近3年未避孕未怀孕，丈夫精液检查正常，输卵管造影提示双侧输卵管梗阻。最适合的治疗方法是什么？,不孕症->治疗方法->中药治疗,0.17,治疗方法
一位48岁的女性，三个月前无明显诱因出现右上腹不适，表现为钝痛。结合影像学表现，其最可能的诊断是什么？,影像学异常->检查疾病->胆囊结石,0.65,诊断检查
慢性肠梗阻患者呕吐大量胃肠液，输液含大量低渗葡萄糖溶液后出现躁动、头痛、昏迷。最可能原因？,昏迷->症状->神经系统受损,0.16,症状
根据以下病人的化验结果：白细胞计数为5.4×10⁹/L，尿液中白细胞为30～40/HP，红细胞为10～15/HP，并且亚硝酸盐呈阳性，该患者的标准抗感染治疗疗程应该是几天？,尿路感染->常用药品->磺胺甲急子,0.75,常用药品
对于一名发热3天、流涕、流泪、怕光，并且耳后、颈部、面部出现充血性红色斑丘疹的2岁女童，如果她的口腔颊内侧黏膜可见白色斑点，她的隔离期应该是出疹后多久？,麻疹->宜吃->清淡流食,0.11,宜吃
一名33岁女性患者出现高热伴意识障碍，既往有系统性红斑狼疮史。入院查体显示浅昏迷，脑膜刺激征阳性，并出现喷射性呕吐。基于这些表现，入院后应首先进行哪项轴位扫描以辅助诊断？,系统性红斑狼疮->并发症->中枢神经系统受累,0.91,并发症
一名58岁男性患者，有5年糖尿病史，服用格列本脲，但在近期出现尿频、尿痛、尿急，并于昨天昏迷。其化验结果显示空腹血糖为24.0mmol/L，血钠为148mmol/L，血尿素氮为7.08mmol/L，尿糖为+++，尿酮为++。根据这些症状和化验结果，应诊断为何种病症？,糖尿病酮症酸中毒->检查疾病->血酮检测,0.01,诊断检查
在一名男性患者摔倒后出现肩部疼痛，检查发现患肩下沉，患肢活动障碍，头向患侧偏斜，Dugas征阳性的情况下，最可能的诊断是什么？,肩部损伤->检查疾病->肩关节X线,0.19,诊断检查
根据一位30岁女性停经46天后出现下腹部隐痛和不规则阴道少量出血十余天的症状，加上尿妊娠试验可疑阳性和触摸到右侧附件有鸡蛋大韧性包块的情况，最可能的诊断是什么？,卵巢囊肿->症状->腹痛,0.13,症状
对于一位50岁男性患者，他长期吸烟30年，半年前戒烟，近期出现咳嗽带血的症状。根据病史和表现，应首先进行哪种检查来鉴别诊断原因？,肺癌->诊断检查->痰细胞学检查,0.45,诊断检查
一位36岁的女性患者，表现出上颌前牙唇倾并伴有散隙，前牙深覆导致上颌牙龈被咬伤，以及个别前牙Ⅰ～Ⅱ度松动，覆盖6mm，并缺失下颌右侧第一磨牙，第二磨牙及第二双尖牙向缺牙隙倾斜。在这种情况下，患者最首先需要接受哪种治疗？,上颌牙龈被咬伤->并发症->牙龈炎,0.62,并发症
根据一个20岁男性患者出现头痛、头昏2个月，左侧肢体乏力伴恶心、呕吐近1周，以及左耳听力下降和步态不稳的症状分析，这些症状结合影像学检查，最可能诊断出什么疾病？,颅内肿瘤->诊断检查->脑MRI,0.92,诊断检查
某位在蓄电池厂工作的男工，工龄8年，出现头昏、头痛、乏力等症状，尿中6-ALA检测结果为28.6μmol/L。针对该病人的治疗，哪种药物是首选？,铅中毒->治疗方法->抗生素,0.11,治疗方法
请根据患者的症状描述和实验室结果，诊断此8岁男性最可能患上的疾病是什么？,川崎病->症状->持续发热,0.92,症状
请详细描述一位男性患者摔伤右腕部后，在X光片上腕关节显现的具体损伤特征，并指出最可能的诊断是什么。,手腕肿胀->并发症->功能障碍,0.42,并发症
一名女性患者有20余年胃病病史，经常因饮食不慎而呕吐，时作时止，面色少华，倦怠乏力。最近因为饮食过多，出现呕吐酸腐，脘腹胀满，嗳气厌食的症状，此时治疗应该改用哪个方剂？,胃病->症状->脘腹胀满,0.75,症状
根据淋巴瘤的分期原则，评估以下这种病人的分期：35岁女性，表现为发热、乏力伴消瘦，检查结果显示左颈、两侧腋窝和腹股沟可触及数个淋巴结，脾肋下3cm，骨髓正常，红细胞沉降率80mm/h，胸部X线检查阴性，肝区B超正常，淋巴结活检为混合细胞型。,B症状->诊断检查->红细胞沉降率,0.73,诊断检查
在上消化道造影检查中，一名男性患者表现出夜间腹痛、恶心、呕吐以及剑突下压痛。这种症状最可能与哪种消化系统疾病有关？,胃溃疡->症状->饭后腹痛,0.65,症状
一名4岁女孩，右侧颈部发现无热无痛的包块约两个月，CT检查结果显示如图所示。根据这些信息，包块最可能的诊断是什么？,咽旁神经纤维瘤->治愈概率->较高,0.53,治愈概率
一名50岁男性患者，大量饮酒后出现上腹部剧烈疼痛和呕吐，症状没有缓解，并且保守治疗3天后病情恶化至休克状态。查体发现体温升高、脐周及背部瘀斑、上腹肌紧张和明显的压痛反跳痛。对于这种病情，最重要的治疗措施是什么？,急性重症胰腺炎->治疗方法->纠正休克,0.92,治疗方法
一个一岁半的女孩因发热和咳嗽已经治疗几天但症状未见好转，全身检查和实验室检查显示感染症状及呼吸道改变，结合其大便每日4～5次且稀薄无脓血的情况，应该进行哪个首要的实验室检查来确定诊断方向？,腹泻->诊断检查->粪便培养,0.95,诊断检查
一名15岁男性患者在睡眠中突发阴囊疼痛，查体发现右侧睾丸稍大，位置在阴囊上方，明显触痛，彩色多普勒超声检查显示右睾丸血流明显减少。根据这些症状和检查结果，最可能的疾病是什么？,睾丸扭转->并发症->睾丸缺血,0.72,并发症
一名8岁男患者出现恶寒发热1天后，伴有头面红肿掀痛、咽痛、口渴舌燥、舌红苔黄、脉浮数等症状。根据这些症状，应选用哪种中药方剂进行治疗？,风热上攻->治疗科室->中医内科,0.37,治疗科室
一名15岁男性患者表现出少尿、水肿、咳嗽、气短，并且在发病前有喉痛史，体检发现高血压，尿液检查显示尿蛋白和红细胞显著增多，血液检查发现补体C3降低，如何诊断这种病情？,心功能不全->症状->气短咳嗽,0.62,症状
一位55岁的女性患者因肝硬化引起的门静脉高压出现呕血和黑便，入院后为了止血，应该选用哪种药物？,特利加压素->食谱有益于疾病->高蛋白饮食,0.13,食谱有益于疾病
一名34岁的男性患者出现骤起高热，在高热持续几小时后大汗淋漓，随后体温降至正常，1天后高温再次骤起骤降。根据这些症状，患者最可能的诊断是什么？,周期性发热->症状->疟疾,0.47,症状
"男性, 42岁, 有5年肝硬化病史, 在3天前经历了500ml的呕血情况, 今天出现淡漠少言, 脑电图结果正常。根据这些临床表现, 他的最可能诊断是什么？",肝性脑病->治疗方法->改善肝功能,0.55,治疗方法
高血压患者争吵后突然倒地昏迷，一侧瘫痪，口斜眼歪。应优先考虑哪种疾病？,脑卒中->治疗方法->溶栓,0.68,治疗方法
一位28岁男性患者从高处坠落导致左下肢肿痛3天，伴随以下症状：左足皮温低、感觉减退、足背动脉搏动未触及、足趾冰凉、甲床青紫色；X线片显示左胫腓骨中断粉碎性骨折。请问应采取什么处理方案？,急性骨筋膜室综合征->并发症->肢体缺血,0.78,并发症
对于一名70岁的男性患者，在健康体检中发现胆囊内有直径约0.8cm的结石，随体位活动移动，口服胆囊造影显示充盈缺损不明显，且患者既往无胃病史、胆囊炎发作史、心脏病或糖尿病史，目前最佳的治疗建议是什么？,胆囊结石 -> 治疗方法 -> 观察随访,0.95,治疗方法
一位32岁的女性在遇到寒冷时，双手顺序出现苍白、青紫和潮红，病程已有3年，逐渐加重且每次发作持续15到30分钟。根据该患者被诊断为雷诺综合征，是否可能会出现内脏器官损害？,雷诺综合征->并发症->内脏损害,0.35,并发症
根据一位50岁女性患者的病情，她被诊断为直肠癌并打算进行根治术，同时有27年风湿性心脏病史，出现心力衰竭并诊断为二尖瓣狭窄和中度肺动脉高压。ECG检查提示房颤。在这种情况下，应该首先采取什么处理措施？,风湿性心脏病->并发症->心力衰竭,0.65,并发症
一名56岁女性，颈部肿大20年，术后应采取什么药物处理措施？,甲状腺功能减退->常用药品->左旋甲状腺素钠,0.95,常用药品
一位29岁男性患者出现尿频、尿痛、米汤样尿和终末血尿3个月，经过实验室和影像学检查确诊为左肾结核。在抗生素治疗无效的情况下，应该首先采取哪种治疗措施？,结核->治疗方法->抗生素治疗,0.51,治疗方法
65岁男性冠心病史，冠脉造影后恶心、食欲不振，实验室检查显示BUN为22mmol/L，肌酐为230mmol/L，尿量为500ml，血压140/80mmHg，最可能的诊断是什么？,急性肾损伤->症状->尿量减少,0.78,症状
某男，43岁，诊断为肝硬化8年，现表现为腹大胀满、脉络怒张、胁腹刺痛、面色晦暗、胁下痞块、面颈胸壁有红点赤缕、手掌赤痕、口干不欲饮、粪便色黑、舌紫暗、脉细涩。根据以上症状，适宜选择哪种中药方剂进行加减治疗？,肝硬化->治疗方法->补益肝肾,0.14,治疗方法
在患者伴有尿道口红肿、尿急、尿频、尿痛、淋沥不止等症状，且舌红苔黄腻、脉滑数的情况下，结合西医诊断为急性淋病，中医治疗应首选哪个方剂？,急性淋病->治疗方法->清营汤,0.22,治疗方法
对于一位36岁的女性患者，她因外伤休克导致血压70/50mmHg，中心静脉压16cmH2O，应该首先选择哪种药物进行治疗？,外伤休克->治疗药物->去甲肾上腺素,0.91,常用药品
一位74岁男性患者，突发头疼并意识丧失7小时，经过99Tc^m-HMPAO脑血流断层显像的结果显示，最准确的诊断是什么情况下会呈现这样的影像学特征？,小脑失联络->症状->意识丧失、头痛,0.69,症状
针对一位35岁妇女，近数月来甲状腺肿大，有时心悸，稍觉多汗，食量无明显增多，无便频，消瘦不明显无眼征等症状，甲状腺Ⅱ度大，质地变硬不光滑，未闻及血管杂音，心率90次/分，血压偏高，在哪种处理方式下最不适宜针对她的这种病情？,甲状腺问题->治疗方法->手术治疗,0.65,治疗方法
根据CT值为-10HU、超声显示强回声、及MRI成像特征(T1加权像略低信号，T2加权像等信号，强化不明显)，25岁男性肝右叶下段1.5cm占位的最可能诊断是什么？,MRI等信号->食物有害于疾病->高脂饮食,0.12,食物有害于疾病
针对46岁女性患者表现出的口渴、小便频数、下半身冷感、腰痛脚软、舌淡胖苔薄白、脉沉弦等症状，应选用哪种中药进行治疗？,气虚->症状->腰痛,0.17,症状
28岁的男性患者曾在10岁时因右侧隐睾进行右睾牵引固定术。目前右侧阴囊肿大并伴有疼痛持续了半个月。查体发现右侧阴囊下垂，睾丸肿大如鹅卵，沉重感明显，且透光试验结果为阴性。基于这些临床表现，请问该患者的诊断是什么？,睾丸肿瘤->症状->透光试验阴性,0.78,症状
在患者伴有尿道口红肿、尿急、尿频、尿痛、淋沥不止等症状，且舌红苔黄腻、脉滑数的情况下，结合西医诊断为急性淋病，中医治疗应首选哪个方剂？,急性淋病->治疗方法->龙胆泻肝汤,0.78,治疗方法
根据一个20岁男性患者出现头痛、头昏2个月，左侧肢体乏力伴恶心、呕吐近1周，以及左耳听力下降和步态不稳的症状分析，这些症状结合影像学检查，最可能诊断出什么疾病？,髓母细胞瘤->症状->颅内压增高,0.93,症状
"陈某, 男, 65岁, 长期咳喘且冬季病情加重，痰多为白色，胸闷，腰膝酸冷，活动时感心悸伴随出汗，舌苔白腻且舌体略胖，脉沉细滑。请根据这些症状描述判断其病机是什么？",脾阳虚->症状->舌苔白腻,0.59,症状
一名28岁男性病人出现上腹痛1周、黑便3天、每天排便3～4次且量较多，并伴有头昏、乏力、心慌，有间断上腹痛病史3年，饮酒史4年且每天摄入2两白酒，曾有乙肝病史。基于这些临床表现，你认为该病人最可能的诊断是什么？,上消化道出血->诊断检查->胃镜,0.11,诊断检查
对于一名35岁男性患者，患有血友病10年，近期出现发热、腹泻超过一个月，全身淋巴结肿大，CD4+/CD8+比值为0.8。在这样的情况中，可以使用哪种药物进行治疗？,血友病->治疗方法->长春新碱,0.49,治疗方法
一位28岁的男性被沸水烫伤，各部位表现出不同症状。左上肢、颈部、胸腹部、双足和双小腿有水泡且剧痛，右手掌有焦痂呈皮革状且不痛，面部有红斑表面干燥，并发生低血容量性休克。请计算该患者Ⅱ度烧伤的总面积百分比。,Ⅱ度烧伤->治疗方法->补液治疗,0.79,治疗方法
对于一位80岁女性患者，长期患有喘息症状，伴随气短、心慌、耳鸣、腰膝酸软等表现，尤其在体力活动和劳累后症状加重，治疗上应选用哪种方剂来首选应对该患者的情况？,气阴两虚->症状->心慌,0.79,症状
一名60岁的男性有长期吸烟史，伴随症状包括咳嗽咳痰、呼吸困难，并在最近3个月痰中带血。经过检查发现他在吸气和呼气时均有喘鸣音。根据这些临床表现，应考虑的最可能诊断是什么？,肺癌->症状->呼吸困难,0.51,症状
奚某，男，68岁，出现喘咳短气、痰多稀白、胸膈满闷、腰痛脚软、两下肢略有浮肿等症状，舌苔白滑，脉弦滑，这种状况应选用哪种中药方剂进行治疗？,喘咳->疾病描述->苏子降气汤,0.77,疾病描述
针对有先天性心脏病史的3岁女孩，出现不规则发热、头痛3周、偶伴呕吐、右Barbinski征阳性及血WBC 18×10^9/L，N 0.86，L 0.14的情况，除了原有心脏体征及扁桃体Ⅱ度肿大伴黄白色渗出外，最可能合并什么疾病？,脑脓肿->检查疾病->头颅CT扫描,0.91,诊断检查
根据患者的症状：心悸不宁，心烦少寐，头晕目眩，手足心热，口干口渴，耳鸣腰酸，舌红，少苔，脉细数，应该选用哪种中药材配伍治疗？,心肾不交->症状->心悸,0.65,症状
根据患者的症状，包括左眼闭合不全、口角向右歪、左耳部疼痛、查体发现左侧周围性面瘫征、左侧舌前2/3味觉丧失及左侧外耳道小疱疹，这些表现表明病变最可能发生在哪个解剖部位？,面神经炎->症状->面瘫,0.72,症状
一名38岁女性患者，近半月来感到乏力、咽痛和阵发性刺激性咳嗽，无痰，3日来发热，X线检查发现双下肺有炎症浸润阴影。基于这些症状和检查结果，请问治疗该患者最合适的首选药物是什么？,支原体感染->常用药品->红霉素,0.37,常用药品
一个8岁的男孩发烧到39℃，接着出现右下腹疼痛和每天3到4次腹泻。体检显示脐部轻压痛，腹部柔软且无反跳痛。在这种情况下，你首先应该考虑哪种疾病的可能性？,急性阑尾炎->症状->腹痛,0.78,症状
一个30岁男性患者右面部疼痛，CT显示右桥小脑角区有类椭圆形囊样病变，沿脑池生长，CT值为-10 HU，无强化，且局部脑组织及脑干轻度受压。根据这些影像学特征，该患者最可能的诊断是什么？,桥小脑角囊肿->治疗方法->手术治疗,0.78,治疗方法
一名60岁的男性在使用煤气热水器的浴室内被发现神志不清，送到急诊，出现昏迷状态，并且口唇呈樱桃红色。根据这些症状，最可能的诊断是什么？,煤气中毒->症状->昏迷,0.67,症状
一个年仅4岁的男孩从出生起就被发现腭部裂开，检查时可见悬雍垂、软腭及部分硬腭裂开，但牙槽嵴完整。这名患儿的最可能诊断是什么？,腭裂->疾病描述->影响悬雍垂及软腭,0.78,疾病描述
对于药物治疗无效的反复发作室性心动过速或心室颤动的心力衰竭患者，最适宜的治疗方法是什么？,心律失常->忌吃->咖啡,0.02,忌吃
25岁女性，停经2个月，尿妊娠试验阳性，近1周阴道少量出血，妇科检查显示子宫增大如7周妊娠大小，未见异常组织物排出且无压痛。根据这些症状，最可能的诊断是什么？,先兆流产->并发症->宫外孕,0.25,并发症
一个34岁的男性出现发热、背部疼痛、不能直立和局部软组织肿胀等症状，结合医学影像，他的症状最可能指向哪种疾病？,化脓性脊椎炎->诊断检查->发热、急性高热症状,0.69,诊断检查
一位27岁男性患者有2年发作性神志丧失和四肢抽搐的病史，今天凌晨发作后意识一直未恢复，来院后又出现了一次四肢抽搐。为控制发作后的维持治疗，应该首选哪种药物？,苯妥英钠->忌吃->酒精,0.13,忌吃
一名70岁男性患者住院两周后持续出现大量蛋白尿，为明确诊断，哪项检查最有意义？,大量蛋白尿->诊断检查->血清蛋白水平,0.68,诊断检查
左眼睑下垂、外肌瘫痪、瞳孔散大、突出、视力仅0.1，应考虑什么诊断？,眼外肌麻痹->可能患有疾病->眶尖综合征,0.96,可能患有疾病
患者50岁男性，右足刺伤10天后出现张口困难、颈项紧、饮水诱发手足痉挛、频繁抽搐及呼吸道分泌物多。为保持呼吸道通畅，最有效措施是什么？,呼吸道管理->治疗方法->气管插管,0.68,治疗方法
23岁女性患有急性一氧化碳中毒且出现粉红色泡沫样痰液，最适合的氧疗方法是什么？,呼吸衰竭->治疗方法->机械通气,0.55,治疗方法
"根据临床表现和实验室检查结果, 6岁小儿发热、轻咳、纳差2周, 右下肺呼吸音减低, 白细胞总数正常, 血清冷凝集反应滴度为1:64, 以及胸片显示右肺下部呈云雾状浸润，并在治疗1周后胸片显示右中、下肺野有大片状淡薄阴影。这些信息提示应诊断为什么类型的肺炎？",支原体肺炎->疾病描述->影像呈大片状阴影,0.11,疾病描述
一名50岁男性患者视力略减退，眼外检查无异常，但眼底检查显示静脉曲张、动脉变细，并且乳头面上出现大片状火焰状出血，同时视网膜反光增强以及可能出现黄白色类脂质变性及出血。根据这些临床表现，这种情况最可能的诊断是什么？,中央视网膜静脉阻塞->治疗方法->抗凝治疗,0.19,治疗方法
根据患者的症状和体征，乳房结块处颜色转红、隐痛、变软且按之应指，伴随潮热等症状，应采用哪种外治方法进行处理？,急性乳腺炎->治疗方法->切开引流,0.95,治疗方法
44岁男性，小细胞肺癌，脑CT示两个孤立病灶，体力良好，应选择哪种治疗方案？,小细胞肺癌->常用药品->依托泊苷,0.76,常用药品
一位25岁的女性患者近一周出现双侧枕部中度钝痛，站立行走时头痛加重，卧床休息时头痛减轻或消失。这种头痛最可能的原因是什么？,颅内压增高->症状->头痛,0.51,症状
48岁男性，右腮腺处肿物已有2个月，生长较快，腮腺造影显示腺泡不规则充盈缺损且造影剂外溢，最可能的诊断是什么？,腮腺肿物->治疗方法->手术切除,0.78,治疗方法
一位4岁女孩，身体瘦弱，不思饮食，食不知味，面色少华，精神乏力，多汗，且大便溏薄，常见不消化食物。舌淡苔薄白，脉象缓无力。根据这些症状，应该选用哪个基础方剂来进行调理？,脾胃虚弱->症状->食不知味,0.64,症状
对于一位80岁女性患者，长期患有喘息症状，伴随气短、心慌、耳鸣、腰膝酸软等表现，尤其在体力活动和劳累后症状加重，治疗上应选用哪种方剂来首选应对该患者的情况？,肾阳虚->症状->气短,0.92,症状
在肝脏修补手术后的患者中，若发现切口渗血且引流管中引流量大且颜色鲜红，但实验室检查结果显示Hb64g/L，血小板计数25×10^9/L，PT16.7秒，TT9.5秒，FIB0.67g/L且D-二聚体阴性，这种情况下术后出血最可能的原因是什么？,术后出血->治疗科室->重症医学科,0.05,治疗科室
根据一位50岁女性患者的病情，她被诊断为直肠癌并打算进行根治术，同时有27年风湿性心脏病史，出现心力衰竭并诊断为二尖瓣狭窄和中度肺动脉高压。ECG检查提示房颤。在这种情况下，应该首先采取什么处理措施？,二尖瓣狭窄->治愈概率->低,0.06,治愈概率
对于患有慢性肺心病的65岁男性患者石某，他因感冒出现气急、咳嗽、痰不易咳出等症状，同时伴有口唇发绀及下肢水肿，体温38.9℃，脉搏110次/min，呼吸24次/min，情绪不稳，对疾病缺乏正确认识。在这种情况下，建议对患者采取何种吸氧方案？,慢性肺心病急性加重->并发症->肺水肿,0.22,并发症
一名男性新生儿经产道分娩3天后，出现双眼睑红肿、畏光、结膜高度充血，以及大量黏脓性分泌物等症状，请指出最可能的疾病诊断。,淋球菌性结膜炎->并发症->角膜穿孔,0.77,并发症
一位48岁男性患者，具有15年高血压病史，现在突然出现剧烈的胸背部疼痛，伴有面色苍白。体检发现其脉搏为88次/分，血压为170/120mmHg，心电图正常。请问该患者最有可能被诊断为何种疾病？,主动脉夹层->并发症->心脏骤停,0.62,并发症
一位48岁的女性患者，近一年常出现午后潮热和五心烦热，近两个月心悸且思虑过度，服用安定片后可缓解。她有心悸易惊、头晕耳鸣、易怒、口燥咽干等症状，舌红苔少而干，脉细数。针对这些症状，应选择哪种中药方剂进行治疗？,心肝肾阴虚->症状->口燥咽干,0.65,症状
一名3岁男孩被诊断为营养性缺铁性贫血，伴有面色萎黄、唇甲淡白、发黄枯燥、容易脱落、心悸气短、头晕目眩、入睡困难、声音低微、精神萎靡、食欲不振、舌淡红、苔薄白、脉细弱、指纹淡红的症状。针对这些症状中医应首选哪种方剂进行调理？,小儿贫血->宜吃->动物肝脏,0.65,宜吃
一名30岁的女性患者表现出头晕、乏力、发热和皮肤出血点，检查显示全身淋巴结不大，胸骨无压痛，肝脏肋下3厘米，脾脏肋下5厘米，血常规显示血红蛋白为68 g/L，白细胞为2×10⁹/L，血小板为20×10⁹/L。这位患者最可能的诊断是什么？,出血点->诊断检查->骨髓穿刺,0.73,诊断检查
奚某，男，68岁，出现喘咳短气、痰多稀白、胸膈满闷、腰痛脚软、两下肢略有浮肿等症状，舌苔白滑，脉弦滑，这种状况应选用哪种中药方剂进行治疗？,喘咳->症状->化痰止咳方,0.68,症状
39岁女性，3个月前因怀孕2个月进行了人工流产，术后一直没有来月经，没有任何不适。自测基础体温呈现“双相”，妇科检查也无异常发现。根据该患者的情况，哪种处理方式是最佳的？,闭经->推荐食谱->红糖姜茶,0.17,推荐食谱
一位70岁女性，表现为双手远端指间关节肿痛，以一侧凸出较明显，血沉（ESR）为15mm/h，C反应蛋白（CRP）为5mg/L，类风湿因子（RF）为阴性。根据这些症状，患者最可能被诊断为何种疾病？,类风湿关节炎->诊断检查->血液检查,0.62,诊断检查
一名24岁的男性，患有小肠疝气，经常发作，现在表现为一侧阴囊偏坠肿胀，遇寒疼痛加重，痛引睾丸，舌淡苔白，脉弦紧。在治疗上，应该选择哪种中药来缓解症状？,小肠疝气->症状->阴囊偏坠肿胀,0.95,症状
一名45岁的男性患者，最近发生心跳过速。查体结果显示心率为170次/分，心律规则。在按压颈动脉窦后，心率突然减慢至90次/分。基于这些信息，最可能的诊断是什么？,心房颤动->症状->心率不规则,0.08,症状
根据尿频尿痛、尿中白细胞增多、小腹胀痛和苔黄脉滑数的症状，这位23岁女性患者应选用哪种中药方剂进行治疗？,尿路感染->常用药品->八正散,0.91,常用药品
22岁女性感冒发热后心悸、胸闷、呼吸困难和水肿，心律不齐，心电图显示频发室性期前收缩。应进行何种检查明确诊断？,病毒性心肌炎->诊断检查->心肌活检,0.72,诊断检查
根据患者的年龄、性格变化、对人冷漠、生活懒散等症状，这名18岁男性最可能被诊断出哪一种类型的精神疾病？,精神分裂症->症状->思维紊乱,0.68,症状
一名55岁男性，右小腿肿痛3天，体温38℃。查体显示右小腿片状红肿，鲜红色，中央较淡，边缘稍隆起，与正常皮肤界限清楚，指压可使红色消退，压力除去后红色很快恢复。根据这些临床表现，最可能的诊断是什么？,右小腿肿痛->症状->深静脉血栓,0.17,症状
伤寒患者经过治疗后，体温从39.6℃下降到36.6℃，15天后体温再次升高到39.3℃并伴随症状加剧，同时血培养呈阳性。这种情况应被诊断为什么？,伤寒->疾病描述->伤寒复发,0.33,疾病描述
一名25岁男性患者，2个月前经历上呼吸道感染，10余天后出现浮肿和血尿伴随高血压，尿蛋白(++)，红细胞满视野，肾功能目前正常，但按急性肾炎进行治疗后病情未见改善，复查发现血红蛋白为14|D g/L，肌酐水平升高到380μmol/L，B超显示双肾稍增大。基于以上信息，详细说明在确定诊断或进一步处理上，目前最佳的医学步骤是什么？,急性肾炎->治疗方法->保守治疗,0.33,治疗方法
一名28岁的男性患者，不规则发热2个月，右颈部淋巴结肿大且韧。通过穿刺涂片观察到“镜影状”细胞，请问这最可能是诊断什么疾病？,霍奇金淋巴瘤->疾病描述->淋巴结肿大,0.18,疾病描述
一位17岁女性患者有腹泻、发热4天，并伴有全身皮疹出现和瘙痒2天的病史。她的病状包括黄色稀水样便、反复高热并在接受抗感染和补液治疗后病情无明显改善。目前皮疹表现为多部位大片状鲜红色隆起性红斑，伴有水肿且形状不规则。实验室检查显示白细胞增高和大便白细胞阳性。在这种情况下，指导患者治疗的主要原则是什么？,咳嗽 -> 可以治疗疾病 -> 支气管炎,0.18,可以治疗疾病
一名居住在海拔1478米的8岁男孩体检显示：血红蛋白(Hb) 120g/L，平均血红蛋白量(MCH) 27pg/L，平均红细胞体积(MCV) 79fl，平均红细胞血红蛋白浓度(MCHC) 30%，血清铁蛋白11ug/L，红细胞游离原卟啉0.8umol/L。根据这些数据，如何评估该男孩的健康状况？,缺铁性贫血->推荐食谱->动物肝脏,0.14,推荐食谱
对于一名25岁的男性患者，患有发作性意识丧失伴随四肢抽搐达8年。2天前患者自行调整了治疗药物，次日又出现频繁发作并伴有意识不清的情况。在这种情况下，医护人员应该立即采取什么处理措施？,癫痫->治疗科室->神经内科,0.64,治疗科室
某患者出现怕冷、乏力、很少出汗、嗜睡、动作缓慢、思维迟钝、记忆力差、头发脱落和肢体水肿的症状，实验室检查显示血清FT3和FT4降低，TSH升高，TRH兴奋试验强阳性。根据这些临床表现和实验室结果，该患者最可能患有哪种疾病？,原发性甲状腺功能减退症->食谱有益于疾病->碘强化食物,0.19,食谱有益于疾病
某少女出现月经停止半年，同时伴有神疲肢倦、心悸气短、面色淡黄等症状，舌象为淡胖有齿痕、苔白腻，脉象缓弱。根据这些临床表现，应使用哪种中药方剂进行治疗？,气血两虚 -> 常用药品 -> 参苓白术散,0.93,常用药品
对于患者表现出咳嗽经久不愈，咳吐黄痰，甚至咳吐腥臭脓血，并且有身热不退，胸中隐隐作痛的症状，舌红苔黄腻，脉滑数的情况，应该使用哪种中药方剂进行治疗？,咳嗽->中药方剂->清肺化痰汤,0.78,常用药品
对于全身情况不宜手术治疗而采用骨牵引的70岁男性左股骨转子骨折患者，应该重点预防哪种并发症？,骨折后不手术->可能患有疾病->坠积性肺炎,0.79,可能患有疾病
一位38岁男性患者在高温环境工作3天后出现头痛、嗜睡、面色潮红等症状，要明确诊断，进行哪项体格检查最有价值？,热射病->症状->面色潮红,0.92,症状
在肝脏修补手术后的患者中，若发现切口渗血且引流管中引流量大且颜色鲜红，但实验室检查结果显示Hb64g/L，血小板计数25×10^9/L，PT16.7秒，TT9.5秒，FIB0.67g/L且D-二聚体阴性，这种情况下术后出血最可能的原因是什么？,稀释性凝血障碍->治疗方法->补充纤维蛋白原,0.67,治疗方法
妊娠晚期患者出现头晕头重、胸闷泛恶、全身抽搐等症状，其病因的根本是什么？,妊娠晚期->症状->子宫积水,0.52,症状
一位67岁女性在导管室进行冠状动脉介入治疗时突发心悸和气短，体检显示血压为80/70 mmHg，口唇无发绀，颈静脉怒张，心率为90次/分且心律齐，心音低顿，并出现奇脉。在冠脉介入治疗已停止后，应立即采取什么治疗措施来改善病情？,颈静脉怒张->症状->血液回流受阻,0.51,症状
一位61岁男性患者，有5年高血压病史，在饮用半斤白酒后突然出现剧烈头痛、头晕、呕吐、左侧肢体无力以及站立和行走不稳的症状。根据这些症状，这位患者最有可能出现了什么情况？,脑出血->忌吃->酒精,0.18,忌吃
一名56岁男性患者，患肝病反复发作20余年，近期出现乏力、嗜睡、厌食、脾肿大、脾功能亢进、腹水，这些症状最有可能指向哪种诊断？,症状->可能患有疾病->肝硬化,0.79,可能患有疾病
一名50岁男性患者，长期吸烟，每日20支，最近经常咳嗽，痰中带有血丝，并在一周前突然感到呼吸困难。X线透视显示右侧胸腔有大片致密阴影，且胸腔穿刺抽出了大量血性胸水。根据这些症状，应该首先考虑哪种病情？,肺癌->治疗方法->化疗,0.53,治疗方法
一名40岁的男性患者表现为发热、咳嗽并伴有臭脓痰长达2周，有时痰中带血。他有多年的吸烟史，血液检查显示白细胞计数为23×10^9/L，中性粒细胞为90%。X线胸片显示右下肺有大片状阴影，并出现空洞和液平面。在此情况下，应该采取怎样的处理措施？,肺脓肿->症状->咳嗽,0.68,症状
一名50岁的男性患者出现了近期恶心、呕吐、发热、咳嗽症状，每日尿量约400ml，血压165/97mmHg，血红蛋白78g/L，Cr545μmol/L（6.2mg/dl），Ccrl5ml/min。为了明确诊断，该进行哪项无创影像学检查？,腹部超声->治疗方法->评估肾脏结构,0.05,治疗方法
一名30岁男性患者半年前有左膝外伤史，现出现左膝疼痛及不能伸直，伴随反复的膝关节‘交锁征’。体格检查显示回旋挤压试验阳性，抽屉试验及侧方挤压试验均阴性。根据这些资料，针对他的病情，最佳的治疗方法是什么？,半月板损伤->症状->交锁征,0.97,症状
一位43岁女性患者，表现出头痛畏寒、面色白、四肢不温、舌质淡胖、有齿痕、脉沉细等症状，请问对于这位患者，应该选择哪一种主要方剂来进行治疗？,肾阳虚弱->症状->四肢不温,0.59,症状
一名30岁男性患者，半年前上腹部受到钝性挫伤，两个月前出现上腹部肿物，伴有呕吐但无腹痛和发热。检查发现上腹部有巨大囊性肿物且无压痛，诊断为假性胰腺囊肿。请问此次病例的最佳治疗方法是什么？,假性胰腺囊肿->常用药品->消化酶制剂,0.64,常用药品
一名30岁女性患者出现体重增加并伴有月经紊乱2年。体检时发现血压170/110mmHg，心率76次/分；有满月脸、水牛背、皮肤菲薄及腹部紫纹的症状。根据这些临床表现，最可能的诊断是什么？,库欣综合征->诊断检查->血浆ACTH水平,0.78,诊断检查
根据10岁女孩的症状：胸背部疼痛3天伴随两下肢进行性无力和尿潴留，上肢肌力正常但下肢肌力为0、肌张力低、腱反射消失，病理反射未引出，第5胸椎水平以下深浅感觉消失，膀胱充盈脐下3厘米，临床上如何诊断该病情？,急性横贯性脊髓炎->症状->肌力低、膀胱充盈,0.78,症状
根据病例描述，26岁女性婚后二年未孕，伴随月经规律，但在末次月经后20天出现了阴道出血，持续半个月，且止血药无效，今天早上出现小腹疼痛并冷汗，身体检查显示血压90/60 mmHg，脉搏110次/分，内诊结果为后穹隆饱满下垂、子宫体水平位稍大、宫颈有举摆痛。根据这些症状，该患者最可能的诊断是什么？,宫外孕->症状->阴道出血,0.96,症状
1岁8个月女婴间断发热20天，抽搐，体温37.6°C，脾肿大，颈部抵抗和克氏征阳性。脑脊液白细胞260×10⁶/L，中性粒细胞40%，淋巴细胞60%，糖1.8mmol/L，氯280mmol/L。最可能诊断？,病毒性脑膜炎->诊断依据->淋巴细胞为主,0.67,诊断检查
一位74岁的男性农民，早晨在菜地拔草时突然起立而昏倒，经过一段时间后病人神志渐清，但仍面色苍白，唇青，呼吸微弱，四肢冷汗出，大便失禁，而额头尚温，舌质淡，脉沉微。在中医治疗中，应选用哪一方剂进行处理？,阳虚->治疗方法->温补阳气,0.53,治疗方法
一名30岁男性患有十二指肠球部溃疡4年，突然出现上腹部剧痛5小时，并伴随全腹痛和大汗淋漓。体检显示全腹压痛和反跳痛。为了明确是否发生了溃疡病穿孔，急诊中应优先进行哪种检查？,溃疡病->治疗方法->抗酸药物,0.18,治疗方法
一名15岁的女性患者因心悸就诊，在体检中发现胸骨左缘第3至第4肋间有收缩期震颤，请问首先应该考虑是什么诊断？,心悸->可以治疗疾病->室间隔缺损,0.54,可以治疗疾病
对于一名65岁患有慢性肺源性心脏病的女性患者，近两年来咳喘反复发作，并有心悸、气短、乏力的症状，因两日前感受风寒导致咳逆痰多、喘息不得卧及舌质暗浮、苔白腻略黄，该患者应首选哪种中药进行治疗？,慢性肺源性心脏病 -> 诊断检查 -> 舌苔,0.45,诊断检查
一位29岁男性患者出现尿频、尿痛、米汤样尿和终末血尿3个月，经过实验室和影像学检查确诊为左肾结核。在抗生素治疗无效的情况下，应该首先采取哪种治疗措施？,肾结核->并发症->尿痛,0.17,并发症
27岁女性患者，2年来多次在饭前昏迷，伴有恐惧感、心悸和发汗，且发觉及时进食可预防或缩短昏迷时间。发病以来食欲好，体重增加，但记忆力差。根据这些症状，应该考虑哪种医学诊断？,胰岛素瘤->症状->饭前昏迷,0.78,症状
35岁男性牙齿问题，怎么处理牙齿困难拔除？,牙齿问题->治疗->使用抗生素,0.18,治疗方法
对于一名27岁的女性患者，她肋腹胀痛、攻窜不定并且疼痛随着饮食变化呈现时轻时重的特点，舌苔白且脉象弦，应如何搭配中药以缓解其症状？,脉弦->诊断检查->情志病理,0.55,诊断检查
一名56岁男性患者，患肝病反复发作20余年，近期出现乏力、嗜睡、厌食、脾肿大、脾功能亢进、腹水，这些症状最有可能指向哪种诊断？,肝病->传染性->乙肝病毒,0.11,传染性
一名68岁女性，反复咳嗽、咳痰20年，气喘10年，近期加重伴有下肢水肿，检查发现口唇发绀，双下肺湿啰音和哮鸣音，肝肋下3cm，肝颈静脉回流征阳性，双下肢水肿，WBC为9.3×10⁹/L，该患者最可能的诊断是什么？,慢性肺源性心脏病->疾病描述->慢性阻塞性肺病（COPD）,0.91,疾病描述
针对一名54岁女性患者，具有两年痢疾史，症状表现为时痢时歇，缠绵经年，饮食减少，倦怠神疲，畏寒懒言，发作时便下赤白，里急后重。舌质淡，苔腻，脉象虚数，应该选择哪种治疗方案？,舌淡苔腻->治愈概率->0.5,0.07,治愈概率
对于一位44岁的男性肝硬化患者，出现畏寒发热、全腹痛和尿量减少等症状，为了进一步治疗，应该采用哪种措施？,肝硬化->治疗方法->利尿剂,0.12,治疗方法
一名45岁男性，有消化性溃疡病史，出现上腹部剧烈疼痛3小时并蔓延至全腹，呈持续性。查体发现板状腹，全腹压痛及反跳痛，肠鸣音消失。为了确诊病情，最重要需要做的检查是什么？,胃肠穿孔->治疗科室->普外科,0.17,治疗科室
一名30岁女性患者，既往多次进行人工流产术，现人工流产术后4个月无月经，伴周期性下腹痛，周期约为30天。妇科检查发现子宫稍大，压痛，后穹窿饱满且软。根据上述症状和体征，该患者可能的诊断是什么？,宫腔粘连综合征->治疗科室->妇科,0.14,治疗科室
一名30岁男性患者出现左肺萎缩60%、第9、10肋骨骨折和脾破裂，且血压为90/60 mmHg，脉搏为100次/分钟。在这种情况下，首要的处理措施是什么？,肋骨骨折->忌吃->坚硬食物,0.07,忌吃
一名19岁的男性患者，因不明原因贫血，试服铁剂治疗5天后复查血象，发现网织红细胞上升达到5%，但血红蛋白未见增加，显微镜检查发现红细胞大小不等，中心淡染区扩大。结合这些临床表现，这种贫血最有可能是什么类型的贫血？,地中海贫血->症状->红细胞异常,0.09,症状
一个生后8天的男婴因皮肤黄染伴发热和拒乳入院。体检发现其皮肤明显黄染，肝脾肿大和脐部少量渗液伴脐周红肿。在此情况下，哪种检查方法最有助于确诊感染病因？,感染性疾病->忌吃->生冷奶制品,0.15,忌吃
一名25岁的女性在7天前无意中发现甲状腺肿块，并在最近3天内肿块迅速增长，伴有胀痛。甲状腺核素扫描结果显示甲状腺右叶存在冷结节。根据这些信息，应如何初步诊断该患者的甲状腺病变？,甲状腺肿块->诊断检查->甲状腺超声,0.67,诊断检查
一位38岁的女性患者，10年前患有葡萄胎，现在出现2个月的阴道流血，量时多时少，诊刮病理报告显示滋养细胞增生活跃，未见绒毛结构。根据这些信息，最可能的诊断是什么？,乳腺癌->症状->阴道流血,0.06,症状
一个患者表现出肢体关节疼痛较剧，痛有定处，得热痛减，遇寒痛增，疼痛局部皮色不红，触之不热，舌苔薄白，脉弦紧。这种情况下，应该选用哪种中药方进行治疗？,寒痹->常用药品->祛风散寒,0.14,常用药品
患者颈前偏左囊性包块随吞咽上下移动，突然增大伴疼痛，既往有手术史。最可能诊断？,包块增大->症状->感染,0.17,症状
一个年仅4岁的男孩从出生起就被发现腭部裂开，检查时可见悬雍垂、软腭及部分硬腭裂开，但牙槽嵴完整。这名患儿的最可能诊断是什么？,部分腭裂->症状->悬雍垂、软腭裂开,0.92,症状
一名55岁男性，右小腿肿痛3天，体温38℃。查体显示右小腿片状红肿，鲜红色，中央较淡，边缘稍隆起，与正常皮肤界限清楚，指压可使红色消退，压力除去后红色很快恢复。根据这些临床表现，最可能的诊断是什么？,右小腿肿痛->疾病描述->急性皮肤病,0.68,疾病描述
一名中年女性在剧烈咳嗽后右大腿卵圆窝部位出现肿块增大、变硬并伴随剧烈疼痛，1天后采用手法还纳后，她出现持续性腹痛，并伴有明显腹肌紧张、压痛和反跳痛的症状。基于这些临床表现，最可能的诊断是什么？,腹膜炎->检查疾病->腹部CT,0.06,诊断检查
根据患者描述：水肿多年，尤其下肢明显，按压后不易恢复；伴有脘腹胀闷、食欲不振、便溏、面色萎黄、精神疲倦、四肢寒冷以及小便短少。舌淡胖，有齿痕，舌苔白腻，脉沉弱等症状，最适合采用哪种中医方剂进行治疗？,湿热下注->推荐食谱->绿豆薏米粥,0.07,推荐食谱
一位36岁的女性患者最近出现不规则阴道出血，月经量增多，阴道排液增多并有恶臭，针对这种情况，应该进行什么检查来明确诊断？,恶臭->症状->感染,0.65,症状
45岁男萨克斯演奏家，颈部皮下柔软肿物一周，体检显示局部皮温正常且无压痛。最可能的影像学特征是什么？,皮下气体积聚->可能患有疾病->气胸,0.55,可能患有疾病
对于一名41岁女性，身高164cm、体重65kg，在近半年表现出多饮、多尿及乏力症状，血压为20／13.3kPa，空腹血糖为6.9mmol/L。在该情况下，哪项检查可以明确诊断为糖尿病？,糖尿病->检查方法->随机血糖测试,0.66,诊断检查
某男患者24岁，发热五至六日后热略减退，随后出现一系列症状，包括肢体无力、心烦口渴、咽喉干燥等。如果患者身热全退且食欲减退，口燥咽干较甚，应该选用哪一种中药方剂进行治疗？,津液亏损->症状->口干,0.49,症状
对于一名18岁男性患者，右上1牙在备洞过程中发生意外穿髓，穿髓孔直径约0.5mm，请问应使用何种治疗方法？,牙髓暴露->治疗方法->根管治疗,0.72,治疗方法
一个患者表现出肢体关节疼痛较剧，痛有定处，得热痛减，遇寒痛增，疼痛局部皮色不红，触之不热，舌苔薄白，脉弦紧。这种情况下，应该选用哪种中药方进行治疗？,寒痹->治疗方法->乌头汤,0.75,治疗方法
一位30岁的女性表现出咽痛干痒、异物感、干咳少痰、颧红、潮热、耳鸣和多梦等症状，舌红苔少，脉细数。根据以上症状特征，宜选用的基础方剂是什么？,六味地黄丸->常用药品->滋阴中药,0.69,常用药品
一位24岁的女性患者因车祸导致面部外伤，X光片显示右侧上颌骨骨折，骨折线经过鼻背、眶部并穿过颧骨上方达到翼突。请问这种情况的诊断是什么？,Le Fort III型骨折->诊断检查->X光片检查,0.55,诊断检查
一位55岁男性患者，间歇性发作咽下困难5个月，可因情绪激动诱发。食管造影未见异常。根据这些症状，应首先考虑什么诊断？,功能性食管疾病->症状->情绪波动诱发症状,0.58,症状
请根据患者的症状描述和实验室结果，诊断此8岁男性最可能患上的疾病是什么？,川崎病->诊断检查->C反应蛋白升高,0.64,诊断检查
高血压患者争吵后突然倒地昏迷，一侧瘫痪，口斜眼歪。应优先考虑哪种疾病？,口歪->症状->脑梗死,0.18,症状
在一位患者表现出外感风寒湿邪、恶寒发热、肌表无汗、头痛项强、肢体酸楚疼痛、口苦而渴的情况下，应该选用哪种中药方进行治疗？,感冒->常用药品->羌活,0.15,常用药品
患者李某出现咯血反复发作一个月，同时伴有咳呛气急、午后潮热、五心烦热等症状。根据这些临床表现，应首选哪种方剂进行治疗？,秦艽鳖甲汤->常用药品->清虚热,0.78,常用药品
男性，49岁，咳嗽1个月，X线检查发现右肺门旁有一类圆形阴影，疑诊肺癌，应首先使用什么方法进行进一步检查？,支气管炎->检查方法->痰液培养,0.19,诊断检查
一名30岁女性患者，既往多次进行人工流产术，现人工流产术后4个月无月经，伴周期性下腹痛，周期约为30天。妇科检查发现子宫稍大，压痛，后穹窿饱满且软。根据上述症状和体征，该患者可能的诊断是什么？,宫腔粘连综合征->忌吃->辛辣刺激食物,0.17,忌吃
一名40岁女性患者在乳晕旁出现1cm圆形肿物，该肿物活动、边界清晰，挤压时乳头有血性液体溢出。这种临床表现最可能的诊断是什么？,乳腺癌->症状->血性乳头溢液,0.55,症状
对于患者表现出咳嗽经久不愈，咳吐黄痰，甚至咳吐腥臭脓血，并且有身热不退，胸中隐隐作痛的症状，舌红苔黄腻，脉滑数的情况，应该使用哪种中药方剂进行治疗？,咳嗽->症状->湿热痰瘀方,0.68,症状
51岁女性患者，脘腹痞满胀痛，嗳腐吞酸，恶食呕逆，或大便泄泻，舌苔厚腻，脉滑，诊断为食滞胃脘证，应选择哪种中成药进行治疗？,食滞胃脘证->常用药品->保和丸,0.92,常用药品
一名38岁的女性患者因反复肾结石入院，血钙水平为10mg/dl。口服钙负荷后，患者血钙未升高，但24小时尿钙排出量为350mg，空腹尿cAMP升高，口服钙负荷后尿cAMP降至正常。根据这些临床表现，最可能的诊断是什么？,肾结石->并发症->肾功能损害,0.35,并发症
"许某, 男性, 79岁, 中风后言语不利, 善忘, 表情迟钝, 面色黎黑, 唇甲紫暗, 舌质, 脉涩。针对他的症状，应该选择哪种治疗方法？",中风后遗症->症状->言语不利、善忘,0.75,症状
根据以下病情描述和实验室检查结果：38岁女性患者反复手指关节疼痛，并伴有面色苍白和乏力症状，实验室数据显示HGB为50g/L，白细胞和血小板均正常，血清铁为5.78μmol/L，铁蛋白为150μg/L，请问最可能的诊断是什么？,类风湿性关节炎->并发症->贫血,0.78,并发症
4岁7个月男孩，右上后牙疼痛1天，体检发现远中邻面龋，叩诊反应微弱，X线显示深龋近髓，最可能的诊断是什么？,牙周炎->诊断检查->体格检查,0.72,诊断检查
一名58岁男性患者，胃镜显示胃小弯有一大病灶。病理报告中，细胞较小，大小一致，呈线状分布，内无腺管结构。这种病理特征的诊断是什么？,未分化癌->诊断检查->组织病理学检查,0.74,诊断检查
一名50岁的男性患者腰疼4个月，伴有腰2、3叩击痛，影像检查显示腰2/3椎间隙变窄，相邻骨性终板有侵蚀样骨质破坏，腰2椎体压缩呈楔形，两侧腰大肌肿胀。基于这些临床表现和影像特征，应如何诊断此病症？,椎间隙变窄->可能患有疾病->脊柱结核,0.69,可能患有疾病
患者王某反复呕吐清水痰涎、脘闷不食、头眩心悸、舌苔白腻、脉滑。最适合的中医方剂？,胃气上逆->治疗方法->二陈汤,0.59,治疗方法
对于一位47岁女性患者来说，她的腕关节肿痛持续了3个月，掌指关节肿痛持续了6周，并伴有早晨僵硬症状，哪项检查对确立诊断最有意义？,类风湿关节炎->宜吃->抗氧化食品,0.57,宜吃
一位10岁出现高热、嗜睡呕吐、抽搐昏迷等症状并有不洁饮食史的患儿，脑脊液检查结果显示压力量大、Pandy氏反应为（±）、白细胞计数高，依据这些症状和检查结果，若需要尽早确诊为乙型脑炎，应进行哪项特异性检查？,乙型脑炎->诊断检查->日本乙型脑炎IgM抗体,0.75,诊断检查
一位36岁的女性患者，表现出上颌前牙唇倾并伴有散隙，前牙深覆导致上颌牙龈被咬伤，以及个别前牙Ⅰ～Ⅱ度松动，覆盖6mm，并缺失下颌右侧第一磨牙，第二磨牙及第二双尖牙向缺牙隙倾斜。在这种情况下，患者最首先需要接受哪种治疗？,前牙松动->可能患有疾病->牙周炎,0.91,可能患有疾病
根据某女患者，73岁，患有肺心病，出现喘促、不能平卧、心悸尿少、肢体浮肿、舌质淡胖、脉沉细的症状，应该使用什么方剂进行治疗？,心肾阳虚->治疗方法->真武汤,0.91,治疗方法
一个50岁女性，绝经1年，出现阴道流血1个月，阴道细胞学检查显示不典型腺上皮纤毛细胞，其最可能的诊断是什么？,不典型腺上皮纤毛细胞->诊断检查->子宫内膜癌,0.93,诊断检查
对于一个7岁的孩子，出现眼睑水肿5天，血尿、少尿2天伴烦躁气促的情况，查体结果显示血压120/80mmHg，双肺底可闻少许湿啰音，心率142次/分，肝肋下2cm。在这种情况下，首先应该使用哪种药物进行治疗？,急性肾小球肾炎->症状->眼睑水肿,0.77,症状
对于一名7岁女孩，出现尿频尿急5天并伴有寒战，全身温度39.0℃，双肾区有叩击痛，确诊这种情况下首选的检查是什么？,尿培养->治愈概率->较高,0.06,治愈概率
通过检查，一名患者的呼吸模式表现为由浅慢逐渐变深快，然后由深快转为浅慢，随之出现短时暂停，并不断循环此模式。这种呼吸模式应如何诊断？,切尼-施托克斯呼吸->可能患有疾病->呼吸衰竭,0.72,可能患有疾病
一位48岁的女性，三个月前无明显诱因出现右上腹不适，表现为钝痛。结合影像学表现，其最可能的诊断是什么？,腹部肿块->可以治疗疾病->间叶瘤,0.37,可以治疗疾病
根据患者的症状表现，包括失眠多梦、健忘、心悸、头晕和盗汗，结合舌苔薄白、脉细弱的特征，应该首选哪种中药进行治疗？,心脾两虚->治疗药物->酸枣仁,0.91,常用药品
一名3岁男性患儿患有麻疹并未及时治疗，目前症状包括高热烦躁、神昏谵语、偶尔抽搐、皮疹遍及全身呈紫红色、舌红绛及脉弦数，针对这样的病情，应采用何种治疗方法？,麻疹->常用药品->安宫牛黄丸,0.78,常用药品
一名49岁的女性患者，上唇部有不适感3天，检查发现上唇皮肤有多个水疤并有强烈的不适感，抗单纯疱疹病毒抗体价高于正常值64倍。请问该病可能的诊断是什么？,抗体升高->治愈概率->0.3,0.11,治愈概率
针对2岁患儿，今晨呕吐无异味且形体消瘦、面色苍白、指纹淡的症状，应首选哪种中药进行治疗？,脾胃虚弱->并发症->气血亏虚,0.69,并发症
一名78岁男性患者出现进行性吞咽困难5个月，完全不能进食3周。钡剂造影显示食管中段有阻塞，不能通过钡剂。针对这种情况，应该采用哪种治疗方案？,食管癌->症状->吞咽困难,0.93,症状
一名30岁的男性患者表现出大热烦躁、错语不眠、口燥咽干、小便黄赤、舌红苔黄和脉数有力的症状，请问针对这些症状适合选择哪种治疗方剂？,黄连解毒汤->症状->大热烦躁,0.91,症状
边某，男，58岁，最近出现头目眩晕，目胀耳鸣，脑部热痛，心中烦热，面色如醉，舌红少苔，脉弦长有力等症状，结合其有高血压病史，这种情况下，应该选用哪种中药方剂进行治疗？,肝阳上亢->症状->头目眩晕,0.95,症状
中医诊断中，头摇肢颤、口干苦、舌红苔黄腻、脉沉滑，应选择哪个方剂？,苔黄腻->检查疾病->痰热内扰,0.66,诊断检查
根据患者曾某，女，53岁的症状：脘腹胀满疼痛，不思饮食，四肢倦怠，舌苔自腻，脉沉弦，应该选用哪种传统中药方剂进行治疗？,厚朴温中汤->常用药品->厚朴,0.61,常用药品
根据发作性意识丧失和脑电图显示3Hz棘一慢波的症状，智力基本正常的6岁女童，应该选择哪种药物进行治疗？,失神癫痫->治疗方法->药物剂量调整,0.12,治疗方法
一位24岁女性患者突发心悸，既往有类似发作史5年，体检显示心率170次/分，血压90/50mmHg，心电图显示QRS波群正常且P波不明显。根据这些信息，最可能的诊断是什么？,心动过速->症状->心悸,0.62,症状
32岁女性患者在进餐时与人发生口角后，突然感到呼吸困难。体检显示呼吸浅表频率达80次/分且无啰音。根据这些临床表现，该患者最可能的诊断是什么？,癔病->并发症->失语症,0.18,并发症
56岁男性背痈溃后脓水稀少，坚肿不消，精神不振，面色无华，脉数无力。首选中药方剂？,感染->治疗方法->抗生素,0.07,治疗方法
一名35岁男性患者，反复腹泻4年，大便中常见食物残渣，多次大便常规和培养均正常，肠镜检查结果如图所示。根据这些信息，应该采用哪种根本治疗方案来解决其腹泻问题？,胰腺外分泌功能不全->治疗方法->抗生素治疗,0.62,治疗方法
一个患者表现为四肢痿软麻木，身体困重，足胫发热，胸脘痞闷，小便短赤，舌苔黄腻，脉滑数。针对这些症状，应选用何种方剂进行治疗？,湿热痿证->治疗科室->中医内科,0.12,治疗科室
一名42岁的男性患者，感到肛门内胀痛、畏寒、排尿困难，直肠指检发现肛管右侧有触痛性隆起并具有搏动感。根据这些症状，最可能的诊断是什么？,坐骨直肠窝脓肿->并发症->尿路感染,0.37,并发症
根据发作性意识丧失和脑电图显示3Hz棘一慢波的症状，智力基本正常的6岁女童，应该选择哪种药物进行治疗？,失神癫痫->药物治疗->丙戊酸钠,0.75,常用药品
一名35岁女性患者有急性胰腺炎病史，现感上腹不适。根据中上腹超声声像图表现，可以得出什么诊断？,胃溃疡->症状->上腹痛,0.11,症状
一位40岁的男性患者突发眩晕、视物旋转、恶心、呕吐2天，并伴有右侧耳鸣和听力减退，血压正常，眼震阳性，四肢肌力正常，病理征阴性，病前1周有上呼吸道感染史。基于这些临床表现，他最可能患有什么类型的眩晕？,眩晕->治疗方法->药物治疗,0.18,治疗方法
一名3岁女孩，有青紫型先天性心脏病，连续5天发热伴腹泻，并在1天内出现头痛、两次惊厥以及左侧肢体活动障碍，这种情况下最可能的诊断是什么？,脑栓塞->症状->头痛,0.42,症状
根据患者60岁男性，症状包括反复咯血、咳痰粘稠、低热伴消瘦、活动后气短和乏力，以及X线胸片显示右肺上叶段片状及条索状阴影，并有透亮区、胸廓下陷、气管右移的情况，应首先考虑什么诊断？,肺结核->诊断检查->痰检与结核菌素试验,0.75,诊断检查
一名50岁的女性感到乏力、食欲下降，并在两个月内明显消瘦。妇科检查发现盆腔有包块。根据超声检查结果，该包块最可能的诊断是什么？,乏力->症状->消瘦,0.42,症状
一位27岁的已婚女性患者，产后恶露35天不止，颜色深红、质地稠粘并有臭味，伴随口燥咽干，舌红，脉虚细而数。根据这些症状，应该选择哪种中药方剂进行治疗？,阴虚内热->症状->舌红,0.57,症状
一个7岁患儿，两周前患上感冒，三天前出现发热、易疲倦和脸色苍白。检查发现心率增快、心音低钝，并可闻及早搏，心电图显示P-R间期延长和ST段下移，实验室检查显示C反应蛋白增高。结合这些临床表现，该患儿最可能的临床诊断是什么？,感冒后->易患人群->儿童心肌炎,0.01,易患人群
根据患者曾某，女，53岁的症状：脘腹胀满疼痛，不思饮食，四肢倦怠，舌苔自腻，脉沉弦，应该选用哪种传统中药方剂进行治疗？,脾胃虚寒->忌吃->生冷食物,0.16,忌吃
一名50岁男性，10天前开始发冷、发热，体温39.5℃，伴有右侧胸痛、咳嗽、咳脓性臭痰，并有结核病密切接触史。为了进一步明确他的诊断，应该首先进行什么检查？,肺脓肿->传染性->细菌感染,0.28,传染性
哪种药物属于高效利尿剂且耳毒性低，适用于有听力缺陷及急性肾衰竭患者？,呋塞米->常用药品->高效利尿剂,0.39,常用药品
一名53岁男性患者，近两年来出现渐进性头痛，伴随左眼球外突且移位至前下方。CT检查结果显示有关病变，最可能的诊断是什么？,CT检查->检查疾病->颅内肿瘤,0.76,诊断检查
对于一位36岁的女性患者，她因外伤休克导致血压70/50mmHg，中心静脉压16cmH2O，应该首先选择哪种药物进行治疗？,外伤休克->治疗药物->甘露醇,0.62,常用药品
一名31岁女性患者，左眼球突出持续进行性加重超过10年，结合CT影像，最可能的诊断是什么？,CT检查->检查疾病->黏液囊肿,0.54,诊断检查
一名7岁的患儿，2周前得过猩红热，最近两天出现眼睑水肿，血压为16.0/10.7kPa(120/80mmHg)，尿常规显示蛋白++，红细胞5~8个/HP，目前水肿明显且尿量200ml/日。在护理过程中，应特别警惕发生哪种严重并发症？,急性肾小球肾炎->治疗方法->利尿剂,0.78,治疗方法
对于一名67岁有长期吸烟史并患有慢性阻塞性肺疾病（COPD）的男性患者，在经历浅昏迷和下肢水肿的情况下，若要明确诊断，首先应进行什么检查？,COPD->治疗方法->气道扩张剂,0.21,治疗方法
一名62岁的男性患者佩戴可摘局部义齿1个月后，咀嚼时经常咬到颊黏膜。考虑到患者的下颌舌侧第一磨牙至磨牙后垫区有压痛现象，导致患者咬颊黏膜的具体原因是什么？,颊侧覆盖不足->症状->咬颊黏膜,0.33,症状
56岁男性背痈溃后脓水稀少，坚肿不消，精神不振，面色无华，脉数无力。首选中药方剂？,湿毒壅盛->治疗方法->托里消毒散,0.73,治疗方法
在一名男性患者摔倒后出现肩部疼痛，检查发现患肩下沉，患肢活动障碍，头向患侧偏斜，Dugas征阳性的情况下，最可能的诊断是什么？,肩关节脱位->治疗科室->骨科,0.13,治疗科室
一名26岁女性患者，自觉进食时牙龈易出血已有5个月，牙龈呈鲜红色且高度水肿、肥大，并且有龈袋形成和牙石。该患者已怀孕5个月。根据这些症状，最有可能的诊断是什么？,妊娠期龈炎->传染性->否,0.75,传染性
某35岁女性因腹泻、脱水入院，既往有难产史，产后无乳、闭经，食欲不振，疲乏无力，血压偏低。在此情况下，进行哪项检查结果最可能出现异常？请详细说明。,心衰->症状->呼吸困难,0.07,症状
哪种药物属于高效利尿剂且耳毒性低，适用于有听力缺陷及急性肾衰竭患者？,利尿剂->治疗科室->肾内科,0.28,治疗科室
患者骨蒸盗汗、心烦易怒、消渴多食、遗精尿赤、足膝热痛、舌红少苔、脉细数，应选哪种中药方剂？,骨蒸盗汗->症状->阴虚火旺,0.79,症状
患者为38岁女性，双额黏膜存在白色病变1年，活检标本显示上皮萎缩、表面不全角化、上皮钉突不规则延长，基底细胞层液化变性以及固有层内近上皮区淋巴细胞浸润。根据这些病理特征，诊断应为哪种疾病？,口腔扁平苔藓->症状->白色病变,0.91,症状
女性，22岁。感冒发烧后出现心悸、胸闷、呼吸困难及浮肿，查体显示心律不齐，心电图显示频发室性早搏。为了进一步明确诊断，应考虑进行哪项检查？,心肌炎->诊断检查->心脏磁共振,0.65,诊断检查
根据症状描述，43岁女性患者表现出嘈杂、恶心、吐酸等症状，伴有口渴喜冷、口臭、脘闷心烦、多食易饥，舌红苔黄干，脉滑数，最适合选用哪种中药方剂进行治疗？,胃热 -> 常用药品 -> 温胆汤,0.75,常用药品
根据2岁男孩的病情描述，包括发热、剧烈头痛、喷射性呕吐和脑膜刺激征阳性等症状，他被诊断为哪种类型的流行性脑膜炎？,脑膜炎奈瑟菌感染->传染性->是,0.74,传染性
对于一个6岁的男性儿童，摔倒后皮肤伤口持续渗血，左膝关节肿大并从关节腔抽出血性积液，此时最重要的检查是什么？,血友病->诊断检查->凝血因子测定,0.09,诊断检查
26岁初产妇在妊娠39周时顺利经阴道分娩后，立即出现多量鲜红色阴道流血，持续不断。在这种情况下，最可能的病因是什么？,软产道裂伤 -> 症状 -> 阴道流血,0.95,症状
根据一名52岁女性左小腿肿胀两年余，活动后稍加重，不痛不热的症状，以及所提供的图像，最可能的诊断是什么？,脂肪瘤->症状->肿胀,0.39,症状
一位25岁的女性患者甲状腺肿大，边缘不清，质软无痛，肿块随吞咽上下移动，情绪波动亦影响其大小，治疗时首选哪个方剂？,甲状腺肿大->治疗方法->柴胡清肝汤,0.95,治疗方法
一位25岁的女性患者甲状腺肿大，边缘不清，质软无痛，肿块随吞咽上下移动，情绪波动亦影响其大小，治疗时首选哪个方剂？,柴胡清肝汤->可以治疗疾病->甲状腺肿大,0.91,可以治疗疾病
某男，43岁，诊断为肝硬化8年，现表现为腹大胀满、脉络怒张、胁腹刺痛、面色晦暗、胁下痞块、面颈胸壁有红点赤缕、手掌赤痕、口干不欲饮、粪便色黑、舌紫暗、脉细涩。根据以上症状，适宜选择哪种中药方剂进行加减治疗？,肝硬化->症状->黑便,0.31,症状
根据患者右肾结石伴中度积水和感染的病情特点，以及右肾功能严重受损的状况，最佳的治疗方法是什么？,肾切除术->可以治疗疾病->肾功能严重受损,0.66,可以治疗疾病
一名糖尿病患者晨起活动后突发神志不清、跌倒，约3分钟后自行缓解，但主诉双眼视物不清。查体发现其双眼球不能上视，双动眼神经部分麻痹，双瞳孔光反射迟钝，记忆力差，双眼视力仅为眼前指数，头颅CT未见异常。结合以上症状，应考虑哪一种临床诊断？,基底动脉尖综合征->治疗方法->抗血小板药物,0.68,治疗方法
描述一名老年男性在车祸导致右股骨开放性骨折并在内固定术后出现切口少量脓性渗出和创口肉芽组织突起的情况，结合X线片显示骨折断端有层状致密新骨形成且骨折片边界清楚的影像学特征，你认为最可能的诊断是什么？,慢性骨髓炎->常用药品->抗生素,0.55,常用药品
一名39岁女性患者出现低热、乏力、腹胀等症状，下腹触及明显肿块且体重减轻，结合影像学检查结果，最可能的诊断是什么？,体重减轻->症状->卵巢癌,0.48,症状
根据患者的症状表现，包括失眠多梦、健忘、心悸、头晕和盗汗，结合舌苔薄白、脉细弱的特征，应该首选哪种中药进行治疗？,心脾两虚->治疗药物->四君子汤,0.65,常用药品
一名17岁的女性患者长期持续性出现阴道漏尿，并且可以间隔性正常排尿，B超示右肾重度积水且肾图提示右肾无功能。在这种情况下，首先应进行哪项检查以明确诊断？,逆行肾盂造影->检查疾病->膀胱阴道瘘,0.52,诊断检查
一名31岁女性患者，左眼球突出持续进行性加重超过10年，结合CT影像，最可能的诊断是什么？,额窦扩张->可能患有疾病->鼻息肉,0.42,可能患有疾病
一名56岁男性患者，经历2个月间断无痛全程肉眼血尿，体检结果显示肾区无叩痛，尿检红细胞充满每高倍镜视野，并且静脉尿路造影显示右肾盂有充盈缺损，这些症状和检查结果最可能提示该患者患有什么疾病？,尿路上皮癌->症状->肾区无叩痛,0.72,症状
一位38岁的女性患者，10年前患有葡萄胎，现在出现2个月的阴道流血，量时多时少，诊刮病理报告显示滋养细胞增生活跃，未见绒毛结构。根据这些信息，最可能的诊断是什么？,阴道流血->症状->多种妇科疾病,0.47,症状
一名男性患者颈部有直径约3厘米的肿物，质地柔软，色暗红如海绵状，按压后可缩小。请问这种肿物可能的诊断是什么？,海绵状血管瘤->症状->肿物质地柔软,0.77,症状
根据一位55岁女性患者的症状表现为腹痛、大便秘结和腹泻交替，并在直肠指检阴性情况下，如果确诊为早期大肠癌，最优先选择哪种治疗方法？,早期大肠癌->治疗方法->放疗,0.68,治疗方法
根据女性患者28岁，经来先期，量少或多，色红质稠，手足心热，舌红少苔，脉细数等症状，应首选哪种方剂进行治疗？,阴虚血热->常用药品->两地汤,0.99,常用药品
一个34岁的男性出现发热、背部疼痛、不能直立和局部软组织肿胀等症状，结合医学影像，他的症状最可能指向哪种疾病？,化脓性脊椎炎->治疗方法->营养支持治疗,0.02,治疗方法
一个32岁的男性患者，烧伤40%，伤后第10天出现高烧40℃、心率140次/分、呼吸36次/分，创面湿润且有灶性积脓，创周炎症明显，血白细胞计数为20×10/L，但血培养未见细菌生长。这种情况下应考虑患者可能出现了什么并发症？,痤疮->治疗->局部抗菌药,0.14,治疗方法
在患者治疗1周后，虽然身热退去，黄疸减轻，呕吐止住，但仍有胁肋隐痛，脘痞腹胀，食少口干苦，小便赤苔腻，脉弦数。此时应选用哪个方剂进行治疗？请说明理由。,茵陈四苓散->症状->小便赤苔腻,0.69,症状
根据一位46岁女性的超声检查结果，她的月经量不多，无痛经史，今年龄段最可能的子宫异常诊断是什么？,子宫异常->可能患有疾病->子宫肌瘤,0.65,可能患有疾病
一个7岁患儿，两周前患上感冒，三天前出现发热、易疲倦和脸色苍白。检查发现心率增快、心音低钝，并可闻及早搏，心电图显示P-R间期延长和ST段下移，实验室检查显示C反应蛋白增高。结合这些临床表现，该患儿最可能的临床诊断是什么？,心肌炎->并发症->心力衰竭,0.54,并发症
一位48岁男性患者，具有15年高血压病史，现在突然出现剧烈的胸背部疼痛，伴有面色苍白。体检发现其脉搏为88次/分，血压为170/120mmHg，心电图正常。请问该患者最有可能被诊断为何种疾病？,主动脉夹层->症状->剧烈胸痛,0.91,症状
一位50岁的女性，有30余年乙型肝炎病史，2小时前进食烧饼后突然出现呕血约800ml。查体结果显示全身皮肤、黏膜无黄染，无腹水。在这种情况下，若需要进行急诊手术，请问最佳的手术方式是什么？,门静脉高压引起的食管静脉曲张->并发症->上消化道出血,0.75,并发症
一位35岁的女性病人在输血后1小时内出现畏寒、寒战高热、头痛、出汗、恶心、呕吐和皮肤潮红，体温达到40℃。结合其有输血史的情况，最可能的临床诊断是什么？,输血反应->并发症->寒战,0.02,并发症
患者宋某出现干咳少痰、痰中带血丝、形瘦气短、虚烦盗汗等症状，结合脉象为虚数，以及咽干舌燥、大便难、虚热时发等表现，试问应选用哪种中药汤剂进行治疗？,炙甘草汤->治疗方法->滋阴补气,0.38,治疗方法
一名患者因全身瘙痒而抓挠皮肤，结果在皮肤上出现条索状隆起，服用抗组胺药有效，但停药后容易复发。这种症状应该被诊断为何种皮肤问题？,皮肤划纹症->并发症->感染,0.35,并发症
一名30岁的男性患者表现出大热烦躁、错语不眠、口燥咽干、小便黄赤、舌红苔黄和脉数有力的症状，请问针对这些症状适合选择哪种治疗方剂？,黄连解毒汤->症状->小便黄赤,0.75,症状
16岁男性患者反复呕血、黑便、皮肤粘膜出血一周，肝脾不大，血液检查结果显示Hb60G/l，RBC2.2X10¹²/L，WBC5.0X10⁹/L，BPC12X10⁹/L，骨髓增生活跃且幼稚型巨核细胞增加。请根据这些信息，说明该患者最可能的诊断是什么？,幼稚型巨核细胞增多->诊断检查->骨髓穿刺,0.53,诊断检查
针对一位颈部疼痛、四肢无力2年，并在检查时发现第二肋间感觉明显减弱的患者，哪种检查对于确诊最有意义？,四肢无力->可以治疗疾病->缺铁性贫血,0.07,可以治疗疾病
一名45岁的女性在接受腰麻后4小时内出现烦躁不安，测量血压、脉搏和呼吸均正常。查体显示下腹部膨隆且叩诊呈浊音，请问这种情况下最可能的诊断是什么？,尿潴留->治疗方法->导尿,0.91,治疗方法
一名50岁女性患者，在触摸左颊黏膜时感觉到左颊和左下唇出现电击样剧痛，持续数秒钟，卡马西平治疗对其有效。请问该患者最可能的诊断是什么？,三叉神经痛->症状->电击样剧痛,0.57,症状
请详细描述一位男性患者摔伤右腕部后，在X光片上腕关节显现的具体损伤特征，并指出最可能的诊断是什么。,Colles骨折->治疗方法->复位固定,0.75,治疗方法
31岁男性患者突发胸壁和背部疼痛，并伴随下肢无力、麻木、排尿困难、视物成双、饮水呛咳和吞咽困难，这些症状表明患者可能患上了什么病？,急性横贯性脊髓炎->治疗方法->针灸,0.34,治疗方法
对于一名1岁10个月的患儿，出现发热半天及全身惊厥1次、持续10余分钟伴呕吐和意识模糊的症状，大小便正常，应进行什么检查才能有助于明确诊断？,发热惊厥->可能患有疾病->病毒性脑炎,0.07,可能患有疾病
对于一名52岁男性患者，伴有逐渐出现的贫血、尿色浓茶、轻度黄染但无发热或出血症状，且肝脾不肿大的情况下，应该进行哪项检查以确诊溶血性贫血？,溶血性贫血->检查疾病->乳酸脱氢酶,0.66,诊断检查
一名3岁男性患儿患有麻疹并未及时治疗，目前症状包括高热烦躁、神昏谵语、偶尔抽搐、皮疹遍及全身呈紫红色、舌红绛及脉弦数，针对这样的病情，应采用何种治疗方法？,高热->治疗方法->羚角钩藤汤,0.76,治疗方法
一名50岁男性，10天前开始发冷、发热，体温39.5℃，伴有右侧胸痛、咳嗽、咳脓性臭痰，并有结核病密切接触史。为了进一步明确他的诊断，应该首先进行什么检查？,结核病->诊断检查->胸部X线,0.91,诊断检查
一个8岁男性患者发现右阴囊内肿块1年，该肿块无痛且平卧时消失，扪之囊性感，透光试验呈阳性。请问根据这些情况，首选的治疗方法是什么？,交通性鞘膜积液->症状->阴囊可复性肿块,0.78,症状
根据一名45岁女性患者的病情描述，她的下唇出现了暗红色斑块，中央稍凹陷，边缘稍隆起，损害黏膜侧有白色放射状条纹，皮肤侧有黑色围线，且组织病理表现为角质栓形成和固有层血管周围密集细胞浸润，结合她的长期日晒史，这种病损最可能诊断为什么？,盘状红斑狼疮->症状->下唇病损,0.94,症状
针对一位患有类风湿关节炎的23岁女性，她在左上眼睑和右眼巩膜上分别出现褐色斑点和蓝色斑块。结合她的病情历史和症状，最合适的诊断是什么？,Alkaptonuria->症状->蓝色斑块,0.34,症状
对于一位左眼被铁屑崩伤2小时且角膜缘处结膜有2cm伤口的22岁男性患者，眼部检查未发现明显异物，下一步应该进行什么检查来排除眼内潜在异物？,眼部外伤->治疗科室->眼科,0.68,治疗科室
女性患者腰麻术后4小时出现烦躁不安，下腹部膨隆且叩诊浊音，生命体征正常。最可能考虑？,烦躁->症状->精神异常,0.17,症状
针对一名30岁女性在体检时血压测量为150/100 mmHg的情况，请描述为了确诊是否有高血压，进一步应该进行的血压检查方式。,高血压->诊断检查->差异日测量,0.63,诊断检查
对于一名3岁的室间隔缺损患儿，如果患者出现反复发热、咳嗽10余天，且胸片显示肺纹理增多及小片状阴影，基于这些症状和影像学表现，应该首先考虑诊断为哪种疾病？,感染性心内膜炎->并发症->瓣膜损伤,0.21,并发症
一名5岁男孩因反复刺激性咳嗽、痰中带血和胸痛1年，多次胸片检查显示右肺门区钙化影，其数目和位置互不相同，右下肺有时出现局限性肺炎和肺不张表现，这种情况下，最可能的诊断是什么？,肺结核->症状->低热,0.37,症状
一名53岁的女性患者上腹部疼痛不适半年以上，出现进行性皮肤及巩膜黄染。超声检查显示的声像图特点是什么，可以确诊为胆总管下段癌？,胆总管下段癌->诊断检查->超声检查,0.22,诊断检查
一名24岁女性患者在咽痛2周后出现肉眼血尿，尿液分析显示红细胞遍布于视野中，且有链球菌感染病史，尿蛋白定量为0.9g/d，肾功能和血压正常，ANA结果为阴性。基于这些信息，最可能的诊断是什么？,链球菌感染->可能患有疾病->急性链球菌感染后肾小球肾炎,0.79,可能患有疾病
患者出现咽中不适，有异物感，咽之不下，咳之不出，伴胸中窒闷、呕恶、口苦等症状，舌苔黄而腻，脉滑数。这种情况下，应该使用哪种方剂进行治疗？,湿热困脾->可能患有疾病->胃气逆上,0.14,可能患有疾病
一名21岁的男性，近1周来突然感到乏力、厌食，并且右上腹隐痛。体检显示肝大肋下2cm，质中且有压痛。在怀疑为急性病毒性肝炎的情况下，应立即进行何种检查来确诊？,厌食->食谱有益于疾病->易消化流质饮食,0.09,食谱有益于疾病
一位66岁男性突发心前区疼痛，含硝酸甘油不缓解，出现呼吸困难，不能平卧。心电图显示V1到V5导联的ST段弓背向上抬高，并出现宽而深的Q波。这种心电图特征对应于哪个部位的心肌梗死？,前壁心肌梗死->诊断检查->心电图,0.63,诊断检查
30岁男性，间断性上腹痛3年，呕血400毫升，排黑便4次，头晕心悸，HBsAg阳性，最可能的诊断？,消化性溃疡->治疗方法->止血治疗,0.48,治疗方法
一名6岁男性患儿，两天前经历严重车祸后撕脱伤，现体温38.5℃，四肢冰冷，全身多处皮肤瘀斑及出血点，伴有黄疸和血红蛋白尿，血压为60/35mmHg，检查发现血小板计数为55×10⁹/L，纤维蛋白原为1.2g/L，肝功能正常。患儿突然出现惊厥和意识障碍，且血红蛋白为110g/L，最可能是什么原因导致了患儿当前的症状？,创伤->并发症->DIC,0.94,并发症
疟疾患者使用二盐酸奎宁静滴抢救时出现寒战、高热、血红蛋白尿，应换用何药？,高热->症状->感染,0.14,症状
一位68岁的男性患者，表现出胸痛、呼吸困难、并伴有超过一个月的咳嗽症状。结合影像学检查，该患者最可能的诊断是什么？,胃癌->治疗方法->手术切除,0.12,治疗方法
针对面色白、时常自汗、恶风、易感冒以及脉浮无力的症状，这位54岁女性患者宜使用何种中药进行治疗？,气虚->症状->易感冒,0.78,症状
一名57岁的老年女性，绝经5年，阴道流出黄水样分泌物持续1年。妇科检查显示宫颈光滑，子宫后位且稍小，右侧穹隆处可触及鸽蛋大小的硬质包块，并且与子宫关系密切且有粘连。分段诊刮病理切片显示萎缩性子宫内膜，请问这种情况下最可能的诊断是什么？,输卵管癌->诊断检查->腹部CT,0.52,诊断检查
一名40岁的女性患者，头痛持续2年，CT显示右小脑桥脑角处有一个4×5cm的囊实性占位性病变，并跨越到鞍旁，实性部分显示增强，内听道正常。根据这些症状和影像学表现，这种病变最可能是什么类型的肿瘤？,囊实性占位性病变->症状->脑膜瘤,0.44,症状
9岁男孩，出现颜面水肿和深色尿液，且有抽搐和昏睡等症状，结合这些症状和病史描述，请说明最优先应该进行哪种治疗措施？,急性肾炎->治疗方法->抗生素治疗,0.65,治疗方法
一个8个月大的女孩反复出现呼吸道感染，检查结果显示她体内的IgA含量非常低，但IgG和IgM含量正常，请问这种情况下最可能的诊断是什么？,选择性IgA缺乏症->治疗方法->免疫支持治疗,0.71,治疗方法
一名39岁女性患者，因右上腹疼痛1天就诊。体检显示巩膜黄染，体温39.5℃，右上腹压痛并伴有轻度肌紧张。B超检查发现胆管轻度扩张且胆管内有结石。如果不及时治疗，该患者最可能出现什么严重并发症？,胆管结石->推荐食谱->高脂饮食,0.12,推荐食谱
一名50岁的女性感到乏力、食欲下降，并在两个月内明显消瘦。妇科检查发现盆腔有包块。根据超声检查结果，该包块最可能的诊断是什么？,盆腔包块->治疗科室->肿瘤科,0.51,治疗科室
在牙周基础治疗完成2个月后，假如患者磨牙区袋深仍约为5mm，且附着龈较宽，牙槽骨出现水平吸收但无异常骨形态，针对这种情况，哪种牙周手术治疗方案最好？,牙周疾病->治疗方法->冷冻治疗,0.18,治疗方法
26岁女性人流术后微热、下腹坠痛、子宫触痛，应考虑哪种疾病？,人流术后->并发症->子宫内膜炎,0.95,并发症
49岁男性患者有劳力性胸痛病史，心率为110次/分。为了控制这种情况下的心率，应优先选择哪种药物？,美托洛尔->治疗方法->减慢心率,0.78,治疗方法
一位62岁的女性患者有长期便秘史，在一次排便后出现头痛和右侧肢体麻木无力，病情逐渐进展。2天后头颅CT显示左侧壳核区高密度病灶。查体时会发现什么特定的体征？,头痛->诊断检查->脑电图,0.13,诊断检查
一名50岁男性患者视力略减退，眼外检查无异常，但眼底检查显示静脉曲张、动脉变细，并且乳头面上出现大片状火焰状出血，同时视网膜反光增强以及可能出现黄白色类脂质变性及出血。根据这些临床表现，这种情况最可能的诊断是什么？,中央视网膜静脉阻塞->治疗方法->抗凝治疗,0.61,治疗方法
针对一位45岁女性患者出现右上腹胀痛伴皮肤巩膜黄染的症状，在体格检查中发现皮肤巩膜明显黄疸且腹水征为阴性，请问为了明确梗阻部位，首选的检查方法是什么？,胆管梗阻->诊断检查->腹部超声,0.44,诊断检查
某少女出现月经停止半年，同时伴有神疲肢倦、心悸气短、面色淡黄等症状，舌象为淡胖有齿痕、苔白腻，脉象缓弱。根据这些临床表现，应使用哪种中药方剂进行治疗？,气虚 -> 推荐食谱 -> 黄芪鸡汤,0.31,推荐食谱
一名37岁的男性患者昨晚摄入大量油腻食物后半夜突发腹痛、腹泻及里急后重的症状，此时最适宜使用哪种中药治疗？,腹痛腹泻->治疗方法->消食导滞,0.75,治疗方法
一名28岁男性患贫血5年，血红蛋白60g/L，血小板25×10^9/L，白细胞2.8×10^9/L，网织细胞0.3%，骨髓增生活跃，其中浆细胞5%，淋巴细胞50%，组织嗜碱细胞3%，巨核细胞少见，Ham's试验阴性。请问对该患者来说，哪种治疗方法为最佳选择？,再生障碍性贫血->治疗科室->血液科,0.12,治疗科室
32岁已婚女性，月经规律，近3年未避孕未怀孕，丈夫精液检查正常，输卵管造影提示双侧输卵管梗阻。最适合的治疗方法是什么？,输卵管疾病->检查疾病->输卵管造影,0.34,诊断检查
一名28岁的男性患者，不规则发热2个月，右颈部淋巴结肿大且韧。通过穿刺涂片观察到“镜影状”细胞，请问这最可能是诊断什么疾病？,霍奇金淋巴瘤->常用药品->化疗药物,0.34,常用药品
一名48岁女性患者在车祸中导致右胫腓骨骨折，并在外固定术后两年进行复查。请根据复查结果描述最可能的诊断是什么？,骨不连->症状->骨折部位无活动性,0.74,症状
根据病史中女性患者40岁，反复10多年咳嗽并有时咳黄痰，及3天前突然咯血150毫升，结合体检和胸部X线片显示双肺下野纹理略增强，请问最可能的诊断是什么？,支气管扩张->治疗方法->抗感染治疗,0.55,治疗方法
一位38岁的女性患者，10年前患有葡萄胎，现在出现2个月的阴道流血，量时多时少，诊刮病理报告显示滋养细胞增生活跃，未见绒毛结构。根据这些信息，最可能的诊断是什么？,绒毛膜癌->治疗科室->妇科肿瘤科,0.67,治疗科室
一名43岁男性，患有扩张型心脏病，突发心悸来到急诊。结合心电图结果，针对该患者的病情，首选的治疗方案是什么？,扩张型心脏病->治疗方法->抗心律失常药物（美托洛尔）,0.78,治疗方法
一名30岁的女性患者，出现尿频、尿急、尿痛症状已有一年。超声波检查发现其右肾轻度肿大，实质结构紊乱，并存在多个大小不等的不规则液性腔及钙化灶，且部分液性腔相互沟通并与扩张的肾盂相连，液性腔及肾盂的壁不规则，右输尿管全程扩张，膀胱壁表现为弥漫性增厚和僵硬，以及容积明显缩小。请综合描述最可能的诊断是什么？,肾结核->治疗方法->抗结核药物,0.72,治疗方法
一名28岁男性患者在上呼吸道感染后2周出现肉眼血尿和颜面水肿，经过2个月治疗后，尿检显示蛋白（＋＋），红细胞15～20个/HP，血压变化不大，但血清肌酐升至400μmol/L，B超显示双肾增大。为了进一步明确诊断，应该选择哪种辅助检查？,肾炎->推荐食谱->高盐饮食,0.14,推荐食谱
在肝脏修补手术后的患者中，若发现切口渗血且引流管中引流量大且颜色鲜红，但实验室检查结果显示Hb64g/L，血小板计数25×10^9/L，PT16.7秒，TT9.5秒，FIB0.67g/L且D-二聚体阴性，这种情况下术后出血最可能的原因是什么？,术后出血->食物有益于疾病->菠菜,0.09,食物有益于疾病
一名65岁男性患者突发呼吸困难，双肺可闻及哮呜音，既往有哮喘及冠心病史，针对这种情况，哪种药物最适宜用来缓解患者的症状？,氨茶碱->药物->缓解呼吸困难,0.53,常用药品
一个年仅4岁的男孩从出生起就被发现腭部裂开，检查时可见悬雍垂、软腭及部分硬腭裂开，但牙槽嵴完整。这名患儿的最可能诊断是什么？,腭裂->可能患有疾病->部分腭裂,0.52,可能患有疾病
"对于28岁的女性患者, G1P0，患有原发痛经，子宫如孕6周大小，左卵巢有6cm大小的子宫内膜异位囊肿并伴有粘连，最佳的治疗方案是什么？",腹腔镜手术->治疗方法->病理检查,0.23,治疗方法
根据患者的症状和体征及确诊的胃癌情况，针对这名46岁女性患者，持续性上腹痛并伴有腹水，直肠前壁有坚硬结节，最合理的治疗方案是什么？,胃癌->治疗方法->靶向治疗,0.72,治疗方法
根据以下患者病情描述，请指出应用什么中药方剂加减治疗：女性患者，45岁，出现全身水肿，皮肤紧绷光亮，伴有胸脘痞闷、烦热口渴、小便短赤、大便不爽，舌红苔黄腻，脉濡数。,湿热内蕴->治疗方法->黄芩车前子,0.29,治疗方法
在头皮撕脱伤患者中，如果撕脱面积较大且骨膜完整，但无法进行头皮回植的情况下，最佳的治疗方法是什么？,头皮损伤->治疗方法->头皮回植,0.59,治疗方法
一名38岁男性患者，出现黄疸迅速加重和神志恍惚等重症肝炎表现。其肝功能化验结果显示ALT升高，TBIL增高，胆碱酯酶降低。哪项检查对于确诊他是否患有重症肝炎最有价值？,肝功能->检查->胆碱酯酶,0.47,诊断检查
一位40岁的女性患者，20年前因甲状腺功能亢进接受了甲状腺大部切除术，术后恢复良好。她在10年前经历过产后大出血。目前，她因坏疽性阑尾炎接受了阑尾切除术。请问，这位患者术后可能出现的并发症是什么？,腹腔感染->治疗方法->抗生素治疗,0.16,治疗方法
伤寒患者经过治疗后，体温从39.6℃下降到36.6℃，15天后体温再次升高到39.3℃并伴随症状加剧，同时血培养呈阳性。这种情况应被诊断为什么？,伤寒复发->症状->血培养阳性,0.53,症状
一位48岁男性患者，具有15年高血压病史，现在突然出现剧烈的胸背部疼痛，伴有面色苍白。体检发现其脉搏为88次/分，血压为170/120mmHg，心电图正常。请问该患者最有可能被诊断为何种疾病？,主动脉夹层->并发症->心脏骤停,0.27,并发症
根据发作性意识丧失和脑电图显示3Hz棘一慢波的症状，智力基本正常的6岁女童，应该选择哪种药物进行治疗？,失神癫痫->症状->脑电图异常,0.18,症状
患者骨蒸盗汗、心烦易怒、消渴多食、遗精尿赤、足膝热痛、舌红少苔、脉细数，应选哪种中药方剂？,大补阴丸->治疗方法->清虚热,0.63,治疗方法
某患者有丛林接触史，突然高热，使用变形杆菌OXk株作为抗原与患者血清进行定量凝集试验，结果显示抗体效价为1:320，该病人可能患上了哪种具体的疾病？,恙虫病->治疗方法->抗生素,0.76,治疗方法
一名7岁男孩左眼视力模糊1周，并且在眼球转动时感到疼痛，此前有感冒病史。检查显示瞳孔对光反射略迟钝。根据以上信息和眼底检查结果，请给出最可能的诊断是什么？,结膜炎->症状->眼红,0.15,症状
22岁女性感冒发热后心悸、胸闷、呼吸困难和水肿，心律不齐，心电图显示频发室性期前收缩。应进行何种检查明确诊断？,心律失常->诊断检查->心电图监测,0.29,诊断检查
一名59岁男性患者，上腹不适2周，经过检查并进行电子胃镜检查及超声内镜后，最佳的进一步治疗方案是什么？,胃溃疡->治疗方法->质子泵抑制剂,0.79,治疗方法
在牙周基础治疗完成2个月后，假如患者磨牙区袋深仍约为5mm，且附着龈较宽，牙槽骨出现水平吸收但无异常骨形态，针对这种情况，哪种牙周手术治疗方案最好？,牙周手术->常用药品->抗生素治疗,0.57,常用药品
一位35岁的女性病人在输血后1小时内出现畏寒、寒战高热、头痛、出汗、恶心、呕吐和皮肤潮红，体温达到40℃。结合其有输血史的情况，最可能的临床诊断是什么？,输血相关非溶血性发热反应->治疗科室->血液科,0.71,治疗科室
一位28岁的女性结婚1年未避孕但未怀孕，出现腹胀1个月，妇科检查发现左侧附件区有8cm的囊实性肿块，B超彩色多普勒显示左卵巢囊实肿瘤且周边血供丰富。快速病理报告为浆液性囊腺瘤。在这种情况下，应该选择哪种手术方式？,浆液性囊腺瘤->推荐食谱->蛋白质丰富饮食,0.12,推荐食谱
房颤中风后出现口舌歪斜、舌强不语、烦躁失眠、眩晕，舌质暗红少苔，脉细弦数，诊断是什么？,虚风内动->症状->烦躁失眠,0.57,症状
一名25岁女性患者持续性无尿1周，并有严重外伤史。从症状及病史分析，结合相关图像，最可能的诊断是什么？,创伤性横纹肌溶解症->治疗方法->减轻肌肉损伤,0.65,治疗方法
患者女性，30岁，因进行性心悸、气促3个月来诊，查体发现BP90/70mmHg，心界向双侧扩大，随体位改变，伴有奇脉，心率120次/分，律齐，心音低弱遥远，无病理性杂音。根据这些临床表现，最可能的诊断是什么？,心悸->食谱有益于疾病->红枣桂圆汤,0.17,食谱有益于疾病
对于一位65岁男性肺癌患者，在化学治疗期间出现左下肢肿胀和疼痛，经Doppler超声检查诊断为深静脉炎，并在抗凝治疗后症状有所改善。在早餐时突然出现气急、胸闷和心前区疼痛，呈进行性加重，口唇发绀，坐位，心界扩大，心率120次/分，P2亢进，右下肺呼吸音降低，既往有高血压和冠心病史。此时进行的哪项非创伤性检查最有诊断价值？,肺癌->并发症->深静脉血栓,0.66,并发症
27岁女性患者，2年来多次在饭前昏迷，伴有恐惧感、心悸和发汗，且发觉及时进食可预防或缩短昏迷时间。发病以来食欲好，体重增加，但记忆力差。根据这些症状，应该考虑哪种医学诊断？,饭前昏迷->推荐食谱->高蛋白加餐,0.33,推荐食谱
一名60岁的男性在使用煤气热水器的浴室内被发现神志不清，送到急诊，出现昏迷状态，并且口唇呈樱桃红色。根据这些症状，最可能的诊断是什么？,一氧化碳中毒->疾病描述->昏迷,0.91,疾病描述
患者表现恶寒发热，无汗，鼻流清涕，咳嗽痰多，气短懒言，倦怠乏力，苔白脉弱。首选治疗方剂？,无汗->症状->外感风寒,0.17,症状
一个38岁的男性在4小时前从6米高处跌落，左腰部撞击石块，出现左腰部疼痛和轻微压痛，并且尿常规检查显示红细胞阳性。血压正常。根据这些症状和检查结果，最可能的诊断是什么？,肾脏损伤->并发症->休克,0.55,并发症
根据以下症状和体征，判断该5岁患儿最可能的诊断：弛张高热、气促、咳嗽有黄痰，突然出现明显的呼吸困难、烦躁、剧烈咳嗽、面色发绀、不能平卧。查体发现胸廓饱满，上方鼓音，下方实音，呼吸音减弱，心率140次/分，肝大肋下2.0cm。这些表征说明患儿可能合并了哪种病症？,胸廓饱满->检查疾病->气胸,0.52,诊断检查
一个年仅4岁的男孩从出生起就被发现腭部裂开，检查时可见悬雍垂、软腭及部分硬腭裂开，但牙槽嵴完整。这名患儿的最可能诊断是什么？,部分腭裂->并发症->耳鼻喉科问题,0.65,并发症
一名39岁的男性患者在癫痫发作期间，表现出胃部一股气体上升、咀嚼和吞咽动作、喃喃自语、走动，并似乎在寻找东西但对呼唤无反应，整个过程持续约4分钟，请问这种情况属于哪种癫痫发作类型？,复杂部分性癫痫发作->治疗方法->手术治疗,0.48,治疗方法
这名20岁女性患者自幼牙齿磨耗，牙冠微黄色，严重的釉质缺损，牙本质暴露且无明显反应，并有家族史，其症状最可能指向哪种牙齿疾病？,牙本质发育不全->治疗方法->全冠修复,0.59,治疗方法
一名64岁的女性患者，2年来偶尔感到心悸，但无黑朦及晕厥症状，多次心电图检查显示为房颤且心率在65至89次每分钟之间。针对这种情况，她的心律失常应该如何治疗？,心律失常->推荐食谱->清淡低盐饮食,0.63,推荐食谱
针对有先天性心脏病史的3岁女孩，出现不规则发热、头痛3周、偶伴呕吐、右Barbinski征阳性及血WBC 18×10^9/L，N 0.86，L 0.14的情况，除了原有心脏体征及扁桃体Ⅱ度肿大伴黄白色渗出外，最可能合并什么疾病？,脑脓肿->并发症->心内膜炎,0.67,并发症
根据患者出现喘逆严重、张口抬肩、鼻翼煽动、呼吸困难、不能平卧、心悸、烦躁不安、面唇青紫、汗出眩冷、脉浮大无根的症状，该病例的中医诊断是什么？,喘脱证->可能患有疾病->心功能不全,0.17,可能患有疾病
对于一名52岁男性患者，他患有高血压10年和糖尿病3年，最近一周出现严重头痛和有时恶心。测量血压为25.3/15.9kPa（190/120mmHg），尿液检查显示尿蛋白和尿糖均为阳性（++），血肌酐为226μmol/L。根据这些临床信息，应该首先考虑使用哪种药物进行治疗？,高血压急症->治疗方法->利尿剂,0.75,治疗方法
一名38岁女性因突然右侧剧烈腰痛和肉眼血尿就诊，既往有风湿性心脏病和心房颤动病史，尿常规显示蛋白++，红细胞满视野，白细胞5～8/HP。根据以上症状，临床上首先考虑的诊断是什么？,肾动脉栓塞->治疗科室->肾内科,0.18,治疗科室
患者表现为角弓反张状、四肢伸直和肌张力增高，呼之不应，这种状态被称为什么？,去脑强直->检查疾病->脑损伤,0.69,诊断检查
在肺组织病理学检查中，如果发现肺组织肿胀、重量增加、质地变硬，光镜下见纤维增生、肺泡壁增厚和巨噬细胞吞噬含铁血黄素，该患者最可能的临床诊断是什么？,慢性肺淤血 -> 常用药品 -> 心脏药物,0.46,常用药品
对于一个8个月大，腹泻伴呕吐，6小时无尿的男婴，其临床表现包括前囟凹陷，皮肤弹性差等，实验室检查血钠浓度为134mmol/L。在这种情况下，初步快速扩容静脉输液应该给予什么类型的含钠液体？,低钠血症->诊断检查->血钠浓度,0.76,诊断检查
一名40岁女性患者发现右侧卵巢有肿物近三个月，肿物稍有增大，经过手术切除后，发现肿物呈圆形，有包膜，切面灰白色，可见纵横交错编织状条纹，无明显出血坏死，肿瘤细胞为梭形，并且有胶原纤维形成，细胞无明显异型性，未见分裂像。根据这些特征，该肿瘤最可能是什么类型？,卵巢纤维瘤->症状->肿物特征,0.91,症状
一位40岁的男性患者突发眩晕、视物旋转、恶心、呕吐2天，并伴有右侧耳鸣和听力减退，血压正常，眼震阳性，四肢肌力正常，病理征阴性，病前1周有上呼吸道感染史。基于这些临床表现，他最可能患有什么类型的眩晕？,迷路炎->并发症->听力减退,0.75,并发症
男，50岁，因肝硬化食管静脉曲张、腹水入院，放腹水后出现精神错乱、幻觉、扑击样震颤、脑电图异常等肝昏迷表现。针对该患者的情况，安排何种饮食最为合适？,肝性脑病->推荐食谱->高盐饮食,0.15,推荐食谱
一位36岁的女性患者最近出现不规则阴道出血，月经量增多，阴道排液增多并有恶臭，针对这种情况，应该进行什么检查来明确诊断？,阴道镜检查->检查疾病->宫颈病变,0.95,诊断检查
一名30岁男性患者夜间发作性腹部烧灼样痛持续两个月，进食后迅速缓解，近期出现柏油样便和晕厥的症状，检查显示低血压和四肢厥冷。请问该病人最可能的基本病因是什么？,幽门螺杆菌感染->治疗方法->抗生素治疗,0.33,治疗方法
对于一名2岁的患儿，经历了为期4天的麻疹高热后，出现皮肤疹点密集成片、色紫红并遍及周身，同时伴有神昏和抽搐3次，应选用哪一种中药方剂进行治疗？,高热->症状->神昏,0.55,症状
根据一名4岁女孩的临床表现：面色苍白持续6个月并加重1个月，低热及皮肤瘀点持续3周，补血药物无效治疗史，以及结合血常规和骨髓检查结果，最可能的诊断是什么？,骨髓增生异常综合征->症状->贫血,0.56,症状
请根据描述分析，在湖南某市某年洪水后，出现的发热症状和血常规结果，患者发热的原因最可能是什么疾病？,乙型肝炎->症状->发热,0.38,症状
一名8岁男孩，左下后牙有洞，冷热刺激痛持续1年，疼痛在最近4天加重，尤其是昨晚，导致无法入眠。根据这些症状，最可能的牙科诊断是什么？,慢性牙髓炎->治疗方法->根管治疗,0.69,治疗方法
描述慢性粒细胞白血病患者脾的超声特征，结合病变形状和多普勒血流信号最可能的诊断是什么？,慢性粒细胞白血病->治疗方法->酪氨酸激酶抑制剂,0.02,治疗方法
一位40岁女性，体型偏胖，近2年反复出现清晨不易唤醒的情况，喝糖水后可以缓解，并且发作逐渐频繁。根据这些症状，最可能的诊断是什么？,喝糖水后缓解->治疗方法->睡前吃糖,0.11,治疗方法
男性，30岁，出现间歇性畏寒、寒战、高热、出汗症状超过2周，10月份就诊。间歇期间无明显不适。体检结果显示体温41℃，轻度贫血貌，心率120次／min，肝脾触诊肋下肝1cm，脾2cm。化验血红蛋白结果为89g／L。基于以上信息，这位患者最可能患有什么病？,疟疾->并发症->肝脾肿大,0.66,并发症
某老年高血压患者晨起锻炼发生头痛、呕吐和右侧肢体无力，查体发现血压180/100mmHg，右侧视野同向性偏盲，双眼向左侧凝视，并且出现失语症状。请问，基于这些临床表现，应考虑哪种类型的脑出血？,脑出血->诊断检查->头颅CT,0.78,诊断检查
根据一位42岁女性患者的病史和体征，其反复发作的黄疸在劳累后发作20年，无发热、腹部不适、食欲不振，小便颜色正常，巩膜轻度黄染，且化验显示总胆红素升高但1分钟胆红素正常，其他检查结果无异常。请问，这位患者最可能患有什么疾病？,Gilbert综合征->治疗方法->临床观察与定期随访,0.71,治疗方法
针对一名30岁男性患者，出现恶寒发热、肌表无汗、头痛项强、肢体酸楚疼痛、口苦而渴、苔白、脉浮等症状，应优先选择哪种中药治疗？,小柴胡汤->治疗方法->疏肝解郁,0.19,治疗方法
一名38岁男性患者表现出脐周疼痛和间歇性腹泻持续3个月，粪便暗红色且有腥臭味。显微镜检显示大量红细胞、少量白细胞及夏-雷结晶。根据这些临床表现，最可能是哪种诊断？,大便隐血阳性->患病概率->结直肠癌,0.18,患病概率
一名36岁的女性患者，一年来出现入睡困难、工作时头痛、时常血压偏高，怀疑自己得了高血压，并且症状时好时坏，根据这些症状，该患者最可能被诊断为何种精神疾病？,燕窝->食谱有益于疾病->神经衰弱,0.38,食谱有益于疾病
一名39岁女性患者出现低热、乏力、腹胀等症状，下腹触及明显肿块且体重减轻，结合影像学检查结果，最可能的诊断是什么？,卵巢癌->诊断检查->CA-125升高,0.77,诊断检查
袁女士在妊娠25周前检查正常，但在26周出现水肿，30周出现头晕、眼花，并且检查结果显示血压为213／146kPa(160／110mmHg)，水肿程度为(+++)，尿蛋白为(++)，请诊断她的病症。,重度子痫前期->治疗方法->降压药治疗,0.05,治疗方法
一名56岁男性患者，患肝病反复发作20余年，近期出现乏力、嗜睡、厌食、脾肿大、脾功能亢进、腹水，这些症状最有可能指向哪种诊断？,乏力->症状->亚临床甲减,0.18,症状
针对5岁患者8月中旬出现高热、抽搐、面色苍白、意识朦胧及四肢凉等症状，并有食入不洁食物史，医师为确诊该患者的病情，下一步最应进行哪一项检查？,食入不洁食物->可能患有疾病->细菌感染,0.64,可能患有疾病
一名男性患者颈部有直径约3厘米的肿物，质地柔软，色暗红如海绵状，按压后可缩小。请问这种肿物可能的诊断是什么？,血管瘤->疾病描述->按压缩小,0.51,疾病描述
一位5岁患儿出现全身水肿和尿量明显减少，经过尿液检查显示蛋白质（+）和红细胞20个/HP，血压为120/75 mmHg。在这种情况下，应该选择哪种治疗方法来缓解患儿的症状？,小儿水肿->易患人群->学龄前儿童,0.69,易患人群
一名患者发热3天，伴有头痛和呕吐，脑脊液检查显示微混、压力为270mmH2O，Pancy试验阳性，蛋白含量为1.28g/L，糖为1.1mmol/L，氯化物为90mmol/L。根据这些临床表现和检查结果，如何诊断该患者的脑部疾病类型？,脑膜炎->症状->发热头痛,0.71,症状
根据某女患者，73岁，患有肺心病，出现喘促、不能平卧、心悸尿少、肢体浮肿、舌质淡胖、脉沉细的症状，应该使用什么方剂进行治疗？,心肾阳虚->并发症->水湿内停,0.47,并发症
在55岁诊断为冠心病的男性患者，经过近2周治疗后出现心悸，脉律不齐，心电图示窦性心律，每分钟78次，频发房性早搏和短阵房速的情况下，哪一种药物不适用于治疗这种心律失常？,房性心律失常->治疗方法->β受体阻滞剂,0.75,治疗方法
对于一位80岁女性患者，长期患有喘息症状，伴随气短、心慌、耳鸣、腰膝酸软等表现，尤其在体力活动和劳累后症状加重，治疗上应选用哪种方剂来首选应对该患者的情况？,肾阳虚->并发症->骨质疏松,0.55,并发症
对于一名患有风湿痹痛多年的61岁女性患者，出现腰膝酸痛、筋骨痿软无力、脉弦细等症状，应选择哪种药物进行治疗？请说明原因。,腰膝酸软->治愈概率->中等,0.11,治愈概率
一名72岁的男性患者，有22年的高血压病史，出现右眼突然视力丧失，眼科检查显示右眼角膜透明，前房深度正常，瞳孔对光反应迟钝，视乳头颜色淡、边缘模糊，动脉和静脉管径变细，视网膜水肿苍白，黄斑区呈红色。 根据这些症状和检查结果，最可能的诊断是什么？,视网膜中央动脉阻塞->并发症->视神经萎缩,0.75,并发症
一名38岁女性患者，近半月来感到乏力、咽痛和阵发性刺激性咳嗽，无痰，3日来发热，X线检查发现双下肺有炎症浸润阴影。基于这些症状和检查结果，请问治疗该患者最合适的首选药物是什么？,肺炎->诊断检查->X线检查,0.78,诊断检查
一位女性患者人工流产术后4天出现寒战、高热，小腹疼痛拒按，并伴有颜色暗如败酱且气味臭秽的阴道出血。她还感到口干喜饮，舌质红，苔黄腻，脉弦数。针对这种情况，治疗的最佳方剂是什么？,人工流产术后感染->治疗方法->清热解毒,0.76,治疗方法
对于一名25岁的男性患者，患有发作性意识丧失伴随四肢抽搐达8年。2天前患者自行调整了治疗药物，次日又出现频繁发作并伴有意识不清的情况。在这种情况下，医护人员应该立即采取什么处理措施？,四肢抽搐->可能患有疾病->低钙血症,0.11,可能患有疾病
在患者伴有尿道口红肿、尿急、尿频、尿痛、淋沥不止等症状，且舌红苔黄腻、脉滑数的情况下，结合西医诊断为急性淋病，中医治疗应首选哪个方剂？,急性淋病->症状->尿痛,0.68,症状
一个患者表现出肢体关节疼痛较剧，痛有定处，得热痛减，遇寒痛增，疼痛局部皮色不红，触之不热，舌苔薄白，脉弦紧。这种情况下，应该选用哪种中药方进行治疗？,寒痹->常用药品->乌头汤,0.42,常用药品
在上消化道造影检查中，一名男性患者表现出夜间腹痛、恶心、呕吐以及剑突下压痛。这种症状最可能与哪种消化系统疾病有关？,胃溃疡->症状->胃酸分泌,0.74,症状
男性，44岁，长期足癣，左小腿反复红肿疼痛，病变边界清晰隆起，伴腹股沟淋巴结肿大。最可能诊断？,丹毒->治疗方法->抗生素治疗,0.55,治疗方法
一名30岁男性工人，1个月前在工作中突然感到胸痛和心慌，随后出现气促症状逐渐加重。体检发现胸骨左缘第3〜4肋间有三级连续性粗糙杂音。结合这些症状和体征，最可能的疾病诊断是什么？,主动脉窦瘤破裂->治疗方法->外科手术,0.12,治疗方法
一名49岁的女性患者，上唇部有不适感3天，检查发现上唇皮肤有多个水疤并有强烈的不适感，抗单纯疱疹病毒抗体价高于正常值64倍。请问该病可能的诊断是什么？,上唇水疱->可能患有疾病->单纯疱疹,0.95,可能患有疾病
一位28岁男性患者从高处坠落导致左下肢肿痛3天，伴随以下症状：左足皮温低、感觉减退、足背动脉搏动未触及、足趾冰凉、甲床青紫色；X线片显示左胫腓骨中断粉碎性骨折。请问应采取什么处理方案？,急性骨筋膜室综合征->并发症->肢体缺血,0.78,并发症
王某，男，60岁，口渴欲饮9年，近半年小便频数且混浊如膏，甚则饮一溲一，面色黧黑，耳轮焦干，腰膝酸软，形寒畏冷，阳痿，舌淡苔白，脉沉细无力。根据这些症状，应该选择什么主要方剂进行治疗？,金匮肾气丸->可以治疗疾病->肾阳虚,0.68,可以治疗疾病
一名9岁男孩患者在外伤后出血不止，实验室检查显示白细胞5×10^9/L，血红蛋白110g/L，血小板101×10^9/L，出血时间正常，凝血时间正常，KPTT为80s（正常对照30s），可被正常血清纠正，但不能被钡吸附正常血浆纠正。根据这些临床和实验室检查结果，请给出该患者的诊断。,血友病B->并发症->高血压,0.14,并发症
一位35岁女性患者右胸痛持续3个月，同时伴有胸闷气短逐渐加重及消瘦。X线胸片示右侧胸腔积液，CT显示右侧胸膜凹凸不平。根据这些症状和检查结果，最可能的诊断是什么？,胸痛->症状->肺炎,0.48,症状
一位53岁的女性患者，胸闷乏力数月，并偶尔感到胸痛，无发热，X线检查结果显示多发性肺部病灶。根据这些临床表现和X线结果，最可能的诊断是什么？,肺部肿瘤性病变->疾病描述->肺转移性肿瘤,0.32,疾病描述
某男患者24岁，发热五至六日后热略减退，随后出现一系列症状，包括肢体无力、心烦口渴、咽喉干燥等。如果患者身热全退且食欲减退，口燥咽干较甚，应该选用哪一种中药方剂进行治疗？,气阴两虚->治疗方法->养阴生津,0.59,治疗方法
41岁男性患者因土石方塌方受伤，腰椎1压缩性骨折，椎体前缘压缩约1/4。最佳治疗方案是什么？,骨折->治疗科室->骨科,0.05,治疗科室
一名53岁男性患者出现高热、寒战和背痛超过半个月，结合影像学检查，你认为最可能的诊断是什么？,脓毒性脊椎炎->诊断检查->MRI,0.71,诊断检查
根据一名23岁女性患者的症状表现，如发热、腹泻便秘交替和右下腹部轻度压痛等，为了明确诊断，应该进行哪项检查最为重要？,肠道疾病->治疗方法->抗生素治疗,0.42,治疗方法
针对一位38岁的女性患者，在假体隆乳术后出现右乳房疼痛、变硬，并伴有轻微触痛的情况下，结合其乳房外观不规则和质地变硬的体征，最可能的诊断是什么？,乳房肿块->并发症->乳腺囊肿,0.47,并发症
38岁男性患者突然出现上腹剧痛并波及全腹，伴有面色苍白、出冷汗、全腹压痛、反跳痛和肌紧张，请问针对这种情况最先应进行哪种检查？,消化道穿孔->诊断检查->CT腹部检查,0.58,诊断检查
一名34岁的男性患者出现骤起高热，在高热持续几小时后大汗淋漓，随后体温降至正常，1天后高温再次骤起骤降。根据这些症状，患者最可能的诊断是什么？,疟疾->疾病描述->周期性高热,0.63,疾病描述
女性，22岁。感冒发烧后出现心悸、胸闷、呼吸困难及浮肿，查体显示心律不齐，心电图显示频发室性早搏。为了进一步明确诊断，应考虑进行哪项检查？,心律不齐->检查疾病->心电图,0.02,诊断检查
根据患者男性，68岁，近3年来经常出现上腹部疼痛，进食后可缓解，伴有反酸，近1周上腹部疼痛加重的病史，是什么疾病最有可能是他的诊断？,十二指肠溃疡->并发症->溃疡出血或穿孔,0.71,并发症
8岁男孩4周前患有脓疱疮，最近3天出现眼睑水肿、尿少和肉眼血尿症状。检查发现蛋白尿、红细胞尿、抗O滴度升高、C3下降和NPN升高，该患者最可能的病情诊断是什么？,急性肾炎->症状->水肿,0.21,症状
经来先期量多、色紫红、质黏稠，伴心烦面红口干，小便黄，大便燥结，舌红苔黄，脉滑数，选用哪种方剂？,血热->常用药品->清经散,0.91,常用药品
根据一名24岁男性患者的临床表现，包括腰骶部疼痛伴晨僵、足趾肿痛、头皮和脐周皮疹以及双手指甲凹陷性小坑等症状，并且类风湿因子阴性，应该首先考虑什么诊断？,银屑病关节炎->并发症->关节功能受限,0.17,并发症
根据患者描述：水肿多年，尤其下肢明显，按压后不易恢复；伴有脘腹胀闷、食欲不振、便溏、面色萎黄、精神疲倦、四肢寒冷以及小便短少。舌淡胖，有齿痕，舌苔白腻，脉沉弱等症状，最适合采用哪种中医方剂进行治疗？,脾阳虚->诊断检查->舌诊,0.58,诊断检查
一名42岁的女性患者，症状包括厌食、乏力、肝区痛5天伴随尿色加深，检查结果显示ALT 400U，总胆红素50μmol/L，确诊为急性黄疸型病毒性肝炎。在这种情况下，最主要的治疗措施应该是什么？,急性黄疸型病毒性肝炎->并发症->消化道出血,0.67,并发症
"16岁未婚女患者, 以往月经规律, 因夏季过食冷饮导致末次月经过期10余日才来，并伴有小腹绵绵作痛和便溏的症状，请问此病例的诊断是什么？",寒湿困脾->症状->便溏,0.75,症状
妊娠晚期患者出现头晕头重、胸闷泛恶、全身抽搐等症状，其病因的根本是什么？,妊娠晚期->症状->心理压力,0.18,症状
对于一名30岁女性，持续发热10天，精神萎靡，体温39.5℃，心率70次/分，血液检查结果显示白细胞数1.4×10^9/L，中性粒细胞占60%，淋巴细胞占40%，肥达氏反应O 1:80（+），H 1:160（+），ALT 180μmol/L，总胆红素22.2μmol/L。为了确诊应首先进行哪项检查？,肥达氏反应->诊断检查->伤寒抗体检测,0.75,诊断检查
一名28岁男性病人出现上腹痛1周、黑便3天、每天排便3～4次且量较多，并伴有头昏、乏力、心慌，有间断上腹痛病史3年，饮酒史4年且每天摄入2两白酒，曾有乙肝病史。基于这些临床表现，你认为该病人最可能的诊断是什么？,饮酒->可能患有疾病->消化性溃疡,0.63,可能患有疾病
一名39岁女性患者出现低热、乏力、腹胀等症状，下腹触及明显肿块且体重减轻，结合影像学检查结果，最可能的诊断是什么？,腹胀->症状->卵巢癌,0.59,症状
一位71岁男性，出现右侧肢体无力逐渐加重，查体显示右侧Babinski征阳性和右偏身痛觉减退，头颅CT未见异常，请问对该患者最适宜的治疗措施是什么？,脑卒中->治疗方法->血压控制,0.75,治疗方法
一位36岁的女性患者最近出现不规则阴道出血，月经量增多，阴道排液增多并有恶臭，针对这种情况，应该进行什么检查来明确诊断？,糖尿病->检查疾病->空腹血糖,0.11,诊断检查
一名患者产后7天，全身疼痛，下肢尤甚，并且恶露量少，色黯夹有血块，小腹疼痛拒按，舌黯，苔白，脉弦涩。基于这些症状，应该首选什么方剂进行治疗？,产后恢复->常用药品->温经汤,0.67,常用药品
一名70岁男性患者出现头痛、嗜睡和癫痫发作症状，经MRI平扫及增强扫描发现颅内多发病灶，并经过放射治疗后病灶明显缩小，结合这些信息，最可能的诊断是什么？,脑转移癌->诊断检查->MRI平扫与增强扫描,0.55,诊断检查
一名30岁的男性，近半年旁人发现他常常发愣，对提问无反应，持续1-2分钟，并伴有口唇咀嚼动作，每日出现多次。神经系统检查无异常，脑电图显示右颞局灶性尖波活动。根据这些症状，他应被诊断为什么类型的发作？,癫痫->症状->间歇性发作,0.15,症状
一名26岁未产妇女，停经48日后出现阴道少量流血伴右下腹隐痛。今晨突然感到右下腹剧烈疼痛就诊。经过体格检查和相关化验检查，描述其体征和化验结果后，请问该患者最可能的诊断是什么？,异位妊娠->症状->右下腹剧烈疼痛,0.36,症状
根据患者的年龄、性格变化、对人冷漠、生活懒散等症状，这名18岁男性最可能被诊断出哪一种类型的精神疾病？,精神分裂症->症状->情感淡漠,0.62,症状
在45岁女性接受回肠及部分空肠切除术后，出现每日10余次稀水样便，进食后病情加重的情况下，导致腹泻的主要原因是什么？,短肠综合征->症状->腹泻,0.78,症状
某女性患者婚久不孕，伴有月经先期、量少色红，头晕眼花，腰膝酸软，午后低热，性情急躁，舌质偏红，苔少，脉细数等症状，诊断其主要病证为何？,肾阴虚->治疗方法->滋阴补肾,0.62,治疗方法
某患者患肺炎多年，现症状包括咳声频剧、咳痰不爽、咽干口渴、头痛、鼻塞，舌质红，苔黄，脉浮数。根据这些症状，应选择何种药物治疗方案？,银翘散->治疗方法->宣肺止咳,0.68,治疗方法
43岁男性患者，双眼视力下降1个多月，伴有头痛、耳鸣，既往有高血压病史但药物控制良好，检查发现双眼角膜后沉着物（KP）和玻璃体混浊，视乳头水肿，眼底表现为多灶性渗出性视网膜脱离和下方大泡状视网膜脱离，该患者最可能的眼科诊断是什么？,Vogt-小柳-原田病->并发症->头痛,0.77,并发症
一位17岁女性患者有腹泻、发热4天，并伴有全身皮疹出现和瘙痒2天的病史。她的病状包括黄色稀水样便、反复高热并在接受抗感染和补液治疗后病情无明显改善。目前皮疹表现为多部位大片状鲜红色隆起性红斑，伴有水肿且形状不规则。实验室检查显示白细胞增高和大便白细胞阳性。在这种情况下，指导患者治疗的主要原则是什么？,发热 -> 常用药品 -> 对乙酰氨基酚,0.25,常用药品
一名17岁的女性患者长期持续性出现阴道漏尿，并且可以间隔性正常排尿，B超示右肾重度积水且肾图提示右肾无功能。在这种情况下，首先应进行哪项检查以明确诊断？,逆行肾盂造影->症状->右肾无功能,0.65,症状
一名7岁的患儿，2周前得过猩红热，最近两天出现眼睑水肿，血压为16.0/10.7kPa(120/80mmHg)，尿常规显示蛋白++，红细胞5~8个/HP，目前水肿明显且尿量200ml/日。在护理过程中，应特别警惕发生哪种严重并发症？,急性肾小球肾炎->治疗方法->透析,0.55,治疗方法
一名60岁男性患者阴茎头部出现菜花样肿物，继而糜烂，边缘硬而不整齐，有分泌物、出血及恶臭。根据这些症状，该患者应诊断为何种疾病？,阴茎肿物->疾病描述->鳞状细胞癌,0.73,疾病描述
一位25岁的男性患者因劳累时出现心悸和胸骨后疼痛1年，查体发现胸骨右缘第二肋间可闻及全收缩期3/6粗糙的吹风杂音，第二心音减弱。基于这些临床表现，可能的诊断是什么？,主动脉瓣狭窄->症状->收缩期杂音,0.78,症状
7岁小儿发热5天，咽痛，轻咳，血尿2天，尿量正常，无浮肿，血压不高，尿蛋白阴性，红细胞+++，无尿痛，近2年反复发生肉眼血尿的症状，最可能的诊断是什么？,反复血尿->诊断检查->尿常规检查,0.65,诊断检查
25岁男性患者，发热3天，体温38℃，左胸痛，查体发现左胸下部可闻胸膜摩擦音。根据这些症状和体征，诊断应是什么？,干性胸膜炎->治疗方法->抗生素治疗,0.18,治疗方法
一位45岁的女性患者，出现明显腹胀，伴有呼吸困难且无法平卧。查体发现呼吸频率为24次/分，心率为110次/分，双肺未见啰音，但腹部显著膨隆并伴有液波震颤，肝脏未能触及，脾脏位于左肋下5.0厘米。针对这种情况下，哪种治疗方法是最适宜的？,腹水->治疗方法->营养支持,0.55,治疗方法
一名40岁的男性患者，间断上腹痛3年，多饥饿痛和夜间痛，进食后减轻。为了明确诊断，急诊应该进行什么检查？,消化性溃疡->症状->上腹痛,0.42,症状
一位69岁男性患者，吸烟20年，最近出现刺激性咳嗽和痰中带血丝，胸部X线片显示右肺上叶结节影。请问针对这种情况，应首选哪种检查方式来确定诊断？,吸烟史->症状->咳嗽伴血丝,0.91,症状
一名5岁男孩出现面部和外生殖器皮肤颜色加深、智力退化、行走困难以及无热惊厥等症状，体检发现全身皮肤呈褐色、四肢肌张力高、膝反射亢进及双侧巴氏征阳性。这种疾病最可能的遗传方式是什么？,X连锁隐性遗传->症状->智力退化,0.69,症状
根据以下病例描述，女患者50岁，肩痛半年，颈部活动正常，压头与牵拉试验阴性，右肩三角肌萎缩，肩关节外展外旋受限，感觉无改变，X线检查显示颈椎间隙变窄和骨赘增生，而右肩关节仅有轻度骨质疏松没有其他异常。基于这些信息，该病例应诊断为哪种肩部疾病？,肩周炎->治疗方法->理疗,0.52,治疗方法
根据27岁男性患者的症状：乏力、双下肢反复瘀点、重度贫血貌，全身可见散在出血点，血象显示贫血，中性粒细胞和血小板显著减少，且网织红细胞低，请给出最可能的临床诊断是什么？,再生障碍性贫血->治疗方法->造血干细胞移植,0.56,治疗方法
对于一名41岁女性，身高164cm、体重65kg，在近半年表现出多饮、多尿及乏力症状，血压为20／13.3kPa，空腹血糖为6.9mmol/L。在该情况下，哪项检查可以明确诊断为糖尿病？,糖尿病->检查方法->尿糖检查,0.45,诊断检查
48岁男性，右腮腺处肿物已有2个月，生长较快，腮腺造影显示腺泡不规则充盈缺损且造影剂外溢，最可能的诊断是什么？,腮腺肿物->并发症->腮腺结石,0.55,并发症
42天停经女性少量阴道出血，腰痛腹痛，乏力，面色苍白，舌淡苔白，脉细滑，尿妊娠试验阳性。首选中药方剂？,气血亏虚->症状->面色苍白,0.63,症状
根据2岁儿童出现的症状：发热4天，伴咳嗽、流涕，眼结合膜充血、流泪，耳后、颈部、发际边缘出现稀疏不规则红色斑丘疹，疹间皮肤正常以及40℃的高烧，判断该儿童最有可能患上什么疾病？,麻疹->治疗方法->退烧和补液治疗,0.77,治疗方法
一名30岁女性患者出现体重增加并伴有月经紊乱2年。体检时发现血压170/110mmHg，心率76次/分；有满月脸、水牛背、皮肤菲薄及腹部紫纹的症状。根据这些临床表现，最可能的诊断是什么？,库欣综合征->症状->高血压,0.68,症状
患者出现皮肤黄染、小便色黄、大便秘结等症状，结合舌苔黄腻，脉滑数的情况，宜使用哪种药物与茵陈配伍以改善便秘症状？,湿热->治疗方法->茵陈与柴胡配伍,0.75,治疗方法
在足月顺产后，胎儿娩出时张女士阴道出血量约500ml，血液呈鲜红色且很快凝集成血块，但胎盘尚未娩出。这种情况下，出血的最可能原因是什么？,胎盘剥离->症状->鲜红色出血,0.77,症状
一名40岁的女性患者，右桡骨远端疼痛已持续5个多月，并且局部有压痛。请结合其右腕关节的正侧位X光片，诊断出最可能的疾病是什么？,骨巨细胞瘤->并发症->骨折,0.48,并发症
一名24岁女性患者，出现齿龈出血6天，血检结果为血红蛋白125g/L、白细胞5.4×10^9/L、血小板45×10^9/L，骨髓检查显示巨核细胞增多而其他结果正常。根据这些信息，该患者可能的诊断是什么？,特发性血小板减少性紫癜->常用药品->泼尼松,0.74,常用药品
根据患者的症状特点和体检结果，而且杂音随体位变化而改变，该患者最可能诊断为哪种心脏疾病？,左心房黏液瘤->治疗方法->手术切除,0.55,治疗方法
根据一位36岁男性患者的症状表现：腹痛痞满拒按，烦渴引饮，大便秘结，潮热汗出，舌质红，苔黄腻，脉滑数，应选择哪种中药方剂进行治疗？,实热证->常用药品->大承气汤,0.12,常用药品
针对有先天性心脏病史的3岁女孩，出现不规则发热、头痛3周、偶伴呕吐、右Barbinski征阳性及血WBC 18×10^9/L，N 0.86，L 0.14的情况，除了原有心脏体征及扁桃体Ⅱ度肿大伴黄白色渗出外，最可能合并什么疾病？,脑脓肿->症状->发热、呕吐,0.63,症状
一名52岁的男性患者，近2个月来出现排便次数增多、肛门坠胀感、排便不尽感、粪便变细，并常有粘液血便，体重下降。直肠指诊发现肿块，病理检查证实为直肠腺癌，肿瘤下缘距肛门约10厘米，肿块直径约4厘米。针对这种情况，最佳的手术方式是什么？,直肠腺癌->症状->粘液血便,0.76,症状
一名30岁女性患者在外院进行右下第二磨牙治疗后，右侧口角区出现灼热不适感，随后出现成簇小水泡。根据这些症状，最可能的诊断是什么？,单纯疱疹->忌吃->辛辣刺激性食物,0.14,忌吃
根据发作性意识丧失和脑电图显示3Hz棘一慢波的症状，智力基本正常的6岁女童，应该选择哪种药物进行治疗？,失神癫痫->症状->脑电图异常,0.18,症状
一名33岁女性患者出现高热伴意识障碍，既往有系统性红斑狼疮史。入院查体显示浅昏迷，脑膜刺激征阳性，并出现喷射性呕吐。基于这些表现，入院后应首先进行哪项轴位扫描以辅助诊断？,喷射性呕吐->可以治疗疾病->胃药治疗,0.07,可以治疗疾病
一名25岁的初产妇，在足月妊娠后阴道顺产，产后两天突然出现剧烈的左下腹痛，伴随恶心和呕吐。妊娠期间曾有两次左下腹痛发作，在翻身后疼痛减轻。检查时发现体温36.7℃，脉搏每分钟100次，宫底在脐下一指，子宫左侧能触及一个界限尚清楚并且有明显压痛的拳头大小的包块。最可能的诊断是什么？,卵巢囊肿->症状->包块压痛,0.67,症状
一名70岁男性患者住院两周后持续出现大量蛋白尿，为明确诊断，哪项检查最有意义？,大量蛋白尿->症状->肾功能衰竭,0.32,症状
38岁男性患者突然出现上腹剧痛并波及全腹，伴有面色苍白、出冷汗、全腹压痛、反跳痛和肌紧张，请问针对这种情况最先应进行哪种检查？,消化道穿孔->症状->肌紧张,0.67,症状
患者骨蒸盗汗、心烦易怒、消渴多食、遗精尿赤、足膝热痛、舌红少苔、脉细数，应选哪种中药方剂？,阴虚火旺->治疗方法->滋阴降火,0.72,治疗方法
一位18岁男性患者的X线胸片检查发现左侧胸腔第6胸椎旁有一直径约6cm的圆形肿块影，从这个位置和影像特征来看，这个肿块最可能的诊断是什么？,胸腔肿块->疾病描述->神经鞘瘤,0.34,疾病描述
一名居住在海拔1478米的8岁男孩体检显示：血红蛋白(Hb) 120g/L，平均血红蛋白量(MCH) 27pg/L，平均红细胞体积(MCV) 79fl，平均红细胞血红蛋白浓度(MCHC) 30%，血清铁蛋白11ug/L，红细胞游离原卟啉0.8umol/L。根据这些数据，如何评估该男孩的健康状况？,缺铁性贫血->症状->乏力,0.08,症状
患者男性，55岁，3个月前因胸胁部撞伤后出现胁肋刺痛症状，表现为痛有定处，入夜痛甚，舌质紫暗，脉沉涩。请问针对这一症状，应选用哪种中药方剂进行治疗？,胸胁刺痛->治疗方法->活血化瘀方,0.69,治疗方法
针对7岁患儿出现高热、昏迷、抽搐及严重低血压的情况，其粪便检查结果显示脓细胞和红细胞阳性，说明为细菌感染。为预防该病，最重要的综合措施是什么？,细菌性痢疾->治疗方法->抗生素治疗,0.79,治疗方法
一位25岁的女性患者近一周出现双侧枕部中度钝痛，站立行走时头痛加重，卧床休息时头痛减轻或消失。这种头痛最可能的原因是什么？,偏头痛->症状->头痛加重,0.62,症状
对于一名出现拒食、呕吐、嗜睡、面色青灰、前囟紧张和脐部有脓性分泌物的2个月女婴，最关键的诊断检查应该是什么？,脐部有脓性分泌物->可能患有疾病->脐炎,0.12,可能患有疾病
45岁的男性患者被诊断为肾病综合征合并严重肝功能不全，适合使用哪种糖皮质激素进行治疗？,肾病综合征->治疗时长->4-6周,0.17,治疗时长
对于一名12岁患儿，痫病发作10年且屡发不止，并伴有智力迟钝、记忆力差、少气懒言以及肢体不温等症状，舌淡苔白，脉沉细，哪种治疗方法最为适宜？,痫病->症状->记忆力差,0.68,症状
请详细描述一位男性患者摔伤右腕部后，在X光片上腕关节显现的具体损伤特征，并指出最可能的诊断是什么。,舟骨骨折->检查疾病->MRI,0.58,诊断检查
在患者视力骤降、神膏混浊、视衣脱离，伴随情绪急躁易怒、失眠多梦、耳鸣如潮、口苦、舌红苔黄、脉弦数的情况下，宜选用哪种中药方剂进行治疗？,天王补心丹->常用药品->当归,0.52,常用药品
一名21岁的男性，近1周来突然感到乏力、厌食，并且右上腹隐痛。体检显示肝大肋下2cm，质中且有压痛。在怀疑为急性病毒性肝炎的情况下，应立即进行何种检查来确诊？,病毒性肝炎->传染性->强,0.19,传染性
27岁女性哮喘患者，对阿司匹林敏感，最适合的药物是哪种？,阿司匹林哮喘->治疗方法->吸入糖皮质激素,0.33,治疗方法
一名55岁男性患者，出现右上腹痛2个月，伴有皮肤和巩膜黄染15天，并进行性加重，查体显示胆囊肿大，超声提示肝内胆管扩张且胆囊肿大，在胰腺平面以上肝外胆管扩张但胰头及胰管无明显异常的情况下，最可能观察到的影像学征象是什么？,胆囊肿大->症状->右上腹痛,0.46,症状
50岁中段食管癌患者，进食性吞咽困难6个月，完全不能进食，恶液质，左锁骨上2cm硬性淋巴结，最优先选择的治疗方法是什么？,食管癌->易患人群->老年患者,0.52,易患人群
根据患者的症状和体征，包括劳累性呼吸困难、不能平卧、呼吸困难加重、咳嗽、体力受限等表现，以及体检发现，如何评估该患者的心功能分级？,心功能分级->症状->不能平卧,0.76,症状
三天大的男婴，出生后表现为不吃、不哭、不动，少尿和体温不升，胎龄32周早产，查体发现体温为34℃，呼吸不规则，反应低下，皮肤黄染，呼吸音低，心音低钝，伴随腹胀、面颊和臀部以及双下肢皮肤硬肿、压之凹陷，手足冰凉。根据这些临床表现，最可能的诊断是什么？,新生儿硬肿症->症状->皮肤硬肿,0.76,症状
一名5岁女童，已患急性淋巴细胞性白血病8个月，并接受了正规化疗。她现在发热1天，体温40.1℃，精神萎靡，皮肤上出现了较多皮疹，其中包括丘疹和疱疹，疱疹内为浑浊液体。基于这些症状，最可能的诊断是什么？,水痘-带状疱疹病毒->并发症->继发性感染,0.78,并发症
一位25岁女性，有性生活史，停经近3个月，出现阴道少量流血，并且子宫如妊娠4个月大，软，双附件区各有5cmX5cmX3cm囊性肿物。这种情况下，应该如何诊断？,葡萄胎->检查疾病->超声检查,0.78,诊断检查
一名35岁男性患者，因2天来腹泻于8月20日就诊。患者外出旅游归来，大便每日10多次，伴呕吐多次，无发热，口渴，血压100/70mmHg，脉搏100次/分，腹软无压痛，肠鸣音活跃，大便镜检白细胞0～1/HP。根据这些临床表现和实验室检查结果，请问这个病人最可能的诊断是什么？,霍乱->并发症->肠穿孔,0.68,并发症
对于一个临床表现为“肾病综合征”的15岁病人，在经过4周足量泼尼松治疗后症状明显改善，其肾脏病理表现最可能是什么？,肾病综合征->治疗方法->泼尼松,0.91,治疗方法
某位在蓄电池厂工作的男工，工龄8年，出现头昏、头痛、乏力等症状，尿中6-ALA检测结果为28.6μmol/L。针对该病人的治疗，哪种药物是首选？,铅中毒->治疗方法->依地酸钙钠,0.92,治疗方法
对于一位50岁男性患者，他长期吸烟30年，半年前戒烟，近期出现咳嗽带血的症状。根据病史和表现，应首先进行哪种检查来鉴别诊断原因？,支气管炎->诊断检查->胸部CT,0.57,诊断检查
对于一名47岁男性患者，出现心悸、乏力和心绞痛等症状，若要通过测量二尖瓣环运动速度来定量评价其左心功能，应使用哪种超声技术？,组织多普勒超声->治疗方法->心脏手术,0.62,治疗方法
"根据临床表现和实验室检查结果, 6岁小儿发热、轻咳、纳差2周, 右下肺呼吸音减低, 白细胞总数正常, 血清冷凝集反应滴度为1:64, 以及胸片显示右肺下部呈云雾状浸润，并在治疗1周后胸片显示右中、下肺野有大片状淡薄阴影。这些信息提示应诊断为什么类型的肺炎？",呼吸道感染->可能患有疾病->支原体肺炎,0.16,可能患有疾病
一名45岁的女性患者有心肌缺血病史，最近出现心慌和气短的症状，经心电图检查诊断为阵发性室上性心动过速。根据她的病情，哪种药物是治疗这种情况的最佳选择？,心肌缺血->症状->气短,0.61,症状
一名6岁小儿因发热3小时并伴随抽搐1次入院，体检显示神志清醒但精神萎靡，血压为70/30 mmHg，下肢有大理石花纹，脑膜刺激征阴性，大便常规检查显示白细胞三加和红细胞一加。在2017年8月的这种情况下，结合临床表现和检查结果，该患儿最可能的诊断是什么？,感染性休克->检查疾病->血液检查白细胞增高,0.62,诊断检查
对于一名21岁右利男性患者，突然癫痫发作并伴有头痛、呕吐、颈项强直、低热和命名性失语的症状，询问病史时应该着重询问什么？,糖尿病->推荐食谱->苦瓜炒鸡蛋,0.01,推荐食谱
一名58岁男性患者，胃镜显示胃小弯有一大病灶。病理报告中，细胞较小，大小一致，呈线状分布，内无腺管结构。这种病理特征的诊断是什么？,未分化癌->治愈概率->低,0.02,治愈概率
根据10岁女孩的症状：胸背部疼痛3天伴随两下肢进行性无力和尿潴留，上肢肌力正常但下肢肌力为0、肌张力低、腱反射消失，病理反射未引出，第5胸椎水平以下深浅感觉消失，膀胱充盈脐下3厘米，临床上如何诊断该病情？,急性横贯性脊髓炎->症状->脊髓出血或血栓,0.65,症状
一名30岁男性患者夜间发作性腹部烧灼样痛持续两个月，进食后迅速缓解，近期出现柏油样便和晕厥的症状，检查显示低血压和四肢厥冷。请问该病人最可能的基本病因是什么？,幽门螺杆菌感染->检查疾病->血常规,0.65,诊断检查
房颤中风后出现口舌歪斜、舌强不语、烦躁失眠、眩晕，舌质暗红少苔，脉细弦数，诊断是什么？,脉象->症状->脉细弦数,0.12,症状
一个1岁的孩子腹泻3天，每天大便10次，量多，呈蛋花汤样，精神萎靡，眼泪少，尿少，血清钠水平为133mmol/L，皮肤弹性差，唇红，呼吸深快。请根据这些症状和血液化验结果诊断该患儿的具体病情。,代谢性酸中毒->症状->呼吸深快,0.72,症状
根据患者夜间受凉后的症状表现，如腹痛、下痢赤白、恶寒发热、舌苔薄腻等，最佳治疗方剂是什么？,腹泻->传染性->否,0.11,传染性
请根据以下症状描述，指出最可能的诊断是什么：8岁患儿，持续4周水肿、少尿，体检显示血压反复在130～140／90～98 mmHg之间，眼睑水肿无法睁开，腹水征阳性，尿蛋白(+++)，尿红细胞每高倍视野12个，血白蛋白15g／L，血胆固醇6.5 mmol／L。,急性肾小球肾炎->治疗方法->利尿剂,0.71,治疗方法
一名20岁的外地男性学生，在广州入院时有高热3天，抽搐、意识障碍1天的病史，体检发现体温40℃，呼吸30次每分，颈抵抗，阳性病理神经反射，四肢肌张力增高，外周血白细胞计数为20×10^9/L，中性粒细胞比例为92％，尿蛋白呈阳性。为了明确诊断，最重要的检查是什么？,心血管疾病->症状->胸痛,0.08,症状
一名7个月大的女婴在腹泻和呕吐3到4天后入院，检查时发现有精神萎靡、面色苍灰、口唇樱红、前囟及眼窝凹陷、皮肤弹性差、心肺无异常和腹软。入院诊断为腹泻病、中度失水、代谢性酸中毒。补液后，该婴儿出现抽搐。根据临床表现，这名婴儿出现抽搐最可能是什么原因导致的？,中度脱水->症状->抽搐,0.71,症状
一名72岁的男性患者，有22年的高血压病史，出现右眼突然视力丧失，眼科检查显示右眼角膜透明，前房深度正常，瞳孔对光反应迟钝，视乳头颜色淡、边缘模糊，动脉和静脉管径变细，视网膜水肿苍白，黄斑区呈红色。 根据这些症状和检查结果，最可能的诊断是什么？,视网膜中央动脉阻塞->症状->突然视力丧失,0.91,症状
根据该患者的化验结果：蛋白尿(++++)、ANA(+)、ds-DNA抗体阳性、血常规白细胞3.2×10E9/L、血小板90×10E9/L、血清肌酶值正常，请问该患者可能诊断为什么疾病？,系统性红斑狼疮->并发症->低白细胞,0.64,并发症
对于一名表现为腹痛便秘，脐下绞结，绕脐不止，手足不温，舌苔白不渴，脉沉弦而迟的患者，应该采用什么方剂进行治疗？,寒积->忌吃->寒凉食物,0.17,忌吃
一位25岁的女性患者甲状腺肿大，边缘不清，质软无痛，肿块随吞咽上下移动，情绪波动亦影响其大小，治疗时首选哪个方剂？,忌吃->食物有害于疾病->甲状腺肿大,0.22,食物有害于疾病
一个足月出生的男婴，顺产，体重3.2kg，出生后20小时出现黄疸，胆红素水平为210μmmol/L。为了明确诊断，应首先进行哪项检查？,黄疸->常用药品->抗溶血药物,0.07,常用药品
一名38岁女性患者，近半月来感到乏力、咽痛和阵发性刺激性咳嗽，无痰，3日来发热，X线检查发现双下肺有炎症浸润阴影。基于这些症状和检查结果，请问治疗该患者最合适的首选药物是什么？,肺炎->症状->干咳,0.59,症状
对于患者表现出咳嗽经久不愈，咳吐黄痰，甚至咳吐腥臭脓血，并且有身热不退，胸中隐隐作痛的症状，舌红苔黄腻，脉滑数的情况，应该使用哪种中药方剂进行治疗？,咳嗽->症状->燥湿化痰方,0.55,症状
根据患者的超声综合描述，腹主动脉下腔静脉前方可见10．1cm×9．3cm形态不规则低回声，边界清晰，内回声不均匀，且肝左叶受其推挤形态失常，请问该症状最可能诊断为何种肿瘤？,肿瘤->诊断检查->超声检查,0.21,诊断检查
一位56岁的男性患者被诊断为稳定性心绞痛，在经过一段时间的治疗后效果不佳，医生决定采用联合用药。针对这种情况，哪种药物组合较为合理，可以更有效地帮助患者改善病情？,稳定性心绞痛->治疗方法->硝酸甘油、抗血小板药物,0.03,治疗方法
对于一名患有风湿痹痛多年的61岁女性患者，出现腰膝酸痛、筋骨痿软无力、脉弦细等症状，应选择哪种药物进行治疗？请说明原因。,风湿痹痛->治疗方法->补肾养肝,0.67,治疗方法
青年男性，25岁，有右肩外伤史，今天转身开门时突然感到右肩部疼痛，不敢活动，并用左手托住右上肢来医院就诊。请问这种情况下最可能的诊断是什么？,肩关节脱位->症状->活动受限,0.75,症状
26岁男性，右下颌肿块，穿刺出黏稠液体，诊断是什么？,右下颌肿块->并发症->脓肿,0.72,并发症
一位36岁女性患者的颊部黏膜出现白色斑块并带有皱褶。显微镜下检查显示上皮厚度增加，上皮细胞内出现水肿，胞核固缩或消失，并出现空泡性变。根据这些病理特征，该病理诊断应该是什么？,白色水肿 -> 常用药品 -> 维生素A软膏,0.71,常用药品
一名25岁女性，在活动后出现气急，并且出现夜间不能平卧、痰中带血的症状。她的家人注意到她面颊部发红，并且在医院检查中发现心脏杂音。基于这些症状，最可能的疾病诊断是什么？,二尖瓣狭窄->并发症->心房颤动,0.17,并发症
58岁男性，咳嗽带血，骨蒸盗汗，腰酸，舌红少苔，脉细数。应选用中药方剂？,肺阴虚->症状->咳嗽带血,0.78,症状
一名80岁男性Ⅱ型糖尿病患者合并肺心病，长期使用磺脲类和二甲双胍治疗，近期因慢性支气管炎急性感染出现明显发绀和昏迷，应该首先考虑哪种代谢异常的发生？,乳酸酸中毒->并发症->低氧血症,0.75,并发症
38岁女性患者，出现颈前肿痛、胸闷不适、口苦咽干、急躁易怒、心悸多汗、舌苔薄黄、脉弦数，请判断其对应的中医证型是什么？,脉弦数->诊断检查->舌脉辨证,0.74,诊断检查
根据以下病例描述：一名41岁女性，以长期忧郁为诱因，出现表情淡漠、神识呆钝、喃喃独语、喜怒无常、言语有头无尾、污秽不避、终日不思饮食、舌苔腻、脉象弦滑等症状，试问该病例在中医上的诊断应该是什么？,痰迷心窍->治疗方法->涤痰开窍,0.68,治疗方法
根据患者的病例描述，包括头部外伤、近期出现的头痛、头昏以及视力下降等症状，同时结合既往病史和体格检查结果，该患者最可能被诊断为何种疾病？,硬膜下血肿->症状->视力下降,0.61,症状
根据某女患者，73岁，患有肺心病，出现喘促、不能平卧、心悸尿少、肢体浮肿、舌质淡胖、脉沉细的症状，应该使用什么方剂进行治疗？,心肾阳虚->并发症->浮肿,0.59,并发症
根据一个65岁男性患者，患有15年糖尿病且长期使用苯乙双胍的病史，因意识障碍入院，体检显示浅昏迷、呼吸深大、中度脱水，膝反射极弱，血压80/65 mmHg，血糖15mmol/L，CO2结合力12mmol/L，尿糖（+++），尿蛋白（++）及少量尿酮体（+），请问最可能的诊断是什么？,糖尿病->可以治疗疾病->膝反射减弱,0.33,可以治疗疾病
3岁患儿，发热39.8℃，烦躁不安，面红目赤，口渴欲饮，丘疹、疱疹、结痂散布，舌红绛苔黄糙，脉洪数。应该选择什么药物进行治疗？,热毒内蕴->治疗方法->紫雪丹与清胃解毒汤,0.92,治疗方法
一位74岁的男性农民，早晨在菜地拔草时突然起立而昏倒，经过一段时间后病人神志渐清，但仍面色苍白，唇青，呼吸微弱，四肢冷汗出，大便失禁，而额头尚温，舌质淡，脉沉微。在中医治疗中，应选用哪一方剂进行处理？,气虚->治疗方法->四味回阳饮,0.91,治疗方法
在妊娠14周进行钳刮术时，破膜后患者出现烦躁、寒战、咳嗽、呼吸心率加快，血压轻度下降的情况时，应急救措施是什么？,羊水栓塞->治疗方法->氧疗,0.62,治疗方法
一名45岁男性患者突然感到胸痛，4小时后前往医院就诊。在排除急性心肌梗死时，哪项检查最为有帮助？,急性心肌梗死->治疗科室->心内科,0.66,治疗科室
一名78岁男性患者出现进行性吞咽困难5个月，完全不能进食3周。钡剂造影显示食管中段有阻塞，不能通过钡剂。针对这种情况，应该采用哪种治疗方案？,食管癌->推荐食谱->高蛋白饮食,0.29,推荐食谱
3岁男童，自幼蹲位排尿，阴茎发育小且向下弯曲，尿道口位于阴囊部，双侧阴囊未触及睾丸，应做何检查？,尿道下裂->诊断检查->超声检查,0.77,诊断检查
一个62岁的男性患者，出现腹胀、右下腹部阵发性隐痛6个月，同时伴有乏力、消瘦、近3个月来贫血的症状。根据这些症状，首先应考虑的诊断是什么？,胃癌->症状->腹痛,0.42,症状
一名42岁的男性患者，突然出现阵发性腹痛，伴有腹胀和呕吐2天，体温38.5℃，脉搏93次/分，血压100/60mmHg。腹部饱胀并胀气，右下腹部有压痛，肠鸣音亢进。腹部X线平片检查显示小肠高度胀气、扩张，并有多个液气平面。请根据以上症状和检查结果，诊断该患者可能的疾病类型。,鼻塞 -> 常用药品 -> 拿扑伪麻片,0.07,常用药品
一名1岁的幼儿母乳喂养，近期莫名哭闹，并且其母亲出现全身瘙痒且夜间加重的症状。经检查，患儿母亲被确诊为疥疮，幼儿下腹部出现较多针尖大小的红色丘疹。在这种情况下，应该为此患儿使用哪种治疗方案？,母婴传播->疾病描述->密切接触传播,0.55,疾病描述
一位32岁的女性左乳头溢液呈酱红色，并发现左乳晕旁有肿块。请问在这种情况下，目前最有诊断价值的检查方法是什么？,乳腺病变->检查方法->CT扫描,0.14,诊断检查
某患者术后第三天出现体温升高到39℃，伴有大便次数增多、里急后重和黏液便，但伤口不痛且无咳嗽。结合症状，最可能的诊断是什么？,术后感染->疾病描述->腹腔感染,0.23,疾病描述
根据以下情况诊断一名妇女的病情：26岁已婚妇女，停经46日，出现下腹部轻度阵发性疼痛及阴道少量流血伴血块10小时。2日后阴道流血量增多，下腹阵发性疼痛明显加重，妇科检查发现宫口可通过1指，并在宫口处见有胚胎组织堵塞，此时应如何诊断？,子宫肌瘤->症状->阴道出血,0.14,症状
患者出现发热、咳嗽、呼吸急促、黄色痰，肺部影像显示阴影。最可能诊断？,肺部感染->疾病描述->肺结核,0.66,疾病描述
一名55岁男性患者，出现右上腹痛2个月，伴有皮肤和巩膜黄染15天，并进行性加重，查体显示胆囊肿大，超声提示肝内胆管扩张且胆囊肿大，在胰腺平面以上肝外胆管扩张但胰头及胰管无明显异常的情况下，最可能观察到的影像学征象是什么？,胆囊肿大->症状->右上腹痛,0.44,症状
51岁女性患者，脘腹痞满胀痛，嗳腐吞酸，恶食呕逆，或大便泄泻，舌苔厚腻，脉滑，诊断为食滞胃脘证，应选择哪种中成药进行治疗？,食滞胃脘证->常用药品->安胃药,0.17,常用药品
45岁的男性患者被诊断为肾病综合征合并严重肝功能不全，适合使用哪种糖皮质激素进行治疗？,肝功能不全->治疗科室->肝病科,0.07,治疗科室
26岁男性，右下颌区肿块超过4个月，抗感染治疗无效，穿刺出黏稠液体，口腔内部无异常，最可能的诊断是什么？,右下颌肿块->检查疾病->良性肿瘤,0.68,诊断检查
一位30岁的患者，其11号牙齿冠折1/4，5年来没有叩痛和松动，牙齿色泽也没有改变，X线片显示11号牙齿的根尖没有阴影。根据这些情况，最适合的治疗方案是什么？,牙冠折->并发症->牙髓感染,0.65,并发症
一名19岁的男性患者，因不明原因贫血，试服铁剂治疗5天后复查血象，发现网织红细胞上升达到5%，但血红蛋白未见增加，显微镜检查发现红细胞大小不等，中心淡染区扩大。结合这些临床表现，这种贫血最有可能是什么类型的贫血？,巨幼细胞贫血->症状->红细胞大小不等,0.18,症状
一个4岁的男孩1岁开始频繁惊厥，查体发现躯干部色素脱失斑，以及颜面部鼻唇沟附近有多个血管纤维瘤，怀疑是结节性硬化。为了确诊结节性硬化并检测脑室周围及皮质钙化灶，应进行哪种检查？,结节性硬化->症状->频繁惊厥,0.68,症状
一位43岁的男性患者因上腹隐痛半年就诊，ERCP检查显示主胰管粗细不均、扭曲、僵硬，且胆总管下端向内移位，这种表现首先考虑是哪种疾病？,ERCP->检查疾病->胰腺疾病,0.67,诊断检查
一位43岁已婚女性，月经过多持续3年，本次月经持续超10天，经肌注丙酸睾丸酮后见好转。妇科检查显示宫颈糜烂Ⅰ°，子宫大小如鹅卵，质软，活动性良好，无附件异常，宫颈刮片未见癌细胞，血红蛋白60g/L。根据这些情况，最恰当的处理措施是什么？,贫血->治疗方法->补充铁剂,0.54,治疗方法
一个5岁男孩发热2天，伴有微恶风寒、鼻塞流涕、咳嗽、眼睑红赤、泪水汪汪、口腔颊黏膜红赤、细小白色疹点、周围红晕、小便黄、舌苔薄黄的症状，对于这种情况下首选的中医方剂是什么？,宣毒发表汤->可以治疗疾病->风热夹毒邪,0.95,可以治疗疾病
一名38岁女性因突然右侧剧烈腰痛和肉眼血尿就诊，既往有风湿性心脏病和心房颤动病史，尿常规显示蛋白++，红细胞满视野，白细胞5～8/HP。根据以上症状，临床上首先考虑的诊断是什么？,肾动脉栓塞->治疗方法->抗凝治疗,0.73,治疗方法
一个2岁儿童出生后每天哭闹时出现嘴唇发绀，并伴有呼吸困难，最近母亲发现孩子手指末端也出现发绀，指甲末端拱形隆起和手指末节膨大，试分析导致手指变化的最可能原因是什么？,先天性心脏病->症状->胸闷,0.55,症状
针对一名10个月大的女婴，长期母乳喂养且母亲素食为主，出现面色苍白、精神呆滞、贫血等症状，血红蛋白和网织红细胞水平偏低，外周血成熟红细胞以大细胞为主的情况，最佳的解决方案是什么？,维生素B12缺乏->治疗方法->维生素B12补充,0.91,治疗方法
26岁初产妇在产后第4天出现发热、双乳胀痛，体温为38.2℃，双乳出现红肿、血管淋巴充盈和硬结。此时应做何种治疗？,乳汁淤积->治疗方法->增加哺乳频率,0.92,治疗方法
针对7岁患儿出现高热、昏迷、抽搐及严重低血压的情况，其粪便检查结果显示脓细胞和红细胞阳性，说明为细菌感染。为预防该病，最重要的综合措施是什么？,细菌性痢疾->检查疾病->粪便常规,0.04,诊断检查
一名25岁的初产妇，在足月妊娠后阴道顺产，产后两天突然出现剧烈的左下腹痛，伴随恶心和呕吐。妊娠期间曾有两次左下腹痛发作，在翻身后疼痛减轻。检查时发现体温36.7℃，脉搏每分钟100次，宫底在脐下一指，子宫左侧能触及一个界限尚清楚并且有明显压痛的拳头大小的包块。最可能的诊断是什么？,妇科急症->治疗方法->手术治疗,0.75,治疗方法
根据患者三年前左膝关节轻微外伤史，以及目前的症状和影像学检查结果，最可能的诊断是什么？,半月板损伤->并发症->膝关节僵硬,0.67,并发症
一名30岁的男性，近半年旁人发现他常常发愣，对提问无反应，持续1-2分钟，并伴有口唇咀嚼动作，每日出现多次。神经系统检查无异常，脑电图显示右颞局灶性尖波活动。根据这些症状，他应被诊断为什么类型的发作？,癫痫->症状->颞叶癫痫,0.92,症状
对于一位30岁，体壮，经常便秘，每隔几天须服用泻药才能排便，大便干结，腹部胀满，并且出现烦热、口渴、口臭、舌红、舌苔黄厚，脉滑数的女性，应选择哪种方剂进行治疗？,阳明腑实->治疗方法->大承气汤,0.61,治疗方法
一名28岁女性患者有4年反复水肿病史，最近一个月出现厌食、恶心、齿龈出血，且近1日解柏油样大便并逐渐昏迷。其血压为21.3／13.3kPa(160／100mmHg)，血红蛋白为70g／L，血小板计数为7×10^9/L。一年前该患者曾患肝炎现已痊愈。请你指出为了尽快明确该患者的诊断，哪项血液检查最有意义，并说明理由。,肝硬化->常用药品->维生素K1,0.67,常用药品
当患者出现小便点滴而下或尿如细线，甚至阻塞不通，小腹胀满疼痛，舌紫暗或有瘀点，脉涩等症状时，应选用哪个方剂进行治疗？,尿路阻塞->治疗方法->补肾,0.58,治疗方法
13岁女生刷牙时牙龈出血，牙龈充血水肿，X线无牙槽骨吸收。最可能的诊断是什么？,牙龈出血->常用药品->止血敏,0.21,常用药品
初产妇，27岁，妊娠2个月，出现反复恶心呕吐和食欲不振，并伴有偶尔咖啡渣样呕吐物，近2天出现视物模糊和乏力。这种症状最可能提示哪种疾病的发生？,妊娠剧吐->并发症->Wernicke脑病,0.72,并发症
对于一名52岁男性患者，他患有高血压10年和糖尿病3年，最近一周出现严重头痛和有时恶心。测量血压为25.3/15.9kPa（190/120mmHg），尿液检查显示尿蛋白和尿糖均为阳性（++），血肌酐为226μmol/L。根据这些临床信息，应该首先考虑使用哪种药物进行治疗？,高血压急症->治疗方法->抗抑郁药,0.19,治疗方法
一位32岁的女性在遇到寒冷时，双手顺序出现苍白、青紫和潮红，病程已有3年，逐渐加重且每次发作持续15到30分钟。根据该患者被诊断为雷诺综合征，发作时是否会伴随低血糖症状？,雷诺综合征->并发症->低血糖,0.05,并发症
根据患者的症状，包括左眼闭合不全、口角向右歪、左耳部疼痛、查体发现左侧周围性面瘫征、左侧舌前2/3味觉丧失及左侧外耳道小疱疹，这些表现表明病变最可能发生在哪个解剖部位？,脑神经病变->症状->面瘫,0.39,症状
根据一位服用阿司匹林的56岁女性患者，最近10余天间断上腹部隐痛或不适，并且昨天出现两次黑便的症状，试分析最可能导致她消化道出血的病因是什么？,消化道出血->检查疾病->胃镜,0.68,诊断检查
一名38岁的女性患者发现左眼视野缺损，眼压为40mmHg，经检查后确诊。请问，该患者的首选治疗方法是什么？,青光眼->治疗方法->激光治疗,0.52,治疗方法
一名25岁男性患者，2个月前经历上呼吸道感染，10余天后出现浮肿和血尿伴随高血压，尿蛋白(++)，红细胞满视野，肾功能目前正常，但按急性肾炎进行治疗后病情未见改善，复查发现血红蛋白为14|D g/L，肌酐水平升高到380μmol/L，B超显示双肾稍增大。基于以上信息，详细说明在确定诊断或进一步处理上，目前最佳的医学步骤是什么？,免疫抑制治疗->治疗方法->新月体性肾炎,0.59,治疗方法
患者在牙齿拔除后进行烤瓷修复，戴修复体1个月后出现食物嵌塞且牙龈易出血。经过检查，修复体无松动且边缘密合。导致此问题的最可能原因是什么？,修复体设计问题 -> 常用药品 -> 抗生素,0.41,常用药品
9岁的男孩王某2周前曾出现咽痛，口服药物后症状缓解，但近两日晨起眼睑浮肿，小便色红伴尿潜血阳性，血压130/70mmHg，被诊断为肾炎。其表现为发热不恶寒，咽喉疼痛，口干口渴，头面浮肿，尿少色赤，舌红苔薄黄，脉浮数。根据中医证候学的辨证，此时应选用哪种治疗方剂？,湿热蕴结->常用药品->越婢加术汤,0.92,常用药品
根据一位49岁女性患者，近半年来反复出现头痛、头晕、四肢麻木、周身发热、情绪不稳等症状，体检未见神经系统体征，X线片显示颈5~6椎体后缘轻度骨质增生，MRI显示颈髓无明显受压，你认为最可能的诊断是什么？,自主神经功能紊乱->检查疾病->激素水平检测,0.76,诊断检查
在总义齿患者的调牙合过程中，当下颌前伸至上下颌前牙切缘相对时，出现左右侧上下颌第二磨牙和第一磨牙与上颌第二双尖牙同时接触的现象，这种接触模式如何描述？,前伸平衡牙合->治疗科室->口腔修复科,0.74,治疗科室
68岁男性，恶寒发热、头痛、微喘、无汗、全身骨节酸楚烦疼，舌苔薄白，脉浮紧而数，最合适的治疗原则是什么？,风寒表证->治疗方法->辛温解表,0.92,治疗方法
一名67岁女性患者，乳腺出现包块并伴有乳头溢液，病程为一个多月，通过X线检查后，你认为最有可能是什么诊断？,乳腺疾病->诊断检查->X线检查,0.72,诊断检查
对于某位70岁老年人中风后久卧在床的情况，如何正确处理已经形成的大水泡以防止感染？,水泡护理->治疗方法->抗菌药膏,0.17,治疗方法
根据以下症状描述，患者白带量多，外阴瘙痒，白带呈豆腐渣样，伴有心烦失眠，舌苔黄腻，脉弦，其分泌物检查结果为霉菌(+)。请问，应选用哪种中药方剂进行治疗？,霉菌性阴道炎 -> 诊断检查 -> 分泌物霉菌检测,0.77,诊断检查
一名40岁女性左下腹部触及肿块2个月，近日出现腹部膨隆和右侧胸水，B超显示盆腔肿块伴多量腹水，妇科检查发现左侧附件区触及不规则质硬活动良好的肿块。结合这些临床表现，最可能的诊断是什么？,左下腹肿块->症状->腹部胀气,0.18,症状
一名45岁男性患者，食欲减退、乏力1年，血红蛋白为90g/L，红细胞体积分布直方图显示峰底增宽的双峰图形，这种血象变化最可能是由何种治疗状况所导致？,铁缺乏性贫血->治疗方法->停止补铁,0.61,治疗方法
一个62岁的男性患者，出现腹胀、右下腹部阵发性隐痛6个月，同时伴有乏力、消瘦、近3个月来贫血的症状。根据这些症状，首先应考虑的诊断是什么？,慢性胃炎->症状->消瘦,0.12,症状
一位28岁的男性被沸水烫伤，各部位表现出不同症状。左上肢、颈部、胸腹部、双足和双小腿有水泡且剧痛，右手掌有焦痂呈皮革状且不痛，面部有红斑表面干燥，并发生低血容量性休克。请计算该患者Ⅱ度烧伤的总面积百分比。,大面积烧伤->治疗时长->较长,0.18,治疗时长
一位30岁的患者，其11号牙齿冠折1/4，5年来没有叩痛和松动，牙齿色泽也没有改变，X线片显示11号牙齿的根尖没有阴影。根据这些情况，最适合的治疗方案是什么？,牙冠折->治疗方法->根管治疗,0.56,治疗方法
根据一名45岁男性患者间断腹痛、腹泻3年，无脓血和黏液，服小檗碱和氟哌酸可稍缓解，近期症状加重且大便频率增加至7～8次/天，大便常规及脂肪滴检查正常的情况，哪种疾病最需要被排除？,甲状腺功能亢进->并发症->骨质疏松,0.18,并发症
一名20岁的女性患者在劳累后出现畏寒、高热和右胸痛。体检显示急性病容，口周有疱疹，右肺中下部分闻及管性呼吸音。根据这些临床表现，最可能引起她右肺炎的病原体是什么？,肺炎->推荐食谱->清蒸鸡蛋羹,0.14,推荐食谱
针对一位女性患者症状为尿频、尿急、腰腹拘急疼痛3天，并伴有寒热往来、口苦呕恶、大便多天一行、小便黄、舌红苔黄腻、脉濡数的情况，应该采用哪种中药方剂进行治疗？,湿热下注->忌吃->辛辣油腻食物,0.67,忌吃
一名患者左足足跖部位有一个黄豆大小的角化性斑块，表面粗糙且局部有刺状物，周围有数个角化性小丘疹，并伴有明显的挤压痛。根据这些症状，最可能的诊断是什么？,跖疣->常用药品->抗病毒药物,0.08,常用药品
一名女性患者有20余年胃病病史，经常因饮食不慎而呕吐，时作时止，面色少华，倦怠乏力。最近因为饮食过多，出现呕吐酸腐，脘腹胀满，嗳气厌食的症状，此时治疗应该改用哪个方剂？,食积->并发症->胃虚,0.32,并发症
在治疗患者谢××时，她病症表现为久痢顽固不愈，证见心烦失眠，口干口苦，腹痛隐隐，喜温喜按，舌质淡，苔黄腻，脉沉细。根据这些症状，应该选用哪种中药方剂进行治疗？,口干口苦->可以治疗疾病->口腔溃疡,0.08,可以治疗疾病
一位16岁男性，左膝部肿痛持续2周，无发热。结合左膝关节的MRI平扫和增强扫描片，诊断结果最可能是什么？,左膝肿痛->诊断检查->骨肉瘤,0.98,诊断检查
一名38岁男性患者，出现黄疸迅速加重和神志恍惚等重症肝炎表现。其肝功能化验结果显示ALT升高，TBIL增高，胆碱酯酶降低。哪项检查对于确诊他是否患有重症肝炎最有价值？,凝血功能->检查->肝合成功能,0.77,诊断检查
对于一位30岁，体壮，经常便秘，每隔几天须服用泻药才能排便，大便干结，腹部胀满，并且出现烦热、口渴、口臭、舌红、舌苔黄厚，脉滑数的女性，应选择哪种方剂进行治疗？,阳明腑实->并发症->口臭,0.45,并发症
对于一名30岁的男性患者，他出现恶寒发热、咳嗽气喘，并伴有眼睑浮肿，随后四肢及全身皆迅速出现浮肿，还感到肢体关节酸楚，舌苔薄白，脉象紧。在此情况下，应该选择哪种中药配伍？,小青龙汤->可以治疗疾病->热毒壅盛,0.09,可以治疗疾病
一名45岁的女性在接受腰麻后4小时内出现烦躁不安，测量血压、脉搏和呼吸均正常。查体显示下腹部膨隆且叩诊呈浊音，请问这种情况下最可能的诊断是什么？,尿潴留->诊断检查->腹部CT扫描,0.05,诊断检查
21岁女性患者，2年的关节痛病史，突发头晕、头痛，左上肢血压160/110mmHg，右上肢血压180/116mmHg，尿常规显示蛋白（+），血清肌酐为176μmol/L。为进一步确诊，应该进行哪项检查？,高安动脉炎->症状->蛋白尿,0.27,症状
5岁小儿0T试验1：1000浓度24小时后复诊，局部红硬结直径15mm，最恰当的处理措施是什么？,结核试验->症状->硬结直径15mm,0.92,症状
一名50岁男性患者，长期吸烟，每日20支，最近经常咳嗽，痰中带有血丝，并在一周前突然感到呼吸困难。X线透视显示右侧胸腔有大片致密阴影，且胸腔穿刺抽出了大量血性胸水。根据这些症状，应该首先考虑哪种病情？,肺癌->诊断检查->胸腔穿刺,0.58,诊断检查
根据一位46岁女性患者的症状：心悸、喘息不能平卧、颜面四肢水肿、腹胀、大便溏泻、小便短少，以及其舌象和脉象特征，结合诊断为“风心病，二窄并二漏”，在已知使用氧气和西药治疗的基础上，中医治疗应首选哪个方剂？,风心病 -> 常用药品 -> 真武汤,0.95,常用药品
根据患者沈某的症状：身热夜甚，神烦少寐，时有谵语，脉数，舌绛而干，应选用哪种中药方剂进行治疗？,清营汤->症状->夜间发热加重,0.62,症状
一位45岁男性患者，有2年以干咳为主的间断咳嗽病史，每年秋季症状出现并伴有夜间憋气，使用多种药物抗感染治疗无效，且症状自行消失后又再次出现。体格检查和胸部X线片无异常，通气功能正常。为明确诊断，应该进行什么进一步的检查？,干咳->诊断检查->支气管舒张试验,0.39,诊断检查
根据患者因车祸头部受伤后出现的症状，如左侧瞳孔散大、对光反应消失、右侧肢体瘫痪等，结合病情进展过程，推断患者最可能出现什么类型的脑部病情变化？,头部外伤->症状->左侧瞳孔散大,0.54,症状
患者肛门肿痛，皮色暗红，化脓时间长，溃后脓液稀薄，创口难愈合，伴有午后潮热、心烦口干，舌质红，苔少，脉象细数，应选择什么方剂进行治疗？,阴虚内热->并发症->长期便秘,0.17,并发症
三天大的男婴，出生后表现为不吃、不哭、不动，少尿和体温不升，胎龄32周早产，查体发现体温为34℃，呼吸不规则，反应低下，皮肤黄染，呼吸音低，心音低钝，伴随腹胀、面颊和臀部以及双下肢皮肤硬肿、压之凹陷，手足冰凉。根据这些临床表现，最可能的诊断是什么？,新生儿硬肿症->检查疾病->早产儿并发症,0.64,诊断检查
27岁男性患者外感咳嗽，经解表宣肺治疗后仍咳嗽、咽痒，应选何方剂？,风热感冒->治疗方法->银翘散,0.27,治疗方法
8岁男孩4周前患有脓疱疮，最近3天出现眼睑水肿、尿少和肉眼血尿症状。检查发现蛋白尿、红细胞尿、抗O滴度升高、C3下降和NPN升高，该患者最可能的病情诊断是什么？,红细胞尿->可能患有疾病->肾小球肾炎,0.93,可能患有疾病
一个56岁的患者突然出现剧烈胸背部疼痛，短时间内出现截瘫或四肢瘫，病变水平以下出现痛温觉丧失而深感觉保留，同时大小便功能障碍。基于这些症状，应诊断为何种综合征？,急性脊髓前动脉综合征->症状->自主神经异常,0.75,症状
一个患者表现为四肢痿软麻木，身体困重，足胫发热，胸脘痞闷，小便短赤，舌苔黄腻，脉滑数。针对这些症状，应选用何种方剂进行治疗？,二妙散->治疗方法->清热利湿,0.74,治疗方法
患者男性，55岁，3个月前因胸胁部撞伤后出现胁肋刺痛症状，表现为痛有定处，入夜痛甚，舌质紫暗，脉沉涩。请问针对这一症状，应选用哪种中药方剂进行治疗？,胸胁刺痛->可能患有疾病->胃炎,0.18,可能患有疾病
针对一名25岁的男性患者，他在额头、面部、胸部和背部反复出现红色丘疹、脓疱、囊肿和结节已有10年，并留有紫红色瘢痕，请描述一种不适合用于治疗此患者的药物或方法，并说明原因。,囊肿性痤疮->治疗方法->口服抗生素,0.75,治疗方法
在一名患者接受牙周治疗1周后，右下磨牙颊侧牙龈突然肿起，并被诊断为急性牙周脓肿。请分析此患者脓肿形成的原因，哪个因素不可能导致这种情况？,急性牙周脓肿->常用药品->抗生素治疗,0.22,常用药品
一位35岁女性患者右胸痛持续3个月，同时伴有胸闷气短逐渐加重及消瘦。X线胸片示右侧胸腔积液，CT显示右侧胸膜凹凸不平。根据这些症状和检查结果，最可能的诊断是什么？,胸痛->并发症->肺结核,0.12,并发症
对于一名18岁男性患者，右上1牙在备洞过程中发生意外穿髓，穿髓孔直径约0.5mm，请问应使用何种治疗方法？,牙髓暴露->治疗方法->牙髓去除,0.58,治疗方法
患者ALT升高、ALP显著升高、总胆红素升高，肝脏B超形态正常。最可能的诊断是什么？,肝脏疾病->诊断检查->肝脏B超,0.52,诊断检查
一位60岁男性患者，患有慢性阻塞性肺病15年，最近一周内咳嗽和喘息加重，出现明显发绀和烦躁，血气分析结果为pH值7.4，PaO₂为40mmHg，PaCO₂为70mmHg。请问在这种情况下，应如何进行氧疗？,PaO₂为40mmHg->诊断检查->血气分析,0.74,诊断检查
3岁男孩，症状包括咳嗽重浊、痰多色白清稀、喉间痰声辘辘、纳呆，舌质淡红、苔白腻、脉滑，应该选用什么方剂进行治疗？,痰湿困肺->并发症->肺气肿,0.22,并发症
根据患者的症状表现，包括失眠多梦、健忘、心悸、头晕和盗汗，结合舌苔薄白、脉细弱的特征，应该首选哪种中药进行治疗？,失眠多梦->治疗药物->六味地黄丸,0.61,常用药品
根据女性患者28岁，经来先期，量少或多，色红质稠，手足心热，舌红少苔，脉细数等症状，应首选哪种方剂进行治疗？,阴虚血热->常用药品->两地汤,0.43,常用药品
对于一名表现为腹痛便秘，脐下绞结，绕脐不止，手足不温，舌苔白不渴，脉沉弦而迟的患者，应该采用什么方剂进行治疗？,寒积->推荐食谱->姜枣汤,0.13,推荐食谱
一名7岁的患儿，2周前得过猩红热，最近两天出现眼睑水肿，血压为16.0/10.7kPa(120/80mmHg)，尿常规显示蛋白++，红细胞5~8个/HP，目前水肿明显且尿量200ml/日。在护理过程中，应特别警惕发生哪种严重并发症？,急性肾小球肾炎->并发症->胃肠道出血,0.12,并发症
一名13岁女性患者出现头晕、乏力、尿黄1个月，血常规检查显示血红蛋白为86g/L，血小板为10×10^9/L，且Coombs试验阳性。根据这些症状和检查结果，最可能的诊断是什么？,Evans综合征->可能患有疾病->免疫性血小板减少症,0.68,可能患有疾病
一个足月出生的男婴，顺产，体重3.2kg，出生后20小时出现黄疸，胆红素水平为210μmmol/L。为了明确诊断，应首先进行哪项检查？,黄疸->症状->皮肤黄染,0.15,症状
边某，男，58岁，最近出现头目眩晕，目胀耳鸣，脑部热痛，心中烦热，面色如醉，舌红少苔，脉弦长有力等症状，结合其有高血压病史，这种情况下，应该选用哪种中药方剂进行治疗？,肝阳上亢->可能患有疾病->肾虚,0.15,可能患有疾病
根据以下症状：患者肢体关节疼痛重着，痛处不移，局部微肿，扪之无灼热感，四肢沉重，肌肤麻术，接近关节处尤为明显，舌淡胖、边有齿痕，苔白腻，脉濡缓，应选用哪种中药方剂进行治疗？,湿热痹->治疗方法->清热解毒汤,0.11,治疗方法
如果一个10岁女孩在经历呼吸道感染后，因水肿、尿量减少及血尿在2天内入院，随后在2到4周后出现进行性尿量减少和肾功能下降，应考虑什么诊断？,"急进性肾小球肾炎->治愈概率->5%,",0.61,治愈概率
26岁初产妇在妊娠39周时顺利经阴道分娩后，立即出现多量鲜红色阴道流血，持续不断。在这种情况下，最可能的病因是什么？,阴道流血 -> 诊断检查 -> 阴道检查,0.75,诊断检查
一名28岁女性患者，四年间在活动后出现心悸气促症状，心尖区可闻及舒张期隆隆样杂音和二尖瓣开瓣音，超声心动图显示二尖瓣狭窄，无风湿活动和感染。针对这种病例，当前最适合的治疗方案是什么？,二尖瓣狭窄->治疗方法->药物治疗,0.75,治疗方法
一名9岁男孩患者在外伤后出血不止，实验室检查显示白细胞5×10^9/L，血红蛋白110g/L，血小板101×10^9/L，出血时间正常，凝血时间正常，KPTT为80s（正常对照30s），可被正常血清纠正，但不能被钡吸附正常血浆纠正。根据这些临床和实验室检查结果，请给出该患者的诊断。,血友病B->治疗方法->止血药物,0.13,治疗方法
一名30岁男性，经历阵发性心悸10年，每次发作持续时间从半小时到3小时不等，此次心悸发作已持续半小时来就诊。检查显示血压为90/60mmHg，心率为200次/分钟，心律绝对规则，无杂音，肺部无异常。请问在这种情况下，最适合的治疗措施是什么？,腺苷->可以治疗疾病->室上性心动过速,0.08,可以治疗疾病
一位58岁男性患者因过劳而反复出现腰痛，表现为静卧时痛减，阴雨天气加重，左侧腰疼剧烈，不能转侧，白天症状较轻晚上较重，痛处拒按，舌苔薄白腻，脉象弦，应选择什么中药方剂进行首选治疗？,腰痛治疗->方剂选择->独活寄生汤,0.55,常用药品
描述一名老年男性在车祸导致右股骨开放性骨折并在内固定术后出现切口少量脓性渗出和创口肉芽组织突起的情况，结合X线片显示骨折断端有层状致密新骨形成且骨折片边界清楚的影像学特征，你认为最可能的诊断是什么？,慢性骨髓炎->诊断检查->X线片,0.44,诊断检查
对于某位70岁老年人中风后久卧在床的情况，如何正确处理已经形成的大水泡以防止感染？,中风后护理->疾病描述->久卧,0.65,疾病描述
面对一位27岁男性患者，他以左侧后牙自发痛和夜间痛为主要症状就诊，检查发现左侧后牙前倾阻生，牙冠与远中牙颈部形成的间隙有较多的食物嵌塞，远中冠周轻度充血，冠周袋无脓且触痛(-)，X线显示远中牙颈部深龋。请问在这种情况下，最恰当的应急处理措施是什么？,深龋->忌吃->甜食,0.18,忌吃
患者多次流产，现表现为腰酸膝软、足跟痛、头晕耳鸣、手足心热、两颧潮红、大便秘结，舌红少苔，脉细数等症状。根据这些症状，应该首选哪种中药方剂进行治疗？,肾阴虚->常用药品->六味地黄汤,0.78,常用药品
一名足月顺产女婴生后8天，母乳喂养，出现食欲减退、烦躁和呕吐等症状，体检发现皮肤黄染，呼吸增快，心率加快，同时总胆红素水平升至255μmol/L。结合这些临床表现和检查结果，最可能的诊断是什么？,新生儿败血症->并发症->感染,0.68,并发症
一名45岁的男性患者，最近发生心跳过速。查体结果显示心率为170次/分，心律规则。在按压颈动脉窦后，心率突然减慢至90次/分。基于这些信息，最可能的诊断是什么？,甲状腺功能亢进->症状->心动过速,0.18,症状
一名30岁的男性患者表现出大热烦躁、错语不眠、口燥咽干、小便黄赤、舌红苔黄和脉数有力的症状，请问针对这些症状适合选择哪种治疗方剂？,黄连解毒汤->并发症->呼吸急促,0.22,并发症
针对一位患有类风湿关节炎的23岁女性，她在左上眼睑和右眼巩膜上分别出现褐色斑点和蓝色斑块。结合她的病情历史和症状，最合适的诊断是什么？,类风湿关节炎->诊断检查->血管炎,0.72,诊断检查
根据27岁男性患者的症状：乏力、双下肢反复瘀点、重度贫血貌，全身可见散在出血点，血象显示贫血，中性粒细胞和血小板显著减少，且网织红细胞低，请给出最可能的临床诊断是什么？,再生障碍性贫血->治疗科室->血液科,0.77,治疗科室
一位32岁的女性在遇到寒冷时，双手顺序出现苍白、青紫和潮红，病程已有3年，逐渐加重且每次发作持续15到30分钟。根据该患者被诊断为雷诺综合征，请描述她在发作时的典型症状是什么？,雷诺综合征->症状->持续时间,0.68,症状
50岁女性患者被诊断为卵巢癌，手术中发现双侧卵巢受累，包膜破裂，盆腔内有转移灶，并在腹腔冲洗液中检测到肿瘤细胞。根据这些临床特征，请问该患者的卵巢癌分期是什么？,卵巢癌->症状->腹腔转移,0.26,症状
针对3岁女童叶某，出现低热、双侧腮部肿痛、咀嚼不便、咽痛等症状，中医治疗首选的方剂是什么？,风热毒邪->常用药品->柴胡葛根汤,0.92,常用药品
一名26岁未产妇女，停经48日后出现阴道少量流血伴右下腹隐痛。今晨突然感到右下腹剧烈疼痛就诊。经过体格检查和相关化验检查，描述其体征和化验结果后，请问该患者最可能的诊断是什么？,异位妊娠->症状->右下腹疼痛,0.62,症状
描述慢性粒细胞白血病患者脾的超声特征，结合病变形状和多普勒血流信号最可能的诊断是什么？,慢性粒细胞白血病->忌吃->生食海鲜,0.12,忌吃
一名26岁女性因车祸头部受伤后出现短暂昏迷，后来逐渐清醒，但1天后开始出现烦躁、头痛、呕吐，随后再次昏迷。体检显示伤侧瞳孔散大，对光反射消失，对侧肢体不完全性瘫痪，并有巴宾斯基征阳性。请问这种情况应考虑为哪种诊断？,硬膜外血肿->诊断检查->瞳孔散大,0.67,诊断检查
一名18岁女性患者因感冒发热1周后出现心悸、气促和不能平卧现象。在心脏检查中，心率为每分钟110次，律齐，心尖部闻及舒张早期奔马律及收缩期吹风样杂音2/6级。当她的奔马律在胸骨下端左缘听到时，这种奔马律的性质是什么？,奔马律->检查疾病->心功能不全,0.69,诊断检查
一名男性新生儿经产道分娩3天后，出现双眼睑红肿、畏光、结膜高度充血，以及大量黏脓性分泌物等症状，请指出最可能的疾病诊断。,淋球菌性结膜炎->传染性->强,0.19,传染性
一名55岁男性患者出现左胸痛2个月，胸闷气短逐渐加重，并伴有消瘦。胸片显示左侧大量胸腔积液，CT显示广泛胸膜增厚及左侧胸膜凹凸不平，可见胸膜结节影。根据这些临床表现，该患者最可能与哪种职业相关疾病有关？,肺结核->症状->消瘦,0.18,症状
对于一名2岁男孩，出现咳嗽伴气喘、发热、面赤鼻煽、气促等症状，并且有舌红苔黄、指纹浮紧在气关、脉浮数等表现，治疗这种症状的首选方剂是什么？,风热犯肺->治疗方法->麻杏石甘汤,0.77,治疗方法
对于一名56岁男性，症状包括大便次数增多、低热、厌食、消瘦，无抗生素疗效，甲状腺结节性肿大，心率加快和血压升高，以及甲状腺摄131I率3小时35%、24小时52%的情况下，若对抗甲状腺药物治疗无效，应该选择什么治疗方案？,甲亢->治疗方法->甲状腺切除,0.68,治疗方法
一名55岁男性，右小腿肿痛3天，体温38℃。查体显示右小腿片状红肿，鲜红色，中央较淡，边缘稍隆起，与正常皮肤界限清楚，指压可使红色消退，压力除去后红色很快恢复。根据这些临床表现，最可能的诊断是什么？,右小腿肿痛->症状->血栓性静脉炎,0.53,症状
25岁女性，停经2个月，尿妊娠试验阳性，近1周阴道少量出血，妇科检查显示子宫增大如7周妊娠大小，未见异常组织物排出且无压痛。根据这些症状，最可能的诊断是什么？,先兆流产->并发症->胎停育,0.65,并发症
对于一名56岁男性，症状包括大便次数增多、低热、厌食、消瘦，无抗生素疗效，甲状腺结节性肿大，心率加快和血压升高，以及甲状腺摄131I率3小时35%、24小时52%的情况下，若对抗甲状腺药物治疗无效，应该选择什么治疗方案？,甲亢->治疗方法->免疫抑制剂,0.49,治疗方法
一名17岁的女性患者长期持续性出现阴道漏尿，并且可以间隔性正常排尿，B超示右肾重度积水且肾图提示右肾无功能。在这种情况下，首先应进行哪项检查以明确诊断？,逆行肾盂造影->检查疾病->输尿管阴道瘘,0.71,诊断检查
78岁女性患者数月的症状表现为口腔内多数牙受到冷、热刺激时酸痛，并在鼻咽癌放射治疗后出现口腔内牙颈部环状龋损。根据这些临床表现，如何诊断这种牙病变？,放射性龋齿->检查项目->口腔检查,0.77,诊断检查
对于自诉感冒后出现眼部不适的女性患者，她在这段期间使用了哪些治疗方法？,眼部不适->症状->抗过敏药物,0.78,症状
一名20岁未婚女性患者，出现经行鼻衄已经3年，鼻血量较多，呈红色，伴随月经周期提前，经量偏少。患者在月经第2天出现鼻衄，情绪波动会影响出血量，舌质红，脉象细弦。根据这些症状，针对她的病情应选择哪种中药方剂进行治疗，并且加哪味药以达到最佳疗效？,经行鼻衄->食物有益于疾病->桑葚,0.19,食物有益于疾病
在尿急、尿痛伴尿道口脓性分泌物3天的情况下，若28岁男性患者未得到正规有效治疗，他可能出现的最严重并发症是什么？,尿道感染->治疗科室->泌尿外科,0.62,治疗科室
女性，22岁。感冒发烧后出现心悸、胸闷、呼吸困难及浮肿，查体显示心律不齐，心电图显示频发室性早搏。为了进一步明确诊断，应考虑进行哪项检查？,感冒病毒感染->并发症->心肌炎,0.19,并发症
一名54岁男性患者在生产有机磷农药的工作中出现中毒症状，经过阿托品静脉给药达到阿托品化状态，但仍出现面部、四肢抽搐。此时应进行怎样的进一步治疗？,有机磷中毒->治疗方法->静脉营养,0.21,治疗方法
一名50岁的男性患者在饱食后出现上腹持续性胀痛，伴有全腹压痛和反跳痛，肌紧张及肠鸣音消失等症状，经过体格检查和实验室检查后，为确定最佳的治疗方案，哪种影像学检查最有价值？,急性胰腺炎->常用药品->泮托拉唑,0.47,常用药品
一名32岁的男性，右颈部肿大1个月，CT扫描显示右侧口咽及鼻咽有均匀密度的软组织肿物，双侧颈部及纵隔有多个边界清楚的肿大淋巴结。根据这些检查结果，最可能的诊断是什么？,淋巴瘤->治疗方法->化疗,0.65,治疗方法
根据患者的症状：心悸不宁，心烦少寐，头晕目眩，手足心热，口干口渴，耳鸣腰酸，舌红，少苔，脉细数，应该选用哪种中药材配伍治疗？,心肾不交->常用药品->酸枣仁,0.57,常用药品
对于一名30岁的男性患者，他出现恶寒发热、咳嗽气喘，并伴有眼睑浮肿，随后四肢及全身皆迅速出现浮肿，还感到肢体关节酸楚，舌苔薄白，脉象紧。在此情况下，应该选择哪种中药配伍？,风寒->常用药品->麻黄,0.73,常用药品
一位37岁女性，因车祸导致胫骨骨折十余天后，突然出现头痛和头晕。结合患者的病史和症状以及图像，最可能的诊断是什么？,车祸->症状->头痛,0.75,症状
一位30岁的女性患者表现出失眠多梦、易惊醒、胆怯心悸、遇事善惊、气短乏力、舌淡、脉弦细的症状，针对这些症状，应该选择哪种中药方剂进行治疗？,失眠多梦->治疗方法->安神定志丸,0.91,治疗方法
患者李某出现咯血反复发作一个月，同时伴有咳呛气急、午后潮热、五心烦热等症状。根据这些临床表现，应首选哪种方剂进行治疗？,阴虚火旺->治疗方法->滋阴清热,0.17,治疗方法
一名30岁男性患者，头颅CT显示左小脑半球有一个3cm×4cm的囊样低密度区，并伴有壁结节，结节明显增强，四脑室受压变形及右移。根据这些影像特征，最可能的诊断是什么？,血管母细胞瘤->推荐食谱->高钠饮食,0.09,推荐食谱
对于一位47岁女性患者来说，她的腕关节肿痛持续了3个月，掌指关节肿痛持续了6周，并伴有早晨僵硬症状，哪项检查对确立诊断最有意义？,晨僵->食物有益于疾病->生姜,0.02,食物有益于疾病
根据8岁患儿在春节期间因上感，注射青霉素40万单位后5小时出现高热、头痛、前胸出血点、低血压的情况，诊断最可能是什么？,过敏反应->症状->发热,0.62,症状
患者为38岁女性，双额黏膜存在白色病变1年，活检标本显示上皮萎缩、表面不全角化、上皮钉突不规则延长，基底细胞层液化变性以及固有层内近上皮区淋巴细胞浸润。根据这些病理特征，诊断应为哪种疾病？,系统性红斑狼疮->可能患有疾病->口腔病变,0.45,可能患有疾病
一名60岁男性患者阴茎头部出现菜花样肿物，继而糜烂，边缘硬而不整齐，有分泌物、出血及恶臭。根据这些症状，该患者应诊断为何种疾病？,阴茎肿物->疾病描述->阴茎炎症,0.52,疾病描述
一名39岁女性患者，因右上腹疼痛1天就诊。体检显示巩膜黄染，体温39.5℃，右上腹压痛并伴有轻度肌紧张。B超检查发现胆管轻度扩张且胆管内有结石。如果不及时治疗，该患者最可能出现什么严重并发症？,胆管结石->检查疾病->腹部B超,0.58,诊断检查
一位24岁的孕妇，妊娠31周，表现为高血压、尿蛋白和浮肿等症状，血HCT为43%且全血黏度比值为3.8，针对这种情况，最佳的处理方法是什么？,先兆子痫->症状->高血压,0.14,症状
对于一名发热3天、流涕、流泪、怕光，并且耳后、颈部、面部出现充血性红色斑丘疹的2岁女童，如果她的口腔颊内侧黏膜可见白色斑点，她的隔离期应该是出疹后多久？,麻疹->食物有益于疾病->胡萝卜粥,0.06,食物有益于疾病
35岁男性跌倒后腕部肿胀和酸痛，无骨折征象，后期未治疗容易引发的情况？,软组织损伤->并发症->慢性疼痛,0.65,并发症
一名8岁男患者出现恶寒发热1天后，伴有头面红肿掀痛、咽痛、口渴舌燥、舌红苔黄、脉浮数等症状。根据这些症状，应选用哪种中药方剂进行治疗？,风热上攻->症状->头面红肿掀痛,0.03,症状
一位65岁的女性，患有冠心病和下壁心肌梗死，10年前因三度房室传导阻滞植入了VVI起搏器，起搏频率设定为72次/分。当前需要采取什么治疗措施？,冠心病->推荐食谱->燕麦粥,0.35,推荐食谱
对于一位术后出现体温上升和轻度呼吸不畅的患者，胸片显示胸腔内有气液平，为了进一步诊断最重要的检查手段是什么？,胸腔气液平->治疗方法->抗生素治疗,0.18,治疗方法
一名5岁女童，已患急性淋巴细胞性白血病8个月，并接受了正规化疗。她现在发热1天，体温40.1℃，精神萎靡，皮肤上出现了较多皮疹，其中包括丘疹和疱疹，疱疹内为浑浊液体。基于这些症状，最可能的诊断是什么？,水痘-带状疱疹病毒->诊断->皮肤疱疹,0.91,可能患有疾病
腹泻、腹痛、脉弦的患者应该使用什么药物进行治疗？,腹泻->常用药品->香砂六君子汤,0.72,常用药品
"根据临床表现和实验室检查结果, 6岁小儿发热、轻咳、纳差2周, 右下肺呼吸音减低, 白细胞总数正常, 血清冷凝集反应滴度为1:64, 以及胸片显示右肺下部呈云雾状浸润，并在治疗1周后胸片显示右中、下肺野有大片状淡薄阴影。这些信息提示应诊断为什么类型的肺炎？",支原体肺炎->诊断检查->冷凝集素滴度升高,0.53,诊断检查
一个8个月大的女孩反复出现呼吸道感染，检查结果显示她体内的IgA含量非常低，但IgG和IgM含量正常，请问这种情况下最可能的诊断是什么？,选择性IgA缺乏症->治疗科室->儿科,0.61,治疗科室
一位48岁的女性，三个月前无明显诱因出现右上腹不适，表现为钝痛。结合影像学表现，其最可能的诊断是什么？,右上腹不适->推荐食谱->白萝卜炖牛腩,0.19,推荐食谱
一位怀孕8个月的24岁女性，近一个月来常在卧位时出现突发性头痛、心悸和多汗，测得最高血压为230/140mmHg，但坐起后症状可逐渐缓解，血压恢复正常，空腹血糖为7.8mmol/L，电解质及肝肾功能正常。根据这些症状和检验结果，最可能的诊断是什么？,嗜铬细胞瘤->治疗科室->内分泌科,0.37,治疗科室
患者颈前偏左囊性包块随吞咽上下移动，突然增大伴疼痛，既往有手术史。最可能诊断？,颈部包块->症状->疼痛,0.54,症状
对于住院第2天检查时，患者的瘫痪肢体只能在水平面上移动而不能上抬，这表明其右下肢的肌力处于哪个级别？,肌力评估->常用药品->肌肉松弛药,0.14,常用药品
根据患者的症状表现和体质情况，怀孕50天的女性患者出现腰酸腹痛、阴道少量出血等问题，首选哪种中药进行治疗？,寿胎丸->并发症->阴道少量出血,0.64,并发症
对于患者表现出咳嗽经久不愈，咳吐黄痰，甚至咳吐腥臭脓血，并且有身热不退，胸中隐隐作痛的症状，舌红苔黄腻，脉滑数的情况，应该使用哪种中药方剂进行治疗？,咳嗽->中药方剂->清热解毒汤,0.62,常用药品
如果一个10岁女孩在经历呼吸道感染后，因水肿、尿量减少及血尿在2天内入院，随后在2到4周后出现进行性尿量减少和肾功能下降，应考虑什么诊断？,急进性肾小球肾炎->可能患有疾病->肾小管损伤,0.77,可能患有疾病
56岁男性充血性心力衰竭，心率100～110次/分钟，使用地高辛两周无明显效果，应该选择哪种药物治疗？,心力衰竭->可能患有疾病->高血压,0.55,可能患有疾病
一名28岁的女性患者被诊断为甲亢，并服用丙硫氧嘧啶半年，目前症状消失且T3、T4值正常。最近1周患者感到乏力，近3天出现发热、体温39℃、咽痛、皮疹和关节酸痛。针对患者的情况，最重要的化验是什么？,丙硫氧嘧啶副作用->症状->发热、皮疹,0.48,症状
描述一下学生16岁时在课堂上发生的发作事件特征，这种发作事件的最可能诊断是什么？,失神发作->症状->突发短暂的意识丧失,0.92,症状
根据一位55岁女性患者的症状表现为腹痛、大便秘结和腹泻交替，并在直肠指检阴性情况下，如果确诊为早期大肠癌，最优先选择哪种治疗方法？,早期大肠癌->治疗方法->内镜治疗,0.49,治疗方法
根据一名27岁女性患者的症状，包括跳舞后突发右下腹剧烈疼痛、伴恶心和畏冷，查体发现右附件区有一个5*6*4cm大小的囊性肿物，并且触痛明显，最可能的诊断是什么？,卵巢囊肿蒂扭转->治疗方法->抗生素治疗,0.22,治疗方法
一名37岁的男性患者出现腹泻和呕吐，在体检时有口唇干燥、眼窝下陷及低血压的症状。请问，在这种情况下，哪一种确诊方法是最重要的？,急性胃肠炎->治疗方法->补液,0.16,治疗方法
请根据描述分析，在湖南某市某年洪水后，出现的发热症状和血常规结果，患者发热的原因最可能是什么疾病？,钩端螺旋体病->症状->发热,0.92,症状
一位43岁女性患者，表现出头痛畏寒、面色白、四肢不温、舌质淡胖、有齿痕、脉沉细等症状，请问对于这位患者，应该选择哪一种主要方剂来进行治疗？,阳气虚弱->症状->四肢冰凉,0.77,症状
一名38岁的女性患者发现左眼视野缺损，眼压为40mmHg，经检查后确诊。请问，该患者的首选治疗方法是什么？,开角型青光眼->治疗方法->小梁切除术,0.93,治疗方法
一名20岁男性患者，颏下皮肤内有一个无痛性肿块缓慢生长了7年。检查该肿块发现它是圆形的，表面皮肤光滑，没有与皮肤及周围组织粘连，触诊时感觉坚韧而有弹性，穿刺后抽出乳白色豆腐渣样分泌物。根据这些特点，这个肿块最可能的诊断是什么？,皮脂腺囊肿->诊断->乳白色豆腐渣样分泌物,0.94,可能患有疾病
一名56岁男性患者，患肝病反复发作20余年，近期出现乏力、嗜睡、厌食、脾肿大、脾功能亢进、腹水，这些症状最有可能指向哪种诊断？,脾功能亢进->并发症->血小板减少,0.65,并发症
25岁女性起床后颈背部僵痛、头部转动困难、右侧斜方肌压痛，最可能的疾病？,头痛->传染性->否,0.14,传染性
面对一位27岁男性患者，他以左侧后牙自发痛和夜间痛为主要症状就诊，检查发现左侧后牙前倾阻生，牙冠与远中牙颈部形成的间隙有较多的食物嵌塞，远中冠周轻度充血，冠周袋无脓且触痛(-)，X线显示远中牙颈部深龋。请问在这种情况下，最恰当的应急处理措施是什么？,阻生齿->并发症->食物嵌塞,0.69,并发症
女性患者腰麻术后4小时出现烦躁不安，下腹部膨隆且叩诊浊音，生命体征正常。最可能考虑？,膀胱功能障碍->症状->尿潴留,0.79,症状
一名59岁男性患者，上腹不适2周，经过检查并进行电子胃镜检查及超声内镜后，最佳的进一步治疗方案是什么？,胃癌->治疗方法->手术切除,0.92,治疗方法
22岁女性感冒发热后心悸、胸闷、呼吸困难和水肿，心律不齐，心电图显示频发室性期前收缩。应进行何种检查明确诊断？,病毒感染->诊断检查->血液常规,0.13,诊断检查
一名9岁男孩患者在外伤后出血不止，实验室检查显示白细胞5×10^9/L，血红蛋白110g/L，血小板101×10^9/L，出血时间正常，凝血时间正常，KPTT为80s（正常对照30s），可被正常血清纠正，但不能被钡吸附正常血浆纠正。根据这些临床和实验室检查结果，请给出该患者的诊断。,血友病B->治疗方法->凝血因子替代疗法,0.63,治疗方法
一名13岁女性患者出现头晕、乏力、尿黄1个月，血常规检查显示血红蛋白为86g/L，血小板为10×10^9/L，且Coombs试验阳性。根据这些症状和检查结果，最可能的诊断是什么？,Evans综合征->诊断检查->血液检查,0.18,诊断检查
一位48岁的女性患者因左侧颈部包块伴有发热1个月余住院，活检镜下见弥漫性大细胞，免疫组化提示B细胞来源，发现脾肋下5厘米，肝不大，骨髓穿刺涂片内含13%淋巴细胞。请问该患者的临床分期是？,淋巴瘤->并发症->发热,0.51,并发症
一名6岁男孩发热持续两周，并出现关节游走痛。体检发现心率每分钟100次，心尖区有二级收缩期杂音，C反应蛋白呈阳性，血沉增快，疑似风湿热。对于这种情况，首选哪种药物进行治疗？,风湿热->治疗方法->阿司匹林治疗,0.92,治疗方法
在治疗患者谢××时，她病症表现为久痢顽固不愈，证见心烦失眠，口干口苦，腹痛隐隐，喜温喜按，舌质淡，苔黄腻，脉沉细。根据这些症状，应该选用哪种中药方剂进行治疗？,久痢不愈->可能患有疾病->虚寒湿热夹杂,0.91,可能患有疾病
请根据以下症状描述，指出最可能的诊断是什么：8岁患儿，持续4周水肿、少尿，体检显示血压反复在130～140／90～98 mmHg之间，眼睑水肿无法睁开，腹水征阳性，尿蛋白(+++)，尿红细胞每高倍视野12个，血白蛋白15g／L，血胆固醇6.5 mmol／L。,肾炎->忌吃->高盐饮食,0.14,忌吃
一名56岁男性患者，患有肺痨五年，表现出咳嗽无力、声低懒言、痰中夹血、色淡红，以及午后低热、面白颧红等症状。舌嫩红有齿痕，苔薄白，脉细弱数。在这种情况下，若患者咳血、咯血较为严重，应优先采用何种中药来补络止血，进行治疗？,白及枇杷丸->并发症->肺部感染,0.12,并发症
患者有10年糖尿病史，现出现眼睑及下肢浮肿、乏力、尿蛋白(++)及尿糖(+++)的症状，这种情况下该患者的糖尿病类型通常是什么类型？,糖尿病->可能患有疾病->2型糖尿病,0.57,可能患有疾病
一名60岁男性患者阴茎头部出现菜花样肿物，继而糜烂，边缘硬而不整齐，有分泌物、出血及恶臭。根据这些症状，该患者应诊断为何种疾病？,阴茎肿物->症状->尖锐湿疣,0.63,症状
对于一位3个月的女婴，家长发现其左眼瞳孔区发白持续1个月。眼部检查显示双眼眼压正常，左眼角膜清澈，前房深度正常，瞳孔约2×2mm，对光反射灵敏，但晶状体白色浑浊且眼底无法窥查，在这种情况下，哪项检查最有助于进一步诊断？,晶状体浑浊->可能患有疾病->先天性白内障,0.79,可能患有疾病
某肺心病患者在急性加重期治疗后病情好转，但出现躁动、手足抽搐，血清钾及氯均降低，HCO₃⁻为38mmol/L，二氧化碳分压为40mmHg。这种情况下，患者可能出现了什么病理变化？,代谢性碱中毒->治疗方法->补钾治疗,0.76,治疗方法
一名糖尿病患者晨起活动后突发神志不清、跌倒，约3分钟后自行缓解，但主诉双眼视物不清。查体发现其双眼球不能上视，双动眼神经部分麻痹，双瞳孔光反射迟钝，记忆力差，双眼视力仅为眼前指数，头颅CT未见异常。结合以上症状，应考虑哪一种临床诊断？,基底动脉尖综合征->常用药品->降压药,0.12,常用药品
45岁男萨克斯演奏家，颈部皮下柔软肿物一周，体检显示局部皮温正常且无压痛。最可能的影像学特征是什么？,气体积聚->并发症->囊肿形成,0.65,并发症
一位56岁的男性患者被诊断为稳定性心绞痛，在经过一段时间的治疗后效果不佳，医生决定采用联合用药。针对这种情况，哪种药物组合较为合理，可以更有效地帮助患者改善病情？,稳定性心绞痛->治疗方法->雷诺嗪、抗血小板药物,0.52,治疗方法
对于一名7岁女孩，出现尿频尿急5天并伴有寒战，全身温度39.0℃，双肾区有叩击痛，确诊这种情况下首选的检查是什么？,发热->忌吃->油炸食品,0.09,忌吃
王某，男，60岁，口渴欲饮9年，近半年小便频数且混浊如膏，甚则饮一溲一，面色黧黑，耳轮焦干，腰膝酸软，形寒畏冷，阳痿，舌淡苔白，脉沉细无力。根据这些症状，应该选择什么主要方剂进行治疗？,肾阳虚->症状->阳痿,0.03,症状
5岁小儿0T试验1：1000浓度24小时后复诊，局部红硬结直径15mm，最恰当的处理措施是什么？,结核试验->并发症->结核感染,0.65,并发症
女，58岁。经过1.5年的丙基硫氧嘧啶治疗后，患者的甲状腺有所缩小，且T抑制试验结果显示3小时抑制率大于50％，24小时抑制率小于50％，TT、TT正常。对于这一病例，应如何调整丙基硫氧嘧啶的使用剂量？,甲状腺功能亢进->诊断检查->T抑制试验,0.95,诊断检查
患者血氧检查显示PaO2 50mmHg，动脉血氧含量15ml/dl，动-静脉血氧含量差4ml/dl。缺氧类型是什么？,肺水肿->诊断检查->胸部CT,0.09,诊断检查
对于患者表现出咳嗽经久不愈，咳吐黄痰，甚至咳吐腥臭脓血，并且有身热不退，胸中隐隐作痛的症状，舌红苔黄腻，脉滑数的情况，应该使用哪种中药方剂进行治疗？,咳嗽->治疗方法->化痰止咳方,0.75,治疗方法
患者出现尿频、尿急、尿痛，声像图显示右肾轻度肿大，多个液性腔及钙化灶，最可能的诊断是什么？,尿路症状->检查疾病->尿路感染,0.69,诊断检查
一名42岁女性患者，经历了3年的劳力性胸闷和气促，发作时硝酸甘油无效。查体时在胸骨左缘第3肋间听到收缩期杂音。为确诊，首选应进行哪项检查？,胸部不适->常用药品->硝酸甘油,0.58,常用药品
一个8岁男性患者发现右阴囊内肿块1年，该肿块无痛且平卧时消失，扪之囊性感，透光试验呈阳性。请问根据这些情况，首选的治疗方法是什么？,交通性鞘膜积液->治疗方法->鞘状突高位结扎术,0.96,治疗方法
一位35岁的女性病人在输血后1小时内出现畏寒、寒战高热、头痛、出汗、恶心、呕吐和皮肤潮红，体温达到40℃。结合其有输血史的情况，最可能的临床诊断是什么？,输血相关非溶血性发热反应->疾病描述->细胞因子引起的发热,0.52,疾病描述
对于一名5岁患儿，虽然没有任何临床症状和体征，且房室腔未见扩大，但在超声检查中通过胸骨旁左心长轴切面在房室沟处发现一圆形无回声区，大小为15mm×18mm，并且其开口于右房，请问最可能的诊断是什么？,无症状->可能患有疾病->先天性心脏病,0.62,可能患有疾病
对于一名2岁的患儿，经历了为期4天的麻疹高热后，出现皮肤疹点密集成片、色紫红并遍及周身，同时伴有神昏和抽搐3次，应选用哪一种中药方剂进行治疗？,麻疹高热->治疗方法->清热解毒,0.65,治疗方法
一名48岁女性患者在车祸中导致右胫腓骨骨折，并在外固定术后两年进行复查。请根据复查结果描述最可能的诊断是什么？,骨折愈合不良->症状->骨折未愈合,0.79,症状
3岁男孩，症状包括咳嗽重浊、痰多色白清稀、喉间痰声辘辘、纳呆，舌质淡红、苔白腻、脉滑，应该选用什么方剂进行治疗？,痰湿困肺->常用药品->二陈汤,0.92,常用药品
在患有'肠痈'且表现为右下腹痛、发热恶寒、恶心、便秘、苔薄黄、脉数有力的患者，针灸治疗中除了使用阑尾穴以外，还应该选择哪些穴位？,便秘->治疗方法->大肠经通腑针法,0.62,治疗方法
一名48岁男性患者，腘窝上方持续性钝痛2年，且疼痛加重，以往‘结核’治疗无效，体检显示腘窝上方有肿胀和局部压痛，实验室检查正常。请问根据提供的图像，导致这种症状的最可能病因是什么？,神经纤维瘤->并发症->压迫神经,0.69,并发症
一名14岁男孩在右大腿深部巨大血管瘤手术后，伤口愈合良好，但在拆线后下床活动5分钟后突然晕倒并抢救无效死亡，在这种情况下最有可能的死因是什么？,急性肺栓塞->诊断检查->CT扫描,0.75,诊断检查
一名70岁男性患者住院两周后持续出现大量蛋白尿，为明确诊断，哪项检查最有意义？,大量蛋白尿->症状->肾炎,0.15,症状
27岁女性哮喘患者，对阿司匹林敏感，最适合的药物是哪种？,哮喘->常用药品->糖皮质激素,0.45,常用药品
某患者术后第三天出现体温升高到39℃，伴有大便次数增多、里急后重和黏液便，但伤口不痛且无咳嗽。结合症状，最可能的诊断是什么？,术后感染->症状->大便次数增多,0.39,症状
一名30岁女性患者在外院进行右下第二磨牙治疗后，右侧口角区出现灼热不适感，随后出现成簇小水泡。根据这些症状，最可能的诊断是什么？,单纯疱疹->常用药品->阿昔洛韦软膏,0.57,常用药品
一名6岁男孩发热持续两周，并出现关节游走痛。体检发现心率每分钟100次，心尖区有二级收缩期杂音，C反应蛋白呈阳性，血沉增快，疑似风湿热。对于这种情况，首选哪种药物进行治疗？,风湿热->常用药品->抗生素,0.72,常用药品
描述患者症状为：日晡潮热、谵语、纯利稀水、恶臭异常、腹胀硬痛、肛门灼热、舌苔黄燥、脉沉有力。这种情况下，应该采用哪种中药汤进行治疗？,调胃承气汤->传染性->是,0.13,传染性
一位38岁的男性患者，居住在沿海地区，腰背部疼痛已超过半年。根据提供的影像资料，他最可能被诊断为什么疾病？,腰背部疼痛->可能患有疾病->脊柱结核,0.48,可能患有疾病
一名50岁的男性患者在饱食后出现上腹持续性胀痛，伴有全腹压痛和反跳痛，肌紧张及肠鸣音消失等症状，经过体格检查和实验室检查后，为确定最佳的治疗方案，哪种影像学检查最有价值？,肠鸣音消失->可能患有疾病->肠麻痹,0.64,可能患有疾病
孙某，女性，60岁，长期喘息，气短，动时加重，吸气不利等症状，容易在劳累后发作。结合这些症状，应针对哪种病机进行治疗？,气短->症状->痰湿阻肺,0.77,症状
一个6岁的孩子，经常盗汗，偶尔自汗，身体消瘦，精神不振，心烦少寐，有时会有低热，口干，手足心热，舌质淡且苔少，脉象细弱。针对这些症状，治疗首选的方剂是什么？,生脉散->并发症->精神不振,0.29,并发症
根据一名24岁男性患者的临床表现，包括腰骶部疼痛伴晨僵、足趾肿痛、头皮和脐周皮疹以及双手指甲凹陷性小坑等症状，并且类风湿因子阴性，应该首先考虑什么诊断？,银屑病关节炎->症状->腰骶部疼痛,0.9,症状
请根据患儿3岁男孩右腹股沟可复性包块超过1年，玩耍后出现哭闹伴呕吐症状，右侧阴囊肿胀并触及不可还纳的肿块，判断最可能的诊断是什么？,腹股沟疝->并发症->肠梗阻,0.78,并发症
68岁男性，恶寒发热、头痛、微喘、无汗、全身骨节酸楚烦疼，舌苔薄白，脉浮紧而数，最合适的治疗原则是什么？,风寒表证->治疗方法->清热解毒,0.65,治疗方法
怀孕3个月女性确诊疟疾，最适合用什么药？,疟疾->常用药品->羟氯喹,0.07,常用药品
对于药物治疗无效的反复发作室性心动过速或心室颤动的心力衰竭患者，最适宜的治疗方法是什么？,心律失常->忌吃->咖啡,0.02,忌吃
针对一位患有类风湿关节炎的23岁女性，她在左上眼睑和右眼巩膜上分别出现褐色斑点和蓝色斑块。结合她的病情历史和症状，最合适的诊断是什么？,Alkaptonuria->症状->眼部色素沉积,0.66,症状
一位45岁的男性患者，出现腹大胀急、青筋张露、形体瘦削、面色晦滞、唇干口躁、潮热心烦、笔衄牙宣和尿少症状，舌质红降，苔薄少津，脉象弦细而数，针对这种表现应使用什么方剂进行治疗？,湿热内困->治疗方法->猪苓汤,0.75,治疗方法
一名36岁的女性患者，一年来出现入睡困难、工作时头痛、时常血压偏高，怀疑自己得了高血压，并且症状时好时坏，根据这些症状，该患者最可能被诊断为何种精神疾病？,入睡困难->症状->神经衰弱,0.91,症状
根据患者的查体结果，包括神志清楚、言语流利、眼底检查图像及颅神经检查结果，初步诊断是什么？,颅神经损伤->症状->眼球运动障碍,0.18,症状
一位25岁的女性患者近一周出现双侧枕部中度钝痛，站立行走时头痛加重，卧床休息时头痛减轻或消失。这种头痛最可能的原因是什么？,自发性颅内低压->治疗方法->止痛药,0.28,治疗方法
根据淋巴瘤的分期原则，评估以下这种病人的分期：35岁女性，表现为发热、乏力伴消瘦，检查结果显示左颈、两侧腋窝和腹股沟可触及数个淋巴结，脾肋下3cm，骨髓正常，红细胞沉降率80mm/h，胸部X线检查阴性，肝区B超正常，淋巴结活检为混合细胞型。,恶性淋巴瘤->推荐食谱->高蛋白饮食,0.17,推荐食谱
一名28岁女性患者，四年间在活动后出现心悸气促症状，心尖区可闻及舒张期隆隆样杂音和二尖瓣开瓣音，超声心动图显示二尖瓣狭窄，无风湿活动和感染。针对这种病例，当前最适合的治疗方案是什么？,二尖瓣狭窄->治疗方法->心脏外科手术,0.62,治疗方法
一名1岁的幼儿母乳喂养，近期莫名哭闹，并且其母亲出现全身瘙痒且夜间加重的症状。经检查，患儿母亲被确诊为疥疮，幼儿下腹部出现较多针尖大小的红色丘疹。在这种情况下，应该为此患儿使用哪种治疗方案？,皮肤病->忌吃->海鲜,0.11,忌吃
患者张某，女，60岁，表现为低热多日，伴有头晕眼花、身倦乏力、心悸不宁，以及面白少华、唇甲色淡、舌质淡、脉细弱的症状，请问她的证型是什么？,血虚->并发症->低热,0.65,并发症
对于一名20岁女性患者，面部和颈部及双上肢被火焰烧伤已7小时，面颈部肿胀明显，伴有大小不等水疱和部分腐皮脱落，创面基底红白相间且痛觉较迟钝，针对这种临床表现，宜采用哪种创面处理方法？,湿润敷料治疗->治疗方法->创面护理,0.75,治疗方法
一名3岁男性患儿患有麻疹并未及时治疗，目前症状包括高热烦躁、神昏谵语、偶尔抽搐、皮疹遍及全身呈紫红色、舌红绛及脉弦数，针对这样的病情，应采用何种治疗方法？,麻疹->并发症->惊厥,0.17,并发症
一名患者出现胸骨左缘第三肋间3/6级收缩期喷射性杂音，X线显示肺血减少、肺动脉段突出、右室增大。根据这些临床表现，最可能的诊断是什么？,右心室肥大->症状->肺动脉瓣狭窄,0.55,症状
56岁女性，右侧面部闪电样锐痛1个月，疼痛出现在右上唇、鼻翼、口角及颊黏膜，伴进食、洗脸、刷牙发作，手术治疗有效率是多少？,微血管减压术->治疗方法->手术治疗,0.08,治疗方法
一名50岁女性，患有糖尿病10年，症状包括经常性咳嗽半年、昨日突然咯血，以及胸片显示右肺上野出现直径1厘米的空洞，基于这些症状和检查结果，最可能的诊断是什么？,肺结核->食物有害于疾病->烟熏食物,0.06,食物有害于疾病
4岁7个月男孩，右上后牙疼痛1天，体检发现远中邻面龋，叩诊反应微弱，X线显示深龋近髓，最可能的诊断是什么？,龋齿->诊断检查->体格检查,0.47,诊断检查
根据一位46岁女性患者的症状：心悸、喘息不能平卧、颜面四肢水肿、腹胀、大便溏泻、小便短少，以及其舌象和脉象特征，结合诊断为“风心病，二窄并二漏”，在已知使用氧气和西药治疗的基础上，中医治疗应首选哪个方剂？,高血压 -> 并发症 -> 心力衰竭,0.23,并发症
一名女性患者，28岁，症状包括腰痛脚弱，下半身冷感，少腹拘急，小便不利，舌质淡胖，脉沉迟而弱，请问应选用哪种中药方剂进行治疗？,肾阳虚->常用药品->肾气丸,0.32,常用药品
一名20岁男性患者，颏下皮肤内有一个无痛性肿块缓慢生长了7年。检查该肿块发现它是圆形的，表面皮肤光滑，没有与皮肤及周围组织粘连，触诊时感觉坚韧而有弹性，穿刺后抽出乳白色豆腐渣样分泌物。根据这些特点，这个肿块最可能的诊断是什么？,皮脂腺囊肿->并发症->恶性转化,0.13,并发症
根据一位55岁女性患者的症状表现为腹痛、大便秘结和腹泻交替，并在直肠指检阴性情况下，如果确诊为早期大肠癌，最优先选择哪种治疗方法？,早期大肠癌->治疗方法->观察等待,0.18,治疗方法
针对一名54岁女性患者，具有两年痢疾史，症状表现为时痢时歇，缠绵经年，饮食减少，倦怠神疲，畏寒懒言，发作时便下赤白，里急后重。舌质淡，苔腻，脉象虚数，应该选择哪种治疗方案？,连理汤->可以治疗疾病->虚寒痢疾,0.71,可以治疗疾病
对于一位26岁足月产妇，临产18小时宫颈扩张2厘米，子宫收缩乏力，并感到母子生命受到威胁的情况下，她最有可能的护理诊断是什么？,产程延长->并发症->胎儿窘迫,0.62,并发症
对于一位50岁男性患者，他长期吸烟30年，半年前戒烟，近期出现咳嗽带血的症状。根据病史和表现，应首先进行哪种检查来鉴别诊断原因？,肺结核->诊断检查->胸部CT,0.79,诊断检查
袁女士在妊娠25周前检查正常，但在26周出现水肿，30周出现头晕、眼花，并且检查结果显示血压为213／146kPa(160／110mmHg)，水肿程度为(+++)，尿蛋白为(++)，请诊断她的病症。,重度子痫前期->检查疾病->尿蛋白检测,0.53,诊断检查
一位长期有胃病的患者，最近因为饮食不规律出现了频繁嗳气，伴随酸腐食物味的嗝逆，肠鸣音亢进，大便稀烂且夹杂食物残渣，心下痞满，舌苔微黄。请问此患者应采用哪种中医方剂进行治疗？,胃病->可能患有疾病->胃溃疡,0.17,可能患有疾病
月经周期为四到五十天，月经量少且色淡红无血块，伴头晕眼花、心悸失眠、面色苍白、舌质淡红、脉细弱，应选哪种中药方剂？,红枣->食谱有益于疾病->气血两虚,0.69,食谱有益于疾病
如果患者在过去一个月内频繁出现头痛，每周发作3至4次，并且口服奈普生无法很好地缓解疼痛，为了终止头痛的急性发作，应选用哪种药物？,头痛->可能患有疾病->紧张型头痛,0.27,可能患有疾病
16岁男性患者反复呕血、黑便、皮肤粘膜出血一周，肝脾不大，血液检查结果显示Hb60G/l，RBC2.2X10¹²/L，WBC5.0X10⁹/L，BPC12X10⁹/L，骨髓增生活跃且幼稚型巨核细胞增加。请根据这些信息，说明该患者最可能的诊断是什么？,ITP->传染性->无,0.06,传染性
一名50岁男性患者，大量饮酒后出现上腹部剧烈疼痛和呕吐，症状没有缓解，并且保守治疗3天后病情恶化至休克状态。查体发现体温升高、脐周及背部瘀斑、上腹肌紧张和明显的压痛反跳痛。对于这种病情，最重要的治疗措施是什么？,急性重症胰腺炎->诊断检查->CT扫描,0.67,诊断检查
患者王某反复呕吐清水痰涎、脘闷不食、头眩心悸、舌苔白腻、脉滑。最适合的中医方剂？,呕吐->症状->胃气逆乱,0.17,症状
一名50岁的女性感到乏力、食欲下降，并在两个月内明显消瘦。妇科检查发现盆腔有包块。根据超声检查结果，该包块最可能的诊断是什么？,卵巢囊肿->疾病描述->良性囊肿,0.65,疾病描述
一名5岁女孩体格发育落后，自幼啼哭时唇面青紫，喜蹲踞，近2年活动后出现心悸、气促，并伴有明显发绀。体检无明显杵状指，血压90/60mmHg，胸骨左缘2～3肋间有3/6级收缩期杂音伴收缩期震颤，P2减弱且有单一感。EKG示电轴右偏，RV120mm。胸片显示靴形心，心腰凹陷，心尖上翘且肺纹理稀少。根据以上信息，最可能的心脏病诊断是什么？,先天性心脏病->易患人群->儿童,0.13,易患人群
对于一名32岁的女性，产后5个月完全哺乳，无月经，且以往月经规律，要求放置宫内节育器，在避孕咨询中不需要进行哪项检查？,内分泌功能检查->症状->无月经,0.62,症状
患者50岁男性，右足刺伤10天后出现张口困难、颈项紧、饮水诱发手足痉挛、频繁抽搐及呼吸道分泌物多。为保持呼吸道通畅，最有效措施是什么？,破伤风->可能患有疾病->气道阻塞,0.54,可能患有疾病
肝硬化患者因腹泻发生昏迷，其血钾水平测得为2mmol/L，应该选用哪种药物进行治疗？,肝硬化->治疗方法->纠正电解质紊乱,0.63,治疗方法
对于一名72岁男性患者，反复腹泻2个月，每天大便3至4次，为稀烂便，有少许黏液，偶有血便，但无明显里急后重且体重减轻不明显，最可能的诊断是什么？,结肠癌->治疗方法->化疗,0.19,治疗方法
对于一个6岁的男性儿童，摔倒后皮肤伤口持续渗血，左膝关节肿大并从关节腔抽出血性积液，此时最重要的检查是什么？,关节出血->宜吃->高蛋白食物,0.75,宜吃
一名70岁男性患者住院两周后持续出现大量蛋白尿，为明确诊断，哪项检查最有意义？,大量蛋白尿->诊断检查->尿液沉渣检查,0.58,诊断检查
一名女性患者，28岁，症状包括腰痛脚弱，下半身冷感，少腹拘急，小便不利，舌质淡胖，脉沉迟而弱，请问应选用哪种中药方剂进行治疗？,肾阳虚->症状->腰痛,0.43,症状
一名46岁的女性患者，进行了胆总管十二指肠吻合术，入院后输血时出现心前区压迫感和血红蛋白尿，经过抗休克治疗后血压恢复正常。在这种情况下，下一步应采取什么措施来继续治疗？,溶血反应->常用药品->呋塞米,0.17,常用药品
根据患者的临床表现，辅助检查结果（特别是抗GBM抗体阳性、ANCA阴性、肾脏病理表现中的IgG和C3沿肾小球毛细血管壁呈光滑线条分布以及光镜下的新月体肾炎），明确该患者最可能的具体诊断是什么？,抗中性粒细胞胞浆抗体阴性->诊断检查->肾脏病理,0.18,诊断检查
一名67岁男性患者，数天来出现头痛和呕吐，4个月前曾有头部摔伤史。头颅CT显示右额颞顶新月形中等密度影。请问这种情况下，该患者的首选治疗方法是什么？,高血压->并发症->脑出血,0.08,并发症
一位25岁的男性患者因劳累时出现心悸和胸骨后疼痛1年，查体发现胸骨右缘第二肋间可闻及全收缩期3/6粗糙的吹风杂音，第二心音减弱。基于这些临床表现，可能的诊断是什么？,主动脉瓣狭窄->症状->心悸胸痛,0.91,症状
针对一名有长期胃溃疡病史，近期上腹痛加剧且药物治疗无效，体重减轻的患者，体检发现上腹部轻压痛并可触及包块，进一步确诊需要进行何种检查？,胃溃疡->辅助检查->X线钡餐,0.62,诊断检查
"一名50岁的女性干部，间歇性腹泻半年，3天前又发作，出现黄色稀便，带脓血，每天6至8次，同时伴有左下腹隐痛。便常规检查显示：RBC（+）/HP, PC（+）/HP, WBC（+++）/HP。基于这些症状和检验结果，该患者最可能的诊断是什么？",溃疡性结肠炎->症状->左下腹隐痛,0.78,症状
"28岁女性患者反复水肿4年，并伴有近日厌食、恶心、齿龈出血、排柏油样便及逐渐昏迷症状，血压为170／100 mmHg，双下肢散在出血点，呼吸深大，Hb为70g／L, 血小板为70×10⁹/L，且1年前曾患肝炎。为了尽快明确诊断，哪项血液检查最有意义？",尿素氮+肌酐->检查方法->凝血功能,0.22,诊断检查
某患者15岁，左颈部有3个中等硬度的肿大淋巴结，其中1个坏死且破溃形成瘘管，该病例可能是患了哪种疾病？,结核性淋巴结炎->诊断检查->病理活检,0.45,诊断检查
一名54岁男性患者在生产有机磷农药的工作中出现中毒症状，经过阿托品静脉给药达到阿托品化状态，但仍出现面部、四肢抽搐。此时应进行怎样的进一步治疗？,有机磷中毒->治疗方法->阿托品,0.69,治疗方法
根据患者的症状和体征，包括劳累性呼吸困难、不能平卧、呼吸困难加重、咳嗽、体力受限等表现，以及体检发现，如何评估该患者的心功能分级？,心功能分级->症状->呼吸困难加重,0.62,症状
在足月顺产后，胎儿娩出时张女士阴道出血量约500ml，血液呈鲜红色且很快凝集成血块，但胎盘尚未娩出。这种情况下，出血的最可能原因是什么？,产道撕裂->症状->鲜红色出血,0.58,症状
患者症见肢节烦疼、肩背沉重，舌苔白腻微黄，脉濡数，内蕴湿热，外受风邪，此时应选用哪种中药方剂进行治疗？,内蕴湿热->常用药品->当归拈痛汤,0.91,常用药品
一名30岁的男性患者因左侧季肋部撞击伤导致左侧第9、10肋骨骨折，经过保守治疗3天后出现晕厥，伴心率118次/分和血压85/55mmHg。基于这些症状，最可能的原因是什么？,脾破裂->传染性->是,0.07,传染性
对于某位70岁老年人中风后久卧在床的情况，如何正确处理已经形成的大水泡以防止感染？,老年护理->并发症->水泡处理,0.48,并发症
某男患者24岁，发热五至六日后热略减退，随后出现一系列症状，包括肢体无力、心烦口渴、咽喉干燥等。如果患者身热全退且食欲减退，口燥咽干较甚，应该选用哪一种中药方剂进行治疗？,气虚->治疗方法->四君子汤,0.25,治疗方法
对于一名35岁男性患者，患有血友病10年，近期出现发热、腹泻超过一个月，全身淋巴结肿大，CD4+/CD8+比值为0.8。在这样的情况中，可以使用哪种药物进行治疗？,血友病->可能患有疾病->淋巴瘤,0.69,可能患有疾病
一名37岁的男性患者出现腹泻和呕吐，在体检时有口唇干燥、眼窝下陷及低血压的症状。请问，在这种情况下，哪一种确诊方法是最重要的？,脱水->治疗科室->急诊科,0.19,治疗科室
一名50岁男性患者，大量饮酒后出现上腹部剧烈疼痛和呕吐，症状没有缓解，并且保守治疗3天后病情恶化至休克状态。查体发现体温升高、脐周及背部瘀斑、上腹肌紧张和明显的压痛反跳痛。对于这种病情，最重要的治疗措施是什么？,急性重症胰腺炎->治疗方法->液体复苏,0.75,治疗方法
78岁女性患者数月的症状表现为口腔内多数牙受到冷、热刺激时酸痛，并在鼻咽癌放射治疗后出现口腔内牙颈部环状龋损。根据这些临床表现，如何诊断这种牙病变？,牙周炎->症状->牙龈红肿,0.14,症状
一名20岁的女性患者出现发热、咳嗽、咳脓痰以及痰中带豆腐渣样物1天。X线胸片显示心包底左前侧有一直径7cm、密度不均、内有钙化的肿块。最可能的诊断是什么？,豆腐渣样痰->可能患有疾病->念珠菌肺炎,0.52,可能患有疾病
一名1岁患儿腹泻伴中度脱水和酸中毒，经过补液及纠正酸中毒的治疗后出现腹胀、心音低钝和四肢腱反射减弱，这个患儿最可能出现了什么并发症？,低钾血症->诊断检查->血钾水平监测,0.61,诊断检查
一位65岁的男性患者体检结果显示：三酰甘油（TG）水平为3.20mmol/L，低密度脂蛋白胆固醇（LDL-C）水平为2.6mmol/L，高密度脂蛋白胆固醇（HDL-C）水平为1.23mmol/L。在这种情况下，应选择哪种调血脂药物进行治疗？,血脂异常->推荐食谱->低脂高纤饮食,0.67,推荐食谱
某患者术后第三天出现体温升高到39℃，伴有大便次数增多、里急后重和黏液便，但伤口不痛且无咳嗽。结合症状，最可能的诊断是什么？,术后感染->治疗方法->抗生素治疗,0.61,治疗方法
患者有10年糖尿病史，现出现眼睑及下肢浮肿、乏力、尿蛋白(++)及尿糖(+++)的症状，这种情况下该患者的糖尿病类型通常是什么类型？,糖尿病->症状->眼睑浮肿,0.42,症状
对于一个7岁的孩子，出现眼睑水肿5天，血尿、少尿2天伴烦躁气促的情况，查体结果显示血压120/80mmHg，双肺底可闻少许湿啰音，心率142次/分，肝肋下2cm。在这种情况下，首先应该使用哪种药物进行治疗？,急性肾小球肾炎->治疗方法->止血药物,0.18,治疗方法
一位10岁出现高热、嗜睡呕吐、抽搐昏迷等症状并有不洁饮食史的患儿，脑脊液检查结果显示压力量大、Pandy氏反应为（±）、白细胞计数高，依据这些症状和检查结果，若需要尽早确诊为乙型脑炎，应进行哪项特异性检查？,乙型脑炎->常用药品->抗病毒治疗,0.64,常用药品
一名女性患者有20余年胃病病史，经常因饮食不慎而呕吐，时作时止，面色少华，倦怠乏力。最近因为饮食过多，出现呕吐酸腐，脘腹胀满，嗳气厌食的症状，此时治疗应该改用哪个方剂？,胃病->治疗方法->保和丸,0.95,治疗方法
根据以下症状描述，患者白带量多，外阴瘙痒，白带呈豆腐渣样，伴有心烦失眠，舌苔黄腻，脉弦，其分泌物检查结果为霉菌(+)。请问，应选用哪种中药方剂进行治疗？,霉菌性阴道炎 -> 常用药品 -> 龙胆泻肝汤,0.94,常用药品
根据患者的临床表现，辅助检查结果（特别是抗GBM抗体阳性、ANCA阴性、肾脏病理表现中的IgG和C3沿肾小球毛细血管壁呈光滑线条分布以及光镜下的新月体肾炎），明确该患者最可能的具体诊断是什么？,Goodpasture综合征->诊断检查->抗GBM抗体,0.78,诊断检查
一位65岁女性患者，诊断为慢支炎急性发作，目前感染已控制，但双下肢仍水肿，仍有气促，心率大于120次/分，呼吸频率大于24次/分，双肺底可闻及湿性啰音，使用利尿剂无效。根据这位患者的病情，应选择什么治疗方案？,心功能不全->症状->气促,0.26,症状
根据患者的症状和体征及确诊的胃癌情况，针对这名46岁女性患者，持续性上腹痛并伴有腹水，直肠前壁有坚硬结节，最合理的治疗方案是什么？,胃癌->治疗方法->综合支持治疗,0.18,治疗方法
根据以下症状描述，患者白带量多，外阴瘙痒，白带呈豆腐渣样，伴有心烦失眠，舌苔黄腻，脉弦，其分泌物检查结果为霉菌(+)。请问，应选用哪种中药方剂进行治疗？,糖尿病 -> 忌吃 -> 糖果,0.07,忌吃
根据某患者体表的表现，即10余枚大小不一、质地柔软、表面光滑、有囊性感并可压入皮下的肿块，放手后随即弹起，这种情况可诊断为什么病？,肿块->症状->囊肿性肿块,0.62,症状
对于一名70岁男性患者，半年来在劳累时出现胸痛和气短，且活动如扫地和平地行走受限。该患者既往有10余年高血压病史，20岁时曾患肺结核。在这种情况下，要进一步检查以评估他的心脏功能，首选的检查方法是什么？,心脏病->常用药品->硝酸甘油,0.12,常用药品
一名52岁的男性患者，近2个月来出现排便次数增多、肛门坠胀感、排便不尽感、粪便变细，并常有粘液血便，体重下降。直肠指诊发现肿块，病理检查证实为直肠腺癌，肿瘤下缘距肛门约10厘米，肿块直径约4厘米。针对这种情况，最佳的手术方式是什么？,直肠腺癌->诊断检查->CT扫描,0.25,诊断检查
一名56岁男性患者，患肝病反复发作20余年，近期出现乏力、嗜睡、厌食、脾肿大、脾功能亢进、腹水，这些症状最有可能指向哪种诊断？,腹水->诊断检查->腹部彩超,0.58,诊断检查
针对63岁男性肝硬化患者，出现右肋部疼痛、发热及血性腹水增多，应首选进行哪项检测以判断病情变化？,腹水分析->检查疾病->自发性细菌性腹膜炎,0.92,诊断检查
一名女性患者，28岁，症状包括腰痛脚弱，下半身冷感，少腹拘急，小便不利，舌质淡胖，脉沉迟而弱，请问应选用哪种中药方剂进行治疗？,肾阳虚->治疗方法->肾气丸,0.58,治疗方法
根据一位36岁男性患者的症状表现：腹痛痞满拒按，烦渴引饮，大便秘结，潮热汗出，舌质红，苔黄腻，脉滑数，应选择哪种中药方剂进行治疗？,阳明腑实证->疾病描述->胃肠实热积滞,0.54,疾病描述
根据一个54岁女性病人的情况：她反复尿频尿急4个月，并在最近3天症状加重伴有腰痛，尿检显示白细胞5～20/HP，红细胞10～25/HP，蛋白0.3g/L，夜尿增多，晨尿比重为1.010，pH值6.7，最可能的诊断是什么？,尿路感染->症状->尿频尿急,0.71,症状
孙某，女性，60岁，长期喘息，气短，动时加重，吸气不利等症状，容易在劳累后发作。结合这些症状，应针对哪种病机进行治疗？,喘息->症状->补肾纳气,0.65,症状
一名28岁女性患者有4年反复水肿病史，最近一个月出现厌食、恶心、齿龈出血，且近1日解柏油样大便并逐渐昏迷。其血压为21.3／13.3kPa(160／100mmHg)，血红蛋白为70g／L，血小板计数为7×10^9/L。一年前该患者曾患肝炎现已痊愈。请你指出为了尽快明确该患者的诊断，哪项血液检查最有意义，并说明理由。,肝硬化->诊断检查->凝血酶原时间,0.39,诊断检查
26岁男性，右下颌肿块，穿刺出黏稠液体，诊断是什么？,右下颌肿块->并发症->恶性肿瘤,0.18,并发症
当患者出现卒然仆倒，不省人事，四肢强痉拘挛，口中有声，口吐白沫，烦躁不安，气高息短，痰鸣漉漉，口臭便于，舌红或暗红，舌苔黄腻，脉弦滑的症状时，该病证属于什么？,便秘->推荐食谱->火麻仁粥,0.11,推荐食谱
51岁男性车祸后多发伤，休克表现，最佳诊断是什么？,意识模糊->可能患有疾病->颅脑损伤,0.14,可能患有疾病
对于一名32岁的女性，产后5个月完全哺乳，无月经，且以往月经规律，要求放置宫内节育器，在避孕咨询中不需要进行哪项检查？,内分泌功能检查->症状->哺乳期,0.43,症状
一名3岁患儿出现胸骨左缘第2、3肋间Ⅱ~Ⅲ级收缩期吹风样杂音，肺动脉瓣区第二音亢进和固定分裂，心电图显示右心室增大的情况，可能的诊断是什么？,房间隔缺损->并发症->肺动脉高压,0.09,并发症
对于一名65岁患有慢性肺源性心脏病的女性患者，近两年来咳喘反复发作，并有心悸、气短、乏力的症状，因两日前感受风寒导致咳逆痰多、喘息不得卧及舌质暗浮、苔白腻略黄，该患者应首选哪种中药进行治疗？,慢性肺源性心脏病 -> 治疗方法 -> 中药治疗,0.95,治疗方法
一名13岁女性患者出现头晕、乏力、尿黄1个月，血常规检查显示血红蛋白为86g/L，血小板为10×10^9/L，且Coombs试验阳性。根据这些症状和检查结果，最可能的诊断是什么？,Evans综合征->治疗方法->免疫抑制疗法,0.55,治疗方法
一名38岁女性患者，症状包括反复尿频、尿急、尿痛半年，尿液检查显示pH6.5，SG1.010，Pro0g/L，WBC2/μl，RBC12/μl；血液检查显示CRE84μmol/l，BUN5.9mmol/L，K+3.1mmol/L，Na+136mmol/L，Cl-110mmol/L，Ca2+1.9mmol/L，B超检查提示双肾小结石或钙化。为进一步明确诊断，首选进行的尿液检查是什么？,尿液检查->诊断检查->尿液蛋白测定,0.78,诊断检查
26岁女性，停经48天，出现阴道少量流血5天，偶有腹痛。月经平素规律，体温36.6℃，脉搏80次/分钟，血压120/65 mmHg。体检显示宫颈软，宫体稍大且软，附件无异常，血常规显示血红蛋白126g/L，白细胞计数7.3×10^9/L。请根据体征和检验结果，判断最可能的诊断是什么？,宫体稍大->可能患有疾病->正常妊娠,0.62,可能患有疾病
根据患者夜间受凉后的症状表现，如腹痛、下痢赤白、恶寒发热、舌苔薄腻等，最佳治疗方剂是什么？,腹痛、发热->常用药品->不换金正气散,0.56,常用药品
一个男性患者表现为全身水肿，皮肤绷紧光亮，伴有胸脘痞闷、烦热口渴，经过治疗略有好转但水肿反复发作，同时口咽干燥、大便干结，舌红少苔，脉象细弦数。针对这种情况，应使用何种中药方剂进行治疗？,水肿->治疗科室->中医内科,0.19,治疗科室
一位24岁女性患者突发心悸，既往有类似发作史5年，体检显示心率170次/分，血压90/50mmHg，心电图显示QRS波群正常且P波不明显。根据这些信息，最可能的诊断是什么？,房室结折返性心动过速->症状->心悸,0.91,症状
一名50岁的男性患者在饱食后出现上腹持续性胀痛，伴有全腹压痛和反跳痛，肌紧张及肠鸣音消失等症状，经过体格检查和实验室检查后，为确定最佳的治疗方案，哪种影像学检查最有价值？,腹部立位平片->诊断检查->消化道穿孔,0.74,诊断检查
49岁男性患者有劳力性胸痛病史，心率为110次/分。为了控制这种情况下的心率，应优先选择哪种药物？,心动过速->症状->胸痛,0.63,症状
对于一位45岁女性患者，手指近端指间关节肿痛并伴有实验室指示风湿因子的阳性以及抗环瓜氨酸肽抗体阳性，控制病情进展应该首选什么药物？,抗环瓜氨酸肽抗体阳性->症状->关节肿痛,0.07,症状
在治疗患者谢××时，她病症表现为久痢顽固不愈，证见心烦失眠，口干口苦，腹痛隐隐，喜温喜按，舌质淡，苔黄腻，脉沉细。根据这些症状，应该选用哪种中药方剂进行治疗？,久痢->推荐食谱->山药莲子粥,0.35,推荐食谱
糖尿病患者长期血糖控制不佳，出现多处皮肤溃烂且难以愈合的疮疡，最适合选用的中药方剂？,糖尿病皮肤溃烂->并发症->湿热,0.62,并发症
一名19岁的男性患者，因不明原因贫血，试服铁剂治疗5天后复查血象，发现网织红细胞上升达到5%，但血红蛋白未见增加，显微镜检查发现红细胞大小不等，中心淡染区扩大。结合这些临床表现，这种贫血最有可能是什么类型的贫血？,再生障碍性贫血->症状->贫血,0.22,症状
21岁女性患者，2年的关节痛病史，突发头晕、头痛，左上肢血压160/110mmHg，右上肢血压180/116mmHg，尿常规显示蛋白（+），血清肌酐为176μmol/L。为进一步确诊，应该进行哪项检查？,高安动脉炎->症状->头晕头痛,0.65,症状
根据以下病情描述，确定该6个月男婴的营养不良类型：出生体重3.0kg，生后人工喂养，皮下脂肪消失，轻度水肿，精神萎靡，反应差，体温低，腹泻与便秘交替进行。,营养不良->治疗方法->蛋白质补充,0.52,治疗方法
一位32岁的女性在遇到寒冷时，双手顺序出现苍白、青紫和潮红，病程已有3年，逐渐加重且每次发作持续15到30分钟。根据该患者被诊断为雷诺综合征，请描述她在发作时的典型症状是什么？,雷诺综合征->症状->发作频率,0.79,症状
一名30岁的男性患者因车祸导致左肋部受伤并脾破裂入院，入院时血压为75/55mmHg，脉率为120次/分，意识清楚，但表情淡漠，口渴，面色苍白。请根据这些症状和体征估计他的出血量是多少毫升？,创伤性脾破裂->治疗方法->手术切除,0.45,治疗方法
根据以下病例特征：患者18岁女性，上唇红肿疼痛持续5天，伴有寒战、高热、头痛；体检显示上唇隆起呈紫红色，中心组织坏死塌陷，伴随多个脓栓和鼻部、眼部及其周围广泛肿胀。化验结果表明白细胞总数增加，达到WBC 25×10^9/L，且中性粒细胞比例为0.90。这些临床表现和化验结果最可能的诊断是什么？,脓肿->治疗方法->切开引流,0.69,治疗方法
患者右臀和下肢出现红斑和水疱后经过治疗皮损好转，但局部仍然疼痛且检查发现有色素沉着。在舌暗红、苔白、脉弦细的情况下，哪一种中药方剂加减可以最适宜地改善该患者的症状？,血瘀证->症状->色素沉着,0.51,症状
一位38岁女性患者，经历5年的心悸、气短、下肢浮肿和纳差症状，并在最近2周加重。体检发现，其心脏区域有级别为3/6的收缩期杂音，心率为120次/分钟，心律规整，双肺底部有湿啰音，肝脏下降至肋下3厘米并有轻度压痛。结合这些体征和症状，请给出该患者的具体心功能诊断。,心力衰竭->症状->心悸,0.78,症状
对于一名52岁男性患者，伴有逐渐出现的贫血、尿色浓茶、轻度黄染但无发热或出血症状，且肝脾不肿大的情况下，应该进行哪项检查以确诊溶血性贫血？,溶血性贫血->治疗方法->免疫抑制治疗,0.62,治疗方法
咳嗽咳痰、痰黄黏稠、痰中夹血、心烦易怒、胸胁刺痛、口干咽燥、舌红苔黄、脉弦数，应该使用哪个中药方剂进行治疗？,肝火上炎->常用药品->龙胆泻肝汤,0.65,常用药品
一名64岁的女性患者，2年来偶尔感到心悸，但无黑朦及晕厥症状，多次心电图检查显示为房颤且心率在65至89次每分钟之间。针对这种情况，她的心律失常应该如何治疗？,房颤->宜吃->高脂饮食,0.11,宜吃
一位32岁的女性在遇到寒冷时，双手顺序出现苍白、青紫和潮红，病程已有3年，逐渐加重且每次发作持续15到30分钟。根据该患者被诊断为雷诺综合征，请描述她在发作时的典型症状是什么？,雷诺综合征->症状->手部颜色变化,0.93,症状
根据患者沈某的症状：身热夜甚，神烦少寐，时有谵语，脉数，舌绛而干，应选用哪种中药方剂进行治疗？,清营汤->治疗方法->清热解毒,0.93,治疗方法
一名24岁的男性在进食海产品4小时后出现发热、剧烈腹痛、腹泻、呕吐等症状，大便十余次呈血水样，偶有黏液血便。体检发现轻度脱水，血压为12/8 kPa，腹部柔软但有压痛。实验室检查显示每高倍镜视野白细胞5到8个，红细胞10到25个。根据这些症状和检查结果，最可能的诊断是什么？,副溶血性弧菌感染->治疗科室->感染性疾病科,0.23,治疗科室
根据患者的症状，如发热、关节痛、乏力、恶心，以及实验室检查结果显示尿蛋白增加、红细胞及白细胞升高、血肌酐升高、P-ANCA阳性、胸片显示双下肺纹理增多，结合上述临床表现和实验室结果，患者最可能的诊断是什么？,高血压 -> 推荐食谱 -> 芹菜粥,0.08,推荐食谱
一名31岁的男性因失眠长期服用某种药物治疗。在突然停药12小时后，他出现头痛、虚弱无力和肢体颤抖的症状，请问他最可能服用的是哪类药物？,药物戒断->症状->虚弱无力,0.21,症状
一名66岁男性，情绪激动后突然出现剧烈头痛、头晕、呕吐，随后表现出'三偏征'，伴随瞳孔缩小和光反射消失，这种症状最可能提示脑出血发生在何处？,丘脑出血->诊断检查->CT检查,0.75,诊断检查
一名35岁男性患者，反复腹泻4年，大便中常见食物残渣，多次大便常规和培养均正常，肠镜检查结果如图所示。根据这些信息，应该采用哪种根本治疗方案来解决其腹泻问题？,胰腺外分泌功能不全->治疗方法->液体补充,0.35,治疗方法
一名35岁的女性在进行甲状腺次全切手术后，出现高热、心率160次/分、烦躁不安、大汗淋漓和腹泻等症状。在这种情况下，应考虑的最可能诊断是什么？,甲状腺危象->治疗方法->降温治疗,0.72,治疗方法
一名30岁男性，经历阵发性心悸10年，每次发作持续时间从半小时到3小时不等，此次心悸发作已持续半小时来就诊。检查显示血压为90/60mmHg，心率为200次/分钟，心律绝对规则，无杂音，肺部无异常。请问在这种情况下，最适合的治疗措施是什么？,电复律->治疗方法->心动过速,0.15,治疗方法
针对有先天性心脏病史的3岁女孩，出现不规则发热、头痛3周、偶伴呕吐、右Barbinski征阳性及血WBC 18×10^9/L，N 0.86，L 0.14的情况，除了原有心脏体征及扁桃体Ⅱ度肿大伴黄白色渗出外，最可能合并什么疾病？,脑脓肿->症状->右Barbinski征阳性,0.76,症状
在患者因肺部感染而出现高热，咳嗽气急，咽痛咳血等症状，舌红绛或紫绛，苔黄，脉滑数的情况下，应如何加减应用中药进行治疗？,清热解毒->并发症->肺热,0.62,并发症
在患者男性，35岁，已行完善根管治疗且有深覆牙合的情况下，要对冠折1/2的牙齿进行修复，哪种修复方案最合适？,深覆牙合->并发症->修复失败,0.61,并发症
一名50岁男性，10天前开始发冷、发热，体温39.5℃，伴有右侧胸痛、咳嗽、咳脓性臭痰，并有结核病密切接触史。为了进一步明确他的诊断，应该首先进行什么检查？,肺部感染->诊断检查->胸部CT,0.72,诊断检查
经来先期量多、色紫红、质黏稠，伴心烦面红口干，小便黄，大便燥结，舌红苔黄，脉滑数，选用哪种方剂？,血热->症状->月经量多,0.77,症状
请根据描述分析，在湖南某市某年洪水后，出现的发热症状和血常规结果，患者发热的原因最可能是什么疾病？,甲型肝炎->症状->发热,0.38,症状
一位57岁男性，患有慢性阻塞性肺疾病12年，最近一周咳嗽气喘加重，出现明显发绀和烦躁，血气分析结果为pH7.39，PaO2 40mmHg，PaCO2 70mmHg。经过积极治疗效果不佳，可能发生哪些严重并发症？哪一种并发症是不会发生的？,慢性阻塞性肺疾病->可能患有疾病->脑水肿,0.46,可能患有疾病
在上消化道造影检查中，一名男性患者表现出夜间腹痛、恶心、呕吐以及剑突下压痛。这种症状最可能与哪种消化系统疾病有关？,胆囊炎->症状->右上腹痛,0.22,症状
根据该患者的化验结果：蛋白尿(++++)、ANA(+)、ds-DNA抗体阳性、血常规白细胞3.2×10E9/L、血小板90×10E9/L、血清肌酶值正常，请问该患者可能诊断为什么疾病？,系统性红斑狼疮->并发症->血小板减少,0.78,并发症
根据CT影像结果和患者的一年余右侧腰、腹部偶尔不适症状，请描述该患者右肾的最可能诊断。,右肾囊肿->并发症->肾功能衰竭,0.63,并发症
一位30岁的男性患者，素有嗜食肥甘和饮酒史，出现午后和夜晚加重的发热症状，并伴有身重肢倦、头重痛、口不渴、面色淡黄、胸脘痞满，舌苔白厚腻，脉象濡缓等症状。在中医理论中，适合的治疗方法是什么？,寒湿困脾->易患人群->饮酒者,0.22,易患人群
在足月顺产后，胎儿娩出时张女士阴道出血量约500ml，血液呈鲜红色且很快凝集成血块，但胎盘尚未娩出。这种情况下，出血的最可能原因是什么？,胎盘滞留->症状->鲜红色出血,0.65,症状
一个患者月经停闭7个月，面色萎黄，带下量少，头晕目眩，毛发脱落，手足心热，舌红，苔少，脉细数无力，针对这些症状应该选择哪种中药配方进行治疗？,肝肾阴虚->症状->面色萎黄,0.25,症状
一名45岁妇女因性交后出血就诊，检查发现宫颈中度糜烂，子宫大小和活动情况正常，宫旁无异常，宫颈刮片巴氏Ⅲ级。术后证实有淋巴结转移，应采取哪种治疗措施？,淋巴结转移->治疗科室->肿瘤科,0.09,治疗科室
根据以下病情描述，确定该6个月男婴的营养不良类型：出生体重3.0kg，生后人工喂养，皮下脂肪消失，轻度水肿，精神萎靡，反应差，体温低，腹泻与便秘交替进行。,营养不良->症状->腹泻与便秘交替,0.57,症状
患者出现经前吐血、衄血且出血量较多、色鲜红，伴有月经提前、量少，心烦易怒、两胁胀痛等症状。舌象为舌红、苔黄，脉象为弦数。针对上述症状，治疗应首选的方剂是什么？,肝火亢盛->治疗方法->清肝引经汤,0.92,治疗方法
一名42岁女性患者，经历了3年的劳力性胸闷和气促，发作时硝酸甘油无效。查体时在胸骨左缘第3肋间听到收缩期杂音。为确诊，首选应进行哪项检查？,心脏病->常用药品->超声心动图检查,0.72,常用药品
对于一名6个月大的婴儿患者，在经历腹泻2天后症状有所缓解，当天大便减少至7-8次，已排尿，呕吐停止。在继续监测酸碱平衡并纠正及静脉补钾的情况下，第二天应选择哪种混合液进行静脉补液？请具体说明选择的理由。,葡萄糖液->可以治疗疾病->腹泻,0.52,可以治疗疾病
一位24岁的初产妇在低位产钳分娩后立即出现阴道持续流血400ml，且血色鲜红，血压为14.7/9.33kPa，子宫坚硬，此时最适宜的处理步骤是什么？,产后出血->并发症->胎盘残留,0.15,并发症
一位29岁男性患者出现间歇性下腰痛半年，CT检查显示双侧骶髂关节对称性增生硬化，关节面不规则，并且关节间隙变窄，基于这些临床表现和检查结果，最可能的诊断是什么？,骨质疏松->症状->骨痛,0.11,症状
对于一名70岁的男性患者，在健康体检中发现胆囊内有直径约0.8cm的结石，随体位活动移动，口服胆囊造影显示充盈缺损不明显，且患者既往无胃病史、胆囊炎发作史、心脏病或糖尿病史，目前最佳的治疗建议是什么？,胆囊结石 -> 治疗方法 -> 常用药品,0.34,治疗方法
一位23岁的女性，出现外阴瘙痒1周，妇科检查显示外阴无异常，但阴道内有黄色脓性分泌物，宫颈中度糜烂，为判定宫颈病变的性质，应该首选进行哪种检查？,宫颈涂片检查->检查疾病->宫颈病变,0.72,诊断检查
对于一名出现拒食、呕吐、嗜睡、面色青灰、前囟紧张和脐部有脓性分泌物的2个月女婴，最关键的诊断检查应该是什么？,脑膜炎->治疗方法->抗生素治疗,0.65,治疗方法
一位56岁的男性患者，具有3年风湿性关节炎病史，近期因病情加重服用大量NSAID后，出现黑便。请问黑便的最可能原因是什么？,消化道溃疡->治疗科室->普通外科,0.16,治疗科室
对于住院第2天检查时，患者的瘫痪肢体只能在水平面上移动而不能上抬，这表明其右下肢的肌力处于哪个级别？,肌力评估->症状->肌肉无力,0.48,症状
"男性, 42岁, 有5年肝硬化病史, 在3天前经历了500ml的呕血情况, 今天出现淡漠少言, 脑电图结果正常。根据这些临床表现, 他的最可能诊断是什么？",消化道出血->症状->呕血,0.48,症状
26岁男性，右下颌区肿块超过4个月，抗感染治疗无效，穿刺出黏稠液体，口腔内部无异常，最可能的诊断是什么？,右下颌肿块->诊断->颈部淋巴结肿大,0.18,可能患有疾病
对于一名7岁女孩，出现尿频尿急5天并伴有寒战，全身温度39.0℃，双肾区有叩击痛，确诊这种情况下首选的检查是什么？,泌尿系感染->诊断检查->尿液细菌培养,0.69,诊断检查
一位25岁女性，有性生活史，停经近3个月，出现阴道少量流血，并且子宫如妊娠4个月大，软，双附件区各有5cmX5cmX3cm囊性肿物。这种情况下，应该如何诊断？,葡萄胎->症状->子宫增大,0.67,症状
一位30岁的女性患者表现出失眠多梦、易惊醒、胆怯心悸、遇事善惊、气短乏力、舌淡、脉弦细的症状，针对这些症状，应该选择哪种中药方剂进行治疗？,失眠多梦->治疗方法->六味地黄丸,0.63,治疗方法
根据8岁患儿在春节期间因上感，注射青霉素40万单位后5小时出现高热、头痛、前胸出血点、低血压的情况，诊断最可能是什么？,青霉素过敏反应->检查疾病->血液检查,0.69,诊断检查
对于Cushing综合征患者，血浆ACTH为200pg/ml且大剂量地塞米松不能抑制的情况下，应该进一步进行何种影像学检查以帮助明确诊断？,ACTH水平升高->可能患有疾病->异位ACTH综合征,0.03,可能患有疾病
在CT平扫中，观察到一名40岁男性的肝脏密度大片减低，并且肝内血管清晰呈现较高密度，其分布走形规则。这种CT表现最可能提示何种肝脏病变？,肝脏病变->症状->恶心,0.15,症状
针对46岁女性患者表现出的口渴、小便频数、下半身冷感、腰痛脚软、舌淡胖苔薄白、脉沉弦等症状，应选用哪种中药进行治疗？,温补肾阳->治疗方法->改善下半身冷感,0.64,治疗方法
对于一名5岁男孩，体温39.5℃，出现音哑和吸气性呼吸困难的情况下，医生应首先采取什么措施来处理可能的急性气道阻塞？,急性气道阻塞->常用药品->抗生素,0.35,常用药品
一名30岁的女性患者表现出头晕、乏力、发热和皮肤出血点，检查显示全身淋巴结不大，胸骨无压痛，肝脏肋下3厘米，脾脏肋下5厘米，血常规显示血红蛋白为68 g/L，白细胞为2×10⁹/L，血小板为20×10⁹/L。这位患者最可能的诊断是什么？,皮肤出血点->推荐食谱->补铁食物,0.67,推荐食谱
请描述一个12岁男性患儿，表现为身材矮小、长期面色苍白、乏力，巩膜轻度黄染并且脾大肋下3cm时，其实验室检查中最可能出现什么异常结果？,贫血->症状->乏力,0.15,症状
一位42岁的男性患者反复腰痛5年，并在7个月前因腰部扭伤出现剧烈疼痛和左侧肢体不适，经过系统性的保守疗法后症状依然没有缓解，腰椎CT显示L间盘左后方突出压迫了硬膜囊。请问在这种情况下，他下一步应该接受什么治疗来缓解症状？,腰椎间盘突出->并发症->神经损伤,0.69,并发症
对于一名5岁患儿，虽然没有任何临床症状和体征，且房室腔未见扩大，但在超声检查中通过胸骨旁左心长轴切面在房室沟处发现一圆形无回声区，大小为15mm×18mm，并且其开口于右房，请问最可能的诊断是什么？,冠状窦扩张->常用药品->无明确治疗药物,0.18,常用药品
一名8岁男孩出现胸闷、气急等症状，查体发现颈静脉显露，结合胸片检查，你认为最可能的诊断是什么？,纵隔淋巴瘤->症状->胸闷、气急、颈静脉显露,0.65,症状
根据患者的症状，如昏迷、不省人事、牙关紧闭、两手握固、面赤身热、躁扰不宁、大便小便闭、舌红苔黄腻、脉弦滑而数，请问该患者的诊断是什么？,中风阳闭证->治疗方法->开窍清热,0.17,治疗方法
一名48岁的女性出现多饮、多尿和体重下降3个月。其身高158厘米，体重51公斤，尿糖（++++），尿酮（-），空腹血糖19.5mmol/L，HbA1c为9.5%。在这种情况下，应如何制定她的治疗计划？,2型糖尿病->并发症->糖尿病肾病,0.72,并发症
一位40岁女性，体型偏胖，近2年反复出现清晨不易唤醒的情况，喝糖水后可以缓解，并且发作逐渐频繁。根据这些症状，最可能的诊断是什么？,体型偏胖->患病概率->胰岛素瘤,0.69,患病概率
35岁男性牙齿问题，怎么处理牙齿困难拔除？,牙齿问题->治疗->使用局部麻醉,0.72,治疗方法
一个患者表现出肢体关节疼痛较剧，痛有定处，得热痛减，遇寒痛增，疼痛局部皮色不红，触之不热，舌苔薄白，脉弦紧。这种情况下，应该选用哪种中药方进行治疗？,寒痹->症状->关节疼痛,0.13,症状
72岁男性，突发心前区疼痛，含硝酸甘油不缓解，心电图ST段抬高并伴有Q波，最可能的诊断？,急性心肌梗死->治疗方法->冠状动脉介入治疗,0.92,治疗方法
一名18岁女性患者因感冒发热1周后出现心悸、气促和不能平卧现象。在心脏检查中，心率为每分钟110次，律齐，心尖部闻及舒张早期奔马律及收缩期吹风样杂音2/6级。当她的奔马律在胸骨下端左缘听到时，这种奔马律的性质是什么？,心肌炎->症状->舒张早期奔马律,0.77,症状
某老年高血压患者晨起锻炼发生头痛、呕吐和右侧肢体无力，查体发现血压180/100mmHg，右侧视野同向性偏盲，双眼向左侧凝视，并且出现失语症状。请问，基于这些临床表现，应考虑哪种类型的脑出血？,脑出血->疾病描述->急性出血性脑损伤,0.11,疾病描述
对于一名慢性牙周炎患者出现了剧烈阵发性疼痛且夜间无法入眠，在检查发现左侧后牙无龋坏牙，叩痛且有深牙周袋的情况下，为了确诊最主要的还应该进行哪项检查？,牙髓病变->诊断检查->牙周测量,0.65,诊断检查
根据患者的症状和体征，特别是突然昏倒、语言謇涩、面色潮红、舌质红苔黄燥及脉象等特点，哪种方药最适合作为治疗方案？,天麻钩藤饮->治疗方法->平肝息风,0.59,治疗方法
对于一位44岁的男性肝硬化患者，出现畏寒发热、全腹痛和尿量减少等症状，为了进一步治疗，应该采用哪种措施？,肝硬化->症状->腹痛,0.45,症状
一名33岁女性患者出现高热伴意识障碍，既往有系统性红斑狼疮史。入院查体显示浅昏迷，脑膜刺激征阳性，并出现喷射性呕吐。基于这些表现，入院后应首先进行哪项轴位扫描以辅助诊断？,意识障碍->可能患有疾病->颅内高压,0.52,可能患有疾病
一名30岁的男性患者因左上后牙3天的肿痛就诊，检查发现26牙齿咬合面深龋及髓，无探痛，Ⅲ度松动，叩痛（+++），牙龈轻微红肿，有按压疼痛感，但无波动感。基于这些症状，应该做出什么诊断？,牙周炎->症状->牙龈肿痛,0.28,症状
患者牙痛，面部肿胀，颊部窦道，反复流脓不愈，可能诊断为何？,口腔感染->并发症->窦道形成,0.04,并发症
一位25岁的女性患者，停经30周，出现进食油腻食物后左上腹持续性疼痛伴发热和频繁呕吐。根据她的临床表现，最适合的首选影像学检查方法是什么？,妊娠期->检查->超声检查,0.71,诊断检查
对于一位44岁的男性肝硬化患者，出现畏寒发热、全腹痛和尿量减少等症状，为了进一步治疗，应该采用哪种措施？,自发性细菌性腹膜炎->治疗方法->抗生素治疗,0.79,治疗方法
奚某，男，68岁，出现喘咳短气、痰多稀白、胸膈满闷、腰痛脚软、两下肢略有浮肿等症状，舌苔白滑，脉弦滑，这种状况应选用哪种中药方剂进行治疗？,喘咳->症状->益气化痰方,0.75,症状
患者庄某出现头痛恶寒、身重疼痛、面色淡黄、胸闷、舌苔白等症状，午后身热，但口不渴，此时应选择哪一种中药方剂进行治疗？,湿邪未解->常用药品->温胆汤,0.55,常用药品
患者表现为胸部隐痛，严重时胸痛彻背，伴有喘息咳唾、短气、气从胁下上抢心，舌苔白腻，脉象沉弦。根据这些症状，应使用哪种中药方剂进行治疗？,痰浊阻滞->治疗方法->化痰散结,0.16,治疗方法
在牙周基础治疗完成2个月后，假如患者磨牙区袋深仍约为5mm，且附着龈较宽，牙槽骨出现水平吸收但无异常骨形态，针对这种情况，哪种牙周手术治疗方案最好？,牙周手术->并发症->牙槽骨缺损,0.27,并发症
一位27岁经产妇在妊娠38周时阴道流血2日无痛，量如月经。产后检查发现胎膜破口距胎盘边缘4厘米，胎盘边缘有黑紫色陈旧血块附着。请问本例患者的最终诊断是什么？,前置胎盘->并发症->宫缩乏力,0.25,并发症
一名24岁的男性，患有小肠疝气，经常发作，现在表现为一侧阴囊偏坠肿胀，遇寒疼痛加重，痛引睾丸，舌淡苔白，脉弦紧。在治疗上，应该选择哪种中药来缓解症状？,舌淡苔白->宜吃->温补食物,0.12,宜吃
在妊娠14周进行钳刮术时，破膜后患者出现烦躁、寒战、咳嗽、呼吸心率加快，血压轻度下降的情况时，应急救措施是什么？,羊水栓塞->治疗方法->气管插管,0.56,治疗方法
一个38岁的男性在4小时前从6米高处跌落，左腰部撞击石块，出现左腰部疼痛和轻微压痛，并且尿常规检查显示红细胞阳性。血压正常。根据这些症状和检查结果，最可能的诊断是什么？,肾脏损伤->并发症->肾衰竭,0.29,并发症
一名63岁的男性患者出现心胸疼痛和胸部闷窒，在含化复方丹参滴丸治疗无效后仍有这些症状，并伴有心悸、喘促、出汗、舌体胖大、舌质暗淡、苔白、脉细无力，应选择哪种方剂进行首选治疗？,舌质暗淡->推荐食谱->山药红枣粥,0.22,推荐食谱
一位43岁已婚女性，月经过多持续3年，本次月经持续超10天，经肌注丙酸睾丸酮后见好转。妇科检查显示宫颈糜烂Ⅰ°，子宫大小如鹅卵，质软，活动性良好，无附件异常，宫颈刮片未见癌细胞，血红蛋白60g/L。根据这些情况，最恰当的处理措施是什么？,贫血->症状->乏力,0.42,症状
70岁女性行走中滑倒致右髋部疼痛，伴右下肢缩短、外旋畸形，应诊断为何种骨折？,老年人->易患人群->骨质疏松,0.15,易患人群
疟疾患者使用二盐酸奎宁静滴抢救时出现寒战、高热、血红蛋白尿，应换用何药？,抗疟药->治疗方法->奎宁,0.52,治疗方法
38岁男性患者突然出现上腹剧痛并波及全腹，伴有面色苍白、出冷汗、全腹压痛、反跳痛和肌紧张，请问针对这种情况最先应进行哪种检查？,消化道穿孔->诊断检查->血液检查,0.12,诊断检查
某中年男性在乘坐汽车时发生车祸后出现右髋关节疼痛，活动受限，患肢短缩，并呈屈曲、内收、内旋畸形。根据这些症状，最可能的诊断是什么？,髋关节后脱位 -> 治疗方法 -> 复位与固定,0.65,治疗方法
一名53岁的女性患者上腹部疼痛不适半年以上，出现进行性皮肤及巩膜黄染。超声检查显示的声像图特点是什么，可以确诊为胆总管下段癌？,胆总管下段癌->诊断检查->腹部CT检查,0.62,诊断检查
根据患者牙龈肥大增生的症状及其病史，该患者的牙龈增生肥大最可能与长期服用哪种药物有关？,苯妥英钠->治疗方法->控制癫痫发作,0.66,治疗方法
根据患者的症状，如发热、关节痛、乏力、恶心，以及实验室检查结果显示尿蛋白增加、红细胞及白细胞升高、血肌酐升高、P-ANCA阳性、胸片显示双下肺纹理增多，结合上述临床表现和实验室结果，患者最可能的诊断是什么？,慢性支气管炎 -> 忌吃 -> 辛辣食物,0.21,忌吃
一名70岁男性患者，半年大便秘结，后逐渐变细，近4个月出现反复脓血样大便，每天3-4次，治疗稍缓解。5天前开始未排便，伴有呕吐及无法进食。体检发现全腹胀，无肠鸣音亢进及肿块，肛诊未触及肿块。结肠镜检显示距肛门10厘米处环形狭窄，呈菜花样外观且肠镜无法通过。请问这种临床表现最可能的诊断是什么？,结肠癌->症状->大便秘结,0.61,症状
一名28岁女性患者，2年前足月顺产一名女孩，并于1年前进行了皮下埋植术。现患者月经基本规律，但最近1个月出现淋漓出血。根据情况，哪项检查是不需要进行的？,皮下埋植->治疗科室->计划生育科,0.11,治疗科室
一名58岁的男性患者有胃病史，最近因饮食不当而复发，症状包括恶心呕吐，伴有胃脘痞闷，纳呆神疲，大便微溏，口淡不渴，舌淡苔薄白，脉虚无力。在这种情况下，哪个中药方剂最适合用于治疗？,香砂六君子汤->治疗方法->清热解毒,0.22,治疗方法
根据一名45岁女性患者的症状：咳嗽十余天，近三天喘促不宁，痰涎壅盛，潮热，便秘，舌苔黄腻，脉右寸实大，应使用哪种中医方剂进行治疗？,宣白承气汤->治疗方法->润肺止咳,0.72,治疗方法
一位53岁的女性患者，胸闷乏力数月，并偶尔感到胸痛，无发热，X线检查结果显示多发性肺部病灶。根据这些临床表现和X线结果，最可能的诊断是什么？,肺部肿瘤性病变->疾病描述->乳腺癌肺转移,0.72,疾病描述
一个年仅4岁的男孩从出生起就被发现腭部裂开，检查时可见悬雍垂、软腭及部分硬腭裂开，但牙槽嵴完整。这名患儿的最可能诊断是什么？,部分腭裂->检查疾病->诊断方法,0.72,诊断检查
26岁初产妇在妊娠39周时顺利经阴道分娩后，立即出现多量鲜红色阴道流血，持续不断。在这种情况下，最可能的病因是什么？,软产道裂伤 -> 并发症 -> 感染,0.45,并发症
根据患者的症状和体征，包括劳累性呼吸困难、不能平卧、呼吸困难加重、咳嗽、体力受限等表现，以及体检发现，如何评估该患者的心功能分级？,心功能分级->症状->咳嗽,0.18,症状
对于一名35岁女性，右侧乳突区疼痛2天，口角左歪1天，诊断过程中，哪一项体征最能帮助确定病变部位？,面部功能检查->症状->面部麻痹,0.67,症状
患者出现四肢厥逆、恶寒蜷卧、神疲欲寐、面色苍白、腹痛下利、呕吐不渴等症状，舌苔白滑，脉微细，根据上述症状，最适合的治疗方剂是什么？,寒邪内盛->治疗方法->理中汤,0.57,治疗方法
描述一位25岁女性患者因腹痛、腹泻便秘交替3个月就诊，并在胃肠钡餐检查中发现回盲部激惹和“钡影跳跃征象”的情况下，最可能的诊断是什么？,肠结核->症状->腹泻,0.53,症状
根据患者症状，比如久病体弱，面色晄白，汗出畏寒，动则益甚，平时极易感冒，且舌苔薄白，脉象细弱，应该使用什么中药方剂进行调治？,气虚->治疗方法->补气方,0.52,治疗方法
对于出现周期性下腹痛半年余且无月经来潮的青春期女性，首先应进行哪项检查以便于准确确认问题？,下腹痛->症状->食欲减退,0.38,症状
对于一位术后出现体温上升和轻度呼吸不畅的患者，胸片显示胸腔内有气液平，为了进一步诊断最重要的检查手段是什么？,胸腔气液平->并发症->脓胸,0.69,并发症
一名45岁女性患者，出现头痛和癫痫症状，CT检查显示右颞叶有一个2×3厘米类圆形低密度的囊样病变，边界尚清楚并伴有轻度增强。基于这些临床表现和影像学特征，这种病变最有可能是什么类型的肿瘤？,囊样低密度影->可能患有疾病->星形细胞瘤,0.94,可能患有疾病
一位长期有胃病的患者，最近因为饮食不规律出现了频繁嗳气，伴随酸腐食物味的嗝逆，肠鸣音亢进，大便稀烂且夹杂食物残渣，心下痞满，舌苔微黄。请问此患者应采用哪种中医方剂进行治疗？,胃病->并发症->胃肠功能紊乱,0.69,并发症
32岁男性，右耳流脓1年，CT显示外耳道嵴骨消失、软组织密度影，听小骨及鼓室壁破坏。最可能的诊断是什么？,右耳流脓->诊断->胆脂瘤,0.92,可能患有疾病
9岁的男孩王某2周前曾出现咽痛，口服药物后症状缓解，但近两日晨起眼睑浮肿，小便色红伴尿潜血阳性，血压130/70mmHg，被诊断为肾炎。其表现为发热不恶寒，咽喉疼痛，口干口渴，头面浮肿，尿少色赤，舌红苔薄黄，脉浮数。根据中医证候学的辨证，此时应选用哪种治疗方剂？,湿热蕴结->症状->小便色红,0.63,症状
根据患者的症状表现，如外感咳嗽、气喘、习惯性便秘、舌质淡红、苔薄黄和脉滑略数，你认为治疗中应选择哪种药物进行干预？,气喘->症状->咳痰,0.25,症状
一名66岁男性，情绪激动后突然出现剧烈头痛、头晕、呕吐，随后表现出'三偏征'，伴随瞳孔缩小和光反射消失，这种症状最可能提示脑出血发生在何处？,脑出血->症状->头痛,0.65,症状
一位10岁出现高热、嗜睡呕吐、抽搐昏迷等症状并有不洁饮食史的患儿，脑脊液检查结果显示压力量大、Pandy氏反应为（±）、白细胞计数高，依据这些症状和检查结果，若需要尽早确诊为乙型脑炎，应进行哪项特异性检查？,乙型脑炎->症状->发热,0.18,症状
28岁女性在停经70天进行人工流产术中，突然出现烦躁不安、寒战、咳嗽、呼吸困难等症状，应该首先应用哪种药物来处理这种情况？,羊水栓塞->症状->烦躁不安,0.32,症状
针对一名25岁的男性患者，他在额头、面部、胸部和背部反复出现红色丘疹、脓疱、囊肿和结节已有10年，并留有紫红色瘢痕，请描述一种不适合用于治疗此患者的药物或方法，并说明原因。,囊肿性痤疮->症状->抗生素疗法,0.18,症状
一名20岁男性患者，颏下皮肤内有一个无痛性肿块缓慢生长了7年。检查该肿块发现它是圆形的，表面皮肤光滑，没有与皮肤及周围组织粘连，触诊时感觉坚韧而有弹性，穿刺后抽出乳白色豆腐渣样分泌物。根据这些特点，这个肿块最可能的诊断是什么？,皮脂腺囊肿->症状->无痛性肿块,0.78,症状
根据临床症状和检查，44岁女性右下后牙牙龈反复肿胀疼痛半年多，颊侧牙龈有一瘘管，近中探诊深度7mm，叩诊阳性，牙髓活力正常，最可能的诊断是什么？,牙髓感染->症状->牙髓活力正常,0.57,症状
一名55岁男性患者出现左胸痛2个月，胸闷气短逐渐加重，并伴有消瘦。胸片显示左侧大量胸腔积液，CT显示广泛胸膜增厚及左侧胸膜凹凸不平，可见胸膜结节影。根据这些临床表现，该患者最可能与哪种职业相关疾病有关？,尘肺病->症状->胸闷气短,0.61,症状
根据患者表现出的频繁呕吐、前囟饱满、高热、多次抽搐、颅缝增大、肌张力增高或偏瘫等症状，结合硬脑膜下穿刺流出清液的结果，该患儿最可能被诊断为何种疾病？,痢疾 -> 忌吃 -> 奶制品,0.05,忌吃
针对一位35岁妇女，近数月来甲状腺肿大，有时心悸，稍觉多汗，食量无明显增多，无便频，消瘦不明显无眼征等症状，甲状腺Ⅱ度大，质地变硬不光滑，未闻及血管杂音，心率90次/分，血压偏高，在哪种处理方式下最不适宜针对她的这种病情？,甲状腺问题->治疗方法->综合治疗,0.47,治疗方法
"一名50岁的女性干部，间歇性腹泻半年，3天前又发作，出现黄色稀便，带脓血，每天6至8次，同时伴有左下腹隐痛。便常规检查显示：RBC（+）/HP, PC（+）/HP, WBC（+++）/HP。基于这些症状和检验结果，该患者最可能的诊断是什么？",溃疡性结肠炎->症状->右下腹隐痛,0.22,症状
一位30岁的女性表现出咽痛干痒、异物感、干咳少痰、颧红、潮热、耳鸣和多梦等症状，舌红苔少，脉细数。根据以上症状特征，宜选用的基础方剂是什么？,养阴清肺汤->可以治疗疾病->肺阴虚,0.75,可以治疗疾病
一位65岁女性患者，诊断为慢支炎急性发作，目前感染已控制，但双下肢仍水肿，仍有气促，心率大于120次/分，呼吸频率大于24次/分，双肺底可闻及湿性啰音，使用利尿剂无效。根据这位患者的病情，应选择什么治疗方案？,心功能不全->治疗方法->无创正压通气,0.32,治疗方法
一名26岁的女性患者出现端坐呼吸、乏力、腹胀等症状，心音遥远。其胸部正侧位摄片显示心影增大。基于这些症状和检查结果，请问该患者最可能的诊断是什么？,心包积液->并发症->腹胀,0.66,并发症
根据患者头部、肩背部多汗、动则尤甚，神疲乏力，面色少华，易患感冒，舌质淡，苔薄白，脉细弱的症状，应如何判断其证候？,肺气虚->治疗方法->益气固表,0.65,治疗方法
某位在蓄电池厂工作的男工，工龄8年，出现头昏、头痛、乏力等症状，尿中6-ALA检测结果为28.6μmol/L。针对该病人的治疗，哪种药物是首选？,铅中毒->并发症->高血压,0.63,并发症
一名28岁男性患者在上呼吸道感染后2周出现肉眼血尿和颜面水肿，经过2个月治疗后，尿检显示蛋白（＋＋），红细胞15～20个/HP，血压变化不大，但血清肌酐升至400μmol/L，B超显示双肾增大。为了进一步明确诊断，应该选择哪种辅助检查？,肾功能恶化->诊断检查->肾活检,0.96,诊断检查
高血压患者争吵后突然倒地昏迷，一侧瘫痪，口斜眼歪。应优先考虑哪种疾病？,出血性中风->症状->意识障碍,0.56,症状
一位49岁的男性患者，反复发作性癫痫，双手震颤5年，伴有头晕和行走不稳，生化检查显示血清钙降低和血清磷升高。根据这些症状和实验室检查结果，你认为最可能的诊断是什么？,甲状腺功能亢进->症状->心悸,0.07,症状
一名6岁男孩患有法洛四联症，出现意识不清伴频繁抽搐、腹泻和呕吐等症状。结合病史和症状，他最可能的病因是什么？,法洛四联症->症状->腹泻和呕吐,0.57,症状
一个5岁的男孩因2天无痛性暗红色血便入院，并有类似病史。在体检后为明确诊断，应该首选哪种检查方法？,血便->推荐食谱->清淡饮食,0.42,推荐食谱
一名45岁男性患者突然感到胸痛，4小时后前往医院就诊。在排除急性心肌梗死时，哪项检查最为有帮助？,心电图->检查疾病->心律失常,0.04,诊断检查
一名20岁男性，发热1周，伴牙龈出血，实验室检查结果显示WBC高于正常水平，Hb和PLT低于正常水平，同时纤维蛋白原降低。为了确定出血的原因，可以进行哪种具体的检验？,凝血功能检测->检查项目->混合试验,0.52,诊断检查
一位初产妇，25岁，怀孕1次，分娩0次。骨盆外测量正常，已经临产10小时，肛查显示宫口开大9cm，胎先露在S2+，宫缩时胎心下降至110次/分，宫缩后不能迅速恢复。这种情况下，最适合的处理方法是什么？,胎儿窘迫->症状->胎心过快,0.14,症状
一名20岁男性，出现全身水肿半个月，最近呼吸困难和尿量减少，血压升高至170/120mmHg，并伴随全身高度水肿以及右侧胸腔及腹腔积液。经诊断为肾病综合征，请问此患者首先应使用哪种药物进行治疗？,肾病综合征->治疗方法->利尿剂,0.72,治疗方法
一名45岁男性患者有上腹饱胀不适7年的病史，近3天出现柏油样便且大便潜血测试为阳性(+++)，胃镜检查结果显示胃窦部黏膜薄且透，见紫蓝色血管纹。根据这些临床表现和检查结果，他最可能被诊断为何种胃部疾病？,萎缩性胃炎->诊断检查->胃镜检查,0.94,诊断检查
描述一下学生16岁时在课堂上发生的发作事件特征，这种发作事件的最可能诊断是什么？,失神发作->症状->短时间内恢复正常,0.78,症状
孕34周女性血压150/90mmHg，尿蛋白0.4g，诊断妊娠相关病症？,妊娠相关疾病->诊断检查->血清尿素氮检测,0.42,诊断检查
一位24岁的女性患者因车祸导致面部外伤，X光片显示右侧上颌骨骨折，骨折线经过鼻背、眶部并穿过颧骨上方达到翼突。请问这种情况的诊断是什么？,Le Fort III型骨折->症状->翼突骨折,0.65,症状
对于一名72岁男性患者，反复腹泻2个月，每天大便3至4次，为稀烂便，有少许黏液，偶有血便，但无明显里急后重且体重减轻不明显，最可能的诊断是什么？,结肠癌->可能患有疾病->结肠息肉,0.68,可能患有疾病
一位怀孕8个月的24岁女性，近一个月来常在卧位时出现突发性头痛、心悸和多汗，测得最高血压为230/140mmHg，但坐起后症状可逐渐缓解，血压恢复正常，空腹血糖为7.8mmol/L，电解质及肝肾功能正常。根据这些症状和检验结果，最可能的诊断是什么？,嗜铬细胞瘤->症状->头痛,0.3,症状
一名患者出现胸骨左缘第三肋间3/6级收缩期喷射性杂音，X线显示肺血减少、肺动脉段突出、右室增大。根据这些临床表现，最可能的诊断是什么？,肺动脉瓣狭窄->治疗方法->瓣膜置换术,0.66,治疗方法
一名40岁的男性患者，间断上腹痛3年，多饥饿痛和夜间痛，进食后减轻。为了明确诊断，急诊应该进行什么检查？,消化性溃疡->诊断检查->腹部X线检查,0.91,诊断检查
一名17岁的女性患者长期持续性出现阴道漏尿，并且可以间隔性正常排尿，B超示右肾重度积水且肾图提示右肾无功能。在这种情况下，首先应进行哪项检查以明确诊断？,逆行肾盂造影->症状->阴道漏尿,0.49,症状
一位60岁的男性患者确诊为帕金森病，因经济原因无法负担昂贵的药物治疗，当前临床上应推荐哪种药物作为首选？,金刚烷胺->治疗方法->经济实惠,0.91,治疗方法
当患者出现卒然仆倒，不省人事，四肢强痉拘挛，口中有声，口吐白沫，烦躁不安，气高息短，痰鸣漉漉，口臭便于，舌红或暗红，舌苔黄腻，脉弦滑的症状时，该病证属于什么？,痰火扰神->可以治疗疾病->癫痫,0.61,可以治疗疾病
一名男性患者颈部有直径约3厘米的肿物，质地柔软，色暗红如海绵状，按压后可缩小。请问这种肿物可能的诊断是什么？,海绵状血管瘤->症状->按压后缩小,0.92,症状
一名2岁患儿已患肺炎1周，近日全身中毒症状加重，并出现高热持续不退、呼吸困难加重、频繁咳嗽、面色发绀和低血压。综合这些症状，最有可能的诊断是什么？,肺炎->并发症->脓胸,0.72,并发症
31岁男性患者突发胸壁和背部疼痛，并伴随下肢无力、麻木、排尿困难、视物成双、饮水呛咳和吞咽困难，这些症状表明患者可能患上了什么病？,胸壁疼痛->常用药品->布洛芬,0.21,常用药品
一名72岁男性因皮肤、巩膜黄染进行性加重伴消瘦、乏力2个月入院，入院后病人时有寒战及发热现象。在诊疗计划中，哪项检查对于明确病因最不重要？请解释理由。,黄疸->症状->乏力,0.21,症状
一名50岁男性患者，大量饮酒后出现上腹部剧烈疼痛和呕吐，症状没有缓解，并且保守治疗3天后病情恶化至休克状态。查体发现体温升高、脐周及背部瘀斑、上腹肌紧张和明显的压痛反跳痛。对于这种病情，最重要的治疗措施是什么？,急性重症胰腺炎->症状->恶化至休克,0.58,症状
31岁男性患者突发胸壁和背部疼痛，并伴随下肢无力、麻木、排尿困难、视物成双、饮水呛咳和吞咽困难，这些症状表明患者可能患上了什么病？,症状->可能患有疾病->急性横贯性脊髓炎,0.95,可能患有疾病
31岁男性患者突发胸壁和背部疼痛，并伴随下肢无力、麻木、排尿困难、视物成双、饮水呛咳和吞咽困难，这些症状表明患者可能患上了什么病？,吞咽困难->治疗科室->耳鼻喉科,0.47,治疗科室
对于一位65岁患有慢性肾功能衰竭并且血压为170/110mmHg的男性患者，他出现严重脑水肿的情况下，什么是最佳的治疗方案？,慢性肾功能衰竭->忌吃->高钾食物,0.64,忌吃
对于一位65岁患有慢性肾功能衰竭并且血压为170/110mmHg的男性患者，他出现严重脑水肿的情况下，什么是最佳的治疗方案？,高血压->并发症->脑水肿,0.77,并发症
对于一位65岁患有慢性肾功能衰竭并且血压为170/110mmHg的男性患者，他出现严重脑水肿的情况下，什么是最佳的治疗方案？,慢性肾功能衰竭->可以治疗疾病->脑水肿,0.16,可以治疗疾病
对于一位65岁患有慢性肾功能衰竭并且血压为170/110mmHg的男性患者，他出现严重脑水肿的情况下，什么是最佳的治疗方案？,脑水肿->常用药品->呋塞米,0.07,常用药品
对于一位36岁，怀孕24周的孕妇，孕2产1，她在做家务后出现胸闷气短，近一周经常夜间咳嗽，咳痰，不能平卧。查体发现心率120次/min，心界向左扩大，心尖区可闻及3级收缩期杂音，双肺底闻及小水泡音，以及双下肢水肿(+)。在这样的情况下，通常的处理方案是什么？,心率增快->患病概率->心力衰竭,0.63,患病概率
对于一位36岁，怀孕24周的孕妇，孕2产1，她在做家务后出现胸闷气短，近一周经常夜间咳嗽，咳痰，不能平卧。查体发现心率120次/min，心界向左扩大，心尖区可闻及3级收缩期杂音，双肺底闻及小水泡音，以及双下肢水肿(+)。在这样的情况下，通常的处理方案是什么？,水肿->可以治疗疾病->咳嗽,0.13,可以治疗疾病
对于一位36岁，怀孕24周的孕妇，孕2产1，她在做家务后出现胸闷气短，近一周经常夜间咳嗽，咳痰，不能平卧。查体发现心率120次/min，心界向左扩大，心尖区可闻及3级收缩期杂音，双肺底闻及小水泡音，以及双下肢水肿(+)。在这样的情况下，通常的处理方案是什么？,咳痰->推荐食谱->川贝雪梨汤,0.09,推荐食谱
一名53岁男性患者，近两年来出现渐进性头痛，伴随左眼球外突且移位至前下方。CT检查结果显示有关病变，最可能的诊断是什么？,头痛->可以治疗疾病->鼻窦炎,0.14,可以治疗疾病
对于一位男性患者，25岁，近期发现有贫血但无明显自觉症状，体检发现浅表淋巴结不大，脾肋下4cm，血红蛋白80g/L，红细胞3×10^12/L，红细胞渗透脆性试验减低，且其母有贫血病史，你认为应该做哪项检查来确诊？,遗传性球形红细胞增多症->并发症->胆结石,0.32,并发症
25岁女性起床后颈背部僵痛、头部转动困难、右侧斜方肌压痛，最可能的疾病？,颈椎病->症状->颈部疼痛,0.32,症状
一个32岁的男性患者，烧伤40%，伤后第10天出现高烧40℃、心率140次/分、呼吸36次/分，创面湿润且有灶性积脓，创周炎症明显，血白细胞计数为20×10/L，但血培养未见细菌生长。这种情况下应考虑患者可能出现了什么并发症？,银花连翘汤->食谱有益于疾病->发热,0.35,食谱有益于疾病
针对63岁男性肝硬化患者，出现右肋部疼痛、发热及血性腹水增多，应首选进行哪项检测以判断病情变化？,海带->食谱有益于疾病->肝硬化,0.33,食谱有益于疾病
某患者15岁，左颈部有3个中等硬度的肿大淋巴结，其中1个坏死且破溃形成瘘管，该病例可能是患了哪种疾病？,结核性淋巴结炎->并发症->瘘管形成,0.36,并发症
对于一名27岁的女性患者，她肋腹胀痛、攻窜不定并且疼痛随着饮食变化呈现时轻时重的特点，舌苔白且脉象弦，应如何搭配中药以缓解其症状？,攻窜疼痛->治疗方法->针灸,0.33,治疗方法
对于一位怀孕5个月的女性患者，出现尿少、尿液颜色偏黄、排尿艰涩疼痛、面色发红、心烦、口舌生疮等症状，伴随舌红苔黄和脉细滑数，应该采用哪种治疗方法？,湿热->治疗方法->滋阴养胎,0.35,治疗方法
对于一名32岁的女性，产后5个月完全哺乳，无月经，且以往月经规律，要求放置宫内节育器，在避孕咨询中不需要进行哪项检查？,内分泌功能检查->症状->月经规律,0.38,症状
一名26岁女性患者，自觉进食时牙龈易出血已有5个月，牙龈呈鲜红色且高度水肿、肥大，并且有龈袋形成和牙石。该患者已怀孕5个月。根据这些症状，最有可能的诊断是什么？,妊娠期龈炎->常用药品->抗生素,0.39,常用药品
根据患者的自发性钝痛症状、冷热刺激引起疼痛、以及X线片上显示的右上第一磨牙高密度影像达髓腔，这颗牙齿可能的诊断是什么？,残髓炎->症状->冷热刺激痛,0.33,症状
某患者术后第三天出现体温升高到39℃，伴有大便次数增多、里急后重和黏液便，但伤口不痛且无咳嗽。结合症状，最可能的诊断是什么？,术后感染->症状->大便次数增多,0.39,症状
一名女性患者，28岁，症状包括腰痛脚弱，下半身冷感，少腹拘急，小便不利，舌质淡胖，脉沉迟而弱，请问应选用哪种中药方剂进行治疗？,肾阳虚->常用药品->肾气丸,0.32,常用药品
一名28岁女性患者有4年反复水肿病史，最近一个月出现厌食、恶心、齿龈出血，且近1日解柏油样大便并逐渐昏迷。其血压为21.3／13.3kPa(160／100mmHg)，血红蛋白为70g／L，血小板计数为7×10^9/L。一年前该患者曾患肝炎现已痊愈。请你指出为了尽快明确该患者的诊断，哪项血液检查最有意义，并说明理由。,肝硬化->诊断检查->凝血酶原时间,0.39,诊断检查
一名35岁男性患者，反复腹泻4年，大便中常见食物残渣，多次大便常规和培养均正常，肠镜检查结果如图所示。根据这些信息，应该采用哪种根本治疗方案来解决其腹泻问题？,胰腺外分泌功能不全->治疗方法->液体补充,0.35,治疗方法
对于一名5岁男孩，体温39.5℃，出现音哑和吸气性呼吸困难的情况下，医生应首先采取什么措施来处理可能的急性气道阻塞？,急性气道阻塞->常用药品->抗生素,0.35,常用药品
对于出现周期性下腹痛半年余且无月经来潮的青春期女性，首先应进行哪项检查以便于准确确认问题？,下腹痛->症状->食欲减退,0.38,症状
28岁女性在停经70天进行人工流产术中，突然出现烦躁不安、寒战、咳嗽、呼吸困难等症状，应该首先应用哪种药物来处理这种情况？,羊水栓塞->症状->烦躁不安,0.32,症状
一位65岁女性患者，诊断为慢支炎急性发作，目前感染已控制，但双下肢仍水肿，仍有气促，心率大于120次/分，呼吸频率大于24次/分，双肺底可闻及湿性啰音，使用利尿剂无效。根据这位患者的病情，应选择什么治疗方案？,心功能不全->治疗方法->无创正压通气,0.32,治疗方法
一位怀孕8个月的24岁女性，近一个月来常在卧位时出现突发性头痛、心悸和多汗，测得最高血压为230/140mmHg，但坐起后症状可逐渐缓解，血压恢复正常，空腹血糖为7.8mmol/L，电解质及肝肾功能正常。根据这些症状和检验结果，最可能的诊断是什么？,嗜铬细胞瘤->症状->心悸,0.31,症状
如果患者在过去一个月内频繁出现头痛，每周发作3至4次，并且口服奈普生无法很好地缓解疼痛，为了终止头痛的急性发作，应选用哪种药物？,偏头痛->宜吃->避免刺激性食物,0.25,宜吃
对于一个12岁的患者，出现两小腿皮肤米粒大小、鲜红色、微痒且触之碍手的斑疹，应该首选哪种中药方剂进行治疗？,皮肤病->治疗方法->清热解毒,0.29,治疗方法
怀孕3个月女性确诊疟疾，最适合用药？,疟疾->治疗方法->甲氟喹,0.23,治疗方法
一名57岁的老年女性，绝经5年，阴道流出黄水样分泌物持续1年。妇科检查显示宫颈光滑，子宫后位且稍小，右侧穹隆处可触及鸽蛋大小的硬质包块，并且与子宫关系密切且有粘连。分段诊刮病理切片显示萎缩性子宫内膜，请问这种情况下最可能的诊断是什么？,输卵管癌->疾病描述->输卵管癌,0.29,疾病描述
一位8个月大的女婴，面色苍白，毛发稀疏、发黄，舌头有震颤。实验室检查显示MCV为104fl，MCH为38pg，Hb为90g/L。根据这些表现和检查结果，她早期最恰当的治疗方法是什么？,大细胞性贫血->可能患有疾病->叶酸缺乏,0.21,可能患有疾病
对于一位50岁男性患者，他长期吸烟30年，半年前戒烟，近期出现咳嗽带血的症状。根据病史和表现，应首先进行哪种检查来鉴别诊断原因？,肺结核->诊断检查->胸部X光,0.22,诊断检查
一名49岁的女性患者，上唇部有不适感3天，检查发现上唇皮肤有多个水疤并有强烈的不适感，抗单纯疱疹病毒抗体价高于正常值64倍。请问该病可能的诊断是什么？,唇部不适->推荐食谱->银耳莲子汤,0.25,推荐食谱
一个患者表现出肢体关节疼痛较剧，痛有定处，得热痛减，遇寒痛增，疼痛局部皮色不红，触之不热，舌苔薄白，脉弦紧。这种情况下，应该选用哪种中药方进行治疗？,风寒湿邪->常用药品->乌头汤,0.28,常用药品
一名2岁患儿已患肺炎1周，近日全身中毒症状加重，并出现高热持续不退、呼吸困难加重、频繁咳嗽、面色发绀和低血压。综合这些症状，最有可能的诊断是什么？,脓胸->推荐食谱->高蛋白饮食,0.28,推荐食谱
一位25岁的女性患者近一周出现双侧枕部中度钝痛，站立行走时头痛加重，卧床休息时头痛减轻或消失。这种头痛最可能的原因是什么？,自发性颅内低压->治疗方法->止痛药,0.28,治疗方法
根据一位46岁女性患者的症状：心悸、喘息不能平卧、颜面四肢水肿、腹胀、大便溏泻、小便短少，以及其舌象和脉象特征，结合诊断为“风心病，二窄并二漏”，在已知使用氧气和西药治疗的基础上，中医治疗应首选哪个方剂？,高血压->并发症->心力衰竭,0.23,并发症
某男患者24岁，发热五至六日后热略减退，随后出现一系列症状，包括肢体无力、心烦口渴、咽喉干燥等。如果患者身热全退且食欲减退，口燥咽干较甚，应该选用哪一种中药方剂进行治疗？,气虚->治疗方法->四君子汤,0.25,治疗方法
根据以下症状描述，患者白带量多，外阴瘙痒，白带呈豆腐渣样，伴有心烦失眠，舌苔黄腻，脉弦，其分泌物检查结果为霉菌(+)。请问，应选用哪种中药方剂进行治疗？,失眠 -> 常用药品 -> 酸枣仁汤,0.43,常用药品
根据患者的症状描述，如何判断这位60岁男性右膝关节问题的中医证型？,血瘀->症状->固定疼痛,0.47,症状
一位24岁的孕妇，妊娠31周，表现为高血压、尿蛋白和浮肿等症状，血HCT为43%且全血黏度比值为3.8，针对这种情况，最佳的处理方法是什么？,先兆子痫->常用药品->降压药,0.46,常用药品
8岁男孩4周前患有脓疱疮，最近3天出现眼睑水肿、尿少和肉眼血尿症状。检查发现蛋白尿、红细胞尿、抗O滴度升高、C3下降和NPN升高，该患者最可能的病情诊断是什么？,肾病综合征->症状->蛋白尿,0.42,症状
一名28岁的男性患者，不规则发热2个月，右颈部淋巴结肿大且韧。通过穿刺涂片观察到“镜影状”细胞，请问这最可能是诊断什么疾病？,霍奇金淋巴瘤->常用药品->抗癌药物,0.48,常用药品
一位45岁的女性患者经过抗甲状腺药物治疗后复发，现计划行甲状腺双侧次全切除术后，最危急的并发症是什么？,甲状腺手术->症状->声音嘶哑,0.48,症状
在牙周基础治疗完成2个月后，假如患者磨牙区袋深仍约为5mm，且附着龈较宽，牙槽骨出现水平吸收但无异常骨形态，针对这种情况，哪种牙周手术治疗方案最好？,牙周手术->治疗方法->牙龈切除术,0.47,治疗方法
根据病例描述，26岁女性婚后二年未孕，伴随月经规律，但在末次月经后20天出现了阴道出血，持续半个月，且止血药无效，今天早上出现小腹疼痛并冷汗，身体检查显示血压90/60 mmHg，脉搏110次/分，内诊结果为后穹隆饱满下垂、子宫体水平位稍大、宫颈有举摆痛。根据这些症状，该患者最可能的诊断是什么？,宫外孕->治疗方法->手术治疗,0.47,治疗方法
对于一位36岁的女性患者，她因外伤休克导致血压70/50mmHg，中心静脉压16cmH2O，应该首先选择哪种药物进行治疗？,外伤休克->治疗药物->补液,0.49,常用药品
某患者术后第三天出现体温升高到39℃，伴有大便次数增多、里急后重和黏液便，但伤口不痛且无咳嗽。结合症状，最可能的诊断是什么？,术后感染->常用药品->抗生素,0.49,常用药品
一名6岁男孩患有法洛四联症，出现意识不清伴频繁抽搐、腹泻和呕吐等症状。结合病史和症状，他最可能的病因是什么？,法洛四联症->症状->血氧饱和度低,0.48,症状
对于一名60岁男性患者，咳嗽和痰中带血2个月，胸部CT显示右上叶近胸壁处有一个6cm×6cm块状影，为进一步确诊，此病例首选的检查方法是什么？,肺部肿块->治疗方法->手术切除,0.42,治疗方法
一名56岁男性患者，经历2个月间断无痛全程肉眼血尿，体检结果显示肾区无叩痛，尿检红细胞充满每高倍镜视野，并且静脉尿路造影显示右肾盂有充盈缺损，这些症状和检查结果最可能提示该患者患有什么疾病？,尿路上皮癌->诊断检查->尿路镜检查,0.49,诊断检查
对于一名出现头晕、气短、畏风自汗、大便质烂、脱肛症状的60岁女性患者，应该选用哪种中成药进行治疗？,气虚->常用药品->固肠止泻,0.48,常用药品
"在男性患者23岁入院时表现为“头痛、呕吐2天,抽搐、昏迷4小时”，脑脊液显示化脓性改变的情况下，应选择哪种抗生素作为经验性治疗？",昏迷->症状->急性神经系统感染,0.42,症状
一名33岁的初孕妇，孕8周，出现心悸、夜间胸闷、心率120次/分、呼吸22次/分、心界向左扩大、心尖部舒张期杂音、肺底部湿啰音和双下肢浮肿的症状，什么是恰当的处理方案？,氧疗->治疗方法->改善缺氧,0.44,治疗方法
32岁的女性患者出现尿频、尿痛、尿急和下腹部不适2天，但没有发热和肾区叩击痛现象。尿液显微镜检查显示白细胞满视野、红细胞2~4个/HP，肾功能正常。停用抗菌药物7天后复诊，症状消失，但清洁中段尿培养结果为阳性，细菌数量为1×10^5/ml，并且为同一菌株。在这种情况下，该患者应诊断为什么？,无症状菌尿->疾病描述->尿中细菌持续存在而无症状,0.41,疾病描述
对于手术后反复胸痛、伴轻度呼吸功能不全的左肺癌患者，若使用解热消炎镇痛药效果不佳，考虑使用中枢性镇痛药进行治疗，应选择哪种口服药物？,左肺癌->诊断检查->肺部影像学检查,0.42,诊断检查
对于一位50岁男性患者，他长期吸烟30年，半年前戒烟，近期出现咳嗽带血的症状。根据病史和表现，应首先进行哪种检查来鉴别诊断原因？,肺癌->诊断检查->痰细胞学检查,0.45,诊断检查
请详细描述一位男性患者摔伤右腕部后，在X光片上腕关节显现的具体损伤特征，并指出最可能的诊断是什么。,手腕肿胀->并发症->功能障碍,0.42,并发症
一名34岁的男性患者出现骤起高热，在高热持续几小时后大汗淋漓，随后体温降至正常，1天后高温再次骤起骤降。根据这些症状，患者最可能的诊断是什么？,周期性发热->症状->疟疾,0.47,症状
对于一名35岁男性患者，患有血友病10年，近期出现发热、腹泻超过一个月，全身淋巴结肿大，CD4+/CD8+比值为0.8。在这样的情况中，可以使用哪种药物进行治疗？,血友病->治疗方法->长春新碱,0.49,治疗方法
对于一名65岁患有慢性肺源性心脏病的女性患者，近两年来咳喘反复发作，并有心悸、气短、乏力的症状，因两日前感受风寒导致咳逆痰多、喘息不得卧及舌质暗浮、苔白腻略黄，该患者应首选哪种中药进行治疗？,慢性肺源性心脏病 -> 诊断检查 -> 舌苔,0.45,诊断检查
某男患者24岁，发热五至六日后热略减退，随后出现一系列症状，包括肢体无力、心烦口渴、咽喉干燥等。如果患者身热全退且食欲减退，口燥咽干较甚，应该选用哪一种中药方剂进行治疗？,津液亏损->症状->口干,0.49,症状
一名3岁女孩，有青紫型先天性心脏病，连续5天发热伴腹泻，并在1天内出现头痛、两次惊厥以及左侧肢体活动障碍，这种情况下最可能的诊断是什么？,脑栓塞->症状->头痛,0.42,症状
一名50岁的女性感到乏力、食欲下降，并在两个月内明显消瘦。妇科检查发现盆腔有包块。根据超声检查结果，该包块最可能的诊断是什么？,乏力->症状->消瘦,0.42,症状
一名39岁女性患者出现低热、乏力、腹胀等症状，下腹触及明显肿块且体重减轻，结合影像学检查结果，最可能的诊断是什么？,体重减轻->症状->卵巢癌,0.48,症状
一名31岁女性患者，左眼球突出持续进行性加重超过10年，结合CT影像，最可能的诊断是什么？,额窦扩张->可能患有疾病->鼻息肉,0.42,可能患有疾病
一位38岁的女性患者，10年前患有葡萄胎，现在出现2个月的阴道流血，量时多时少，诊刮病理报告显示滋养细胞增生活跃，未见绒毛结构。根据这些信息，最可能的诊断是什么？,阴道流血->症状->多种妇科疾病,0.47,症状
30岁男性，间断性上腹痛3年，呕血400毫升，排黑便4次，头晕心悸，HBsAg阳性，最可能的诊断？,消化性溃疡->治疗方法->止血治疗,0.48,治疗方法
一名40岁的女性患者，头痛持续2年，CT显示右小脑桥脑角处有一个4×5cm的囊实性占位性病变，并跨越到鞍旁，实性部分显示增强，内听道正常。根据这些症状和影像学表现，这种病变最可能是什么类型的肿瘤？,囊实性占位性病变->症状->脑膜瘤,0.44,症状
针对一位45岁女性患者出现右上腹胀痛伴皮肤巩膜黄染的症状，在体格检查中发现皮肤巩膜明显黄疸且腹水征为阴性，请问为了明确梗阻部位，首选的检查方法是什么？,胆管梗阻->诊断检查->腹部超声,0.44,诊断检查
一名38岁男性患者，出现黄疸迅速加重和神志恍惚等重症肝炎表现。其肝功能化验结果显示ALT升高，TBIL增高，胆碱酯酶降低。哪项检查对于确诊他是否患有重症肝炎最有价值？,肝功能->检查->胆碱酯酶,0.47,诊断检查
一名39岁的男性患者在癫痫发作期间，表现出胃部一股气体上升、咀嚼和吞咽动作、喃喃自语、走动，并似乎在寻找东西但对呼唤无反应，整个过程持续约4分钟，请问这种情况属于哪种癫痫发作类型？,复杂部分性癫痫发作->治疗方法->手术治疗,0.48,治疗方法
在肺组织病理学检查中，如果发现肺组织肿胀、重量增加、质地变硬，光镜下见纤维增生、肺泡壁增厚和巨噬细胞吞噬含铁血黄素，该患者最可能的临床诊断是什么？,慢性肺淤血 -> 常用药品 -> 心脏药物,0.46,常用药品
根据某女患者，73岁，患有肺心病，出现喘促、不能平卧、心悸尿少、肢体浮肿、舌质淡胖、脉沉细的症状，应该使用什么方剂进行治疗？,心肾阳虚->并发症->水湿内停,0.47,并发症
一个患者表现出肢体关节疼痛较剧，痛有定处，得热痛减，遇寒痛增，疼痛局部皮色不红，触之不热，舌苔薄白，脉弦紧。这种情况下，应该选用哪种中药方进行治疗？,寒痹->常用药品->乌头汤,0.42,常用药品
一位35岁女性患者右胸痛持续3个月，同时伴有胸闷气短逐渐加重及消瘦。X线胸片示右侧胸腔积液，CT显示右侧胸膜凹凸不平。根据这些症状和检查结果，最可能的诊断是什么？,胸痛->症状->肺炎,0.48,症状
根据一名23岁女性患者的症状表现，如发热、腹泻便秘交替和右下腹部轻度压痛等，为了明确诊断，应该进行哪项检查最为重要？,肠道疾病->治疗方法->抗生素治疗,0.42,治疗方法
针对一位38岁的女性患者，在假体隆乳术后出现右乳房疼痛、变硬，并伴有轻微触痛的情况下，结合其乳房外观不规则和质地变硬的体征，最可能的诊断是什么？,乳房肿块->并发症->乳腺囊肿,0.47,并发症
一名40岁的男性患者，间断上腹痛3年，多饥饿痛和夜间痛，进食后减轻。为了明确诊断，急诊应该进行什么检查？,消化性溃疡->症状->上腹痛,0.42,症状
对于一名41岁女性，身高164cm、体重65kg，在近半年表现出多饮、多尿及乏力症状，血压为20／13.3kPa，空腹血糖为6.9mmol/L。在该情况下，哪项检查可以明确诊断为糖尿病？,糖尿病->检查方法->尿糖检查,0.45,诊断检查
一名40岁的女性患者，右桡骨远端疼痛已持续5个多月，并且局部有压痛。请结合其右腕关节的正侧位X光片，诊断出最可能的疾病是什么？,骨巨细胞瘤->并发症->骨折,0.48,并发症
一名55岁男性患者，出现右上腹痛2个月，伴有皮肤和巩膜黄染15天，并进行性加重，查体显示胆囊肿大，超声提示肝内胆管扩张且胆囊肿大，在胰腺平面以上肝外胆管扩张但胰头及胰管无明显异常的情况下，最可能观察到的影像学征象是什么？,胆囊肿大->症状->右上腹痛,0.46,症状
一个62岁的男性患者，出现腹胀、右下腹部阵发性隐痛6个月，同时伴有乏力、消瘦、近3个月来贫血的症状。根据这些症状，首先应考虑的诊断是什么？,胃癌->症状->腹痛,0.42,症状
一名55岁男性患者，出现右上腹痛2个月，伴有皮肤和巩膜黄染15天，并进行性加重，查体显示胆囊肿大，超声提示肝内胆管扩张且胆囊肿大，在胰腺平面以上肝外胆管扩张但胰头及胰管无明显异常的情况下，最可能观察到的影像学征象是什么？,胆囊肿大->症状->右上腹痛,0.44,症状
患者在牙齿拔除后进行烤瓷修复，戴修复体1个月后出现食物嵌塞且牙龈易出血。经过检查，修复体无松动且边缘密合。导致此问题的最可能原因是什么？,修复体设计问题 -> 常用药品 -> 抗生素,0.41,常用药品
对于一位30岁，体壮，经常便秘，每隔几天须服用泻药才能排便，大便干结，腹部胀满，并且出现烦热、口渴、口臭、舌红、舌苔黄厚，脉滑数的女性，应选择哪种方剂进行治疗？,阳明腑实->并发症->口臭,0.45,并发症
根据女性患者28岁，经来先期，量少或多，色红质稠，手足心热，舌红少苔，脉细数等症状，应首选哪种方剂进行治疗？,阴虚血热->常用药品->两地汤,0.43,常用药品
描述一名老年男性在车祸导致右股骨开放性骨折并在内固定术后出现切口少量脓性渗出和创口肉芽组织突起的情况，结合X线片显示骨折断端有层状致密新骨形成且骨折片边界清楚的影像学特征，你认为最可能的诊断是什么？,慢性骨髓炎->诊断检查->X线片,0.44,诊断检查
对于一名56岁男性，症状包括大便次数增多、低热、厌食、消瘦，无抗生素疗效，甲状腺结节性肿大，心率加快和血压升高，以及甲状腺摄131I率3小时35%、24小时52%的情况下，若对抗甲状腺药物治疗无效，应该选择什么治疗方案？,甲亢->治疗方法->免疫抑制剂,0.49,治疗方法
一名50岁的男性患者在饱食后出现上腹持续性胀痛，伴有全腹压痛和反跳痛，肌紧张及肠鸣音消失等症状，经过体格检查和实验室检查后，为确定最佳的治疗方案，哪种影像学检查最有价值？,急性胰腺炎->常用药品->泮托拉唑,0.47,常用药品
患者为38岁女性，双额黏膜存在白色病变1年，活检标本显示上皮萎缩、表面不全角化、上皮钉突不规则延长，基底细胞层液化变性以及固有层内近上皮区淋巴细胞浸润。根据这些病理特征，诊断应为哪种疾病？,系统性红斑狼疮->可能患有疾病->口腔病变,0.45,可能患有疾病
一名28岁的女性患者被诊断为甲亢，并服用丙硫氧嘧啶半年，目前症状消失且T3、T4值正常。最近1周患者感到乏力，近3天出现发热、体温39℃、咽痛、皮疹和关节酸痛。针对患者的情况，最重要的化验是什么？,丙硫氧嘧啶副作用->症状->发热、皮疹,0.48,症状
根据一位55岁女性患者的症状表现为腹痛、大便秘结和腹泻交替，并在直肠指检阴性情况下，如果确诊为早期大肠癌，最优先选择哪种治疗方法？,早期大肠癌->治疗方法->内镜治疗,0.49,治疗方法
27岁女性哮喘患者，对阿司匹林敏感，最适合的药物是哪种？,哮喘->常用药品->糖皮质激素,0.45,常用药品
一位38岁的男性患者，居住在沿海地区，腰背部疼痛已超过半年。根据提供的影像资料，他最可能被诊断为什么疾病？,腰背部疼痛->可能患有疾病->脊柱结核,0.48,可能患有疾病
4岁7个月男孩，右上后牙疼痛1天，体检发现远中邻面龋，叩诊反应微弱，X线显示深龋近髓，最可能的诊断是什么？,龋齿->诊断检查->体格检查,0.47,诊断检查
一名女性患者，28岁，症状包括腰痛脚弱，下半身冷感，少腹拘急，小便不利，舌质淡胖，脉沉迟而弱，请问应选用哪种中药方剂进行治疗？,肾阳虚->症状->腰痛,0.43,症状
某患者15岁，左颈部有3个中等硬度的肿大淋巴结，其中1个坏死且破溃形成瘘管，该病例可能是患了哪种疾病？,结核性淋巴结炎->诊断检查->病理活检,0.45,诊断检查
对于某位70岁老年人中风后久卧在床的情况，如何正确处理已经形成的大水泡以防止感染？,老年护理->并发症->水泡处理,0.48,并发症
患者有10年糖尿病史，现出现眼睑及下肢浮肿、乏力、尿蛋白(++)及尿糖(+++)的症状，这种情况下该患者的糖尿病类型通常是什么类型？,糖尿病->症状->眼睑浮肿,0.42,症状
对于一名32岁的女性，产后5个月完全哺乳，无月经，且以往月经规律，要求放置宫内节育器，在避孕咨询中不需要进行哪项检查？,内分泌功能检查->症状->哺乳期,0.43,症状
一名30岁的男性患者因车祸导致左肋部受伤并脾破裂入院，入院时血压为75/55mmHg，脉率为120次/分，意识清楚，但表情淡漠，口渴，面色苍白。请根据这些症状和体征估计他的出血量是多少毫升？,创伤性脾破裂->治疗方法->手术切除,0.45,治疗方法
一位57岁男性，患有慢性阻塞性肺疾病12年，最近一周咳嗽气喘加重，出现明显发绀和烦躁，血气分析结果为pH7.39，PaO2 40mmHg，PaCO2 70mmHg。经过积极治疗效果不佳，可能发生哪些严重并发症？哪一种并发症是不会发生的？,慢性阻塞性肺疾病->可能患有疾病->脑水肿,0.46,可能患有疾病
对于住院第2天检查时，患者的瘫痪肢体只能在水平面上移动而不能上抬，这表明其右下肢的肌力处于哪个级别？,肌力评估->症状->肌肉无力,0.48,症状
"男性, 42岁, 有5年肝硬化病史, 在3天前经历了500ml的呕血情况, 今天出现淡漠少言, 脑电图结果正常。根据这些临床表现, 他的最可能诊断是什么？",消化道出血->症状->呕血,0.48,症状
对于一位44岁的男性肝硬化患者，出现畏寒发热、全腹痛和尿量减少等症状，为了进一步治疗，应该采用哪种措施？,肝硬化->症状->腹痛,0.45,症状
一位43岁已婚女性，月经过多持续3年，本次月经持续超10天，经肌注丙酸睾丸酮后见好转。妇科检查显示宫颈糜烂Ⅰ°，子宫大小如鹅卵，质软，活动性良好，无附件异常，宫颈刮片未见癌细胞，血红蛋白60g/L。根据这些情况，最恰当的处理措施是什么？,贫血->症状->乏力,0.42,症状
26岁初产妇在妊娠39周时顺利经阴道分娩后，立即出现多量鲜红色阴道流血，持续不断。在这种情况下，最可能的病因是什么？,软产道裂伤 -> 并发症 -> 感染,0.45,并发症
针对一位35岁妇女，近数月来甲状腺肿大，有时心悸，稍觉多汗，食量无明显增多，无便频，消瘦不明显无眼征等症状，甲状腺Ⅱ度大，质地变硬不光滑，未闻及血管杂音，心率90次/分，血压偏高，在哪种处理方式下最不适宜针对她的这种病情？,甲状腺问题->治疗方法->综合治疗,0.47,治疗方法
一个5岁的男孩因2天无痛性暗红色血便入院，并有类似病史。在体检后为明确诊断，应该首选哪种检查方法？,血便->推荐食谱->清淡饮食,0.42,推荐食谱
孕34周女性血压150/90mmHg，尿蛋白0.4g，诊断妊娠相关病症？,妊娠相关疾病->诊断检查->血清尿素氮检测,0.42,诊断检查
一名17岁的女性患者长期持续性出现阴道漏尿，并且可以间隔性正常排尿，B超示右肾重度积水且肾图提示右肾无功能。在这种情况下，首先应进行哪项检查以明确诊断？,逆行肾盂造影->症状->阴道漏尿,0.49,症状
31岁男性患者突发胸壁和背部疼痛，并伴随下肢无力、麻木、排尿困难、视物成双、饮水呛咳和吞咽困难，这些症状表明患者可能患上了什么病？,吞咽困难->治疗科室->耳鼻喉科,0.47,治疗科室
一位65岁女性患者，诊断为慢支炎急性发作，目前感染已控制，但双下肢仍水肿，仍有气促，心率大于120次/分，呼吸频率大于24次/分，双肺底可闻及湿性啰音，使用利尿剂无效。根据这位患者的病情，应选择什么治疗方案？,心功能不全->症状->气促,0.26,症状
一名52岁的男性患者，近2个月来出现排便次数增多、肛门坠胀感、排便不尽感、粪便变细，并常有粘液血便，体重下降。直肠指诊发现肿块，病理检查证实为直肠腺癌，肿瘤下缘距肛门约10厘米，肿块直径约4厘米。针对这种情况，最佳的手术方式是什么？,直肠腺癌->诊断检查->CT扫描,0.25,诊断检查
一名19岁的男性患者，因不明原因贫血，试服铁剂治疗5天后复查血象，发现网织红细胞上升达到5%，但血红蛋白未见增加，显微镜检查发现红细胞大小不等，中心淡染区扩大。结合这些临床表现，这种贫血最有可能是什么类型的贫血？,再生障碍性贫血->症状->贫血,0.22,症状
一名24岁的男性在进食海产品4小时后出现发热、剧烈腹痛、腹泻、呕吐等症状，大便十余次呈血水样，偶有黏液血便。体检发现轻度脱水，血压为12/8 kPa，腹部柔软但有压痛。实验室检查显示每高倍镜视野白细胞5到8个，红细胞10到25个。根据这些症状和检查结果，最可能的诊断是什么？,副溶血性弧菌感染->治疗科室->感染性疾病科,0.23,治疗科室
一位30岁的男性患者，素有嗜食肥甘和饮酒史，出现午后和夜晚加重的发热症状，并伴有身重肢倦、头重痛、口不渴、面色淡黄、胸脘痞满，舌苔白厚腻，脉象濡缓等症状。在中医理论中，适合的治疗方法是什么？,寒湿困脾->易患人群->饮酒者,0.22,易患人群
一个患者月经停闭7个月，面色萎黄，带下量少，头晕目眩，毛发脱落，手足心热，舌红，苔少，脉细数无力，针对这些症状应该选择哪种中药配方进行治疗？,肝肾阴虚->症状->面色萎黄,0.25,症状
一名30岁的男性患者因左上后牙3天的肿痛就诊，检查发现26牙齿咬合面深龋及髓，无探痛，Ⅲ度松动，叩痛（+++），牙龈轻微红肿，有按压疼痛感，但无波动感。基于这些症状，应该做出什么诊断？,牙周炎->症状->牙龈肿痛,0.28,症状
一位27岁经产妇在妊娠38周时阴道流血2日无痛，量如月经。产后检查发现胎膜破口距胎盘边缘4厘米，胎盘边缘有黑紫色陈旧血块附着。请问本例患者的最终诊断是什么？,前置胎盘->并发症->宫缩乏力,0.25,并发症
一个38岁的男性在4小时前从6米高处跌落，左腰部撞击石块，出现左腰部疼痛和轻微压痛，并且尿常规检查显示红细胞阳性。血压正常。根据这些症状和检查结果，最可能的诊断是什么？,肾脏损伤->并发症->肾衰竭,0.29,并发症
根据患者的症状，如发热、关节痛、乏力、恶心，以及实验室检查结果显示尿蛋白增加、红细胞及白细胞升高、血肌酐升高、P-ANCA阳性、胸片显示双下肺纹理增多，结合上述临床表现和实验室结果，患者最可能的诊断是什么？,慢性支气管炎->忌吃->辛辣食物,0.21,忌吃
一名58岁的男性患者有胃病史，最近因饮食不当而复发，症状包括恶心呕吐，伴有胃脘痞闷，纳呆神疲，大便微溏，口淡不渴，舌淡苔薄白，脉虚无力。在这种情况下，哪个中药方剂最适合用于治疗？,香砂六君子汤->治疗方法->清热解毒,0.22,治疗方法
根据患者的症状表现，如外感咳嗽、气喘、习惯性便秘、舌质淡红、苔薄黄和脉滑略数，你认为治疗中应选择哪种药物进行干预？,气喘->症状->咳痰,0.25,症状
"一名50岁的女性干部，间歇性腹泻半年，3天前又发作，出现黄色稀便，带脓血，每天6至8次，同时伴有左下腹隐痛。便常规检查显示：RBC（+）/HP, PC（+）/HP, WBC（+++）/HP。基于这些症状和检验结果，该患者最可能的诊断是什么？",溃疡性结肠炎->症状->右下腹隐痛,0.22,症状
一名72岁男性因皮肤、巩膜黄染进行性加重伴消瘦、乏力2个月入院，入院后病人时有寒战及发热现象。在诊疗计划中，哪项检查对于明确病因最不重要？请解释理由。,黄疸->症状->乏力,0.21,症状
一名8岁的患者皮肤出现瘀斑瘀点2周，双下肢对称分布，斑色淡红，压之不退色，伴有神疲乏力、气短懒言、大便稀溏，舌淡苔薄白，脉细弱。根据这些症状，应该采用什么治疗方法？,脾虚->治疗方法->驱寒祛湿,0.29,治疗方法
在体检中，患者发现右眼球外展位、不能内收并上下视困难，左侧肢体肌力减弱和出现左倾Babinski征阳性，这些症状指向哪种综合征的诊断？,眼球外展->推荐食谱->枸杞猪肝汤,0.22,推荐食谱
一名20岁的女性患者跌倒时右上唇的疖肿受到碰击，2小时后突然出现寒战﹑高热，面部高度肿胀，尤其是两眼附近的软组织肿胀最为明显。这种症状表现应该考虑是哪种疾病？,荨麻疹->症状->眼睑水肿,0.22,症状
一名70岁男性，高热、咳嗽、咳脓血痰1周，伴有糖尿病病史10年。查体显示体温39.5℃，精神差，双肺底可闻及湿性啰音，胸部X线片显示双下肺斑片状影，多发小气囊腔，血液检查显示白细胞计数18.2×10^9/L，中性粒细胞占92%。根据这些临床表现和检查结果，该患者最可能感染的病原体是什么？,脑出血->症状->四肢麻木,0.25,症状
42岁男性，乏力低热3个月，青霉素环丙沙星治疗无效，有静脉吸毒史，最可能感染病原体是什么？,感染症状->症状->乏力低热,0.27,症状
根据8岁患儿在春节期间因上感，注射青霉素40万单位后5小时出现高热、头痛、前胸出血点、低血压的情况，诊断最可能是什么？,青霉素过敏反应->检查疾病->CT扫描,0.21,诊断检查
在一名患者接受牙周治疗1周后，右下磨牙颊侧牙龈突然肿起，并被诊断为急性牙周脓肿。请分析此患者脓肿形成的原因，哪个因素不可能导致这种情况？,急性牙周脓肿->治疗方法->牙周治疗,0.27,治疗方法
根据患者的症状和化验结果，该患者出现咽痛、鼻塞、低热、下颌淋巴结肿大，血白细胞计数偏低，请描述可能出现的与此病情相关的并发症。,病毒性心肌炎->并发症->呼吸困难,0.22,并发症
一名38岁女性患者，症状包括反复尿频、尿急、尿痛半年，尿液检查显示pH6.5，SG1.010，Pro0g/L，WBC2/μl，RBC12/μl；血液检查显示CRE84μmol/l，BUN5.9mmol/L，K+3.1mmol/L，Na+136mmol/L，Cl-110mmol/L，Ca2+1.9mmol/L，B超检查提示双肾小结石或钙化。为进一步明确诊断，首选进行的尿液检查是什么？,尿液检查->症状->尿液沉渣检查,0.22,症状
对于一位26岁足月产妇，临产18小时宫颈扩张2厘米，子宫收缩乏力，并感到母子生命受到威胁的情况下，她最有可能的护理诊断是什么？,产程延长->并发症->宫内感染,0.21,并发症
"男性25岁,鼻部疖肿一周前出现,3日前受挤压后症状加重,出现发烧、脉率增快、两眼周围红肿,局部压痛,血白细胞计数升高。这种情况最可能并发了什么病症?",疖肿->治疗方法->局部冷敷,0.21,治疗方法
一位38岁男性患者，10天前患感冒，随后出现双下肢无力、尿潴留、双上肢无力以及吞咽困难、呼吸困难、构音不清等症状。体检显示肌力减弱、肌张力低、腱反射消失、病理征阴性以及颈平面以下痛觉减退。根据这些临床表现和查体结果，你认为应该考虑什么诊断？,急性横贯性脊髓炎->并发症->尿潴留,0.27,并发症
根据一名23岁女性患者的症状表现，如发热、腹泻便秘交替和右下腹部轻度压痛等，为了明确诊断，应该进行哪项检查最为重要？,炎症性肠病->症状->腹泻,0.25,症状
男，50岁，因肝硬化食管静脉曲张、腹水入院，放腹水后出现精神错乱、幻觉、扑击样震颤、脑电图异常等肝昏迷表现。针对该患者的情况，安排何种饮食最为合适？,腹水->治疗方法->利尿剂,0.25,治疗方法
一名33岁的初孕妇，孕8周，出现心悸、夜间胸闷、心率120次/分、呼吸22次/分、心界向左扩大、心尖部舒张期杂音、肺底部湿啰音和双下肢浮肿的症状，什么是恰当的处理方案？,妊娠合并心脏病->患病概率->高风险妊娠,0.23,患病概率
一位71岁男性，出现右侧肢体无力逐渐加重，查体显示右侧Babinski征阳性和右偏身痛觉减退，头颅CT未见异常，请问对该患者最适宜的治疗措施是什么？,脑卒中->治疗方法->抗抑郁药,0.21,治疗方法
在牙周基础治疗完成2个月后，假如患者磨牙区袋深仍约为5mm，且附着龈较宽，牙槽骨出现水平吸收但无异常骨形态，针对这种情况，哪种牙周手术治疗方案最好？,牙周疾病->诊断检查->牙齿X光检查,0.22,诊断检查
患者盛氏表现出全身浮肿，尤以身体下半身为重，伴有腹胀、喘满、二便不利，脉象为沉实有力。请问应选用哪种中药方剂进行治疗？,水肿->治疗方法->滋阴降火,0.25,治疗方法
在患者伴有尿道口红肿、尿急、尿频、尿痛、淋沥不止等症状，且舌红苔黄腻、脉滑数的情况下，结合西医诊断为急性淋病，中医治疗应首选哪个方剂？,急性淋病->治疗方法->清营汤,0.22,治疗方法
25岁女性，停经2个月，尿妊娠试验阳性，近1周阴道少量出血，妇科检查显示子宫增大如7周妊娠大小，未见异常组织物排出且无压痛。根据这些症状，最可能的诊断是什么？,先兆流产->并发症->宫外孕,0.25,并发症
对于患有慢性肺心病的65岁男性患者石某，他因感冒出现气急、咳嗽、痰不易咳出等症状，同时伴有口唇发绀及下肢水肿，体温38.9℃，脉搏110次/min，呼吸24次/min，情绪不稳，对疾病缺乏正确认识。在这种情况下，建议对患者采取何种吸氧方案？,慢性肺心病急性加重->并发症->肺水肿,0.22,并发症
一名50岁男性，10天前开始发冷、发热，体温39.5℃，伴有右侧胸痛、咳嗽、咳脓性臭痰，并有结核病密切接触史。为了进一步明确他的诊断，应该首先进行什么检查？,肺脓肿->传染性->细菌感染,0.28,传染性
对于一名67岁有长期吸烟史并患有慢性阻塞性肺疾病（COPD）的男性患者，在经历浅昏迷和下肢水肿的情况下，若要明确诊断，首先应进行什么检查？,COPD->治疗方法->气道扩张剂,0.21,治疗方法
哪种药物属于高效利尿剂且耳毒性低，适用于有听力缺陷及急性肾衰竭患者？,利尿剂->治疗科室->肾内科,0.28,治疗科室
对于一名3岁的室间隔缺损患儿，如果患者出现反复发热、咳嗽10余天，且胸片显示肺纹理增多及小片状阴影，基于这些症状和影像学表现，应该首先考虑诊断为哪种疾病？,感染性心内膜炎->并发症->瓣膜损伤,0.21,并发症
一名53岁的女性患者上腹部疼痛不适半年以上，出现进行性皮肤及巩膜黄染。超声检查显示的声像图特点是什么，可以确诊为胆总管下段癌？,胆总管下段癌->诊断检查->超声检查,0.22,诊断检查
"对于28岁的女性患者, G1P0，患有原发痛经，子宫如孕6周大小，左卵巢有6cm大小的子宫内膜异位囊肿并伴有粘连，最佳的治疗方案是什么？",腹腔镜手术->治疗方法->病理检查,0.23,治疗方法
根据以下患者病情描述，请指出应用什么中药方剂加减治疗：女性患者，45岁，出现全身水肿，皮肤紧绷光亮，伴有胸脘痞闷、烦热口渴、小便短赤、大便不爽，舌红苔黄腻，脉濡数。,湿热内蕴->治疗方法->黄芩车前子,0.29,治疗方法
一位48岁男性患者，具有15年高血压病史，现在突然出现剧烈的胸背部疼痛，伴有面色苍白。体检发现其脉搏为88次/分，血压为170/120mmHg，心电图正常。请问该患者最有可能被诊断为何种疾病？,主动脉夹层->并发症->心脏骤停,0.27,并发症
22岁女性感冒发热后心悸、胸闷、呼吸困难和水肿，心律不齐，心电图显示频发室性期前收缩。应进行何种检查明确诊断？,心律失常->诊断检查->心电图监测,0.29,诊断检查
8岁男孩4周前患有脓疱疮，最近3天出现眼睑水肿、尿少和肉眼血尿症状。检查发现蛋白尿、红细胞尿、抗O滴度升高、C3下降和NPN升高，该患者最可能的病情诊断是什么？,急性肾炎->症状->水肿,0.21,症状
一位17岁女性患者有腹泻、发热4天，并伴有全身皮疹出现和瘙痒2天的病史。她的病状包括黄色稀水样便、反复高热并在接受抗感染和补液治疗后病情无明显改善。目前皮疹表现为多部位大片状鲜红色隆起性红斑，伴有水肿且形状不规则。实验室检查显示白细胞增高和大便白细胞阳性。在这种情况下，指导患者治疗的主要原则是什么？,发热 -> 常用药品 -> 对乙酰氨基酚,0.25,常用药品
一位25岁的女性患者甲状腺肿大，边缘不清，质软无痛，肿块随吞咽上下移动，情绪波动亦影响其大小，治疗时首选哪个方剂？,忌吃->食物有害于疾病->甲状腺肿大,0.22,食物有害于疾病
根据患者的超声综合描述，腹主动脉下腔静脉前方可见10．1cm×9．3cm形态不规则低回声，边界清晰，内回声不均匀，且肝左叶受其推挤形态失常，请问该症状最可能诊断为何种肿瘤？,肿瘤->诊断检查->超声检查,0.21,诊断检查
一名78岁男性患者出现进行性吞咽困难5个月，完全不能进食3周。钡剂造影显示食管中段有阻塞，不能通过钡剂。针对这种情况，应该采用哪种治疗方案？,食管癌->推荐食谱->高蛋白饮食,0.29,推荐食谱
某患者术后第三天出现体温升高到39℃，伴有大便次数增多、里急后重和黏液便，但伤口不痛且无咳嗽。结合症状，最可能的诊断是什么？,术后感染->疾病描述->腹腔感染,0.23,疾病描述
13岁女生刷牙时牙龈出血，牙龈充血水肿，X线无牙槽骨吸收。最可能的诊断是什么？,牙龈出血->常用药品->止血敏,0.21,常用药品
21岁女性患者，2年的关节痛病史，突发头晕、头痛，左上肢血压160/110mmHg，右上肢血压180/116mmHg，尿常规显示蛋白（+），血清肌酐为176μmol/L。为进一步确诊，应该进行哪项检查？,高安动脉炎->症状->蛋白尿,0.27,症状
27岁男性患者外感咳嗽，经解表宣肺治疗后仍咳嗽、咽痒，应选何方剂？,风热感冒->治疗方法->银翘散,0.27,治疗方法
在一名患者接受牙周治疗1周后，右下磨牙颊侧牙龈突然肿起，并被诊断为急性牙周脓肿。请分析此患者脓肿形成的原因，哪个因素不可能导致这种情况？,急性牙周脓肿->常用药品->抗生素治疗,0.22,常用药品
3岁男孩，症状包括咳嗽重浊、痰多色白清稀、喉间痰声辘辘、纳呆，舌质淡红、苔白腻、脉滑，应该选用什么方剂进行治疗？,痰湿困肺->并发症->肺气肿,0.22,并发症
一名30岁的男性患者表现出大热烦躁、错语不眠、口燥咽干、小便黄赤、舌红苔黄和脉数有力的症状，请问针对这些症状适合选择哪种治疗方剂？,黄连解毒汤->并发症->呼吸急促,0.22,并发症
50岁女性患者被诊断为卵巢癌，手术中发现双侧卵巢受累，包膜破裂，盆腔内有转移灶，并在腹腔冲洗液中检测到肿瘤细胞。根据这些临床特征，请问该患者的卵巢癌分期是什么？,卵巢癌->症状->腹腔转移,0.26,症状
一名54岁男性患者在生产有机磷农药的工作中出现中毒症状，经过阿托品静脉给药达到阿托品化状态，但仍出现面部、四肢抽搐。此时应进行怎样的进一步治疗？,有机磷中毒->治疗方法->静脉营养,0.21,治疗方法
根据一名27岁女性患者的症状，包括跳舞后突发右下腹剧烈疼痛、伴恶心和畏冷，查体发现右附件区有一个5*6*4cm大小的囊性肿物，并且触痛明显，最可能的诊断是什么？,卵巢囊肿蒂扭转->治疗方法->抗生素治疗,0.22,治疗方法
一个6岁的孩子，经常盗汗，偶尔自汗，身体消瘦，精神不振，心烦少寐，有时会有低热，口干，手足心热，舌质淡且苔少，脉象细弱。针对这些症状，治疗首选的方剂是什么？,生脉散->并发症->精神不振,0.29,并发症
一位25岁的女性患者近一周出现双侧枕部中度钝痛，站立行走时头痛加重，卧床休息时头痛减轻或消失。这种头痛最可能的原因是什么？,自发性颅内低压->治疗方法->止痛药,0.28,治疗方法
根据一位46岁女性患者的症状：心悸、喘息不能平卧、颜面四肢水肿、腹胀、大便溏泻、小便短少，以及其舌象和脉象特征，结合诊断为“风心病，二窄并二漏”，在已知使用氧气和西药治疗的基础上，中医治疗应首选哪个方剂？,高血压 -> 并发症 -> 心力衰竭,0.23,并发症
如果患者在过去一个月内频繁出现头痛，每周发作3至4次，并且口服奈普生无法很好地缓解疼痛，为了终止头痛的急性发作，应选用哪种药物？,头痛->可能患有疾病->紧张型头痛,0.27,可能患有疾病
"28岁女性患者反复水肿4年，并伴有近日厌食、恶心、齿龈出血、排柏油样便及逐渐昏迷症状，血压为170／100 mmHg，双下肢散在出血点，呼吸深大，Hb为70g／L, 血小板为70×10⁹/L，且1年前曾患肝炎。为了尽快明确诊断，哪项血液检查最有意义？",尿素氮+肌酐->检查方法->凝血功能,0.22,诊断检查
某男患者24岁，发热五至六日后热略减退，随后出现一系列症状，包括肢体无力、心烦口渴、咽喉干燥等。如果患者身热全退且食欲减退，口燥咽干较甚，应该选用哪一种中药方剂进行治疗？,气虚->治疗方法->四君子汤,0.25,治疗方法
一位65岁女性患者，诊断为慢支炎急性发作，目前感染已控制，但双下肢仍水肿，仍有气促，心率大于120次/分，呼吸频率大于24次/分，双肺底可闻及湿性啰音，使用利尿剂无效。根据这位患者的病情，应选择什么治疗方案？,心功能不全->症状->气促,0.26,症状
一名52岁的男性患者，近2个月来出现排便次数增多、肛门坠胀感、排便不尽感、粪便变细，并常有粘液血便，体重下降。直肠指诊发现肿块，病理检查证实为直肠腺癌，肿瘤下缘距肛门约10厘米，肿块直径约4厘米。针对这种情况，最佳的手术方式是什么？,直肠腺癌->诊断检查->CT扫描,0.25,诊断检查
一名19岁的男性患者，因不明原因贫血，试服铁剂治疗5天后复查血象，发现网织红细胞上升达到5%，但血红蛋白未见增加，显微镜检查发现红细胞大小不等，中心淡染区扩大。结合这些临床表现，这种贫血最有可能是什么类型的贫血？,再生障碍性贫血->症状->贫血,0.22,症状
一名24岁的男性在进食海产品4小时后出现发热、剧烈腹痛、腹泻、呕吐等症状，大便十余次呈血水样，偶有黏液血便。体检发现轻度脱水，血压为12/8 kPa，腹部柔软但有压痛。实验室检查显示每高倍镜视野白细胞5到8个，红细胞10到25个。根据这些症状和检查结果，最可能的诊断是什么？,副溶血性弧菌感染->治疗科室->感染性疾病科,0.23,治疗科室
一名31岁的男性因失眠长期服用某种药物治疗。在突然停药12小时后，他出现头痛、虚弱无力和肢体颤抖的症状，请问他最可能服用的是哪类药物？,药物戒断->症状->虚弱无力,0.21,症状
在上消化道造影检查中，一名男性患者表现出夜间腹痛、恶心、呕吐以及剑突下压痛。这种症状最可能与哪种消化系统疾病有关？,胆囊炎->症状->右上腹痛,0.22,症状
一位30岁的男性患者，素有嗜食肥甘和饮酒史，出现午后和夜晚加重的发热症状，并伴有身重肢倦、头重痛、口不渴、面色淡黄、胸脘痞满，舌苔白厚腻，脉象濡缓等症状。在中医理论中，适合的治疗方法是什么？,寒湿困脾->易患人群->饮酒者,0.22,易患人群
一个患者月经停闭7个月，面色萎黄，带下量少，头晕目眩，毛发脱落，手足心热，舌红，苔少，脉细数无力，针对这些症状应该选择哪种中药配方进行治疗？,肝肾阴虚->症状->面色萎黄,0.25,症状
一名30岁的男性患者因左上后牙3天的肿痛就诊，检查发现26牙齿咬合面深龋及髓，无探痛，Ⅲ度松动，叩痛（+++），牙龈轻微红肿，有按压疼痛感，但无波动感。基于这些症状，应该做出什么诊断？,牙周炎->症状->牙龈肿痛,0.28,症状
在牙周基础治疗完成2个月后，假如患者磨牙区袋深仍约为5mm，且附着龈较宽，牙槽骨出现水平吸收但无异常骨形态，针对这种情况，哪种牙周手术治疗方案最好？,牙周手术->并发症->牙槽骨缺损,0.27,并发症
一位27岁经产妇在妊娠38周时阴道流血2日无痛，量如月经。产后检查发现胎膜破口距胎盘边缘4厘米，胎盘边缘有黑紫色陈旧血块附着。请问本例患者的最终诊断是什么？,前置胎盘->并发症->宫缩乏力,0.25,并发症
一个38岁的男性在4小时前从6米高处跌落，左腰部撞击石块，出现左腰部疼痛和轻微压痛，并且尿常规检查显示红细胞阳性。血压正常。根据这些症状和检查结果，最可能的诊断是什么？,肾脏损伤->并发症->肾衰竭,0.29,并发症
一名63岁的男性患者出现心胸疼痛和胸部闷窒，在含化复方丹参滴丸治疗无效后仍有这些症状，并伴有心悸、喘促、出汗、舌体胖大、舌质暗淡、苔白、脉细无力，应选择哪种方剂进行首选治疗？,舌质暗淡->推荐食谱->山药红枣粥,0.22,推荐食谱
根据患者的症状，如发热、关节痛、乏力、恶心，以及实验室检查结果显示尿蛋白增加、红细胞及白细胞升高、血肌酐升高、P-ANCA阳性、胸片显示双下肺纹理增多，结合上述临床表现和实验室结果，患者最可能的诊断是什么？,慢性支气管炎 -> 忌吃 -> 辛辣食物,0.21,忌吃
一名58岁的男性患者有胃病史，最近因饮食不当而复发，症状包括恶心呕吐，伴有胃脘痞闷，纳呆神疲，大便微溏，口淡不渴，舌淡苔薄白，脉虚无力。在这种情况下，哪个中药方剂最适合用于治疗？,香砂六君子汤->治疗方法->清热解毒,0.22,治疗方法
根据患者的症状表现，如外感咳嗽、气喘、习惯性便秘、舌质淡红、苔薄黄和脉滑略数，你认为治疗中应选择哪种药物进行干预？,气喘->症状->咳痰,0.25,症状
"一名50岁的女性干部，间歇性腹泻半年，3天前又发作，出现黄色稀便，带脓血，每天6至8次，同时伴有左下腹隐痛。便常规检查显示：RBC（+）/HP, PC（+）/HP, WBC（+++）/HP。基于这些症状和检验结果，该患者最可能的诊断是什么？",溃疡性结肠炎->症状->右下腹隐痛,0.22,症状
31岁男性患者突发胸壁和背部疼痛，并伴随下肢无力、麻木、排尿困难、视物成双、饮水呛咳和吞咽困难，这些症状表明患者可能患上了什么病？,胸壁疼痛->常用药品->布洛芬,0.21,常用药品
一名72岁男性因皮肤、巩膜黄染进行性加重伴消瘦、乏力2个月入院，入院后病人时有寒战及发热现象。在诊疗计划中，哪项检查对于明确病因最不重要？请解释理由。,黄疸->症状->乏力,0.21,症状
一名8岁的患者皮肤出现瘀斑瘀点2周，双下肢对称分布，斑色淡红，压之不退色，伴有神疲乏力、气短懒言、大便稀溏，舌淡苔薄白，脉细弱。根据这些症状，应该采用什么治疗方法？,脾虚->治疗方法->驱寒祛湿,0.29,治疗方法
在体检中，患者发现右眼球外展位、不能内收并上下视困难，左侧肢体肌力减弱和出现左倾Babinski征阳性，这些症状指向哪种综合征的诊断？,眼球外展->推荐食谱->枸杞猪肝汤,0.22,推荐食谱
一名20岁的女性患者跌倒时右上唇的疖肿受到碰击，2小时后突然出现寒战﹑高热，面部高度肿胀，尤其是两眼附近的软组织肿胀最为明显。这种症状表现应该考虑是哪种疾病？,荨麻疹->症状->眼睑水肿,0.22,症状
一名70岁男性，高热、咳嗽、咳脓血痰1周，伴有糖尿病病史10年。查体显示体温39.5℃，精神差，双肺底可闻及湿性啰音，胸部X线片显示双下肺斑片状影，多发小气囊腔，血液检查显示白细胞计数18.2×10^9/L，中性粒细胞占92%。根据这些临床表现和检查结果，该患者最可能感染的病原体是什么？,脑出血->症状->四肢麻木,0.25,症状
42岁男性，乏力低热3个月，青霉素环丙沙星治疗无效，有静脉吸毒史，最可能感染病原体是什么？,感染症状->症状->乏力低热,0.27,症状
根据8岁患儿在春节期间因上感，注射青霉素40万单位后5小时出现高热、头痛、前胸出血点、低血压的情况，诊断最可能是什么？,青霉素过敏反应->检查疾病->CT扫描,0.21,诊断检查
在一名患者接受牙周治疗1周后，右下磨牙颊侧牙龈突然肿起，并被诊断为急性牙周脓肿。请分析此患者脓肿形成的原因，哪个因素不可能导致这种情况？,急性牙周脓肿->治疗方法->牙周治疗,0.27,治疗方法
根据患者的症状和化验结果，该患者出现咽痛、鼻塞、低热、下颌淋巴结肿大，血白细胞计数偏低，请描述可能出现的与此病情相关的并发症。,病毒性心肌炎->并发症->呼吸困难,0.22,并发症
一名38岁女性患者，症状包括反复尿频、尿急、尿痛半年，尿液检查显示pH6.5，SG1.010，Pro0g/L，WBC2/μl，RBC12/μl；血液检查显示CRE84μmol/l，BUN5.9mmol/L，K+3.1mmol/L，Na+136mmol/L，Cl-110mmol/L，Ca2+1.9mmol/L，B超检查提示双肾小结石或钙化。为进一步明确诊断，首选进行的尿液检查是什么？,尿液检查->症状->尿液沉渣检查,0.22,症状
对于一位26岁足月产妇，临产18小时宫颈扩张2厘米，子宫收缩乏力，并感到母子生命受到威胁的情况下，她最有可能的护理诊断是什么？,产程延长->并发症->宫内感染,0.21,并发症
"男性25岁,鼻部疖肿一周前出现,3日前受挤压后症状加重,出现发烧、脉率增快、两眼周围红肿,局部压痛,血白细胞计数升高。这种情况最可能并发了什么病症?",疖肿->治疗方法->局部冷敷,0.21,治疗方法
一位38岁男性患者，10天前患感冒，随后出现双下肢无力、尿潴留、双上肢无力以及吞咽困难、呼吸困难、构音不清等症状。体检显示肌力减弱、肌张力低、腱反射消失、病理征阴性以及颈平面以下痛觉减退。根据这些临床表现和查体结果，你认为应该考虑什么诊断？,急性横贯性脊髓炎->并发症->尿潴留,0.27,并发症
根据一名23岁女性患者的症状表现，如发热、腹泻便秘交替和右下腹部轻度压痛等，为了明确诊断，应该进行哪项检查最为重要？,炎症性肠病->症状->腹泻,0.25,症状
男，50岁，因肝硬化食管静脉曲张、腹水入院，放腹水后出现精神错乱、幻觉、扑击样震颤、脑电图异常等肝昏迷表现。针对该患者的情况，安排何种饮食最为合适？,腹水->治疗方法->利尿剂,0.25,治疗方法
一名33岁的初孕妇，孕8周，出现心悸、夜间胸闷、心率120次/分、呼吸22次/分、心界向左扩大、心尖部舒张期杂音、肺底部湿啰音和双下肢浮肿的症状，什么是恰当的处理方案？,妊娠合并心脏病->患病概率->高风险妊娠,0.23,患病概率
一位71岁男性，出现右侧肢体无力逐渐加重，查体显示右侧Babinski征阳性和右偏身痛觉减退，头颅CT未见异常，请问对该患者最适宜的治疗措施是什么？,脑卒中->治疗方法->抗抑郁药,0.21,治疗方法
在牙周基础治疗完成2个月后，假如患者磨牙区袋深仍约为5mm，且附着龈较宽，牙槽骨出现水平吸收但无异常骨形态，针对这种情况，哪种牙周手术治疗方案最好？,牙周疾病->诊断检查->牙齿X光检查,0.22,诊断检查
患者盛氏表现出全身浮肿，尤以身体下半身为重，伴有腹胀、喘满、二便不利，脉象为沉实有力。请问应选用哪种中药方剂进行治疗？,水肿->治疗方法->滋阴降火,0.25,治疗方法
在患者伴有尿道口红肿、尿急、尿频、尿痛、淋沥不止等症状，且舌红苔黄腻、脉滑数的情况下，结合西医诊断为急性淋病，中医治疗应首选哪个方剂？,急性淋病->治疗方法->清营汤,0.22,治疗方法
25岁女性，停经2个月，尿妊娠试验阳性，近1周阴道少量出血，妇科检查显示子宫增大如7周妊娠大小，未见异常组织物排出且无压痛。根据这些症状，最可能的诊断是什么？,先兆流产->并发症->宫外孕,0.25,并发症
对于患有慢性肺心病的65岁男性患者石某，他因感冒出现气急、咳嗽、痰不易咳出等症状，同时伴有口唇发绀及下肢水肿，体温38.9℃，脉搏110次/min，呼吸24次/min，情绪不稳，对疾病缺乏正确认识。在这种情况下，建议对患者采取何种吸氧方案？,慢性肺心病急性加重->并发症->肺水肿,0.22,并发症
一名50岁男性，10天前开始发冷、发热，体温39.5℃，伴有右侧胸痛、咳嗽、咳脓性臭痰，并有结核病密切接触史。为了进一步明确他的诊断，应该首先进行什么检查？,肺脓肿->传染性->细菌感染,0.28,传染性
对于一名67岁有长期吸烟史并患有慢性阻塞性肺疾病（COPD）的男性患者，在经历浅昏迷和下肢水肿的情况下，若要明确诊断，首先应进行什么检查？,COPD->治疗方法->气道扩张剂,0.21,治疗方法
哪种药物属于高效利尿剂且耳毒性低，适用于有听力缺陷及急性肾衰竭患者？,利尿剂->治疗科室->肾内科,0.28,治疗科室
对于一名3岁的室间隔缺损患儿，如果患者出现反复发热、咳嗽10余天，且胸片显示肺纹理增多及小片状阴影，基于这些症状和影像学表现，应该首先考虑诊断为哪种疾病？,感染性心内膜炎->并发症->瓣膜损伤,0.21,并发症
一名53岁的女性患者上腹部疼痛不适半年以上，出现进行性皮肤及巩膜黄染。超声检查显示的声像图特点是什么，可以确诊为胆总管下段癌？,胆总管下段癌->诊断检查->超声检查,0.22,诊断检查
"对于28岁的女性患者, G1P0，患有原发痛经，子宫如孕6周大小，左卵巢有6cm大小的子宫内膜异位囊肿并伴有粘连，最佳的治疗方案是什么？",腹腔镜手术->治疗方法->病理检查,0.23,治疗方法
根据以下患者病情描述，请指出应用什么中药方剂加减治疗：女性患者，45岁，出现全身水肿，皮肤紧绷光亮，伴有胸脘痞闷、烦热口渴、小便短赤、大便不爽，舌红苔黄腻，脉濡数。,湿热内蕴->治疗方法->黄芩车前子,0.29,治疗方法
一位48岁男性患者，具有15年高血压病史，现在突然出现剧烈的胸背部疼痛，伴有面色苍白。体检发现其脉搏为88次/分，血压为170/120mmHg，心电图正常。请问该患者最有可能被诊断为何种疾病？,主动脉夹层->并发症->心脏骤停,0.27,并发症
22岁女性感冒发热后心悸、胸闷、呼吸困难和水肿，心律不齐，心电图显示频发室性期前收缩。应进行何种检查明确诊断？,心律失常->诊断检查->心电图监测,0.29,诊断检查
8岁男孩4周前患有脓疱疮，最近3天出现眼睑水肿、尿少和肉眼血尿症状。检查发现蛋白尿、红细胞尿、抗O滴度升高、C3下降和NPN升高，该患者最可能的病情诊断是什么？,急性肾炎->症状->水肿,0.21,症状
一位17岁女性患者有腹泻、发热4天，并伴有全身皮疹出现和瘙痒2天的病史。她的病状包括黄色稀水样便、反复高热并在接受抗感染和补液治疗后病情无明显改善。目前皮疹表现为多部位大片状鲜红色隆起性红斑，伴有水肿且形状不规则。实验室检查显示白细胞增高和大便白细胞阳性。在这种情况下，指导患者治疗的主要原则是什么？,发热 -> 常用药品 -> 对乙酰氨基酚,0.25,常用药品
一位25岁的女性患者甲状腺肿大，边缘不清，质软无痛，肿块随吞咽上下移动，情绪波动亦影响其大小，治疗时首选哪个方剂？,忌吃->食物有害于疾病->甲状腺肿大,0.22,食物有害于疾病
根据患者的超声综合描述，腹主动脉下腔静脉前方可见10．1cm×9．3cm形态不规则低回声，边界清晰，内回声不均匀，且肝左叶受其推挤形态失常，请问该症状最可能诊断为何种肿瘤？,肿瘤->诊断检查->超声检查,0.21,诊断检查
一名78岁男性患者出现进行性吞咽困难5个月，完全不能进食3周。钡剂造影显示食管中段有阻塞，不能通过钡剂。针对这种情况，应该采用哪种治疗方案？,食管癌->推荐食谱->高蛋白饮食,0.29,推荐食谱
某患者术后第三天出现体温升高到39℃，伴有大便次数增多、里急后重和黏液便，但伤口不痛且无咳嗽。结合症状，最可能的诊断是什么？,术后感染->疾病描述->腹腔感染,0.23,疾病描述
13岁女生刷牙时牙龈出血，牙龈充血水肿，X线无牙槽骨吸收。最可能的诊断是什么？,牙龈出血->常用药品->止血敏,0.21,常用药品
21岁女性患者，2年的关节痛病史，突发头晕、头痛，左上肢血压160/110mmHg，右上肢血压180/116mmHg，尿常规显示蛋白（+），血清肌酐为176μmol/L。为进一步确诊，应该进行哪项检查？,高安动脉炎->症状->蛋白尿,0.27,症状
27岁男性患者外感咳嗽，经解表宣肺治疗后仍咳嗽、咽痒，应选何方剂？,风热感冒->治疗方法->银翘散,0.27,治疗方法
在一名患者接受牙周治疗1周后，右下磨牙颊侧牙龈突然肿起，并被诊断为急性牙周脓肿。请分析此患者脓肿形成的原因，哪个因素不可能导致这种情况？,急性牙周脓肿->常用药品->抗生素治疗,0.22,常用药品
3岁男孩，症状包括咳嗽重浊、痰多色白清稀、喉间痰声辘辘、纳呆，舌质淡红、苔白腻、脉滑，应该选用什么方剂进行治疗？,痰湿困肺->并发症->肺气肿,0.22,并发症
一名30岁的男性患者表现出大热烦躁、错语不眠、口燥咽干、小便黄赤、舌红苔黄和脉数有力的症状，请问针对这些症状适合选择哪种治疗方剂？,黄连解毒汤->并发症->呼吸急促,0.22,并发症
50岁女性患者被诊断为卵巢癌，手术中发现双侧卵巢受累，包膜破裂，盆腔内有转移灶，并在腹腔冲洗液中检测到肿瘤细胞。根据这些临床特征，请问该患者的卵巢癌分期是什么？,卵巢癌->症状->腹腔转移,0.26,症状
一名54岁男性患者在生产有机磷农药的工作中出现中毒症状，经过阿托品静脉给药达到阿托品化状态，但仍出现面部、四肢抽搐。此时应进行怎样的进一步治疗？,有机磷中毒->治疗方法->静脉营养,0.21,治疗方法
根据一名27岁女性患者的症状，包括跳舞后突发右下腹剧烈疼痛、伴恶心和畏冷，查体发现右附件区有一个5*6*4cm大小的囊性肿物，并且触痛明显，最可能的诊断是什么？,卵巢囊肿蒂扭转->治疗方法->抗生素治疗,0.22,治疗方法
一个6岁的孩子，经常盗汗，偶尔自汗，身体消瘦，精神不振，心烦少寐，有时会有低热，口干，手足心热，舌质淡且苔少，脉象细弱。针对这些症状，治疗首选的方剂是什么？,生脉散->并发症->精神不振,0.29,并发症
一位25岁的女性患者近一周出现双侧枕部中度钝痛，站立行走时头痛加重，卧床休息时头痛减轻或消失。这种头痛最可能的原因是什么？,自发性颅内低压->治疗方法->止痛药,0.28,治疗方法
根据一位46岁女性患者的症状：心悸、喘息不能平卧、颜面四肢水肿、腹胀、大便溏泻、小便短少，以及其舌象和脉象特征，结合诊断为“风心病，二窄并二漏”，在已知使用氧气和西药治疗的基础上，中医治疗应首选哪个方剂？,高血压 -> 并发症 -> 心力衰竭,0.23,并发症
如果患者在过去一个月内频繁出现头痛，每周发作3至4次，并且口服奈普生无法很好地缓解疼痛，为了终止头痛的急性发作，应选用哪种药物？,头痛->可能患有疾病->紧张型头痛,0.27,可能患有疾病
"28岁女性患者反复水肿4年，并伴有近日厌食、恶心、齿龈出血、排柏油样便及逐渐昏迷症状，血压为170／100 mmHg，双下肢散在出血点，呼吸深大，Hb为70g／L, 血小板为70×10⁹/L，且1年前曾患肝炎。为了尽快明确诊断，哪项血液检查最有意义？",尿素氮+肌酐->检查方法->凝血功能,0.22,诊断检查
某男患者24岁，发热五至六日后热略减退，随后出现一系列症状，包括肢体无力、心烦口渴、咽喉干燥等。如果患者身热全退且食欲减退，口燥咽干较甚，应该选用哪一种中药方剂进行治疗？,气虚->治疗方法->四君子汤,0.25,治疗方法
一位65岁女性患者，诊断为慢支炎急性发作，目前感染已控制，但双下肢仍水肿，仍有气促，心率大于120次/分，呼吸频率大于24次/分，双肺底可闻及湿性啰音，使用利尿剂无效。根据这位患者的病情，应选择什么治疗方案？,心功能不全->症状->气促,0.26,症状
一名52岁的男性患者，近2个月来出现排便次数增多、肛门坠胀感、排便不尽感、粪便变细，并常有粘液血便，体重下降。直肠指诊发现肿块，病理检查证实为直肠腺癌，肿瘤下缘距肛门约10厘米，肿块直径约4厘米。针对这种情况，最佳的手术方式是什么？,直肠腺癌->诊断检查->CT扫描,0.25,诊断检查
一名19岁的男性患者，因不明原因贫血，试服铁剂治疗5天后复查血象，发现网织红细胞上升达到5%，但血红蛋白未见增加，显微镜检查发现红细胞大小不等，中心淡染区扩大。结合这些临床表现，这种贫血最有可能是什么类型的贫血？,再生障碍性贫血->症状->贫血,0.22,症状
一名24岁的男性在进食海产品4小时后出现发热、剧烈腹痛、腹泻、呕吐等症状，大便十余次呈血水样，偶有黏液血便。体检发现轻度脱水，血压为12/8 kPa，腹部柔软但有压痛。实验室检查显示每高倍镜视野白细胞5到8个，红细胞10到25个。根据这些症状和检查结果，最可能的诊断是什么？,副溶血性弧菌感染->治疗科室->感染性疾病科,0.23,治疗科室
一名31岁的男性因失眠长期服用某种药物治疗。在突然停药12小时后，他出现头痛、虚弱无力和肢体颤抖的症状，请问他最可能服用的是哪类药物？,药物戒断->症状->虚弱无力,0.21,症状
在上消化道造影检查中，一名男性患者表现出夜间腹痛、恶心、呕吐以及剑突下压痛。这种症状最可能与哪种消化系统疾病有关？,胆囊炎->症状->右上腹痛,0.22,症状
一位30岁的男性患者，素有嗜食肥甘和饮酒史，出现午后和夜晚加重的发热症状，并伴有身重肢倦、头重痛、口不渴、面色淡黄、胸脘痞满，舌苔白厚腻，脉象濡缓等症状。在中医理论中，适合的治疗方法是什么？,寒湿困脾->易患人群->饮酒者,0.22,易患人群
一个患者月经停闭7个月，面色萎黄，带下量少，头晕目眩，毛发脱落，手足心热，舌红，苔少，脉细数无力，针对这些症状应该选择哪种中药配方进行治疗？,肝肾阴虚->症状->面色萎黄,0.25,症状
一名30岁的男性患者因左上后牙3天的肿痛就诊，检查发现26牙齿咬合面深龋及髓，无探痛，Ⅲ度松动，叩痛（+++），牙龈轻微红肿，有按压疼痛感，但无波动感。基于这些症状，应该做出什么诊断？,牙周炎->症状->牙龈肿痛,0.28,症状
在牙周基础治疗完成2个月后，假如患者磨牙区袋深仍约为5mm，且附着龈较宽，牙槽骨出现水平吸收但无异常骨形态，针对这种情况，哪种牙周手术治疗方案最好？,牙周手术->并发症->牙槽骨缺损,0.27,并发症
一位27岁经产妇在妊娠38周时阴道流血2日无痛，量如月经。产后检查发现胎膜破口距胎盘边缘4厘米，胎盘边缘有黑紫色陈旧血块附着。请问本例患者的最终诊断是什么？,前置胎盘->并发症->宫缩乏力,0.25,并发症
一个38岁的男性在4小时前从6米高处跌落，左腰部撞击石块，出现左腰部疼痛和轻微压痛，并且尿常规检查显示红细胞阳性。血压正常。根据这些症状和检查结果，最可能的诊断是什么？,肾脏损伤->并发症->肾衰竭,0.29,并发症
一名63岁的男性患者出现心胸疼痛和胸部闷窒，在含化复方丹参滴丸治疗无效后仍有这些症状，并伴有心悸、喘促、出汗、舌体胖大、舌质暗淡、苔白、脉细无力，应选择哪种方剂进行首选治疗？,舌质暗淡->推荐食谱->山药红枣粥,0.22,推荐食谱
根据患者的症状，如发热、关节痛、乏力、恶心，以及实验室检查结果显示尿蛋白增加、红细胞及白细胞升高、血肌酐升高、P-ANCA阳性、胸片显示双下肺纹理增多，结合上述临床表现和实验室结果，患者最可能的诊断是什么？,慢性支气管炎 -> 忌吃 -> 辛辣食物,0.21,忌吃
一名58岁的男性患者有胃病史，最近因饮食不当而复发，症状包括恶心呕吐，伴有胃脘痞闷，纳呆神疲，大便微溏，口淡不渴，舌淡苔薄白，脉虚无力。在这种情况下，哪个中药方剂最适合用于治疗？,香砂六君子汤->治疗方法->清热解毒,0.22,治疗方法
根据患者的症状表现，如外感咳嗽、气喘、习惯性便秘、舌质淡红、苔薄黄和脉滑略数，你认为治疗中应选择哪种药物进行干预？,气喘->症状->咳痰,0.25,症状
"一名50岁的女性干部，间歇性腹泻半年，3天前又发作，出现黄色稀便，带脓血，每天6至8次，同时伴有左下腹隐痛。便常规检查显示：RBC（+）/HP, PC（+）/HP, WBC（+++）/HP。基于这些症状和检验结果，该患者最可能的诊断是什么？",溃疡性结肠炎->症状->右下腹隐痛,0.22,症状
31岁男性患者突发胸壁和背部疼痛，并伴随下肢无力、麻木、排尿困难、视物成双、饮水呛咳和吞咽困难，这些症状表明患者可能患上了什么病？,胸壁疼痛->常用药品->布洛芬,0.21,常用药品
一名72岁男性因皮肤、巩膜黄染进行性加重伴消瘦、乏力2个月入院，入院后病人时有寒战及发热现象。在诊疗计划中，哪项检查对于明确病因最不重要？请解释理由。,黄疸->症状->乏力,0.21,症状
一位38岁男性患者，10天前患感冒，随后出现双下肢无力、尿潴留、双上肢无力以及吞咽困难、呼吸困难、构音不清等症状。体检显示肌力减弱、肌张力低、腱反射消失、病理征阴性以及颈平面以下痛觉减退。根据这些临床表现和查体结果，你认为应该考虑什么诊断？,格林-巴利综合征->症状->对称性无力,0.58,症状
在55岁诊断为冠心病的男性患者，经过近2周治疗后出现心悸，脉律不齐，心电图示窦性心律，每分钟78次，频发房性早搏和短阵房速的情况下，哪一种药物不适用于治疗这种心律失常？,房性心律失常->并发症->短阵房速,0.53,并发症
一名50岁男性，大量饮酒后出现上腹部剧烈疼痛，伴呕吐。保守治疗3天后病情恶化，并出现休克。查体显示体温38.9℃，脐周及背部可见大片青紫瘀斑，上腹腹肌紧张，腹部压痛和反跳痛明显，肠鸣音减弱。根据这些症状和体征，你首先考虑的诊断是什么？,急性重症胰腺炎->治疗方法->保守治疗,0.52,治疗方法
26岁初产妇在产后第4天出现发热、双乳胀痛，体温为38.2℃，双乳出现红肿、血管淋巴充盈和硬结。此时应做何种治疗？,乳汁淤积->并发症->乳腺炎,0.54,并发症
针对一位80岁女性患者，有20年高血压史和痛风史，目前血压为180/90mmHg，心率52次/分，心律规则，心脏各瓣膜无杂音，血肌酐为100μmo1/L，血钾正常的情况，最适合的降压治疗方案是什么？请说明理由。,高血压->常用药品->氨氯地平和缬沙坦,0.52,常用药品
患者有癫病史，表现为神志恍惚、躁动不寐、多言善惊、口舌干燥、纳少，舌红少苔，脉沉细数，治疗上应该采用什么方法？,肝阳上亢->治疗方法->天麻钩藤饮,0.53,治疗方法
一名30岁的男性，近半年旁人发现他常常发愣，对提问无反应，持续1-2分钟，并伴有口唇咀嚼动作，每日出现多次。神经系统检查无异常，脑电图显示右颞局灶性尖波活动。根据这些症状，他应被诊断为什么类型的发作？,癫痫->症状->大发作,0.51,症状
针对一名25岁的男性患者，他在额头、面部、胸部和背部反复出现红色丘疹、脓疱、囊肿和结节已有10年，并留有紫红色瘢痕，请描述一种不适合用于治疗此患者的药物或方法，并说明原因。,囊肿性痤疮->治疗方法->外用药物,0.59,治疗方法
一位32岁的男性患者，出现胃脘部痞硬不适、频繁嗳气、反胃呕吐、嗝逆暖气等症状，舌淡苔白腻，脉象缓而滑。请问此时应首选哪种中药方剂进行治疗？,补中益气汤->常用药品->黄芪,0.58,常用药品
一位20岁的健康女性突然出现右眼发痒和流眼水，伴有眼红和耳前淋巴结稍触及，角膜和眼底检查正常，右眼视力完好。在这种情况下，最有可能的诊断是什么？,病毒性结膜炎->并发症->角膜水肿,0.51,并发症
对于一名70岁男性患者，半年来在劳累时出现胸痛和气短，且活动如扫地和平地行走受限。该患者既往有10余年高血压病史，20岁时曾患肺结核。在这种情况下，要进一步检查以评估他的心脏功能，首选的检查方法是什么？,胸痛->诊断检查->心脏彩超,0.53,诊断检查
针对一名4岁患儿，出现脐周腹痛，时作时止，面色萎黄，日渐消瘦，恶心呕吐，大便排出蛔虫1条，睡眠中磨牙的症状，请问首选的治疗中药方剂是什么？,蛔虫病->治疗方法->清热解毒,0.57,治疗方法
55岁男性，晚宴后早晨被发现死亡，床上有少量咖啡色渣液，左侧腰腹部有大片青紫斑，最可能的死因是什么？,急性胰腺炎->治疗方法->胃肠道止血药,0.52,治疗方法
腹泻、腹痛、脉弦的患者应该使用什么药物进行治疗？,腹泻->常用药品->养胃汤,0.51,常用药品
一位32岁的女性在遇到寒冷时，双手顺序出现苍白、青紫和潮红，病程已有3年，逐渐加重且每次发作持续15到30分钟。根据该患者被诊断为雷诺综合征，请描述她在发作时的典型症状是什么？,雷诺综合征->诊断检查->毛细血管显微镜检查,0.52,诊断检查
25岁男性患者，3周前因上呼吸道感染后，出现胸闷、气短、头晕等症状，并伴有心率较慢、第一心音低钝等体征。结合这些信息，最可能的诊断是什么？,心肌炎->并发症->心力衰竭,0.58,并发症
患者60/30mmHg，面色苍白，四肢湿冷，呼吸急促，心率快，腹平软，脐周压痛，肠鸣音活跃，脑膜刺激征阴性。请问在这种情况下，应立即进行哪项检查以帮助诊断问题的原因？,急性腹痛->辅助检查->血常规,0.52,诊断检查
一位27岁经产妇在妊娠38周时阴道流血2日无痛，量如月经。产后检查发现胎膜破口距胎盘边缘4厘米，胎盘边缘有黑紫色陈旧血块附着。请问本例患者的最终诊断是什么？,前置胎盘->可能患有疾病->胎盘早剥,0.59,可能患有疾病
一名51岁男性，有7年溃疡病史，半年来持续上腹隐痛，进食后加重。钡餐检查显示胃粘膜增粗，胃窦部见0.3cm×0.3cm龛影，胃蠕动正常。根据这些临床表现和检查结果，最可能的诊断是什么？,胃溃疡->治疗方法->胃镜检查,0.55,治疗方法
56岁男性背痈溃后脓水稀少，坚肿不消，精神不振，面色无华，脉数无力。首选中药方剂？,脓肿->治疗方法->清热解毒汤剂,0.55,治疗方法
青年男性，25岁，有右肩外伤史，今天转身开门时突然感到右肩部疼痛，不敢活动，并用左手托住右上肢来医院就诊。请问这种情况下最可能的诊断是什么？,肩关节脱位->并发症->关节不稳定,0.59,并发症
一名60岁男性患者阴茎头部出现菜花样肿物，继而糜烂，边缘硬而不整齐，有分泌物、出血及恶臭。根据这些症状，该患者应诊断为何种疾病？,阴茎肿物->并发症->慢性阴茎炎,0.58,并发症
对于药物治疗无效的反复发作室性心动过速或心室颤动的心力衰竭患者，最适宜的治疗方法是什么？,心力衰竭->常用药品->美托洛尔,0.55,常用药品
50岁女性患者被诊断为卵巢癌，手术中发现双侧卵巢受累，包膜破裂，盆腔内有转移灶，并在腹腔冲洗液中检测到肿瘤细胞。根据这些临床特征，请问该患者的卵巢癌分期是什么？,卵巢癌->治疗方法->手术治疗,0.55,治疗方法
一名36岁的女性患者，一年来出现入睡困难、工作时头痛、时常血压偏高，怀疑自己得了高血压，并且症状时好时坏，根据这些症状，该患者最可能被诊断为何种精神疾病？,焦虑障碍->诊断检查->临床评估,0.54,诊断检查
肝硬化患者因腹泻发生昏迷，其血钾水平测得为2mmol/L，应该选用哪种药物进行治疗？,低钾血症->治疗方法->静脉补钾,0.54,治疗方法
在患者伴有尿道口红肿、尿急、尿频、尿痛、淋沥不止等症状，且舌红苔黄腻、脉滑数的情况下，结合西医诊断为急性淋病，中医治疗应首选哪个方剂？,急性淋病->治疗方法->清热解毒,0.55,治疗方法
某患者有丛林接触史，突然高热，使用变形杆菌OXk株作为抗原与患者血清进行定量凝集试验，结果显示抗体效价为1:320，该病人可能患上了哪种具体的疾病？,恙虫病->治疗方法->支持性治疗,0.51,治疗方法
患者多次流产，现表现为腰酸膝软、足跟痛、头晕耳鸣、手足心热、两颧潮红、大便秘结，舌红少苔，脉细数等症状。根据这些症状，应该首选哪种中药方剂进行治疗？,肾阴虚->常用药品->补阴丸,0.52,常用药品
对于一名52岁男性患者，伴有逐渐出现的贫血、尿色浓茶、轻度黄染但无发热或出血症状，且肝脾不肿大的情况下，应该进行哪项检查以确诊溶血性贫血？,溶血性贫血->检查疾病->网织红细胞计数,0.54,诊断检查
一名76岁的男性患者突发表现为“糊涂，忘事”，反应迟钝，通过MRI检查后，你认为最可能的诊断是什么？,糊涂、忘事->症状->老年痴呆,0.55,症状
一个8岁男性患者发现右阴囊内肿块1年，该肿块无痛且平卧时消失，扪之囊性感，透光试验呈阳性。请问根据这些情况，首选的治疗方法是什么？,交通性鞘膜积液->治疗时长->短期手术恢复,0.53,治疗时长
根据CT影像结果和患者的一年余右侧腰、腹部偶尔不适症状，请描述该患者右肾的最可能诊断。,右肾囊肿->治疗方法->观察随访,0.58,治疗方法
对于一位45岁女性患者，手指近端指间关节肿痛并伴有实验室指示风湿因子的阳性以及抗环瓜氨酸肽抗体阳性，控制病情进展应该首选什么药物？,风湿因子阳性->可能患有疾病->类风湿关节炎,0.58,可能患有疾病
针对面色白、时常自汗、恶风、易感冒以及脉浮无力的症状，这位54岁女性患者宜使用何种中药进行治疗？,气虚->宜吃->高蛋白饮食,0.55,宜吃
56岁女性，右侧面部闪电样锐痛1个月，疼痛出现在右上唇、鼻翼、口角及颊黏膜，伴进食、洗脸、刷牙发作，手术治疗有效率是多少？,三叉神经痛->症状->面部疼痛,0.59,症状
一名男性患者颈部有直径约3厘米的肿物，质地柔软，色暗红如海绵状，按压后可缩小。请问这种肿物可能的诊断是什么？,海绵状血管瘤->检查疾病->影像学检查,0.58,诊断检查
对于Cushing综合征患者，血浆ACTH为200pg/ml且大剂量地塞米松不能抑制的情况下，应该进一步进行何种影像学检查以帮助明确诊断？,小细胞肺癌->可以治疗疾病->异位ACTH综合征,0.58,可以治疗疾病
一名30岁男性患者夜间发作性腹部烧灼样痛持续两个月，进食后迅速缓解，近期出现柏油样便和晕厥的症状，检查显示低血压和四肢厥冷。请问该病人最可能的基本病因是什么？,幽门螺杆菌感染->并发症->消化道出血,0.56,并发症
一名4岁女孩，右侧颈部发现无热无痛的包块约两个月，CT检查结果显示如图所示。根据这些信息，包块最可能的诊断是什么？,咽旁神经纤维瘤->治愈概率->较高,0.53,治愈概率
"男性, 42岁, 有5年肝硬化病史, 在3天前经历了500ml的呕血情况, 今天出现淡漠少言, 脑电图结果正常。根据这些临床表现, 他的最可能诊断是什么？",肝性脑病->治疗方法->改善肝功能,0.55,治疗方法
一位29岁男性患者出现尿频、尿痛、米汤样尿和终末血尿3个月，经过实验室和影像学检查确诊为左肾结核。在抗生素治疗无效的情况下，应该首先采取哪种治疗措施？,结核->治疗方法->抗生素治疗,0.51,治疗方法
"陈某, 男, 65岁, 长期咳喘且冬季病情加重，痰多为白色，胸闷，腰膝酸冷，活动时感心悸伴随出汗，舌苔白腻且舌体略胖，脉沉细滑。请根据这些症状描述判断其病机是什么？",脾阳虚->症状->舌苔白腻,0.59,症状
一名60岁的男性有长期吸烟史，伴随症状包括咳嗽咳痰、呼吸困难，并在最近3个月痰中带血。经过检查发现他在吸气和呼气时均有喘鸣音。根据这些临床表现，应考虑的最可能诊断是什么？,肺癌->症状->呼吸困难,0.51,症状
23岁女性患有急性一氧化碳中毒且出现粉红色泡沫样痰液，最适合的氧疗方法是什么？,呼吸衰竭->治疗方法->机械通气,0.55,治疗方法
一位25岁的女性患者近一周出现双侧枕部中度钝痛，站立行走时头痛加重，卧床休息时头痛减轻或消失。这种头痛最可能的原因是什么？,颅内压增高->症状->头痛,0.51,症状
妊娠晚期患者出现头晕头重、胸闷泛恶、全身抽搐等症状，其病因的根本是什么？,妊娠晚期->症状->子宫积水,0.52,症状
一位67岁女性在导管室进行冠状动脉介入治疗时突发心悸和气短，体检显示血压为80/70 mmHg，口唇无发绀，颈静脉怒张，心率为90次/分且心律齐，心音低顿，并出现奇脉。在冠脉介入治疗已停止后，应立即采取什么治疗措施来改善病情？,颈静脉怒张->症状->血液回流受阻,0.51,症状
一名50岁男性患者，长期吸烟，每日20支，最近经常咳嗽，痰中带有血丝，并在一周前突然感到呼吸困难。X线透视显示右侧胸腔有大片致密阴影，且胸腔穿刺抽出了大量血性胸水。根据这些症状，应该首先考虑哪种病情？,肺癌->治疗方法->化疗,0.53,治疗方法
一位43岁女性患者，表现出头痛畏寒、面色白、四肢不温、舌质淡胖、有齿痕、脉沉细等症状，请问对于这位患者，应该选择哪一种主要方剂来进行治疗？,肾阳虚弱->症状->四肢不温,0.59,症状
一位74岁的男性农民，早晨在菜地拔草时突然起立而昏倒，经过一段时间后病人神志渐清，但仍面色苍白，唇青，呼吸微弱，四肢冷汗出，大便失禁，而额头尚温，舌质淡，脉沉微。在中医治疗中，应选用哪一方剂进行处理？,阳虚->治疗方法->温补阳气,0.53,治疗方法
一名15岁的女性患者因心悸就诊，在体检中发现胸骨左缘第3至第4肋间有收缩期震颤，请问首先应该考虑是什么诊断？,心悸->可以治疗疾病->室间隔缺损,0.54,可以治疗疾病
对于一名27岁的女性患者，她肋腹胀痛、攻窜不定并且疼痛随着饮食变化呈现时轻时重的特点，舌苔白且脉象弦，应如何搭配中药以缓解其症状？,脉弦->诊断检查->情志病理,0.55,诊断检查
45岁男萨克斯演奏家，颈部皮下柔软肿物一周，体检显示局部皮温正常且无压痛。最可能的影像学特征是什么？,皮下气体积聚->可能患有疾病->气胸,0.55,可能患有疾病
一位24岁的女性患者因车祸导致面部外伤，X光片显示右侧上颌骨骨折，骨折线经过鼻背、眶部并穿过颧骨上方达到翼突。请问这种情况的诊断是什么？,Le Fort III型骨折->诊断检查->X光片检查,0.55,诊断检查
一位55岁男性患者，间歇性发作咽下困难5个月，可因情绪激动诱发。食管造影未见异常。根据这些症状，应首先考虑什么诊断？,功能性食管疾病->症状->情绪波动诱发症状,0.58,症状
一名40岁女性患者在乳晕旁出现1cm圆形肿物，该肿物活动、边界清晰，挤压时乳头有血性液体溢出。这种临床表现最可能的诊断是什么？,乳腺癌->症状->血性乳头溢液,0.55,症状
患者王某反复呕吐清水痰涎、脘闷不食、头眩心悸、舌苔白腻、脉滑。最适合的中医方剂？,胃气上逆->治疗方法->二陈汤,0.59,治疗方法
对于一位47岁女性患者来说，她的腕关节肿痛持续了3个月，掌指关节肿痛持续了6周，并伴有早晨僵硬症状，哪项检查对确立诊断最有意义？,类风湿关节炎->宜吃->抗氧化食品,0.57,宜吃
一位27岁的已婚女性患者，产后恶露35天不止，颜色深红、质地稠粘并有臭味，伴随口燥咽干，舌红，脉虚细而数。根据这些症状，应该选择哪种中药方剂进行治疗？,阴虚内热->症状->舌红,0.57,症状
一名31岁女性患者，左眼球突出持续进行性加重超过10年，结合CT影像，最可能的诊断是什么？,CT检查->检查疾病->黏液囊肿,0.54,诊断检查
描述一名老年男性在车祸导致右股骨开放性骨折并在内固定术后出现切口少量脓性渗出和创口肉芽组织突起的情况，结合X线片显示骨折断端有层状致密新骨形成且骨折片边界清楚的影像学特征，你认为最可能的诊断是什么？,慢性骨髓炎->常用药品->抗生素,0.55,常用药品
一名17岁的女性患者长期持续性出现阴道漏尿，并且可以间隔性正常排尿，B超示右肾重度积水且肾图提示右肾无功能。在这种情况下，首先应进行哪项检查以明确诊断？,逆行肾盂造影->检查疾病->膀胱阴道瘘,0.52,诊断检查
一个7岁患儿，两周前患上感冒，三天前出现发热、易疲倦和脸色苍白。检查发现心率增快、心音低钝，并可闻及早搏，心电图显示P-R间期延长和ST段下移，实验室检查显示C反应蛋白增高。结合这些临床表现，该患儿最可能的临床诊断是什么？,心肌炎->并发症->心力衰竭,0.54,并发症
16岁男性患者反复呕血、黑便、皮肤粘膜出血一周，肝脾不大，血液检查结果显示Hb60G/l，RBC2.2X10¹²/L，WBC5.0X10⁹/L，BPC12X10⁹/L，骨髓增生活跃且幼稚型巨核细胞增加。请根据这些信息，说明该患者最可能的诊断是什么？,幼稚型巨核细胞增多->诊断检查->骨髓穿刺,0.53,诊断检查
一名50岁女性患者，在触摸左颊黏膜时感觉到左颊和左下唇出现电击样剧痛，持续数秒钟，卡马西平治疗对其有效。请问该患者最可能的诊断是什么？,三叉神经痛->症状->电击样剧痛,0.57,症状
一名57岁的老年女性，绝经5年，阴道流出黄水样分泌物持续1年。妇科检查显示宫颈光滑，子宫后位且稍小，右侧穹隆处可触及鸽蛋大小的硬质包块，并且与子宫关系密切且有粘连。分段诊刮病理切片显示萎缩性子宫内膜，请问这种情况下最可能的诊断是什么？,输卵管癌->诊断检查->腹部CT,0.52,诊断检查
一名50岁的女性感到乏力、食欲下降，并在两个月内明显消瘦。妇科检查发现盆腔有包块。根据超声检查结果，该包块最可能的诊断是什么？,盆腔包块->治疗科室->肿瘤科,0.51,治疗科室
根据病史中女性患者40岁，反复10多年咳嗽并有时咳黄痰，及3天前突然咯血150毫升，结合体检和胸部X线片显示双肺下野纹理略增强，请问最可能的诊断是什么？,支气管扩张->治疗方法->抗感染治疗,0.55,治疗方法
一名65岁男性患者突发呼吸困难，双肺可闻及哮呜音，既往有哮喘及冠心病史，针对这种情况，哪种药物最适宜用来缓解患者的症状？,氨茶碱->药物->缓解呼吸困难,0.53,常用药品
一个年仅4岁的男孩从出生起就被发现腭部裂开，检查时可见悬雍垂、软腭及部分硬腭裂开，但牙槽嵴完整。这名患儿的最可能诊断是什么？,腭裂->可能患有疾病->部分腭裂,0.52,可能患有疾病
在头皮撕脱伤患者中，如果撕脱面积较大且骨膜完整，但无法进行头皮回植的情况下，最佳的治疗方法是什么？,头皮损伤->治疗方法->头皮回植,0.59,治疗方法
伤寒患者经过治疗后，体温从39.6℃下降到36.6℃，15天后体温再次升高到39.3℃并伴随症状加剧，同时血培养呈阳性。这种情况应被诊断为什么？,伤寒复发->症状->血培养阳性,0.53,症状
在牙周基础治疗完成2个月后，假如患者磨牙区袋深仍约为5mm，且附着龈较宽，牙槽骨出现水平吸收但无异常骨形态，针对这种情况，哪种牙周手术治疗方案最好？,牙周手术->常用药品->抗生素治疗,0.57,常用药品
房颤中风后出现口舌歪斜、舌强不语、烦躁失眠、眩晕，舌质暗红少苔，脉细弦数，诊断是什么？,虚风内动->症状->烦躁失眠,0.57,症状
一个38岁的男性在4小时前从6米高处跌落，左腰部撞击石块，出现左腰部疼痛和轻微压痛，并且尿常规检查显示红细胞阳性。血压正常。根据这些症状和检查结果，最可能的诊断是什么？,肾脏损伤->并发症->休克,0.55,并发症
根据以下症状和体征，判断该5岁患儿最可能的诊断：弛张高热、气促、咳嗽有黄痰，突然出现明显的呼吸困难、烦躁、剧烈咳嗽、面色发绀、不能平卧。查体发现胸廓饱满，上方鼓音，下方实音，呼吸音减弱，心率140次/分，肝大肋下2.0cm。这些表征说明患儿可能合并了哪种病症？,胸廓饱满->检查疾病->气胸,0.52,诊断检查
这名20岁女性患者自幼牙齿磨耗，牙冠微黄色，严重的釉质缺损，牙本质暴露且无明显反应，并有家族史，其症状最可能指向哪种牙齿疾病？,牙本质发育不全->治疗方法->全冠修复,0.59,治疗方法
对于一名2岁的患儿，经历了为期4天的麻疹高热后，出现皮肤疹点密集成片、色紫红并遍及周身，同时伴有神昏和抽搐3次，应选用哪一种中药方剂进行治疗？,高热->症状->神昏,0.55,症状
根据一名4岁女孩的临床表现：面色苍白持续6个月并加重1个月，低热及皮肤瘀点持续3周，补血药物无效治疗史，以及结合血常规和骨髓检查结果，最可能的诊断是什么？,骨髓增生异常综合征->症状->贫血,0.56,症状
一名男性患者颈部有直径约3厘米的肿物，质地柔软，色暗红如海绵状，按压后可缩小。请问这种肿物可能的诊断是什么？,血管瘤->疾病描述->按压缩小,0.51,疾病描述
对于一位80岁女性患者，长期患有喘息症状，伴随气短、心慌、耳鸣、腰膝酸软等表现，尤其在体力活动和劳累后症状加重，治疗上应选用哪种方剂来首选应对该患者的情况？,肾阳虚->并发症->骨质疏松,0.55,并发症
男性，44岁，长期足癣，左小腿反复红肿疼痛，病变边界清晰隆起，伴腹股沟淋巴结肿大。最可能诊断？,丹毒->治疗方法->抗生素治疗,0.55,治疗方法
某男患者24岁，发热五至六日后热略减退，随后出现一系列症状，包括肢体无力、心烦口渴、咽喉干燥等。如果患者身热全退且食欲减退，口燥咽干较甚，应该选用哪一种中药方剂进行治疗？,气阴两虚->治疗方法->养阴生津,0.59,治疗方法
38岁男性患者突然出现上腹剧痛并波及全腹，伴有面色苍白、出冷汗、全腹压痛、反跳痛和肌紧张，请问针对这种情况最先应进行哪种检查？,消化道穿孔->诊断检查->CT腹部检查,0.58,诊断检查
根据患者描述：水肿多年，尤其下肢明显，按压后不易恢复；伴有脘腹胀闷、食欲不振、便溏、面色萎黄、精神疲倦、四肢寒冷以及小便短少。舌淡胖，有齿痕，舌苔白腻，脉沉弱等症状，最适合采用哪种中医方剂进行治疗？,脾阳虚->诊断检查->舌诊,0.58,诊断检查
一名39岁女性患者出现低热、乏力、腹胀等症状，下腹触及明显肿块且体重减轻，结合影像学检查结果，最可能的诊断是什么？,腹胀->症状->卵巢癌,0.59,症状
一名70岁男性患者出现头痛、嗜睡和癫痫发作症状，经MRI平扫及增强扫描发现颅内多发病灶，并经过放射治疗后病灶明显缩小，结合这些信息，最可能的诊断是什么？,脑转移癌->诊断检查->MRI平扫与增强扫描,0.55,诊断检查
一名7岁的患儿，2周前得过猩红热，最近两天出现眼睑水肿，血压为16.0/10.7kPa(120/80mmHg)，尿常规显示蛋白++，红细胞5~8个/HP，目前水肿明显且尿量200ml/日。在护理过程中，应特别警惕发生哪种严重并发症？,急性肾小球肾炎->治疗方法->透析,0.55,治疗方法
一位45岁的女性患者，出现明显腹胀，伴有呼吸困难且无法平卧。查体发现呼吸频率为24次/分，心率为110次/分，双肺未见啰音，但腹部显著膨隆并伴有液波震颤，肝脏未能触及，脾脏位于左肋下5.0厘米。针对这种情况下，哪种治疗方法是最适宜的？,腹水->治疗方法->营养支持,0.55,治疗方法
根据以下病例描述，女患者50岁，肩痛半年，颈部活动正常，压头与牵拉试验阴性，右肩三角肌萎缩，肩关节外展外旋受限，感觉无改变，X线检查显示颈椎间隙变窄和骨赘增生，而右肩关节仅有轻度骨质疏松没有其他异常。基于这些信息，该病例应诊断为哪种肩部疾病？,肩周炎->治疗方法->理疗,0.52,治疗方法
根据27岁男性患者的症状：乏力、双下肢反复瘀点、重度贫血貌，全身可见散在出血点，血象显示贫血，中性粒细胞和血小板显著减少，且网织红细胞低，请给出最可能的临床诊断是什么？,再生障碍性贫血->治疗方法->造血干细胞移植,0.56,治疗方法
48岁男性，右腮腺处肿物已有2个月，生长较快，腮腺造影显示腺泡不规则充盈缺损且造影剂外溢，最可能的诊断是什么？,腮腺肿物->并发症->腮腺结石,0.55,并发症
根据患者的症状特点和体检结果，而且杂音随体位变化而改变，该患者最可能诊断为哪种心脏疾病？,左心房黏液瘤->治疗方法->手术切除,0.55,治疗方法
请详细描述一位男性患者摔伤右腕部后，在X光片上腕关节显现的具体损伤特征，并指出最可能的诊断是什么。,舟骨骨折->检查疾病->MRI,0.58,诊断检查
在患者视力骤降、神膏混浊、视衣脱离，伴随情绪急躁易怒、失眠多梦、耳鸣如潮、口苦、舌红苔黄、脉弦数的情况下，宜选用哪种中药方剂进行治疗？,天王补心丹->常用药品->当归,0.52,常用药品
50岁中段食管癌患者，进食性吞咽困难6个月，完全不能进食，恶液质，左锁骨上2cm硬性淋巴结，最优先选择的治疗方法是什么？,食管癌->易患人群->老年患者,0.52,易患人群
对于一位50岁男性患者，他长期吸烟30年，半年前戒烟，近期出现咳嗽带血的症状。根据病史和表现，应首先进行哪种检查来鉴别诊断原因？,支气管炎->诊断检查->胸部CT,0.57,诊断检查
一名38岁女性患者，近半月来感到乏力、咽痛和阵发性刺激性咳嗽，无痰，3日来发热，X线检查发现双下肺有炎症浸润阴影。基于这些症状和检查结果，请问治疗该患者最合适的首选药物是什么？,肺炎->症状->干咳,0.59,症状
对于患者表现出咳嗽经久不愈，咳吐黄痰，甚至咳吐腥臭脓血，并且有身热不退，胸中隐隐作痛的症状，舌红苔黄腻，脉滑数的情况，应该使用哪种中药方剂进行治疗？,咳嗽->症状->燥湿化痰方,0.55,症状
根据某女患者，73岁，患有肺心病，出现喘促、不能平卧、心悸尿少、肢体浮肿、舌质淡胖、脉沉细的症状，应该使用什么方剂进行治疗？,心肾阳虚->并发症->浮肿,0.59,并发症
一名1岁的幼儿母乳喂养，近期莫名哭闹，并且其母亲出现全身瘙痒且夜间加重的症状。经检查，患儿母亲被确诊为疥疮，幼儿下腹部出现较多针尖大小的红色丘疹。在这种情况下，应该为此患儿使用哪种治疗方案？,母婴传播->疾病描述->密切接触传播,0.55,疾病描述
一位43岁已婚女性，月经过多持续3年，本次月经持续超10天，经肌注丙酸睾丸酮后见好转。妇科检查显示宫颈糜烂Ⅰ°，子宫大小如鹅卵，质软，活动性良好，无附件异常，宫颈刮片未见癌细胞，血红蛋白60g/L。根据这些情况，最恰当的处理措施是什么？,贫血->治疗方法->补充铁剂,0.54,治疗方法
一个2岁儿童出生后每天哭闹时出现嘴唇发绀，并伴有呼吸困难，最近母亲发现孩子手指末端也出现发绀，指甲末端拱形隆起和手指末节膨大，试分析导致手指变化的最可能原因是什么？,先天性心脏病->症状->胸闷,0.55,症状
当患者出现小便点滴而下或尿如细线，甚至阻塞不通，小腹胀满疼痛，舌紫暗或有瘀点，脉涩等症状时，应选用哪个方剂进行治疗？,尿路阻塞->治疗方法->补肾,0.58,治疗方法
一名38岁的女性患者发现左眼视野缺损，眼压为40mmHg，经检查后确诊。请问，该患者的首选治疗方法是什么？,青光眼->治疗方法->激光治疗,0.52,治疗方法
一名25岁男性患者，2个月前经历上呼吸道感染，10余天后出现浮肿和血尿伴随高血压，尿蛋白(++)，红细胞满视野，肾功能目前正常，但按急性肾炎进行治疗后病情未见改善，复查发现血红蛋白为14|D g/L，肌酐水平升高到380μmol/L，B超显示双肾稍增大。基于以上信息，详细说明在确定诊断或进一步处理上，目前最佳的医学步骤是什么？,免疫抑制治疗->治疗方法->新月体性肾炎,0.59,治疗方法
一位30岁的患者，其11号牙齿冠折1/4，5年来没有叩痛和松动，牙齿色泽也没有改变，X线片显示11号牙齿的根尖没有阴影。根据这些情况，最适合的治疗方案是什么？,牙冠折->治疗方法->根管治疗,0.56,治疗方法
一名50岁男性患者，长期吸烟，每日20支，最近经常咳嗽，痰中带有血丝，并在一周前突然感到呼吸困难。X线透视显示右侧胸腔有大片致密阴影，且胸腔穿刺抽出了大量血性胸水。根据这些症状，应该首先考虑哪种病情？,肺癌->诊断检查->胸腔穿刺,0.58,诊断检查
根据患者因车祸头部受伤后出现的症状，如左侧瞳孔散大、对光反应消失、右侧肢体瘫痪等，结合病情进展过程，推断患者最可能出现什么类型的脑部病情变化？,头部外伤->症状->左侧瞳孔散大,0.54,症状
对于一名18岁男性患者，右上1牙在备洞过程中发生意外穿髓，穿髓孔直径约0.5mm，请问应使用何种治疗方法？,牙髓暴露->治疗方法->牙髓去除,0.58,治疗方法
一位57岁男性，患有慢性阻塞性肺疾病12年，最近一周咳嗽气喘加重，出现明显发绀和烦躁，血气分析结果为pH7.39，PaO2 40mmHg，PaCO2 70mmHg。经过积极治疗效果不佳，可能发生哪些严重并发症？哪一种并发症是不会发生的？,PaCO2升高->治愈概率->0.3,0.32,治愈概率
一名50岁的男性患者出现了近期恶心、呕吐、发热、咳嗽症状，每日尿量约400ml，血压165/97mmHg，血红蛋白78g/L，Cr545μmol/L（6.2mg/dl），Ccrl5ml/min。为了明确诊断，该进行哪项无创影像学检查？,急性肾损伤->诊断检查->肌酐升高,0.36,诊断检查
一位24岁女性患者突发心悸，既往有类似发作史5年，体检显示心率170次/分，血压90/50mmHg，心电图显示QRS波群正常且P波不明显。根据这些信息，最可能的诊断是什么？,心房颤动->治疗方法->抗凝治疗,0.39,治疗方法
一名20岁女性患者反复出现牙龈出血和月经量增多1年半，伴有轻度贫血，检查发现血小板低至30×10^9/L，出血时间延长但凝血时间正常，骨髓增生明显活跃且红系占30%，巨核细胞明显增多，同时骨髓内外铁减少。基于这些临床和检验结果，确定该患者的诊断。,免疫性血小板减少性紫癜->可以治疗疾病->牙龈出血,0.33,可以治疗疾病
一名8岁男患者出现恶寒发热1天后，伴有头面红肿掀痛、咽痛、口渴舌燥、舌红苔黄、脉浮数等症状。根据这些症状，应选用哪种中药方剂进行治疗？,风热上攻->治疗科室->中医内科,0.37,治疗科室
一位32岁的女性在遇到寒冷时，双手顺序出现苍白、青紫和潮红，病程已有3年，逐渐加重且每次发作持续15到30分钟。根据该患者被诊断为雷诺综合征，是否可能会出现内脏器官损害？,雷诺综合征->并发症->内脏损害,0.35,并发症
一名38岁女性患者，近半月来感到乏力、咽痛和阵发性刺激性咳嗽，无痰，3日来发热，X线检查发现双下肺有炎症浸润阴影。基于这些症状和检查结果，请问治疗该患者最合适的首选药物是什么？,支原体感染->常用药品->红霉素,0.37,常用药品
伤寒患者经过治疗后，体温从39.6℃下降到36.6℃，15天后体温再次升高到39.3℃并伴随症状加剧，同时血培养呈阳性。这种情况应被诊断为什么？,伤寒->疾病描述->伤寒复发,0.33,疾病描述
一名25岁男性患者，2个月前经历上呼吸道感染，10余天后出现浮肿和血尿伴随高血压，尿蛋白(++)，红细胞满视野，肾功能目前正常，但按急性肾炎进行治疗后病情未见改善，复查发现血红蛋白为14|D g/L，肌酐水平升高到380μmol/L，B超显示双肾稍增大。基于以上信息，详细说明在确定诊断或进一步处理上，目前最佳的医学步骤是什么？,急性肾炎->治疗方法->保守治疗,0.33,治疗方法
一名38岁的女性患者因反复肾结石入院，血钙水平为10mg/dl。口服钙负荷后，患者血钙未升高，但24小时尿钙排出量为350mg，空腹尿cAMP升高，口服钙负荷后尿cAMP降至正常。根据这些临床表现，最可能的诊断是什么？,肾结石->并发症->肾功能损害,0.35,并发症
一位48岁的女性，三个月前无明显诱因出现右上腹不适，表现为钝痛。结合影像学表现，其最可能的诊断是什么？,腹部肿块->可以治疗疾病->间叶瘤,0.37,可以治疗疾病
一名42岁的男性患者，感到肛门内胀痛、畏寒、排尿困难，直肠指检发现肛管右侧有触痛性隆起并具有搏动感。根据这些症状，最可能的诊断是什么？,坐骨直肠窝脓肿->并发症->尿路感染,0.37,并发症
哪种药物属于高效利尿剂且耳毒性低，适用于有听力缺陷及急性肾衰竭患者？,呋塞米->常用药品->高效利尿剂,0.39,常用药品
一名62岁的男性患者佩戴可摘局部义齿1个月后，咀嚼时经常咬到颊黏膜。考虑到患者的下颌舌侧第一磨牙至磨牙后垫区有压痛现象，导致患者咬颊黏膜的具体原因是什么？,颊侧覆盖不足->症状->咬颊黏膜,0.33,症状
根据一名52岁女性左小腿肿胀两年余，活动后稍加重，不痛不热的症状，以及所提供的图像，最可能的诊断是什么？,脂肪瘤->症状->肿胀,0.39,症状
某男，43岁，诊断为肝硬化8年，现表现为腹大胀满、脉络怒张、胁腹刺痛、面色晦暗、胁下痞块、面颈胸壁有红点赤缕、手掌赤痕、口干不欲饮、粪便色黑、舌紫暗、脉细涩。根据以上症状，适宜选择哪种中药方剂进行加减治疗？,肝硬化->症状->黑便,0.31,症状
患者宋某出现干咳少痰、痰中带血丝、形瘦气短、虚烦盗汗等症状，结合脉象为虚数，以及咽干舌燥、大便难、虚热时发等表现，试问应选用哪种中药汤剂进行治疗？,炙甘草汤->治疗方法->滋阴补气,0.38,治疗方法
一名患者因全身瘙痒而抓挠皮肤，结果在皮肤上出现条索状隆起，服用抗组胺药有效，但停药后容易复发。这种症状应该被诊断为何种皮肤问题？,皮肤划纹症->并发症->感染,0.35,并发症
31岁男性患者突发胸壁和背部疼痛，并伴随下肢无力、麻木、排尿困难、视物成双、饮水呛咳和吞咽困难，这些症状表明患者可能患上了什么病？,急性横贯性脊髓炎->治疗方法->针灸,0.34,治疗方法
针对一位患有类风湿关节炎的23岁女性，她在左上眼睑和右眼巩膜上分别出现褐色斑点和蓝色斑块。结合她的病情历史和症状，最合适的诊断是什么？,Alkaptonuria->症状->蓝色斑块,0.34,症状
一名5岁男孩因反复刺激性咳嗽、痰中带血和胸痛1年，多次胸片检查显示右肺门区钙化影，其数目和位置互不相同，右下肺有时出现局限性肺炎和肺不张表现，这种情况下，最可能的诊断是什么？,肺结核->症状->低热,0.37,症状
某少女出现月经停止半年，同时伴有神疲肢倦、心悸气短、面色淡黄等症状，舌象为淡胖有齿痕、苔白腻，脉象缓弱。根据这些临床表现，应使用哪种中药方剂进行治疗？,气虚 -> 推荐食谱 -> 黄芪鸡汤,0.31,推荐食谱
32岁已婚女性，月经规律，近3年未避孕未怀孕，丈夫精液检查正常，输卵管造影提示双侧输卵管梗阻。最适合的治疗方法是什么？,输卵管疾病->检查疾病->输卵管造影,0.34,诊断检查
一名28岁的男性患者，不规则发热2个月，右颈部淋巴结肿大且韧。通过穿刺涂片观察到“镜影状”细胞，请问这最可能是诊断什么疾病？,霍奇金淋巴瘤->常用药品->化疗药物,0.34,常用药品
27岁女性患者，2年来多次在饭前昏迷，伴有恐惧感、心悸和发汗，且发觉及时进食可预防或缩短昏迷时间。发病以来食欲好，体重增加，但记忆力差。根据这些症状，应该考虑哪种医学诊断？,饭前昏迷->推荐食谱->高蛋白加餐,0.33,推荐食谱
一名30岁男性患者夜间发作性腹部烧灼样痛持续两个月，进食后迅速缓解，近期出现柏油样便和晕厥的症状，检查显示低血压和四肢厥冷。请问该病人最可能的基本病因是什么？,幽门螺杆菌感染->治疗方法->抗生素治疗,0.33,治疗方法
请根据描述分析，在湖南某市某年洪水后，出现的发热症状和血常规结果，患者发热的原因最可能是什么疾病？,乙型肝炎->症状->发热,0.38,症状
一名36岁的女性患者，一年来出现入睡困难、工作时头痛、时常血压偏高，怀疑自己得了高血压，并且症状时好时坏，根据这些症状，该患者最可能被诊断为何种精神疾病？,燕窝->食谱有益于疾病->神经衰弱,0.38,食谱有益于疾病
一位53岁的女性患者，胸闷乏力数月，并偶尔感到胸痛，无发热，X线检查结果显示多发性肺部病灶。根据这些临床表现和X线结果，最可能的诊断是什么？,肺部肿瘤性病变->疾病描述->肺转移性肿瘤,0.32,疾病描述
一名26岁未产妇女，停经48日后出现阴道少量流血伴右下腹隐痛。今晨突然感到右下腹剧烈疼痛就诊。经过体格检查和相关化验检查，描述其体征和化验结果后，请问该患者最可能的诊断是什么？,异位妊娠->症状->右下腹剧烈疼痛,0.36,症状
一名70岁男性患者住院两周后持续出现大量蛋白尿，为明确诊断，哪项检查最有意义？,大量蛋白尿->症状->肾功能衰竭,0.32,症状
一位18岁男性患者的X线胸片检查发现左侧胸腔第6胸椎旁有一直径约6cm的圆形肿块影，从这个位置和影像特征来看，这个肿块最可能的诊断是什么？,胸腔肿块->疾病描述->神经鞘瘤,0.34,疾病描述
27岁女性哮喘患者，对阿司匹林敏感，最适合的药物是哪种？,阿司匹林哮喘->治疗方法->吸入糖皮质激素,0.33,治疗方法
根据一个65岁男性患者，患有15年糖尿病且长期使用苯乙双胍的病史，因意识障碍入院，体检显示浅昏迷、呼吸深大、中度脱水，膝反射极弱，血压80/65 mmHg，血糖15mmol/L，CO2结合力12mmol/L，尿糖（+++），尿蛋白（++）及少量尿酮体（+），请问最可能的诊断是什么？,糖尿病->可以治疗疾病->膝反射减弱,0.33,可以治疗疾病
根据患者的症状，包括左眼闭合不全、口角向右歪、左耳部疼痛、查体发现左侧周围性面瘫征、左侧舌前2/3味觉丧失及左侧外耳道小疱疹，这些表现表明病变最可能发生在哪个解剖部位？,脑神经病变->症状->面瘫,0.39,症状
一名女性患者有20余年胃病病史，经常因饮食不慎而呕吐，时作时止，面色少华，倦怠乏力。最近因为饮食过多，出现呕吐酸腐，脘腹胀满，嗳气厌食的症状，此时治疗应该改用哪个方剂？,食积->并发症->胃虚,0.32,并发症
一位45岁男性患者，有2年以干咳为主的间断咳嗽病史，每年秋季症状出现并伴有夜间憋气，使用多种药物抗感染治疗无效，且症状自行消失后又再次出现。体格检查和胸部X线片无异常，通气功能正常。为明确诊断，应该进行什么进一步的检查？,干咳->诊断检查->支气管舒张试验,0.39,诊断检查
一位65岁的女性，患有冠心病和下壁心肌梗死，10年前因三度房室传导阻滞植入了VVI起搏器，起搏频率设定为72次/分。当前需要采取什么治疗措施？,冠心病->推荐食谱->燕麦粥,0.35,推荐食谱
一位怀孕8个月的24岁女性，近一个月来常在卧位时出现突发性头痛、心悸和多汗，测得最高血压为230/140mmHg，但坐起后症状可逐渐缓解，血压恢复正常，空腹血糖为7.8mmol/L，电解质及肝肾功能正常。根据这些症状和检验结果，最可能的诊断是什么？,嗜铬细胞瘤->治疗科室->内分泌科,0.37,治疗科室
某患者术后第三天出现体温升高到39℃，伴有大便次数增多、里急后重和黏液便，但伤口不痛且无咳嗽。结合症状，最可能的诊断是什么？,术后感染->症状->大便次数增多,0.39,症状
一名女性患者，28岁，症状包括腰痛脚弱，下半身冷感，少腹拘急，小便不利，舌质淡胖，脉沉迟而弱，请问应选用哪种中药方剂进行治疗？,肾阳虚->常用药品->肾气丸,0.32,常用药品
一名28岁女性患者有4年反复水肿病史，最近一个月出现厌食、恶心、齿龈出血，且近1日解柏油样大便并逐渐昏迷。其血压为21.3／13.3kPa(160／100mmHg)，血红蛋白为70g／L，血小板计数为7×10^9/L。一年前该患者曾患肝炎现已痊愈。请你指出为了尽快明确该患者的诊断，哪项血液检查最有意义，并说明理由。,肝硬化->诊断检查->凝血酶原时间,0.39,诊断检查
在治疗患者谢××时，她病症表现为久痢顽固不愈，证见心烦失眠，口干口苦，腹痛隐隐，喜温喜按，舌质淡，苔黄腻，脉沉细。根据这些症状，应该选用哪种中药方剂进行治疗？,久痢->推荐食谱->山药莲子粥,0.35,推荐食谱
一名35岁男性患者，反复腹泻4年，大便中常见食物残渣，多次大便常规和培养均正常，肠镜检查结果如图所示。根据这些信息，应该采用哪种根本治疗方案来解决其腹泻问题？,胰腺外分泌功能不全->治疗方法->液体补充,0.35,治疗方法
请根据描述分析，在湖南某市某年洪水后，出现的发热症状和血常规结果，患者发热的原因最可能是什么疾病？,甲型肝炎->症状->发热,0.38,症状
对于一名70岁的男性患者，在健康体检中发现胆囊内有直径约0.8cm的结石，随体位活动移动，口服胆囊造影显示充盈缺损不明显，且患者既往无胃病史、胆囊炎发作史、心脏病或糖尿病史，目前最佳的治疗建议是什么？,胆囊结石 -> 治疗方法 -> 常用药品,0.34,治疗方法
对于一名5岁男孩，体温39.5℃，出现音哑和吸气性呼吸困难的情况下，医生应首先采取什么措施来处理可能的急性气道阻塞？,急性气道阻塞->常用药品->抗生素,0.35,常用药品
对于出现周期性下腹痛半年余且无月经来潮的青春期女性，首先应进行哪项检查以便于准确确认问题？,下腹痛->症状->食欲减退,0.38,症状
28岁女性在停经70天进行人工流产术中，突然出现烦躁不安、寒战、咳嗽、呼吸困难等症状，应该首先应用哪种药物来处理这种情况？,羊水栓塞->症状->烦躁不安,0.32,症状
一位65岁女性患者，诊断为慢支炎急性发作，目前感染已控制，但双下肢仍水肿，仍有气促，心率大于120次/分，呼吸频率大于24次/分，双肺底可闻及湿性啰音，使用利尿剂无效。根据这位患者的病情，应选择什么治疗方案？,心功能不全->治疗方法->无创正压通气,0.32,治疗方法
一位怀孕8个月的24岁女性，近一个月来常在卧位时出现突发性头痛、心悸和多汗，测得最高血压为230/140mmHg，但坐起后症状可逐渐缓解，血压恢复正常，空腹血糖为7.8mmol/L，电解质及肝肾功能正常。根据这些症状和检验结果，最可能的诊断是什么？,嗜铬细胞瘤->诊断检查->尿儿茶酚胺测定,0.31,诊断检查
患者60/30mmHg，面色苍白，四肢湿冷，呼吸急促，心率快，腹平软，脐周压痛，肠鸣音活跃，脑膜刺激征阴性。请问在这种情况下，应立即进行哪项检查以帮助诊断问题的原因？,休克->症状->呼吸急促,0.31,症状
一位28岁的男性因心悸气急被诊断为风湿性心脏病。最近一周症状加重，无法平卧，体检发现颈静脉充盈，心界左扩大，心率每分钟130次，心律齐整，心尖部闻及奔马律和Ⅲ级收缩期杂音，两肺底有细湿啰音，下肢稍肿。在这种情况下，综合治疗中哪种处理方法被认为效果最佳？,风湿性心脏病->治疗方法->利尿剂治疗,0.45,治疗方法
一位27岁的已婚女性患者，产后恶露35天不止，颜色深红、质地稠粘并有臭味，伴随口燥咽干，舌红，脉虚细而数。根据这些症状，应该选择哪种中药方剂进行治疗？,阴虚内热->症状->舌红,0.31,症状
患者症见肢节烦疼、肩背沉重，舌苔白腻微黄，脉濡数，内蕴湿热，外受风邪，此时应选用哪种中药方剂进行治疗？,湿热->症状->肢饥饿疼,0.33,症状
针对一名65岁男性患者，患有高血压及原发性高脂血症，症状包括头痛、眩晕、急躁易怒、心悸和失眠，且其病理表现为肝阳上亢，推荐使用哪一种中成药进行治疗？,高血脂->症状->松龄血脉康胶囊,0.43,症状
一位67岁女性在导管室进行冠状动脉介入治疗时突发心悸和气短，体检显示血压为80/70 mmHg，口唇无发绀，颈静脉怒张，心率为90次/分且心律齐，心音低顿，并出现奇脉。在冠脉介入治疗已停止后，应立即采取什么治疗措施来改善病情？,奇脉->症状->心包压塞,0.32,症状
一名68岁女性，反复咳嗽、咳痰20年，气喘10年，近期加重伴有下肢水肿，检查发现口唇发绀，双下肺湿啰音和哮鸣音，肝肋下3cm，肝颈静脉回流征阳性，双下肢水肿，WBC为9.3×10⁹/L，该患者最可能的诊断是什么？,慢性肺源性心脏病->并发症->右心衰竭,0.31,并发症
当患者出现小便点滴而下或尿如细线，甚至阻塞不通，小腹胀满疼痛，舌紫暗或有瘀点，脉涩等症状时，应选用哪个方剂进行治疗？,瘀血尿路阻塞->常用药品->代抵当丸,0.85,常用药品
一位20岁的健康女性突然出现右眼发痒和流眼水，伴有眼红和耳前淋巴结稍触及，角膜和眼底检查正常，右眼视力完好。在这种情况下，最有可能的诊断是什么？,病毒性结膜炎->症状->眼红、流泪、耳前淋巴结,0.46,症状
一名46岁的女性患者，进行了胆总管十二指肠吻合术，入院后输血时出现心前区压迫感和血红蛋白尿，经过抗休克治疗后血压恢复正常。在这种情况下，下一步应采取什么措施来继续治疗？,输血->并发症->溶血反应,0.31,并发症
一名28岁男性病人出现上腹痛1周、黑便3天、每天排便3～4次且量较多，并伴有头昏、乏力、心慌，有间断上腹痛病史3年，饮酒史4年且每天摄入2两白酒，曾有乙肝病史。基于这些临床表现，你认为该病人最可能的诊断是什么？,黑便->症状->上消化道出血,0.32,症状
根据一名45岁女性患者的症状：咳嗽十余天，近三天喘促不宁，痰涎壅盛，潮热，便秘，舌苔黄腻，脉右寸实大，应使用哪种中医方剂进行治疗？,宣白承气汤->可以治疗疾病->清热化痰,0.33,可以治疗疾病
21岁女性患者，2年的关节痛病史，突发头晕、头痛，左上肢血压160/110mmHg，右上肢血压180/116mmHg，尿常规显示蛋白（+），血清肌酐为176μmol/L。为进一步确诊，应该进行哪项检查？,高安动脉炎->诊断检查->磁共振血管造影（MRA）,0.43,诊断检查
根据发作性意识丧失和脑电图显示3Hz棘一慢波的症状，智力基本正常的6岁女童，应该选择哪种药物进行治疗？,失神癫痫->传染性->无,0.42,传染性
一位20岁男性患者经历了一周的高热、干咳和气促，胸部X光片显示右侧有大量胸腔积液，并已接受INH+SM+RFP治疗。请问对该患者胸腔积液的最恰当处理措施是什么？,胸腔积液->推荐食谱->清淡饮食,0.41,推荐食谱
25岁男性患者，发热3天，体温38℃，左胸痛，查体发现左胸下部可闻胸膜摩擦音。根据这些症状和体征，诊断应是什么？,干性胸膜炎->并发症->胸膜摩擦音,0.34,并发症
对于一名表现出低热、盗汗、乏力等症状，并且PPD试验结果为强阳性的15岁女孩，她的脑脊液检查显示白细胞增多和蛋白升高，在胸片正常的情况下，应选择哪种药物组合进行强化治疗？,结核性脑膜炎->诊断检查->脑脊液检查,0.33,诊断检查
一名45岁男性患者有上腹饱胀不适7年的病史，近3天出现柏油样便且大便潜血测试为阳性(+++)，胃镜检查结果显示胃窦部黏膜薄且透，见紫蓝色血管纹。根据这些临床表现和检查结果，他最可能被诊断为何种胃部疾病？,胃出血->传染性->无,0.32,传染性
对于48岁的患者体检中发现的左肺下叶外带圆形阴影，为明确诊断，应该使用哪一种简单而重要的检查方法？,肺部结节->治疗科室->内科,0.32,治疗科室
请描述一个12岁男性患儿，表现为身材矮小、长期面色苍白、乏力，巩膜轻度黄染并且脾大肋下3cm时，其实验室检查中最可能出现什么异常结果？,溶血性贫血->症状->巩膜黄染,0.31,症状
30岁男性，间断性上腹痛3年，呕血400毫升，排黑便4次，头晕心悸，HBsAg阳性，最可能的诊断？,消化性溃疡->传染性->无,0.44,传染性
患者出现皮肤黄染、小便色黄、大便秘结等症状，结合舌苔黄腻，脉滑数的情况，宜使用哪种药物与茵陈配伍以改善便秘症状？,右侧输尿管结石->症状->右肋脊点叩痛,0.48,症状
一名36岁的女性患者，一年来出现入睡困难、工作时头痛、时常血压偏高，怀疑自己得了高血压，并且症状时好时坏，根据这些症状，该患者最可能被诊断为何种精神疾病？,高血压->推荐食谱->芹菜,0.31,推荐食谱
49岁男性患者有劳力性胸痛病史，心率为110次/分。为了控制这种情况下的心率，应优先选择哪种药物？,劳力性胸痛->症状->心跳快,0.43,症状
对于一名35岁女性，右侧乳突区疼痛2天，口角左歪1天，诊断过程中，哪一项体征最能帮助确定病变部位？,面瘫->症状->贝尔麻痹,0.31,症状
一名19岁的男性患者，因不明原因贫血，试服铁剂治疗5天后复查血象，发现网织红细胞上升达到5%，但血红蛋白未见增加，显微镜检查发现红细胞大小不等，中心淡染区扩大。结合这些临床表现，这种贫血最有可能是什么类型的贫血？,缺铁性贫血->实验室检查->网织红细胞增加,0.36,诊断检查
一名30岁男性患者，头颅CT显示左小脑半球有一个3cm×4cm的囊样低密度区，并伴有壁结节，结节明显增强，四脑室受压变形及右移。根据这些影像特征，最可能的诊断是什么？,血管母细胞瘤->诊断检查->MRI增强扫描,0.39,诊断检查
"28岁女性患者反复水肿4年，并伴有近日厌食、恶心、齿龈出血、排柏油样便及逐渐昏迷症状，血压为170／100 mmHg，双下肢散在出血点，呼吸深大，Hb为70g／L, 血小板为70×10⁹/L，且1年前曾患肝炎。为了尽快明确诊断，哪项血液检查最有意义？",肝炎->患病概率->10%,0.46,患病概率
某患者诊断为初发劳力性心绞痛，已经服用硝酸异山梨酯和地尔硫卓治疗，但仍出现频繁的自发性心绞痛发作。在这种情况下，为了预防心绞痛的进一步发作以及潜在的心肌梗死风险，应该加用哪种药物来帮助改善患者的病情？,冠心病->治疗方法->药物治疗,0.41,治疗方法
一名50岁女性，患有糖尿病10年，症状包括经常性咳嗽半年、昨日突然咯血，以及胸片显示右肺上野出现直径1厘米的空洞，基于这些症状和检查结果，最可能的诊断是什么？,空洞影->诊断检查->胸部CT,0.31,诊断检查
一名56岁男性患者，患有肺痨五年，表现出咳嗽无力、声低懒言、痰中夹血、色淡红，以及午后低热、面白颧红等症状。舌嫩红有齿痕，苔薄白，脉细弱数。在这种情况下，若患者咳血、咯血较为严重，应优先采用何种中药来补络止血，进行治疗？,咳血咯血->症状->痰中夹血,0.34,症状
描述一位25岁女性患者因腹痛、腹泻便秘交替3个月就诊，并在胃肠钡餐检查中发现回盲部激惹和“钡影跳跃征象”的情况下，最可能的诊断是什么？,克罗恩病->传染性->无,0.33,传染性
一位28岁男性患者从高处坠落导致左下肢肿痛3天，伴随以下症状：左足皮温低、感觉减退、足背动脉搏动未触及、足趾冰凉、甲床青紫色；X线片显示左胫腓骨中断粉碎性骨折。请问应采取什么处理方案？,筋膜室减压->诊断检查->X线片,0.47,诊断检查
考虑到患者在生气或劳累时出现左胸前区闷痛且心电图未见异常，针对该情况最有价值的无创检查方法是什么？,左胸闷痛->诊断检查->核素心肌灌注显像,0.91,诊断检查
一位50岁女性患者，被诊断为耐青霉素G的金黄色葡萄球菌性心内膜炎，且青霉素皮试结果为阴性，既往病史包括慢性肾盂肾炎。在这种情况下，应选用哪种抗生素进行治疗？,耐青霉素G的金黄色葡萄球菌性心内膜炎->患病概率->2%,0.41,患病概率
根据患者的病情描述，特别是右锁骨上淋巴结的触诊结果、气管移位、右肺叩诊及胸液常规结果，最可能的诊断是什么？,右肺癌->诊断检查->胸液常规,0.46,诊断检查
某患者出现怕冷、乏力、很少出汗、嗜睡、动作缓慢、思维迟钝、记忆力差、头发脱落和肢体水肿的症状，实验室检查显示血清FT3和FT4降低，TSH升高，TRH兴奋试验强阳性。根据这些临床表现和实验室结果，该患者最可能患有哪种疾病？,原发性甲状腺功能减退症->诊断检查->TSH,0.32,诊断检查
患者反复发作呼吸困难、胸闷、咳嗽及咳痰，春季加重，双肺湿啰音。最适合治疗药物？,哮喘->治疗方法->药物治疗,0.42,治疗方法
一名中年女性在剧烈咳嗽后右大腿卵圆窝部位出现肿块增大、变硬并伴随剧烈疼痛，1天后采用手法还纳后，她出现持续性腹痛，并伴有明显腹肌紧张、压痛和反跳痛的症状。基于这些临床表现，最可能的诊断是什么？,股疝->并发症->肠坏死,0.32,并发症
一个62岁的男性患者，出现腹胀、右下腹部阵发性隐痛6个月，同时伴有乏力、消瘦、近3个月来贫血的症状。根据这些症状，首先应考虑的诊断是什么？,结肠癌->传染性->无,0.39,传染性
一位46岁女性有3年高血压病史，服用降压药钙拮抗剂，血压控制不满意，出现下肢乏力，尤其长时间行走时，B超检查发现右肾上腺有直径2cm的占位病变。在手术前准备期间，为改善和控制她的高血压，应首选哪种口服药物？,高血压->症状->下肢乏力,0.45,症状
一名45岁女性患者左乳头溢血性液体，并在乳晕区可以触及直径约绿豆大小的结节。针对这种乳房的临床表现，为了明确诊断，应该首先进行哪种检查？,乳腺结节->推荐食谱->燕麦粥,0.42,推荐食谱
一名56岁女性，颈部肿大20年，术后应采取什么药物处理措施？,甲状腺->治疗方法->药物治疗,0.37,治疗方法
一位50岁的女性，有30余年乙型肝炎病史，2小时前进食烧饼后突然出现呕血约800ml。查体结果显示全身皮肤、黏膜无黄染，无腹水。在这种情况下，若需要进行急诊手术，请问最佳的手术方式是什么？,门静脉高压引起的食管静脉曲张->治疗方法->贲门周围血管离断术,0.47,治疗方法
对于一个2岁的孩子，出现形体消瘦、面色萎黄、毛发稀疏、食欲不振、易发脾气、大便不调且有酸臭味、尿如米泔等症状，并体重仅10kg，舌质淡红舌苔薄白时，应首先考虑是哪种中医诊断？,疳证->症状->虚弱、营养不足,0.41,症状
72岁男性，突发心前区疼痛，含硝酸甘油不缓解，心电图ST段抬高并伴有Q波，最可能的诊断？,急性心肌梗死->诊断检查->心电图,0.31,诊断检查
对于一名52岁男性患者，伴有逐渐出现的贫血、尿色浓茶、轻度黄染但无发热或出血症状，且肝脾不肿大的情况下，应该进行哪项检查以确诊溶血性贫血？,溶血性贫血->症状->尿色浓茶,0.36,症状
对于一名20岁女性患者，面部和颈部及双上肢被火焰烧伤已7小时，面颈部肿胀明显，伴有大小不等水疱和部分腐皮脱落，创面基底红白相间且痛觉较迟钝，针对这种临床表现，宜采用哪种创面处理方法？,半暴露治疗->治疗方法->创面处理,0.43,治疗方法
一个7岁患儿，两周前患上感冒，三天前出现发热、易疲倦和脸色苍白。检查发现心率增快、心音低钝，并可闻及早搏，心电图显示P-R间期延长和ST段下移，实验室检查显示C反应蛋白增高。结合这些临床表现，该患儿最可能的临床诊断是什么？,心肌炎->诊断检查->心电图,0.47,诊断检查
一名23岁男性患者出现行走跛行、外展受限和两下肢不等长的症状，结合影像学检查，最可能的诊断是什么？,髋关节后脱位->并发症->髋关节功能障碍,0.47,并发症
根据以下病情描述和实验室检查结果：38岁女性患者反复手指关节疼痛，并伴有面色苍白和乏力症状，实验室数据显示HGB为50g/L，白细胞和血小板均正常，血清铁为5.78μmol/L，铁蛋白为150μg/L，请问最可能的诊断是什么？,慢性病贫血->推荐食谱->猪肝菠菜汤,0.41,推荐食谱
一位52岁的男性患者，身高170cm，体重80kg，有糖尿病家族史，空腹血糖为8mmol/L。针对他的情况，首选的治疗方案是什么？,空腹血糖升高->可能患有疾病->2型糖尿病,0.41,可能患有疾病
对于一名30岁男性在车祸后30分钟出现发绀、烦躁不安、呼吸困难，并伴有左侧大块胸壁软化和两肺湿啰音的症状，首要的处理措施是什么？,缺氧->治疗方法->气道开放,0.47,治疗方法
患者出现尿频、尿急、尿痛，声像图显示右肾轻度肿大，多个液性腔及钙化灶，最可能的诊断是什么？,尿路症状->可能患有疾病->肾结核,0.93,可能患有疾病
对于一位45岁女性患者，出现突发持续性中上腹痛2小时，伴向背部放射和频繁呕吐，体检发现腹部平软但有压痛和反跳痛，心电图显示心房纤颤，化验白细胞计数为15×10^9/L，针对这些症状和检查结果，哪个进一步检查最有助于确诊？,心房纤颤->可能患有疾病->肠系膜动脉栓塞,0.43,可能患有疾病
根据某患者溃疡病并发幽门梗阻且反复呕吐入院后的血气分析结果：pH值为7.49，PaCO2为6.4kPa(48mmHg)，HCO3为36mmol/L，该患者的酸碱平衡紊乱类型是什么？,溃疡病->并发症->幽门梗阻,0.38,并发症
一位5岁患儿出现全身水肿和尿量明显减少，经过尿液检查显示蛋白质（+）和红细胞20个/HP，血压为120/75 mmHg。在这种情况下，应该选择哪种治疗方法来缓解患儿的症状？,水肿->常用药品->呋塞米,0.33,常用药品
一名7岁的患儿，2周前得过猩红热，最近两天出现眼睑水肿，血压为16.0/10.7kPa(120/80mmHg)，尿常规显示蛋白++，红细胞5~8个/HP，目前水肿明显且尿量200ml/日。在护理过程中，应特别警惕发生哪种严重并发症？,急性肾小球肾炎->推荐食谱->麦片,0.32,推荐食谱
一位48岁的女性有10年上腹痛病史，近3个月症状加重。胃镜检查显示胃角溃疡，并且HP检查呈阳性。请问针对这种情况，最佳的治疗方案是什么？,幽门螺杆菌感染->常用药品->质子泵抑制剂,0.48,常用药品
一位30岁的男性患者，素有嗜食肥甘和饮酒史，出现午后和夜晚加重的发热症状，并伴有身重肢倦、头重痛、口不渴、面色淡黄、胸脘痞满，舌苔白厚腻，脉象濡缓等症状。在中医理论中，适合的治疗方法是什么？,寒湿困脾->症状->头痛,0.34,症状
根据患者症状，比如久病体弱，面色晄白，汗出畏寒，动则益甚，平时极易感冒，且舌苔薄白，脉象细弱，应该使用什么中药方剂进行调治？,气虚->治疗方法->补气固表,0.34,治疗方法
一名患者产后7天，全身疼痛，下肢尤甚，并且恶露量少，色黯夹有血块，小腹疼痛拒按，舌黯，苔白，脉弦涩。基于这些症状，应该首选什么方剂进行治疗？,产后恢复->推荐食谱->排骨汤,0.41,推荐食谱
一位32岁的女性左乳头溢液呈酱红色，并发现左乳晕旁有肿块。请问在这种情况下，目前最有诊断价值的检查方法是什么？,乳腺肿块->推荐食谱->香菇,0.45,推荐食谱
男性，30岁，出现间歇性畏寒、寒战、高热、出汗症状超过2周，10月份就诊。间歇期间无明显不适。体检结果显示体温41℃，轻度贫血貌，心率120次／min，肝脾触诊肋下肝1cm，脾2cm。化验血红蛋白结果为89g／L。基于以上信息，这位患者最可能患有什么病？,疟疾->治疗方法->抗疟药物,0.38,治疗方法
一位17岁女性患者，下颌发育不良，颏部外形欠佳，面部下1/3高度偏大，表现开5mm，覆盖8mm，Ⅱ类咬合，伴上下颌前牙拥挤、前牙开及唇侧扭转，生长发育接近完成。应采取哪些治疗措施？,下颌发育不良->治疗方法->正畸治疗,0.46,治疗方法
一位25岁的女性患者近一周出现双侧枕部中度钝痛，站立行走时头痛加重，卧床休息时头痛减轻或消失。这种头痛最可能的原因是什么？,自发性颅内低压->诊断检查->MRI,0.49,诊断检查
对于一名70岁女性急性心肌梗死患者，如果她出现急性乳头肌功能不全，心脏听诊时会出现什么体征？,急性心肌梗死->并发症->二尖瓣反流,0.31,并发症
一位25岁女性，有性生活史，停经近3个月，出现阴道少量流血，并且子宫如妊娠4个月大，软，双附件区各有5cmX5cmX3cm囊性肿物。这种情况下，应该如何诊断？,葡萄胎->症状->阴道流血、子宫大于孕周,0.49,症状
如果患者表现为经行量多如崩，经色鲜红后淡，有血块，伴有心悸气短，面色苍白，舌淡胖，舌边有瘀点瘀斑，舌苔厚，脉象弦细无力，应该选择哪种中药进行治疗？,月经过多->症状->气虚血瘀,0.45,症状
一名30岁男性，经历阵发性心悸10年，每次发作持续时间从半小时到3小时不等，此次心悸发作已持续半小时来就诊。检查显示血压为90/60mmHg，心率为200次/分钟，心律绝对规则，无杂音，肺部无异常。请问在这种情况下，最适合的治疗措施是什么？,室上性心动过速->推荐食谱->菠菜,0.39,推荐食谱
根据病史中女性患者40岁，反复10多年咳嗽并有时咳黄痰，及3天前突然咯血150毫升，结合体检和胸部X线片显示双肺下野纹理略增强，请问最可能的诊断是什么？,支气管扩张->诊断检查->胸部X线,0.33,诊断检查
一名患有7年慢性腹泻的32岁男性患者，其大便每日2～3次，常带有少量脓血。通过粪便镜检发现红、白细胞均15/HP，纤维结肠镜检查显示降结肠以下黏膜充血、假息肉形成，并有少数散在浅溃疡的情况下，最合适的初始治疗药物是什么？,溃疡性结肠炎->治疗方法->氨基水杨酸类,0.41,治疗方法
一位23岁的女性患者因突发腹痛和晕厥入院，被诊断为宫外孕大出血并接受了紧急手术。在术后第二天，患者出现进行性加深的皮肤巩膜黄疸，血清胆红素为50μmol/L，ALT为70U/L，AST为130U/L。基于上述情况，术后肝功能障碍的原因和特性是什么？,ALT、AST升高->诊断检查->肝细胞损伤,0.31,诊断检查
某女性患者婚久不孕，伴有月经先期、量少色红，头晕眼花，腰膝酸软，午后低热，性情急躁，舌质偏红，苔少，脉细数等症状，诊断其主要病证为何？,肾阴虚->推荐食谱->百合甲鱼汤,0.38,推荐食谱
28岁女性在停经70天进行人工流产术中，突然出现烦躁不安、寒战、咳嗽、呼吸困难等症状，应该首先应用哪种药物来处理这种情况？,羊水栓塞->治疗方法->肾上腺素和氧气支持,0.39,治疗方法
在患者女性17岁海鲜过敏后的这次急性发作中，若出现喘急鼻煸、张口抬肩、胸高气促、面青、汗出、肢冷、脉浮大无根的症状，应使用什么药物进行治疗？,过敏性休克->症状->面青,0.31,症状
女性，22岁。感冒发烧后出现心悸、胸闷、呼吸困难及浮肿，查体显示心律不齐，心电图显示频发室性早搏。为了进一步明确诊断，应考虑进行哪项检查？,室性早搏->可能患有疾病->心肌炎,0.34,可能患有疾病
一名53岁男性患者，近两年来出现渐进性头痛，伴随左眼球外突且移位至前下方。CT检查结果显示有关病变，最可能的诊断是什么？,额窦粘液囊肿->治疗方法->手术切除,0.31,治疗方法
一名38岁男性患者表现出脐周疼痛和间歇性腹泻持续3个月，粪便暗红色且有腥臭味。显微镜检显示大量红细胞、少量白细胞及夏-雷结晶。根据这些临床表现，最可能是哪种诊断？,阿米巴肠病->推荐食谱->菠菜,0.31,推荐食谱
根据一名24岁男性患者的临床表现，包括腰骶部疼痛伴晨僵、足趾肿痛、头皮和脐周皮疹以及双手指甲凹陷性小坑等症状，并且类风湿因子阴性，应该首先考虑什么诊断？,银屑病关节炎->传染性->无,0.32,传染性
一名30岁女性患者在外院进行右下第二磨牙治疗后，右侧口角区出现灼热不适感，随后出现成簇小水泡。根据这些症状，最可能的诊断是什么？,单纯疱疹病毒感染->传染性->无,0.46,传染性
针对一位女性患者症状为尿频、尿急、腰腹拘急疼痛3天，并伴有寒热往来、口苦呕恶、大便多天一行、小便黄、舌红苔黄腻、脉濡数的情况，应该采用哪种中药方剂进行治疗？,湿热下注->治疗科室->中医内科,0.38,治疗科室
根据8岁患儿在春节期间因上感，注射青霉素40万单位后5小时出现高热、头痛、前胸出血点、低血压的情况，诊断最可能是什么？,青霉素过敏反应->传染性->无,0.39,传染性
根据62岁男性患者头晕2个月伴言语不清和步态不稳等临床表现及脑电图结果，入院后病情迅速恶化，出现表情淡漠和肌阵挛加重等症状，您认为最可能的诊断是什么？,克雅氏病->诊断检查->脑电图,0.33,诊断检查
一名56岁男性患者，经历2个月间断无痛全程肉眼血尿，体检结果显示肾区无叩痛，尿检红细胞充满每高倍镜视野，并且静脉尿路造影显示右肾盂有充盈缺损，这些症状和检查结果最可能提示该患者患有什么疾病？,尿路上皮癌->症状->肉眼血尿,0.39,症状
对于一位50岁男性患者，他长期吸烟30年，半年前戒烟，近期出现咳嗽带血的症状。根据病史和表现，应首先进行哪种检查来鉴别诊断原因？,肺部疾病->推荐食谱->菠菜,0.47,推荐食谱
根据患者的症状和化验结果，该患者出现咽痛、鼻塞、低热、下颌淋巴结肿大，血白细胞计数偏低，请描述可能出现的与此病情相关的并发症。,传染性单核细胞增多症->并发症->继发性感染,0.96,并发症
一个8岁男孩出现头痛，CT显示松果体区有结节状稍高密度影，并出现明显增强，且侧脑室室管膜增厚。根据这些临床和影像学特征，这名男孩最可能患有什么类型的肿瘤？,生殖细胞瘤->诊断检查->头颅MRI,0.48,诊断检查
对于一位44岁的男性肝硬化患者，出现畏寒发热、全腹痛和尿量减少等症状，为了进一步治疗，应该采用哪种措施？,肝硬化->并发症->自发性细菌性腹膜炎,0.37,并发症
根据CT值为-10HU、超声显示强回声、及MRI成像特征(T1加权像略低信号，T2加权像等信号，强化不明显)，25岁男性肝右叶下段1.5cm占位的最可能诊断是什么？,CT值-10HU->症状->脂肪组织成分,0.32,症状
患者右臀和下肢出现红斑和水疱后经过治疗皮损好转，但局部仍然疼痛且检查发现有色素沉着。在舌暗红、苔白、脉弦细的情况下，哪一种中药方剂加减可以最适宜地改善该患者的症状？,血府逐瘀汤->可以治疗疾病->血瘀证,0.47,可以治疗疾病
一位24岁的男性患者出现四肢发作性抽搐，昏迷且有Babinski征阳性的症状，没有肢体瘫痪，应该选择哪种药物进行首次治疗？,癫痫发作->治疗方法->地西泮注射,0.38,治疗方法
根据以下病例描述：一名41岁女性，以长期忧郁为诱因，出现表情淡漠、神识呆钝、喃喃独语、喜怒无常、言语有头无尾、污秽不避、终日不思饮食、舌苔腻、脉象弦滑等症状，试问该病例在中医上的诊断应该是什么？,癫证->疾病描述->痰迷心窍,0.35,疾病描述
一名50岁男性，大量饮酒后出现上腹部剧烈疼痛，伴呕吐。保守治疗3天后病情恶化，并出现休克。查体显示体温38.9℃，脐周及背部可见大片青紫瘀斑，上腹腹肌紧张，腹部压痛和反跳痛明显，肠鸣音减弱。根据这些症状和体征，你首先考虑的诊断是什么？,急性重症胰腺炎->诊断检查->腹部超声检查,0.37,诊断检查
对于一名50岁的女性患者，表现为上腹部持续性疼痛伴腰背部放射12小时，有胆总管结石病史，检查发现体温38℃，腹略膨隆，上腹正中压痛，轻度肌紧张和反跳痛，移动性浊音阳性，肠鸣音减弱，血白细胞计数为20×10^9/L。请回答哪项化验结果可以提示病情严重？,血钙检测->可以治疗疾病->无（用于判断病情）,0.42,可以治疗疾病
该患者入院后经过清创，考虑到烧伤部位为头面、颈、会阴、臀部及下肢深度烧伤，局部创面应采用哪种处理方法？,深度烧伤->推荐食谱->小米粥,0.34,推荐食谱
根据某女患者，73岁，患有肺心病，出现喘促、不能平卧、心悸尿少、肢体浮肿、舌质淡胖、脉沉细的症状，应该使用什么方剂进行治疗？,心肾阳虚->症状->水湿内停,0.48,症状
对于一名35岁男性患者，患有血友病10年，近期出现发热、腹泻超过一个月，全身淋巴结肿大，CD4+/CD8+比值为0.8。在这样的情况中，可以使用哪种药物进行治疗？,血友病->症状->发热、腹泻、淋巴结肿大,0.48,症状
对于一名1岁10个月的患儿，出现发热半天及全身惊厥1次、持续10余分钟伴呕吐和意识模糊的症状，大小便正常，应进行什么检查才能有助于明确诊断？,脑膜炎->症状->意识模糊,0.48,症状
一个1岁1个月的女孩，体重7.5kg，身高73cm，以母乳喂养为主，并在9个月时开始添加稀粥。她能独立行走，会主动叫'爸爸、妈妈'。体重小于第3百分位数，身长在第5到90百分位数之间。基于这些信息，你认为该女孩最可能的诊断是什么？,体重低于3百分位->可能患有疾病->营养不良,0.48,可能患有疾病
一名20岁女性病人在外伤后出现血性脑脊液从鼻腔溢出的情况，应该采取什么措施来处理这一症状？,脑脊液外漏->患病概率->低,0.31,患病概率
一名30岁男性患者，半年前上腹部受到钝性挫伤，两个月前出现上腹部肿物，伴有呕吐但无腹痛和发热。检查发现上腹部有巨大囊性肿物且无压痛，诊断为假性胰腺囊肿。请问此次病例的最佳治疗方法是什么？,假性胰腺囊肿->治疗方法->内镜引流,0.47,治疗方法
根据患者男性，68岁，近3年来经常出现上腹部疼痛，进食后可缓解，伴有反酸，近1周上腹部疼痛加重的病史，是什么疾病最有可能是他的诊断？,十二指肠溃疡->症状->反酸,0.35,症状
3岁男孩，症状包括咳嗽重浊、痰多色白清稀、喉间痰声辘辘、纳呆，舌质淡红、苔白腻、脉滑，应该选用什么方剂进行治疗？,痰湿困肺->推荐食谱->避免辛辣食物,0.41,推荐食谱
一名45岁男性，有消化性溃疡病史，出现上腹部剧烈疼痛3小时并蔓延至全腹，呈持续性。查体发现板状腹，全腹压痛及反跳痛，肠鸣音消失。为了确诊病情，最重要需要做的检查是什么？,胃肠穿孔->推荐食谱->小米粥,0.43,推荐食谱
患者出现咽中不适，有异物感，咽之不下，咳之不出，伴胸中窒闷、呕恶、口苦等症状，舌苔黄而腻，脉滑数。这种情况下，应该使用哪种方剂进行治疗？,痰热蕴结->治疗方法->清热化痰,0.43,治疗方法
一名33岁的初孕妇，孕8周，出现心悸、夜间胸闷、心率120次/分、呼吸22次/分、心界向左扩大、心尖部舒张期杂音、肺底部湿啰音和双下肢浮肿的症状，什么是恰当的处理方案？,心功能不全->症状->胸闷,0.36,症状
根据一个54岁女性病人的情况：她反复尿频尿急4个月，并在最近3天症状加重伴有腰痛，尿检显示白细胞5～20/HP，红细胞10～25/HP，蛋白0.3g/L，夜尿增多，晨尿比重为1.010，pH值6.7，最可能的诊断是什么？,急性肾盂肾炎->传染性->无,0.31,传染性
一名40岁的女性患者，右桡骨远端疼痛已持续5个多月，并且局部有压痛。请结合其右腕关节的正侧位X光片，诊断出最可能的疾病是什么？,骨巨细胞瘤->诊断检查->X光片结果,0.35,诊断检查
一名50岁的男性患者出现了近期恶心、呕吐、发热、咳嗽症状，每日尿量约400ml，血压165/97mmHg，血红蛋白78g/L，Cr545μmol/L（6.2mg/dl），Ccrl5ml/min。为了明确诊断，该进行哪项无创影像学检查？,急性肾损伤->症状->尿量减少,0.33,症状
一位5岁患儿出现全身水肿和尿量明显减少，经过尿液检查显示蛋白质（+）和红细胞20个/HP，血压为120/75 mmHg。在这种情况下，应该选择哪种治疗方法来缓解患儿的症状？,肾小球肾炎->治疗科室->肾内科,0.48,治疗科室
一名80岁男性Ⅱ型糖尿病患者合并肺心病，长期使用磺脲类和二甲双胍治疗，近期因慢性支气管炎急性感染出现明显发绀和昏迷，应该首先考虑哪种代谢异常的发生？,乳酸酸中毒->治疗方法->输液复苏,0.37,治疗方法
患者是一名50岁肥胖男性，经常感到胸闷、憋气和胸痛，有时疼痛会放射至背部，舌质紫暗而苔薄腻，脉象弦滑。在治疗过程中，应该选择哪种中药来缓解患者的症状？,气滞血瘀->治疗方法->薤白,0.32,治疗方法
一名25岁的女性在7天前无意中发现甲状腺肿块，并在最近3天内肿块迅速增长，伴有胀痛。甲状腺核素扫描结果显示甲状腺右叶存在冷结节。根据这些信息，应如何初步诊断该患者的甲状腺病变？,冷结节->可能患有疾病->甲状腺囊腺瘤,0.46,可能患有疾病
27岁男性患者外感咳嗽，经解表宣肺治疗后仍咳嗽、咽痒，应选何方剂？,风寒外感->宜吃->苹果,0.34,宜吃
针对一名30岁妇女，结婚7年，月经不调且基础体温单相，未避孕但未妊娠，检查精液常规和输卵管造影均无异常，超声发现子宫肌瘤且体重增加，结合这些病史和症状，为确定诊断，应该使用哪一种诊断方法？,不孕症->传染性->无,0.32,传染性
28岁的男性患者曾在10岁时因右侧隐睾进行右睾牵引固定术。目前右侧阴囊肿大并伴有疼痛持续了半个月。查体发现右侧阴囊下垂，睾丸肿大如鹅卵，沉重感明显，且透光试验结果为阴性。基于这些临床表现，请问该患者的诊断是什么？,睾丸肿瘤->诊断检查->B超检查,0.31,诊断检查
15岁男性患者，4年前开始出现发作性四肢抽搐、意识不清，每次发作持续数分钟，常伴有舌咬伤。口服苯妥英钠维持治疗后，发作次数减少。数天前因故停服苯妥英钠，现患者再次发作，每次发作持续半小时以上，一天内发生多次。请问治疗癫痫持续状态的首选药物是什么？,癫痫持续状态->治疗方法->地西泮,0.31,治疗方法
15岁男性患者，4年前开始出现发作性四肢抽搐、意识不清，每次发作持续数分钟，常伴有舌咬伤。口服苯妥英钠维持治疗后，发作次数减少。数天前因故停服苯妥英钠，现患者再次发作，每次发作持续半小时以上，一天内发生多次。请问治疗癫痫持续状态的首选药物是什么？,癫痫持续状态->症状->意识不清,0.45,症状
43岁男性患者，双眼视力下降1个多月，伴有头痛、耳鸣，既往有高血压病史但药物控制良好，检查发现双眼角膜后沉着物（KP）和玻璃体混浊，视乳头水肿，眼底表现为多灶性渗出性视网膜脱离和下方大泡状视网膜脱离，该患者最可能的眼科诊断是什么？,Vogt-小柳-原田病->症状->视网膜脱离,0.47,症状
一名17岁的女性患者长期持续性出现阴道漏尿，并且可以间隔性正常排尿，B超示右肾重度积水且肾图提示右肾无功能。在这种情况下，首先应进行哪项检查以明确诊断？,逆行肾盂造影->症状->左侧肢体活动障碍,0.41,症状
一名6岁男孩患有法洛四联症，出现意识不清伴频繁抽搐、腹泻和呕吐等症状。结合病史和症状，他最可能的病因是什么？,法洛四联症->并发症->代谢性酸中毒,0.32,并发症
一名7个月大的女婴在腹泻和呕吐3到4天后入院，检查时发现有精神萎靡、面色苍灰、口唇樱红、前囟及眼窝凹陷、皮肤弹性差、心肺无异常和腹软。入院诊断为腹泻病、中度失水、代谢性酸中毒。补液后，该婴儿出现抽搐。根据临床表现，这名婴儿出现抽搐最可能是什么原因导致的？,低钙血症->症状->抽搐,0.31,症状
在CT平扫中，观察到一名40岁男性的肝脏密度大片减低，并且肝内血管清晰呈现较高密度，其分布走形规则。这种CT表现最可能提示何种肝脏病变？,肝脏病变->诊断检查->脂肪肝,0.49,诊断检查
一名30岁男性患者，头颅CT显示左小脑半球有一个3cm×4cm的囊样低密度区，并伴有壁结节，结节明显增强，四脑室受压变形及右移。根据这些影像特征，最可能的诊断是什么？,血管母细胞瘤->症状->小脑占位引起的颅压增高,0.36,症状
一个8岁男孩出现头痛，CT显示松果体区有结节状稍高密度影，并出现明显增强，且侧脑室室管膜增厚。根据这些临床和影像学特征，这名男孩最可能患有什么类型的肿瘤？,松果体区增强结节->可能患有疾病->生殖细胞瘤,0.43,可能患有疾病
一名6岁男孩患有法洛四联症，出现意识不清伴频繁抽搐、腹泻和呕吐等症状。结合病史和症状，他最可能的病因是什么？,法洛四联症->并发症->脑部缺氧,0.49,并发症
一名50岁的男性患者腰疼4个月，伴有腰2、3叩击痛，影像检查显示腰2/3椎间隙变窄，相邻骨性终板有侵蚀样骨质破坏，腰2椎体压缩呈楔形，两侧腰大肌肿胀。基于这些临床表现和影像特征，应如何诊断此病症？,腰椎结核->诊断检查->MRI,0.43,诊断检查
一名9岁男孩，颈前部肿大，按之柔软，随吞咽上下移动，诊断为气瘿，请问对此病应采用哪种中药方剂进行治疗？,气瘿->治疗方法->疏肝解郁,0.48,治疗方法
一名20岁的女性患者在劳累后出现畏寒、高热和右胸痛。体检显示急性病容，口周有疱疹，右肺中下部分闻及管性呼吸音。根据这些临床表现，最可能引起她右肺炎的病原体是什么？,克雷白杆菌->可能患有疾病->肺炎,0.38,可能患有疾病
58岁男性，咳嗽带血，骨蒸盗汗，腰酸，舌红少苔，脉细数。应选用中药方剂？,阴虚火旺->治疗方法->百合固金汤,0.39,治疗方法
一位27岁男性患者有2年发作性神志丧失和四肢抽搐的病史，今天凌晨发作后意识一直未恢复，来院后又出现了一次四肢抽搐。为控制发作后的维持治疗，应该首选哪种药物？,癫痫持续状态->传染性->无,0.49,传染性
一名20岁的外地男性学生，在广州入院时有高热3天，抽搐、意识障碍1天的病史，体检发现体温40℃，呼吸30次每分，颈抵抗，阳性病理神经反射，四肢肌张力增高，外周血白细胞计数为20×10^9/L，中性粒细胞比例为92％，尿蛋白呈阳性。为了明确诊断，最重要的检查是什么？,中枢神经感染->治疗方法->腰椎穿刺,0.46,治疗方法
一位70岁男性患者，症状包括神志恍惚、谵妄、烦躁不安、撮空理线、嗜睡、昏迷、肢体瞤动抽搐、咳逆喘促、痰鸣，舌质暗红或淡紫、苔白腻、脉细数，依据上述症状，治疗的首选方案是什么？,风痫->常用药品->涤痰汤,0.49,常用药品
一位39岁的女性曾因胎盘早剥大出血导致休克，经过抢救后成功脱险，但产后闭经已有3年，现在伴有生殖器萎缩、脱发和全身无力等症状。根据这些临床表现，她的闭经属于哪一种类型的闭经？,Sheehan综合征->症状->生殖器萎缩,0.44,症状
对于一名出现头晕、气短、畏风自汗、大便质烂、脱肛症状的60岁女性患者，应该选用哪种中成药进行治疗？,气虚->症状->头晕,0.31,症状
对于一位男性患者，25岁，近期发现有贫血但无明显自觉症状，体检发现浅表淋巴结不大，脾肋下4cm，血红蛋白80g/L，红细胞3×10^12/L，红细胞渗透脆性试验减低，且其母有贫血病史，你认为应该做哪项检查来确诊？,遗传性球形红细胞增多症->症状->慢性溶血性贫血,0.41,症状
一位40岁的女性患者，20年前因甲状腺功能亢进接受了甲状腺大部切除术，术后恢复良好。她在10年前经历过产后大出血。目前，她因坏疽性阑尾炎接受了阑尾切除术。请问，这位患者术后可能出现的并发症是什么？,阑尾切除术->并发症->腹腔感染,0.91,并发症
一名62岁的男性患者佩戴可摘局部义齿1个月后，咀嚼时经常咬到颊黏膜。考虑到患者的下颌舌侧第一磨牙至磨牙后垫区有压痛现象，导致患者咬颊黏膜的具体原因是什么？,义齿不稳定->症状->咬颊黏膜,0.33,症状
一名4岁女孩，右侧颈部发现无热无痛的包块约两个月，CT检查结果显示如图所示。根据这些信息，包块最可能的诊断是什么？,儿童颈部包块->诊断检查->CT检查,0.39,诊断检查
通过检查，一名患者的呼吸模式表现为由浅慢逐渐变深快，然后由深快转为浅慢，随之出现短时暂停，并不断循环此模式。这种呼吸模式应如何诊断？,切尼-施托克斯呼吸->疾病描述->心力衰竭,0.42,疾病描述
针对一位成年男性，他有三个月来双下肢无力麻木逐渐加重，背后疼痛且咳嗽时加剧的症状。检查显示左半侧T8以下痛温觉消失，右下肢肌力3级，腱反射亢进，Babinski征阳性，同时右下肢足趾振动觉和位置觉消失。根据这些临床表现，最可能的诊断是位于什么位置的脊髓病变？,脊髓病变->诊断->右侧脊髓损伤T8水平,0.32,可能患有疾病
一名30岁男性患者出现左肺萎缩60%、第9、10肋骨骨折和脾破裂，且血压为90/60 mmHg，脉搏为100次/分钟。在这种情况下，首要的处理措施是什么？,左肺萎缩->症状->低血压,0.41,症状
对于出现持续发热和口腔溃疡的1岁女患儿，检查发现口腔黏膜充血水肿以及形成透明水泡和溃疡，哪种治疗措施不宜用于此病？,疱疹性口腔炎->常用药品->阿昔洛韦,0.37,常用药品
一名55岁男性患者，出现右上腹痛2个月，伴有皮肤和巩膜黄染15天，并进行性加重，查体显示胆囊肿大，超声提示肝内胆管扩张且胆囊肿大，在胰腺平面以上肝外胆管扩张但胰头及胰管无明显异常的情况下，最可能观察到的影像学征象是什么？,肝门部胆管癌->症状->巩膜黄染,0.41,症状
针对46岁女性患者表现出的口渴、小便频数、下半身冷感、腰痛脚软、舌淡胖苔薄白、脉沉弦等症状，应选用哪种中药进行治疗？,金匮肾气丸->治疗方法->温补肾阳,0.35,治疗方法
一名8岁的患者皮肤出现瘀斑瘀点2周，双下肢对称分布，斑色淡红，压之不退色，伴有神疲乏力、气短懒言、大便稀溏，舌淡苔薄白，脉细弱。根据这些症状，应该采用什么治疗方法？,脾虚->推荐食谱->莲子炖鸡,0.31,推荐食谱
在妊娠14周进行钳刮术时，破膜后患者出现烦躁、寒战、咳嗽、呼吸心率加快，血压轻度下降的情况时，应急救措施是什么？,羊水栓塞->治疗方法->补液治疗,0.41,治疗方法
足月女婴出生6小时全身黄染橘色，哭闹不安，尿色黄，舌红苔黄腻，指纹紫滞。中医治法？,湿热内阻->推荐食谱->海参粥,0.32,推荐食谱
一个患者常在劳累之后出现低热，并伴有头晕乏力、气短懒言、食少纳呆、大便溏薄的症状，舌淡苔白，脉弱。根据这些症状特征，应该采用什么治法？,脾虚气陷->推荐食谱->百合莲子粥,0.43,推荐食谱
肝硬化患者因腹泻发生昏迷，其血钾水平测得为2mmol/L，应该选用哪种药物进行治疗？,低钾血症->传染性->无,0.37,传染性
一名20岁未婚女性患者，出现经行鼻衄已经3年，鼻血量较多，呈红色，伴随月经周期提前，经量偏少。患者在月经第2天出现鼻衄，情绪波动会影响出血量，舌质红，脉象细弦。根据这些症状，针对她的病情应选择哪种中药方剂进行治疗，并且加哪味药以达到最佳疗效？,经行鼻衄->治疗科室->中医妇科,0.31,治疗科室
患者肛门肿痛，皮色暗红，化脓时间长，溃后脓液稀薄，创口难愈合，伴有午后潮热、心烦口干，舌质红，苔少，脉象细数，应选择什么方剂进行治疗？,阴虚内热->症状->脉象细数、舌质红,0.32,症状
一名25岁女性患者持续性无尿1周，并有严重外伤史。从症状及病史分析，结合相关图像，最可能的诊断是什么？,创伤性横纹肌溶解症->疾病描述->横纹肌溶解导致的急性肾衰竭,0.33,疾病描述
一位25岁的女性患者近一周出现双侧枕部中度钝痛，站立行走时头痛加重，卧床休息时头痛减轻或消失。这种头痛最可能的原因是什么？,自发性颅内低压->症状->体位性头痛,0.42,症状
26岁初产妇在产后第4天出现发热、双乳胀痛，体温为38.2℃，双乳出现红肿、血管淋巴充盈和硬结。此时应做何种治疗？,乳汁淤积->治疗科室->妇科,0.36,治疗科室
一名50岁男性患者，1周前突然发生脑血管意外，3日前开始呕血约500ml并伴有黑便，且过去无胃病与肝炎史。根据这些症状，最可能的诊断是什么？,呕血->可能患有疾病->上消化道出血,0.37,可能患有疾病
根据发作性意识丧失和脑电图显示3Hz棘一慢波的症状，智力基本正常的6岁女童，应该选择哪种药物进行治疗？,失神癫痫->治疗方法->药物治疗,0.41,治疗方法
患者在牙齿拔除后进行烤瓷修复，戴修复体1个月后出现食物嵌塞且牙龈易出血。经过检查，修复体无松动且边缘密合。导致此问题的最可能原因是什么？,修复体设计问题 -> 常用药品 -> 消炎药,0.48,常用药品
8岁女孩因左耳垂下肿痛、发热伴腹痛、呕吐入院，体温39℃，左侧腮腺有压痛，存在左上腹部轻压痛。为了确诊，应进行何种辅助检查？,流行性腮腺炎->检查疾病->血清脂肪酶检测,0.43,诊断检查
一名8岁男孩，左下后牙有洞，冷热刺激痛持续1年，疼痛在最近4天加重，尤其是昨晚，导致无法入眠。根据这些症状，最可能的牙科诊断是什么？,慢性牙髓炎->治疗科室->牙科,0.47,治疗科室
一名39岁女性患者，因右上腹疼痛1天就诊。体检显示巩膜黄染，体温39.5℃，右上腹压痛并伴有轻度肌紧张。B超检查发现胆管轻度扩张且胆管内有结石。如果不及时治疗，该患者最可能出现什么严重并发症？,胆管结石->可能患有疾病->急性胆管炎,0.32,可能患有疾病
一位65岁的女性，患有冠心病和下壁心肌梗死，10年前因三度房室传导阻滞植入了VVI起搏器，起搏频率设定为72次/分。当前需要采取什么治疗措施？,三度房室传导阻滞->治疗方法->起搏器植入,0.49,治疗方法
一个38岁的男性在4小时前从6米高处跌落，左腰部撞击石块，出现左腰部疼痛和轻微压痛，并且尿常规检查显示红细胞阳性。血压正常。根据这些症状和检查结果，最可能的诊断是什么？,肾脏损伤->诊断检查->CT扫描,0.31,诊断检查
初产妇，27岁，妊娠2个月，出现反复恶心呕吐和食欲不振，并伴有偶尔咖啡渣样呕吐物，近2天出现视物模糊和乏力。这种症状最可能提示哪种疾病的发生？,妊娠剧吐->并发症->Mallory-Weiss综合征,0.46,并发症
42岁女性患者，症状包括厌食、乏力、肝区痛5天伴随尿色加深，检查结果显示ALT 400U，总胆红素50μmol/L，确诊为急性黄疸型病毒性肝炎。在这种情况下，最主要的治疗措施应该是什么？,急性黄疸型病毒性肝炎->治疗方法->休息和营养支持,0.38,治疗方法
根据患者因车祸头部受伤后出现的症状，如左侧瞳孔散大、对光反应消失、右侧肢体瘫痪等，结合病情进展过程，推断患者最可能出现什么类型的脑部病情变化？,颞叶疝->症状->瞳孔反射消失,0.37,症状
根据一位服用阿司匹林的56岁女性患者，最近10余天间断上腹部隐痛或不适，并且昨天出现两次黑便的症状，试分析最可能导致她消化道出血的病因是什么？,阿司匹林->可以治疗疾病->胃溃疡,0.46,可以治疗疾病
根据患者表现出的频繁呕吐、前囟饱满、高热、多次抽搐、颅缝增大、肌张力增高或偏瘫等症状，结合硬脑膜下穿刺流出清液的结果，该患儿最可能被诊断为何种疾病？,脑室膜炎 -> 疾病描述 -> 脑脊液清亮、颅内压增高,0.41,疾病描述
一名5岁女孩体格发育落后，自幼啼哭时唇面青紫，喜蹲踞，近2年活动后出现心悸、气促，并伴有明显发绀。体检无明显杵状指，血压90/60mmHg，胸骨左缘2～3肋间有3/6级收缩期杂音伴收缩期震颤，P2减弱且有单一感。EKG示电轴右偏，RV120mm。胸片显示靴形心，心腰凹陷，心尖上翘且肺纹理稀少。根据以上信息，最可能的心脏病诊断是什么？,法洛四联症->诊断检查->心电图,0.43,诊断检查
一位30岁的女性患者表现出失眠多梦、易惊醒、胆怯心悸、遇事善惊、气短乏力、舌淡、脉弦细的症状，针对这些症状，应该选择哪种中药方剂进行治疗？,失眠多梦->症状->脉弦细,0.32,症状
一名33岁的初孕妇，孕8周，出现心悸、夜间胸闷、心率120次/分、呼吸22次/分、心界向左扩大、心尖部舒张期杂音、肺底部湿啰音和双下肢浮肿的症状，什么是恰当的处理方案？,心脏超声检查->诊断检查->二尖瓣狭窄,0.36,诊断检查
根据患者曾某，女，53岁的症状：脘腹胀满疼痛，不思饮食，四肢倦怠，舌苔自腻，脉沉弦，应该选用哪种传统中药方剂进行治疗？,厚朴温中汤->治疗科室->中医内科,0.46,治疗科室
一名1岁患儿腹泻伴中度脱水和酸中毒，经过补液及纠正酸中毒的治疗后出现腹胀、心音低钝和四肢腱反射减弱，这个患儿最可能出现了什么并发症？,补液治疗后->并发症->低钾血症,0.96,并发症
根据病史中女性患者40岁，反复10多年咳嗽并有时咳黄痰，及3天前突然咯血150毫升，结合体检和胸部X线片显示双肺下野纹理略增强，请问最可能的诊断是什么？,支气管扩张->治疗科室->外科,0.34,治疗科室
一位42岁的女性患者甲状腺部位疼痛并出现结节，血沉加速，甲状腺摄131I率明显下降，经泼尼松治疗后，临床症状迅速消失。这种情况最可能诊断为何种甲状腺疾病？,亚急性甲状腺炎->诊断检查->131I摄取率检测,0.38,诊断检查
一名7岁男性儿童从货车上跌下，出现逐渐加重的呼吸困难，查体显示颜面发绀、吸气性呼吸困难，颈上胸部有皮下气肿，气管向左移位，右侧呼吸音消失。在这种情况下，最适当的急救措施是什么？,呼吸困难->症状->颜面发绀,0.49,症状
一名57岁男性患者，患有慢性肝炎超过8年，目前症状为右胁下出现质地稍硬且固定不移的积块，按压时感到胀痛，伴有形体消瘦、食欲减退、面色晦暗、舌质暗以及脉细涩。根据这些症状，应选用哪种方剂进行治疗？,肝硬化->可能患有疾病->肝癌,0.48,可能患有疾病
一位38岁的男性患者，居住在沿海地区，腰背部疼痛已超过半年。根据提供的影像资料，他最可能被诊断为什么疾病？,氟骨症->易患人群->高氟地区居民,0.39,易患人群
一位36岁的女性患者最近出现不规则阴道出血，月经量增多，阴道排液增多并有恶臭，针对这种情况，应该进行什么检查来明确诊断？,不规则阴道出血->症状->子宫内膜病变,0.31,症状
一名52岁的男性患者，近2个月来出现排便次数增多、肛门坠胀感、排便不尽感、粪便变细，并常有粘液血便，体重下降。直肠指诊发现肿块，病理检查证实为直肠腺癌，肿瘤下缘距肛门约10厘米，肿块直径约4厘米。针对这种情况，最佳的手术方式是什么？,直肠腺癌->治疗方法->腹会阴联合切除术,0.91,治疗方法
一名10岁的男性患有急性淋巴细胞性白血病，并出现双侧视物模糊。检查发现双侧视神经扩大、隆起，伴有出血和棉絮斑，提示急性白血病性视神经浸润。在这种情况下，应采取哪种紧急治疗方案以挽救视力？,急性白血病->治疗方法->化疗、糖皮质激素、局部放疗,0.97,治疗方法
一名26岁女性患者，自觉进食时牙龈易出血已有5个月，牙龈呈鲜红色且高度水肿、肥大，并且有龈袋形成和牙石。该患者已怀孕5个月。根据这些症状，最有可能的诊断是什么？,妊娠期龈炎->诊断检查->牙周检查,0.33,诊断检查
对于一名表现为腹痛便秘，脐下绞结，绕脐不止，手足不温，舌苔白不渴，脉沉弦而迟的患者，应该采用什么方剂进行治疗？,寒积->治疗方法->温阳通便,0.32,治疗方法
一名30岁女性患者出现体重增加并伴有月经紊乱2年。体检时发现血压170/110mmHg，心率76次/分；有满月脸、水牛背、皮肤菲薄及腹部紫纹的症状。根据这些临床表现，最可能的诊断是什么？,体重增加->症状->满月脸,0.45,症状
针对46岁女性患者表现出的口渴、小便频数、下半身冷感、腰痛脚软、舌淡胖苔薄白、脉沉弦等症状，应选用哪种中药进行治疗？,肾阳虚->症状->小便频数,0.44,症状
外感风寒患者误用泻下剂后出现发热头痛、汗出恶风、鼻鸣微喘、舌苔薄白、脉沉缓的症状时，应选择哪种治疗方剂？,外感风寒->治疗方剂->桂枝加厚朴杏子汤,0.49,常用药品
26岁男性，右下颌区肿块超过4个月，抗感染治疗无效，穿刺出黏稠液体，口腔内部无异常，最可能的诊断是什么？,右下颌肿块->诊断->颌下腺囊肿,0.45,可能患有疾病
郭女士，45岁，出现吞咽困难、胸膈疼痛等一系列症状，病情加重后表现为食物无法下咽而反吐，甚至水饮难下，大便干燥如羊屎，或吐出物如赤豆汁，面色晦滞，形体更为消瘦，肌肤枯燥，舌红少津带青紫，脉细涩。根据这些症状，应该选用哪种中药方来进行治疗？,吞咽困难->治疗方剂->通幽汤,0.41,常用药品
"陈某, 男, 65岁, 长期咳喘且冬季病情加重，痰多为白色，胸闷，腰膝酸冷，活动时感心悸伴随出汗，舌苔白腻且舌体略胖，脉沉细滑。请根据这些症状描述判断其病机是什么？",上实下虚->症状->痰湿内盛,0.41,症状
针对一位成年男性，他有三个月来双下肢无力麻木逐渐加重，背后疼痛且咳嗽时加剧的症状。检查显示左半侧T8以下痛温觉消失，右下肢肌力3级，腱反射亢进，Babinski征阳性，同时右下肢足趾振动觉和位置觉消失。根据这些临床表现，最可能的诊断是位于什么位置的脊髓病变？,脊髓病变->诊断->T8脊髓损伤右侧,0.31,可能患有疾病
一名45岁男性，诊断为风湿性心脏病导致的二尖瓣病变5年，房颤持续半年。为了纠正房颤，该患者在出院后应持续维持治疗多长时间？,房颤->治疗方法->抗凝治疗,0.37,治疗方法
一名48岁男性患者，腘窝上方持续性钝痛2年，且疼痛加重，以往‘结核’治疗无效，体检显示腘窝上方有肿胀和局部压痛，实验室检查正常。请问根据提供的图像，导致这种症状的最可能病因是什么？,神经纤维瘤->诊断检查->MRI,0.31,诊断检查
一名20岁男性患者，颏下皮肤内有一个无痛性肿块缓慢生长了7年。检查该肿块发现它是圆形的，表面皮肤光滑，没有与皮肤及周围组织粘连，触诊时感觉坚韧而有弹性，穿刺后抽出乳白色豆腐渣样分泌物。根据这些特点，这个肿块最可能的诊断是什么？,皮脂腺囊肿->治疗方法->手术切除,0.32,治疗方法
一名20岁男性，出现全身水肿半个月，最近呼吸困难和尿量减少，血压升高至170/120mmHg，并伴随全身高度水肿以及右侧胸腔及腹腔积液。经诊断为肾病综合征，请问此患者首先应使用哪种药物进行治疗？,全身水肿->可能患有疾病->肾病综合征,0.36,可能患有疾病
根据一名4岁女孩的临床表现：面色苍白持续6个月并加重1个月，低热及皮肤瘀点持续3周，补血药物无效治疗史，以及结合血常规和骨髓检查结果，最可能的诊断是什么？,骨髓增生异常综合征->治疗科室->血液科,0.47,治疗科室
一位19岁的女大学生来自山区，在城市上学时不能面对马路上的汽车，感到强烈恐惧并担心汽车会撞到自己，最佳的心理治疗方法是什么？,特定情境恐惧症->治疗科室->精神科,0.31,治疗科室
对于一名30岁的男性患者，他出现恶寒发热、咳嗽气喘，并伴有眼睑浮肿，随后四肢及全身皆迅速出现浮肿，还感到肢体关节酸楚，舌苔薄白，脉象紧。在此情况下，应该选择哪种中药配伍？,水湿->症状->全身浮肿,0.31,症状
根据一名4岁女孩的临床表现：面色苍白持续6个月并加重1个月，低热及皮肤瘀点持续3周，补血药物无效治疗史，以及结合血常规和骨髓检查结果，最可能的诊断是什么？,皮肤瘀点->可能患有疾病->骨髓增生异常综合征,0.87,可能患有疾病
一名15岁男性患者在睡眠中突发阴囊疼痛，查体发现右侧睾丸稍大，位置在阴囊上方，明显触痛，彩色多普勒超声检查显示右睾丸血流明显减少。根据这些症状和检查结果，最可能的疾病是什么？,睾丸扭转->检查->彩色多普勒超声,0.47,诊断检查
24岁已婚女性患者产后4周出现恶露不断，伴有量多、色淡红、小腹空坠等症状。结合中医辨证治疗原则，应采用哪种汤剂作为首选治疗方剂？,产后恶露不断->治疗方法->药物治疗,0.38,治疗方法
患者出现四肢厥逆、恶寒蜷卧、神疲欲寐、面色苍白、腹痛下利、呕吐不渴等症状，舌苔白滑，脉微细，根据上述症状，最适合的治疗方剂是什么？,阳虚寒盛->推荐食谱->红枣,0.32,推荐食谱
一位45岁的女性患者，出现明显腹胀，伴有呼吸困难且无法平卧。查体发现呼吸频率为24次/分，心率为110次/分，双肺未见啰音，但腹部显著膨隆并伴有液波震颤，肝脏未能触及，脾脏位于左肋下5.0厘米。针对这种情况下，哪种治疗方法是最适宜的？,腹水->患病概率->5%,0.45,患病概率
一名30岁男性患者，半年前上腹部受到钝性挫伤，两个月前出现上腹部肿物，伴有呕吐但无腹痛和发热。检查发现上腹部有巨大囊性肿物且无压痛，诊断为假性胰腺囊肿。请问此次病例的最佳治疗方法是什么？,囊性肿物->诊断检查->腹部CT,0.44,诊断检查
一名20岁女性患者反复出现牙龈出血和月经量增多1年半，伴有轻度贫血，检查发现血小板低至30×10^9/L，出血时间延长但凝血时间正常，骨髓增生明显活跃且红系占30%，巨核细胞明显增多，同时骨髓内外铁减少。基于这些临床和检验结果，确定该患者的诊断。,缺铁性贫血->诊断检查->血清铁水平,0.43,诊断检查
一名7岁男性儿童从货车上跌下，出现逐渐加重的呼吸困难，查体显示颜面发绀、吸气性呼吸困难，颈上胸部有皮下气肿，气管向左移位，右侧呼吸音消失。在这种情况下，最适当的急救措施是什么？,张力性气胸->并发症->气管移位,0.36,并发症
一名中年男性出现腰痛、尿频、尿急，CT检查显示右肾上极有一个直径约5厘米的略低密度占位，边缘模糊并呈现环形强化，邻近肾周围有积液。这种情况下，应首先诊断为什么？,肾周围有积液->可能患有疾病->肾脓肿,0.94,可能患有疾病
某患者患肺炎多年，现症状包括咳声频剧、咳痰不爽、咽干口渴、头痛、鼻塞，舌质红，苔黄，脉浮数。根据这些症状，应选择何种药物治疗方案？,银翘散->症状->咳嗽咳痰,0.31,症状
对于一名29岁的已婚女性，孕2产1，剖宫产术后7个月并处于哺乳期，未避孕且未转经，最近2个月出现恶心呕吐和阴道淋漓出血7天的情况，体检显示宫颈着色，宫体前倾，大小相当于12周，极软，活动度好，尿HCG呈阳性，B超显示子宫增大且后壁有绒毛。患者要求终止妊娠，在这种情况下，可以采用哪种终止妊娠的方法？,子宫增大->可能患有疾病->葡萄胎,0.44,可能患有疾病
根据临床表现：一名30岁女性，阴道不规则流血持续20天，并伴有咳嗽症状。半年前曾进行人工流产，术后吸出物中看到绒毛组织。妇科检查发现子宫大小如40天妊娠，质地柔软，且双侧附件区各有约5cm的囊性包块。胸部X光显示双侧中下野多发棉球状阴影。请指出此患者最可能的诊断。,阴道不规则流血->症状->绒毛膜癌,0.45,症状
请根据以下症状描述，指出最可能的诊断是什么：8岁患儿，持续4周水肿、少尿，体检显示血压反复在130～140／90～98 mmHg之间，眼睑水肿无法睁开，腹水征阳性，尿蛋白(+++)，尿红细胞每高倍视野12个，血白蛋白15g／L，血胆固醇6.5 mmol／L。,眼睑水肿->可能患有疾病->急性肾小球肾炎,0.41,可能患有疾病
针对有先天性心脏病史的3岁女孩，出现不规则发热、头痛3周、偶伴呕吐、右Barbinski征阳性及血WBC 18×10^9/L，N 0.86，L 0.14的情况，除了原有心脏体征及扁桃体Ⅱ度肿大伴黄白色渗出外，最可能合并什么疾病？,脑脓肿->检查疾病->头颅CT扫描,0.47,诊断检查
根据CT影像结果和患者的一年余右侧腰、腹部偶尔不适症状，请描述该患者右肾的最可能诊断。,右肾囊肿->症状->右侧腰部隐痛,0.41,症状
一个8岁的男孩发烧到39℃，接着出现右下腹疼痛和每天3到4次腹泻。体检显示脐部轻压痛，腹部柔软且无反跳痛。在这种情况下，你首先应该考虑哪种疾病的可能性？,耶尔森氏菌感染->症状->腹泻,0.44,症状
30岁男性，间断性上腹痛3年，呕血400毫升，排黑便4次，头晕心悸，HBsAg阳性，最可能的诊断？,消化性溃疡->诊断检查->胃镜检查,0.34,诊断检查
一名48岁女性患者在车祸中导致右胫腓骨骨折，并在外固定术后两年进行复查。请根据复查结果描述最可能的诊断是什么？,假关节->症状->活动障碍,0.44,症状
一名1岁的幼儿母乳喂养，近期莫名哭闹，并且其母亲出现全身瘙痒且夜间加重的症状。经检查，患儿母亲被确诊为疥疮，幼儿下腹部出现较多针尖大小的红色丘疹。在这种情况下，应该为此患儿使用哪种治疗方案？,疥疮->治疗方法->外用苯甲酸苄酯,0.33,治疗方法
一个生后8天的男婴因皮肤黄染伴发热和拒乳入院。体检发现其皮肤明显黄染，肝脾肿大和脐部少量渗液伴脐周红肿。在此情况下，哪种检查方法最有助于确诊感染病因？,肝脾肿大->可能患有疾病->新生儿败血症,0.46,可能患有疾病
一个男性患者表现为全身水肿，皮肤绷紧光亮，伴有胸脘痞闷、烦热口渴，经过治疗略有好转但水肿反复发作，同时口咽干燥、大便干结，舌红少苔，脉象细弦数。针对这种情况，应使用何种中药方剂进行治疗？,水肿->推荐食谱->百合甲鱼汤,0.34,推荐食谱
某少女出现月经停止半年，同时伴有神疲肢倦、心悸气短、面色淡黄等症状，舌象为淡胖有齿痕、苔白腻，脉象缓弱。根据这些临床表现，应使用哪种中药方剂进行治疗？,月经不调 -> 推荐食谱 -> 红枣,0.46,推荐食谱
一名55岁男性，右小腿肿痛3天，体温38℃。查体显示右小腿片状红肿，鲜红色，中央较淡，边缘稍隆起，与正常皮肤界限清楚，指压可使红色消退，压力除去后红色很快恢复。根据这些临床表现，最可能的诊断是什么？,右小腿肿痛->症状->丹毒,0.46,症状
"16岁未婚女患者, 以往月经规律, 因夏季过食冷饮导致末次月经过期10余日才来，并伴有小腹绵绵作痛和便溏的症状，请问此病例的诊断是什么？",寒湿困脾->症状->月经不调,0.46,症状
一名居住在海拔1478米的8岁男孩体检显示：血红蛋白(Hb) 120g/L，平均血红蛋白量(MCH) 27pg/L，平均红细胞体积(MCV) 79fl，平均红细胞血红蛋白浓度(MCHC) 30%，血清铁蛋白11ug/L，红细胞游离原卟啉0.8umol/L。根据这些数据，如何评估该男孩的健康状况？,血清铁蛋白低->可能患有疾病->缺铁性贫血,0.31,可能患有疾病
患者庄某出现头痛恶寒、身重疼痛、面色淡黄、胸闷、舌苔白等症状，午后身热，但口不渴，此时应选择哪一种中药方剂进行治疗？,湿热初起->常用药品->四君子汤,0.43,常用药品
在体检中，患者发现右眼球外展位、不能内收并上下视困难，左侧肢体肌力减弱和出现左倾Babinski征阳性，这些症状指向哪种综合征的诊断？,动眼神经麻痹->症状->眼球内收障碍,0.38,症状
一位32岁怀孕2个月的女性，因近日工作劳累而出现阴道少量出血，色淡质稀，伴有腰酸、小腹坠痛、精神倦怠、气短懒言，舌淡、苔薄，脉缓滑等症状。针对这些症状，治疗应选择哪个方剂？,气虚->推荐食谱->枸杞,0.43,推荐食谱
患者李某，72岁，症状包括头晕目眩、耳鸣、记忆力差等，舌质淡红体胖大，苔薄白，脉沉弦无力。结合这些症状和舌脉表现，适合的治疗方法是什么？,肝肾阴虚->治疗方法->药物治疗,0.35,药物治疗
一名40岁的女性患者，右桡骨远端疼痛已持续5个多月，并且局部有压痛。请结合其右腕关节的正侧位X光片，诊断出最可能的疾病是什么？,骨巨细胞瘤->症状->局部压痛,0.46,症状
一位70岁女性，表现为双手远端指间关节肿痛，以一侧凸出较明显，血沉（ESR）为15mm/h，C反应蛋白（CRP）为5mg/L，类风湿因子（RF）为阴性。根据这些症状，患者最可能被诊断为何种疾病？,骨关节炎->传染性->无,0.42,传染性
一位12岁的女孩出现低热和关节疼痛半个月，检查发现其左肘关节附近外侧肱骨骨骺端有硬质无压痛的小结节，该结节与皮肤不粘连且在皮肤绷紧时容易发现，这种皮下结节最有可能是什么？,风湿性结节->症状->风湿热,0.31,症状
根据一名52岁女性左小腿肿胀两年余，活动后稍加重，不痛不热的症状，以及所提供的图像，最可能的诊断是什么？,淋巴水肿->诊断检查->超声检查,0.49,诊断检查
某患者患肺炎多年，现症状包括咳声频剧、咳痰不爽、咽干口渴、头痛、鼻塞，舌质红，苔黄，脉浮数。根据这些症状，应选择何种药物治疗方案？,疏风清热->治疗方法->药物治疗,0.49,治疗方法
对于一位25岁已婚妇女，尚未生育，停经2.5个月伴少量阴道出血3天，医生检查发现她的子宫大小明显超出停经月份，请问针对这种病人的下一步治疗方法是什么？,葡萄胎->治疗方法->化疗,0.31,治疗方法
一位25岁的女性患者甲状腺肿大，边缘不清，质软无痛，肿块随吞咽上下移动，情绪波动亦影响其大小，治疗时首选哪个方剂？,甲状腺肿大->症状->肿块随吞咽上下移动,0.39,症状
一名57岁男性患者，患有慢性肝炎超过8年，目前症状为右胁下出现质地稍硬且固定不移的积块，按压时感到胀痛，伴有形体消瘦、食欲减退、面色晦暗、舌质暗以及脉细涩。根据这些症状，应选用哪种方剂进行治疗？,六君子汤->治疗方法->补气健脾,0.32,治疗方法
患者有癫病史，表现为神志恍惚、躁动不寐、多言善惊、口舌干燥、纳少，舌红少苔，脉沉细数，治疗上应该采用什么方法？,气阴两虚->治疗方法->生脉散,0.41,治疗方法
对于一位左眼被铁屑崩伤2小时且角膜缘处结膜有2cm伤口的22岁男性患者，眼部检查未发现明显异物，下一步应该进行什么检查来排除眼内潜在异物？,眼外伤->可能患有疾病->眼内异物,0.41,可能患有疾病
一名51岁男性，有7年溃疡病史，半年来持续上腹隐痛，进食后加重。钡餐检查显示胃粘膜增粗，胃窦部见0.3cm×0.3cm龛影，胃蠕动正常。根据这些临床表现和检查结果，最可能的诊断是什么？,胃溃疡->诊断检查->钡餐检查,0.49,诊断检查
一位48岁的女性患者，近一年常出现午后潮热和五心烦热，近两个月心悸且思虑过度，服用安定片后可缓解。她有心悸易惊、头晕耳鸣、易怒、口燥咽干等症状，舌红苔少而干，脉细数。针对这些症状，应选择哪种中药方剂进行治疗？,心肝肾阴虚->治疗方法->药物治疗,0.43,治疗方法
中医诊断中，头摇肢颤、口干苦、舌红苔黄腻、脉沉滑，应选择哪个方剂？,头摇肢颤->可能患有疾病->肝风内动,0.35,可能患有疾病
一名70岁男性患者住院两周后持续出现大量蛋白尿，为明确诊断，哪项检查最有意义？,大量蛋白尿->传染性->无,0.39,传染性
"对于28岁的女性患者, G1P0，患有原发痛经，子宫如孕6周大小，左卵巢有6cm大小的子宫内膜异位囊肿并伴有粘连，最佳的治疗方案是什么？",卵巢囊肿->传染性->无,0.35,传染性
一位28岁男性患者从高处坠落导致左下肢肿痛3天，伴随以下症状：左足皮温低、感觉减退、足背动脉搏动未触及、足趾冰凉、甲床青紫色；X线片显示左胫腓骨中断粉碎性骨折。请问应采取什么处理方案？,筋膜室减压->治疗方法->减压手术,0.37,治疗方法
在CT平扫中，观察到一名40岁男性的肝脏密度大片减低，并且肝内血管清晰呈现较高密度，其分布走形规则。这种CT表现最可能提示何种肝脏病变？,肝脏病变->可能患有疾病->肝硬化,0.32,可能患有疾病
一位32岁的女性患者出现1个月的低热、盗汗和腹胀，并伴有阵发性腹部绞痛以及停止排气和排便10小时。根据这些症状，针对确定疾病的诊断，目前应进行哪种首选检查？,急性肠梗阻->推荐食谱->米汤,0.48,推荐食谱
一名55岁男性患者出现左胸痛2个月，胸闷气短逐渐加重，并伴有消瘦。胸片显示左侧大量胸腔积液，CT显示广泛胸膜增厚及左侧胸膜凹凸不平，可见胸膜结节影。根据这些临床表现，该患者最可能与哪种职业相关疾病有关？,胸膜间皮瘤->症状->胸腔积液,0.39,症状
"许某, 男性, 79岁, 中风后言语不利, 善忘, 表情迟钝, 面色黎黑, 唇甲紫暗, 舌质, 脉涩。针对他的症状，应该选择哪种治疗方法？",中风后遗症->推荐食谱->米粥,0.48,推荐食谱
一名38岁女性患者，症状包括反复尿频、尿急、尿痛半年，尿液检查显示pH6.5，SG1.010，Pro0g/L，WBC2/μl，RBC12/μl；血液检查显示CRE84μmol/l，BUN5.9mmol/L，K+3.1mmol/L，Na+136mmol/L，Cl-110mmol/L，Ca2+1.9mmol/L，B超检查提示双肾小结石或钙化。为进一步明确诊断，首选进行的尿液检查是什么？,尿液检查->诊断检查->尿液pH值,0.47,诊断检查
该患者入院后经过清创，考虑到烧伤部位为头面、颈、会阴、臀部及下肢深度烧伤，局部创面应采用哪种处理方法？,深度烧伤->治疗方法->药物治疗,0.38,治疗方法
根据2岁儿童出现的症状：发热4天，伴咳嗽、流涕，眼结合膜充血、流泪，耳后、颈部、发际边缘出现稀疏不规则红色斑丘疹，疹间皮肤正常以及40℃的高烧，判断该儿童最有可能患上什么疾病？,麻疹->症状->耳后、颈部红斑丘疹,0.41,症状
一个1岁的孩子腹泻3天，每天大便10次，量多，呈蛋花汤样，精神萎靡，眼泪少，尿少，血清钠水平为133mmol/L，皮肤弹性差，唇红，呼吸深快。请根据这些症状和血液化验结果诊断该患儿的具体病情。,等渗性脱水->症状->尿量减少和皮肤弹性差,0.41,症状
一名患者出现胸骨左缘第三肋间3/6级收缩期喷射性杂音，X线显示肺血减少、肺动脉段突出、右室增大。根据这些临床表现，最可能的诊断是什么？,肺动脉瓣狭窄->诊断检查->X线胸片,0.47,诊断检查
根据一个72岁男性患者因剧烈咳嗽后出现的右腹股沟包块，并经过手法复位的特点，结合包块性质和触诊结果，疝出的内容物最可能是什么？,腹股沟疝->治疗科室->普通外科,0.41,治疗科室
一位61岁男性患者，有5年高血压病史，在饮用半斤白酒后突然出现剧烈头痛、头晕、呕吐、左侧肢体无力以及站立和行走不稳的症状。根据这些症状，这位患者最有可能出现了什么情况？,小脑出血->检查疾病->头颅CT,0.49,诊断检查
根据患者的症状和体征，乳房结块处颜色转红、隐痛、变软且按之应指，伴随潮热等症状，应采用哪种外治方法进行处理？,急性乳腺炎->症状->乳房潮热,0.46,症状
一位30岁女性患者有自幼发现的心脏杂音，1天前剧烈运动时突然出现心前区疼痛、心悸气短及下肢水肿，查体显示胸骨左缘可闻广泛连续性杂音，P亢进。针对这种情况，应该采取什么治疗措施？,动脉导管未闭->治疗方法->手术治疗,0.44,治疗方法
一名40岁女性患者发现右侧卵巢有肿物近三个月，肿物稍有增大，经过手术切除后，发现肿物呈圆形，有包膜，切面灰白色，可见纵横交错编织状条纹，无明显出血坏死，肿瘤细胞为梭形，并且有胶原纤维形成，细胞无明显异型性，未见分裂像。根据这些特征，该肿瘤最可能是什么类型？,卵巢纤维瘤->治疗方法->手术切除,0.33,治疗方法
根据患者的症状特点和体检结果，而且杂音随体位变化而改变，该患者最可能诊断为哪种心脏疾病？,左心房黏液瘤->并发症->栓塞,0.32,并发症
根据病史和检查结果分析，18岁女性，无月经来潮伴有周期性下腹痛，检查发现无阴道开口，肛查发现向直肠突出的包块，诊断出可能的先天性疾病类型是什么？,阴道闭锁->症状->无月经来潮、下腹痛,0.47,症状
68岁男性，恶寒发热、头痛、微喘、无汗、全身骨节酸楚烦疼，舌苔薄白，脉浮紧而数，最合适的治疗原则是什么？,风寒表证->治疗方法->麻黄汤,0.41,治疗方法
针对一名25岁的男性患者，他在额头、面部、胸部和背部反复出现红色丘疹、脓疱、囊肿和结节已有10年，并留有紫红色瘢痕，请描述一种不适合用于治疗此患者的药物或方法，并说明原因。,囊肿性痤疮->治疗方法->糖皮质激素,0.42,治疗方法
16岁男性患者反复呕血、黑便、皮肤粘膜出血一周，肝脾不大，血液检查结果显示Hb60G/l，RBC2.2X10¹²/L，WBC5.0X10⁹/L，BPC12X10⁹/L，骨髓增生活跃且幼稚型巨核细胞增加。请根据这些信息，说明该患者最可能的诊断是什么？,血小板减少->治疗方法->激素治疗,0.37,治疗方法
根据一名45岁女性患者的症状：咳嗽十余天，近三天喘促不宁，痰涎壅盛，潮热，便秘，舌苔黄腻，脉右寸实大，应使用哪种中医方剂进行治疗？,宣白承气汤->治疗方法->化痰止咳,0.43,治疗方法
对于一名70岁女性急性心肌梗死患者，如果她出现急性乳头肌功能不全，心脏听诊时会出现什么体征？,急性心肌梗死->并发症->乳头肌功能不全,0.33,并发症
患者右上肢外伤后肩部疼痛，活动功能丧失，左手托右肘部。查体显示右肩方肩畸形，搭肩试验阳性，右上臂弹性固定于轻度外展位。根据这些症状，上臂最适宜的固定位置是什么？,搭肩试验阳性->诊断检查->X线检查,0.41,诊断检查
对于局限期小细胞肺癌患者，在经历了三个周期的化疗后，肿块明显缩小的情况下，接下来的最佳治疗方案是什么？,小细胞肺癌->治疗方法->放化疗联合,0.41,治疗方法
一位32岁的男性患者在8月20日来诊，出现发热、头痛伴呕吐2天和意识障碍半天，体温39.6℃，颈抵抗（＋），Kerning征（＋），Babinski征（＋），血液中白细胞计数为16.0×10^9/L。请结合以上症状和检查结果，诊断该患者可能患有什么疾病？,流行性乙型脑炎->症状->意识障碍,0.31,症状
针对一位63岁的男性患者，他出现小便频数清长、尿有余沥、遗尿、或小便点滴不爽且排尿无力，伴随心神恍惚和健忘，舌质润且苔薄，脉象沉细等症状，应选择哪种中药配伍进行治疗？,排尿异常->可能患有疾病->肾阳虚,0.48,可能患有疾病
39岁女性，3个月前因怀孕2个月进行了人工流产，术后一直没有来月经，没有任何不适。自测基础体温呈现“双相”，妇科检查也无异常发现。根据该患者的情况，哪种处理方式是最佳的？,人工流产->可能患有疾病->生理性闭经,0.48,可能患有疾病
一名63岁女性患者，脑卒中后左下肢肿胀一周，超声检查显示左下肢深静脉血栓，她目前感觉胸部不适和呼吸困难。如果其肺通气显像结果正常，应如何高度诊断可能的病症是肺栓塞？,肺栓塞->诊断检查->D-二聚体检测,0.32,诊断检查
一位48岁的女性患者因左侧颈部包块伴有发热1个月余住院，活检镜下见弥漫性大细胞，免疫组化提示B细胞来源，发现脾肋下5厘米，肝不大，骨髓穿刺涂片内含13%淋巴细胞。请问该患者的临床分期是？,弥漫性大B细胞淋巴瘤->诊断检查->骨髓穿刺,0.41,诊断检查
一位29岁女性患者，出现腹胀、便秘9个月，乏力、食欲不振、消瘦，且症状在近5个月加重。体检发现右下腹触及4cm×6cm肿块，质地中等，边缘不清，并伴有轻触痛。基于这些症状和体征，该患者最可能患有哪种疾病？,肠结核->症状->腹胀便秘,0.43,症状
一名15岁的女性患者因心悸就诊，在体检中发现胸骨左缘第3至第4肋间有收缩期震颤，请问首先应该考虑是什么诊断？,胸骨左缘震颤+心悸->可能患有疾病->室间隔缺损,0.33,可能患有疾病
一名28岁女性患者有4年反复水肿病史，最近一个月出现厌食、恶心、齿龈出血，且近1日解柏油样大便并逐渐昏迷。其血压为21.3／13.3kPa(160／100mmHg)，血红蛋白为70g／L，血小板计数为7×10^9/L。一年前该患者曾患肝炎现已痊愈。请你指出为了尽快明确该患者的诊断，哪项血液检查最有意义，并说明理由。,肝硬化->治疗方法->保肝药物,0.34,治疗方法
一名30岁女性患者出现体重增加并伴有月经紊乱2年。体检时发现血压170/110mmHg，心率76次/分；有满月脸、水牛背、皮肤菲薄及腹部紫纹的症状。根据这些临床表现，最可能的诊断是什么？,库欣综合征->症状->水牛背,0.45,症状
根据以下情况诊断一名妇女的病情：26岁已婚妇女，停经46日，出现下腹部轻度阵发性疼痛及阴道少量流血伴血块10小时。2日后阴道流血量增多，下腹阵发性疼痛明显加重，妇科检查发现宫口可通过1指，并在宫口处见有胚胎组织堵塞，此时应如何诊断？,难免流产->症状->宫颈扩张,0.31,症状
一名3岁患儿出现胸骨左缘第2、3肋间Ⅱ~Ⅲ级收缩期吹风样杂音，肺动脉瓣区第二音亢进和固定分裂，心电图显示右心室增大的情况，可能的诊断是什么？,房间隔缺损->并发症->右心室肥大,0.37,并发症
一位中年妇女在结喉正中稍右处有一个如鸡蛋大的半球形肿块，边界清楚，表面光滑，无压痛，皮色正常，并随吞咽动作上下移动。根据这些症状，多数诊断会认为是什么类型的瘿？,甲状腺结节->诊断检查->超声检查,0.41,诊断检查
25岁女性，停经2个月，尿妊娠试验阳性，近1周阴道少量出血，妇科检查显示子宫增大如7周妊娠大小，未见异常组织物排出且无压痛。根据这些症状，最可能的诊断是什么？,先兆流产->症状->子宫增大,0.42,症状
一名6岁男孩发热持续两周，并出现关节游走痛。体检发现心率每分钟100次，心尖区有二级收缩期杂音，C反应蛋白呈阳性，血沉增快，疑似风湿热。对于这种情况，首选哪种药物进行治疗？,风湿热->治疗方法->西药,0.37,治疗方法
42岁女性，月经规律，轻微痛经，间断性下腹痛2年，反复发作伴腰酸无腥臭阴道分泌物。超声显示左附件区囊性条索状回声，近期腹痛加重，囊实性肿物增大，CA125为269IU/ml。最可能诊断是什么？,囊实性肿物->可能患有疾病->输卵管卵巢囊肿,0.36,可能患有疾病
根据患者因车祸头部受伤后出现的症状，如左侧瞳孔散大、对光反应消失、右侧肢体瘫痪等，结合病情进展过程，推断患者最可能出现什么类型的脑部病情变化？,头部外伤->症状->瞳孔散大,0.38,症状
一位20岁的健康女性突然出现右眼发痒和流眼水，伴有眼红和耳前淋巴结稍触及，角膜和眼底检查正常，右眼视力完好。在这种情况下，最有可能的诊断是什么？,病毒性结膜炎->并发症->角膜损害,0.43,并发症
一名45岁的男性患者，最近发生心跳过速。查体结果显示心率为170次/分，心律规则。在按压颈动脉窦后，心率突然减慢至90次/分。基于这些信息，最可能的诊断是什么？,室上性心动过速->诊断检查->心电图,0.35,诊断检查
一名3个月大的女婴，进行混合喂养，腹泻持续50天，大便每天4到5次，是黄色稀糊状，食欲和精神状态正常，体重为6.8公斤。基于这些症状，你认为这个患儿的最可能诊断是什么？,腹泻->推荐食谱->小米粥,0.42,推荐食谱
一位23岁的女性，出现外阴瘙痒1周，妇科检查显示外阴无异常，但阴道内有黄色脓性分泌物，宫颈中度糜烂，为判定宫颈病变的性质，应该首选进行哪种检查？,宫颈糜烂->治疗方法->局部用药,0.48,治疗方法
一名70岁男性患者，半年大便秘结，后逐渐变细，近4个月出现反复脓血样大便，每天3-4次，治疗稍缓解。5天前开始未排便，伴有呕吐及无法进食。体检发现全腹胀，无肠鸣音亢进及肿块，肛诊未触及肿块。结肠镜检显示距肛门10厘米处环形狭窄，呈菜花样外观且肠镜无法通过。请问这种临床表现最可能的诊断是什么？,直肠癌->诊断检查->结肠镜检查,0.45,诊断检查
对于住院第2天检查时，患者的瘫痪肢体只能在水平面上移动而不能上抬，这表明其右下肢的肌力处于哪个级别？,肌力评估->症状->无法上抬,0.45,症状
一名58岁的男性患者有胃病史，最近因饮食不当而复发，症状包括恶心呕吐，伴有胃脘痞闷，纳呆神疲，大便微溏，口淡不渴，舌淡苔薄白，脉虚无力。在这种情况下，哪个中药方剂最适合用于治疗？,香砂六君子汤->症状->食欲不振,0.33,症状
一位24岁的初产妇在低位产钳分娩后立即出现阴道持续流血400ml，且血色鲜红，血压为14.7/9.33kPa，子宫坚硬，此时最适宜的处理步骤是什么？,产后出血->治疗方法->软产道检查,0.41,治疗方法
对于一名出现拒食、呕吐、嗜睡、面色青灰、前囟紧张和脐部有脓性分泌物的2个月女婴，最关键的诊断检查应该是什么？,脑膜炎->传染性->无,0.31,传染性
根据一名52岁男性患者的症状：劳累性心慌气短10年，近年加重，曾有过夜间不能平卧以及6个月前的偏瘫史，身体检查显示脉率完全不规律，心尖区有舒张期隆隆样杂音，超声波检查结果为二尖瓣口1.2cm、瓣口钙化和瓣下结构不清，左心房内无明确血栓，应该选择哪种治疗方案？,二尖瓣狭窄->治疗方法->二尖瓣置换术,0.37,治疗方法
在一位45岁男性患者由于大量失血需输入库血1200ml的情况下，为防止枸橼酸钠中毒反应，护士应该按医嘱静脉推注哪种药物?,氯化钙->可以治疗疾病->低钙血症,0.47,可以治疗疾病
3岁男童，自幼蹲位排尿，阴茎发育小且向下弯曲，尿道口位于阴囊部，双侧阴囊未触及睾丸，应做何检查？,性发育异常->传染性->无,0.36,传染性
一名35岁男性患者，因2天来腹泻于8月20日就诊。患者外出旅游归来，大便每日10多次，伴呕吐多次，无发热，口渴，血压100/70mmHg，脉搏100次/分，腹软无压痛，肠鸣音活跃，大便镜检白细胞0～1/HP。根据这些临床表现和实验室检查结果，请问这个病人最可能的诊断是什么？,霍乱->症状->腹泻,0.48,症状
一名35岁男性患者，因2天来腹泻于8月20日就诊。患者外出旅游归来，大便每日10多次，伴呕吐多次，无发热，口渴，血压100/70mmHg，脉搏100次/分，腹软无压痛，肠鸣音活跃，大便镜检白细胞0～1/HP。根据这些临床表现和实验室检查结果，请问这个病人最可能的诊断是什么？,霍乱->治疗方法->补液,0.43,治疗方法
一位30岁的患者，其11号牙齿冠折1/4，5年来没有叩痛和松动，牙齿色泽也没有改变，X线片显示11号牙齿的根尖没有阴影。根据这些情况，最适合的治疗方案是什么？,牙冠折->治疗方法->复合树脂修复,0.34,治疗方法
请详细描述一位男性患者摔伤右腕部后，在X光片上腕关节显现的具体损伤特征，并指出最可能的诊断是什么。,桡骨远端骨折->症状->腕关节肿胀,0.44,症状
对于一个2岁的孩子，出现形体消瘦、面色萎黄、毛发稀疏、食欲不振、易发脾气、大便不调且有酸臭味、尿如米泔等症状，并体重仅10kg，舌质淡红舌苔薄白时，应首先考虑是哪种中医诊断？,疳证->症状->形体消瘦、面色萎黄,0.36,症状
患者女性，30岁，因进行性心悸、气促3个月来诊，查体发现BP90/70mmHg，心界向双侧扩大，随体位改变，伴有奇脉，心率120次/分，律齐，心音低弱遥远，无病理性杂音。根据这些临床表现，最可能的诊断是什么？,心音低弱遥远->症状->心包积液,0.31,症状
对于一位3个月的女婴，家长发现其左眼瞳孔区发白持续1个月。眼部检查显示双眼眼压正常，左眼角膜清澈，前房深度正常，瞳孔约2×2mm，对光反射灵敏，但晶状体白色浑浊且眼底无法窥查，在这种情况下，哪项检查最有助于进一步诊断？,晶状体浑浊->检查疾病->视网膜母细胞瘤,0.43,诊断检查
51岁女性患者，脘腹痞满胀痛，嗳腐吞酸，恶食呕逆，或大便泄泻，舌苔厚腻，脉滑，诊断为食滞胃脘证，应选择哪种中成药进行治疗？,食滞胃脘证->推荐食谱->山楂,0.35,推荐食谱
在肝脏修补手术后的患者中，若发现切口渗血且引流管中引流量大且颜色鲜红，但实验室检查结果显示Hb64g/L，血小板计数25×10^9/L，PT16.7秒，TT9.5秒，FIB0.67g/L且D-二聚体阴性，这种情况下术后出血最可能的原因是什么？,凝血障碍->宜吃->动物肝脏,0.46,宜吃
26岁女性人流术后微热、下腹坠痛、子宫触痛，应考虑哪种疾病？,子宫内膜炎->传染性->无,0.49,传染性
某疟疾病患者在使用二盐酸奎宁进行抢救过程中，出现寒战、高热、血红蛋白尿等症状，此时应改用哪种药物继续进行抢救？,疟疾->推荐食谱->鸡蛋,0.49,推荐食谱
一名14岁男孩在右大腿深部巨大血管瘤手术后，伤口愈合良好，但在拆线后下床活动5分钟后突然晕倒并抢救无效死亡，在这种情况下最有可能的死因是什么？,急性肺栓塞->治疗方法->抗凝治疗,0.48,治疗方法
根据一名45岁男性患者间断腹痛、腹泻3年，无脓血和黏液，服小檗碱和氟哌酸可稍缓解，近期症状加重且大便频率增加至7～8次/天，大便常规及脂肪滴检查正常的情况，哪种疾病最需要被排除？,甲状腺功能亢进->疾病描述->代谢加速,0.34,疾病描述
一名患者发热3天，伴有头痛和呕吐，脑脊液检查显示微混、压力为270mmH2O，Pancy试验阳性，蛋白含量为1.28g/L，糖为1.1mmol/L，氯化物为90mmol/L。根据这些临床表现和检查结果，如何诊断该患者的脑部疾病类型？,化脓性细菌性脑膜炎->诊断检查->脑脊液分析,0.42,诊断检查
20岁女性，发现下腹部肿块2年，突然出现剧烈疼痛伴恶心呕吐，体检发现10cm×10cm×8cm肿块。最首选的辅助检查方法是什么？,下腹部肿块->症状->恶心,0.39,恶心
一位8个月大的女婴，面色苍白，毛发稀疏、发黄，舌头有震颤。实验室检查显示MCV为104fl，MCH为38pg，Hb为90g/L。根据这些表现和检查结果，她早期最恰当的治疗方法是什么？,大细胞性贫血->常用药品->维生素B12补充,0.43,常用药品
一名8岁男患者出现恶寒发热1天后，伴有头面红肿掀痛、咽痛、口渴舌燥、舌红苔黄、脉浮数等症状。根据这些症状，应选用哪种中药方剂进行治疗？,普济消毒饮->可以治疗疾病->风热上攻,0.32,可以治疗疾病
一位40岁女性，体型偏胖，近2年反复出现清晨不易唤醒的情况，喝糖水后可以缓解，并且发作逐渐频繁。根据这些症状，最可能的诊断是什么？,低血糖->可能患有疾病->胰岛素瘤,0.31,可能患有疾病
一个8个月大的女孩反复出现呼吸道感染，检查结果显示她体内的IgA含量非常低，但IgG和IgM含量正常，请问这种情况下最可能的诊断是什么？,呼吸道感染->疾病描述->黏膜免疫缺陷,0.31,疾病描述
患者血氧检查显示PaO2 50mmHg，动脉血氧含量15ml/dl，动-静脉血氧含量差4ml/dl。缺氧类型是什么？,低张性缺氧->诊断检查->血气分析,0.41,诊断检查
一名患有7年慢性腹泻的32岁男性患者，其大便每日2～3次，常带有少量脓血。通过粪便镜检发现红、白细胞均15/HP，纤维结肠镜检查显示降结肠以下黏膜充血、假息肉形成，并有少数散在浅溃疡的情况下，最合适的初始治疗药物是什么？,溃疡性结肠炎->治疗方法->美沙拉嗪,0.36,治疗方法
初产妇，27岁，妊娠2个月，出现反复恶心呕吐和食欲不振，并伴有偶尔咖啡渣样呕吐物，近2天出现视物模糊和乏力。这种症状最可能提示哪种疾病的发生？,妊娠剧吐->治疗方法->维生素B1补充,0.31,治疗方法
根据患者男性，68岁，近3年来经常出现上腹部疼痛，进食后可缓解，伴有反酸，近1周上腹部疼痛加重的病史，是什么疾病最有可能是他的诊断？,十二指肠溃疡->症状->进食后疼痛缓解,0.35,症状
一位70岁男性患者，症状包括神志恍惚、谵妄、烦躁不安、撮空理线、嗜睡、昏迷、肢体瞤动抽搐、咳逆喘促、痰鸣，舌质暗红或淡紫、苔白腻、脉细数，依据上述症状，治疗的首选方是什么？,涤痰汤->治疗方法->化痰清热,0.47,治疗方法
一位50岁的女性，有30余年乙型肝炎病史，2小时前进食烧饼后突然出现呕血约800ml。查体结果显示全身皮肤、黏膜无黄染，无腹水。在这种情况下，若需要进行急诊手术，请问最佳的手术方式是什么？,食管静脉曲张->治疗方法->贲门静脉离断术,0.36,治疗方法
16岁男性患者反复呕血、黑便、皮肤粘膜出血一周，肝脾不大，血液检查结果显示Hb60G/l，RBC2.2X10¹²/L，WBC5.0X10⁹/L，BPC12X10⁹/L，骨髓增生活跃且幼稚型巨核细胞增加。请根据这些信息，说明该患者最可能的诊断是什么？,皮肤粘膜出血->可能患有疾病->特发性血小板减少性紫癜,0.38,可能患有疾病
一名25岁的初产妇，在足月妊娠后阴道顺产，产后两天突然出现剧烈的左下腹痛，伴随恶心和呕吐。妊娠期间曾有两次左下腹痛发作，在翻身后疼痛减轻。检查时发现体温36.7℃，脉搏每分钟100次，宫底在脐下一指，子宫左侧能触及一个界限尚清楚并且有明显压痛的拳头大小的包块。最可能的诊断是什么？,卵巢囊肿蒂扭转->诊断检查->超声检查,0.46,诊断检查
一名46岁男性胃癌患者手术后接受顺铂和阿霉素的化学治疗，出现严重恶心呕吐，哪种药物被认为是止吐效果最好的？,化疗引起的恶心->治疗方法->5-HT3受体拮抗剂,0.45,治疗方法
一名25岁女性，在活动后出现气急，并且出现夜间不能平卧、痰中带血的症状。她的家人注意到她面颊部发红，并且在医院检查中发现心脏杂音。基于这些症状，最可能的疾病诊断是什么？,痰中带血->可能患有疾病->二尖瓣狭窄,0.42,可能患有疾病
一名女性患者出现口干、尿少、厌食、恶心、软弱无力等症状，伴随有血红蛋白16 g/L，血钠132 mmol/L，CO2CP为27 mmol/L。结合这些临床表现和血液检验结果，你认为该患者可能出现了什么类型的脱水？,低渗性脱水->症状->口干尿少,0.35,症状
根据某患者体表的表现，即10余枚大小不一、质地柔软、表面光滑、有囊性感并可压入皮下的肿块，放手后随即弹起，这种情况可诊断为什么病？,柔软肿块->症状->脂肪瘤,0.47,症状
针对一名30岁妇女，结婚7年，月经不调且基础体温单相，未避孕但未妊娠，检查精液常规和输卵管造影均无异常，超声发现子宫肌瘤且体重增加，结合这些病史和症状，为确定诊断，应该使用哪一种诊断方法？,不孕症->诊断检查->卵泡监测,0.33,诊断检查
对于一位3个月的女婴，家长发现其左眼瞳孔区发白持续1个月。眼部检查显示双眼眼压正常，左眼角膜清澈，前房深度正常，瞳孔约2×2mm，对光反射灵敏，但晶状体白色浑浊且眼底无法窥查，在这种情况下，哪项检查最有助于进一步诊断？,晶状体浑浊->传染性->无,0.46,传染性
月经周期为四到五十天，月经量少且色淡红无血块，伴头晕眼花、心悸失眠、面色苍白、舌质淡红、脉细弱，应选哪种中药方剂？,月经量少->可能患有疾病->气血两虚,0.33,可能患有疾病
根据患者60岁男性，症状包括反复咯血、咳痰粘稠、低热伴消瘦、活动后气短和乏力，以及X线胸片显示右肺上叶段片状及条索状阴影，并有透亮区、胸廓下陷、气管右移的情况，应首先考虑什么诊断？,肺结核->疾病描述->上叶空洞性病变,0.35,疾病描述
患者右上肢外伤后肩部疼痛，活动功能丧失，左手托右肘部。查体显示右肩方肩畸形，搭肩试验阳性，右上臂弹性固定于轻度外展位。根据这些症状，上臂最适宜的固定位置是什么？,肩关节脱位->治疗方法->手法复位加绷带固定,0.35,治疗方法
袁女士在妊娠25周前检查正常，但在26周出现水肿，30周出现头晕、眼花，并且检查结果显示血压为213／146kPa(160／110mmHg)，水肿程度为(+++)，尿蛋白为(++)，请诊断她的病症。,重度子痫前期->治疗科室->产科,0.41,治疗科室
对于一名67岁有长期吸烟史并患有慢性阻塞性肺疾病（COPD）的男性患者，在经历浅昏迷和下肢水肿的情况下，若要明确诊断，首先应进行什么检查？,COPD->诊断->动脉血气分析,0.91,诊断检查
一位患者表现为月经周期延迟，量少，色淡红，质薄，逐渐发展到经闭不行，同时伴随神疲肢倦，头晕眼花，心悸气短，面色萎黄，舌淡，苔薄，脉沉缓等症状。根据中医辨证论治原则，应选用哪种方剂进行治疗？,气血两虚->治疗方法->药物治疗,0.42,药物治疗
一名48岁的女性出现多饮、多尿和体重下降3个月。其身高158厘米，体重51公斤，尿糖（++++），尿酮（-），空腹血糖19.5mmol/L，HbA1c为9.5%。在这种情况下，应如何制定她的治疗计划？,2型糖尿病->症状->多饮、多尿、体重下降,0.42,症状
一名男性新生儿经产道分娩3天后，出现双眼睑红肿、畏光、结膜高度充血，以及大量黏脓性分泌物等症状，请指出最可能的疾病诊断。,淋球菌性结膜炎->症状->结膜高度充血,0.41,症状
根据一名45岁女性患者的病情描述，她的下唇出现了暗红色斑块，中央稍凹陷，边缘稍隆起，损害黏膜侧有白色放射状条纹，皮肤侧有黑色围线，且组织病理表现为角质栓形成和固有层血管周围密集细胞浸润，结合她的长期日晒史，这种病损最可能诊断为什么？,盘状红斑狼疮->并发症->色素沉着,0.36,并发症
一名6岁小儿因发热3小时并伴随抽搐1次入院，体检显示神志清醒但精神萎靡，血压为70/30 mmHg，下肢有大理石花纹，脑膜刺激征阴性，大便常规检查显示白细胞三加和红细胞一加。在2017年8月的这种情况下，结合临床表现和检查结果，该患儿最可能的诊断是什么？,感染性休克->并发症->全身性炎症反应综合征(SIRS),0.44,并发症
如果一个10岁女孩在经历呼吸道感染后，因水肿、尿量减少及血尿在2天内入院，随后在2到4周后出现进行性尿量减少和肾功能下降，应考虑什么诊断？,急进性肾小球肾炎->症状->水肿和尿量减少,0.47,症状
根据一名45岁女性患者的症状：咳嗽十余天，近三天喘促不宁，痰涎壅盛，潮热，便秘，舌苔黄腻，脉右寸实大，应使用哪种中医方剂进行治疗？,宣白承气汤->可以治疗疾病->清热化湿,0.41,可以治疗疾病
一名30岁的女性患者表现出头晕、乏力、发热和皮肤出血点，检查显示全身淋巴结不大，胸骨无压痛，肝脏肋下3厘米，脾脏肋下5厘米，血常规显示血红蛋白为68 g/L，白细胞为2×10⁹/L，血小板为20×10⁹/L。这位患者最可能的诊断是什么？,三系细胞减少+脾大->可能患有疾病->再生障碍性贫血,0.46,可能患有疾病
一名50岁的男性患者出现了近期恶心、呕吐、发热、咳嗽症状，每日尿量约400ml，血压165/97mmHg，血红蛋白78g/L，Cr545μmol/L（6.2mg/dl），Ccrl5ml/min。为了明确诊断，该进行哪项无创影像学检查？,肾病->忌吃->高蛋白食物,0.37,忌吃
对于一位44岁的男性肝硬化患者，出现畏寒发热、全腹痛和尿量减少等症状，为了进一步治疗，应该采用哪种措施？,自发性细菌性腹膜炎->诊断检查->腹腔穿刺,0.44,诊断检查
根据患者描述：水肿多年，尤其下肢明显，按压后不易恢复；伴有脘腹胀闷、食欲不振、便溏、面色萎黄、精神疲倦、四肢寒冷以及小便短少。舌淡胖，有齿痕，舌苔白腻，脉沉弱等症状，最适合采用哪种中医方剂进行治疗？,脾阳虚->症状->水肿,0.41,症状
一名50岁男性患者视力略减退，眼外检查无异常，但眼底检查显示静脉曲张、动脉变细，并且乳头面上出现大片状火焰状出血，同时视网膜反光增强以及可能出现黄白色类脂质变性及出血。根据这些临床表现，这种情况最可能的诊断是什么？,中央视网膜静脉阻塞->症状->视网膜出血,0.31,症状
请根据描述分析，在湖南某市某年洪水后，出现的发热症状和血常规结果，患者发热的原因最可能是什么疾病？,钩端螺旋体病->诊断检查->血常规,0.49,诊断检查
对于一位46岁男性患者，出现心悸气短症状12年，并在心尖部听到舒张期隆隆样杂音，请描述心尖内侧听诊时可能出现的异常声音。,二尖瓣狭窄->诊断检查->舒张期隆隆样杂音,0.32,诊断检查
袁女士在妊娠25周前检查正常，但在26周出现水肿，30周出现头晕、眼花，并且检查结果显示血压为213／146kPa(160／110mmHg)，水肿程度为(+++)，尿蛋白为(++)，请诊断她的病症。,重度子痫前期->症状->高血压,0.42,症状
一位32岁的女性患者，表现为漫肿无头、皮色不变、酸痛无热、口中不渴，舌淡苔白，脉沉细。根据以上症状，应首选使用哪种中药？,寒湿阻滞->治疗科室->中医内科,0.39,治疗科室
一名30岁男性患者，刷牙时牙龈易出血2年多，检查发现口腔卫生不良，牙石为双阳性，龈缘红肿且探诊易出血，但没有发现附着丧失，血常规正常。基于这些信息，这名患者的诊断是什么？,牙龈炎->症状->红肿易出血,0.41,症状
根据一名35岁男性患者的症状：头痛、复视半年，左侧肢体无力，右眼上睑下垂，右瞳孔散大，对光反应消失，左侧肢体肌力Ⅲ度，肌张力增高，膝反射亢进，Babinski征(+)，左侧鼻唇沟变浅，伸舌时左偏，请确定该患者的病变定位于哪个部位？,右眼上睑下垂->可能患有疾病->动眼神经损伤,0.33,可能患有疾病
一名55岁男性患者出现左胸痛2个月，胸闷气短逐渐加重，并伴有消瘦。胸片显示左侧大量胸腔积液，CT显示广泛胸膜增厚及左侧胸膜凹凸不平，可见胸膜结节影。根据这些临床表现，该患者最可能与哪种职业相关疾病有关？,石棉暴露相关疾病->症状->胸膜增厚,0.35,症状
一位48岁男性患者，具有15年高血压病史，现在突然出现剧烈的胸背部疼痛，伴有面色苍白。体检发现其脉搏为88次/分，血压为170/120mmHg，心电图正常。请问该患者最有可能被诊断为何种疾病？,主动脉夹层->诊断检查->胸部CT血管造影,0.37,诊断检查
根据一个20岁男性患者出现头痛、头昏2个月，左侧肢体乏力伴恶心、呕吐近1周，以及左耳听力下降和步态不稳的症状分析，这些症状结合影像学检查，最可能诊断出什么疾病？,小脑病变->症状->步态不稳,0.48,症状
对于一名50岁男性患者，其主要症状包括左胸闷气2个月，胸痛20天，夜间加重，并伴有颜面、颈部及胸壁略肿胀、胸壁静脉曲张，左肺呼吸音消失。为了明确诊断，应该进行哪项检查？,胸部肿瘤->推荐食谱->清淡饮食,0.47,推荐食谱
一位27岁的已婚女性患者，产后恶露35天不止，颜色深红、质地稠粘并有臭味，伴随口燥咽干，舌红，脉虚细而数。根据这些症状，应该选择哪种中药方剂进行治疗？,阴虚内热->治疗方法->药物治疗,0.31,治疗方法
25岁男性患者，3周前因上呼吸道感染后，出现胸闷、气短、头晕等症状，并伴有心率较慢、第一心音低钝等体征。结合这些信息，最可能的诊断是什么？,心肌炎->症状->气短头晕,0.41,症状
25岁男性患者，发热3天，体温38℃，左胸痛，查体发现左胸下部可闻胸膜摩擦音。根据这些症状和体征，诊断应是什么？,干性胸膜炎->常用药品->非甾体抗炎药（NSAIDs）,0.49,常用药品
根据临床表现：一名30岁女性，阴道不规则流血持续20天，并伴有咳嗽症状。半年前曾进行人工流产，术后吸出物中看到绒毛组织。妇科检查发现子宫大小如40天妊娠，质地柔软，且双侧附件区各有约5cm的囊性包块。胸部X光显示双侧中下野多发棉球状阴影。请指出此患者最可能的诊断。,双侧肺部棉球状阴影->可能患有疾病->滋养细胞肿瘤,0.49,可能患有疾病
患者表现恶寒发热，无汗，鼻流清涕，咳嗽痰多，气短懒言，倦怠乏力，苔白脉弱。首选治疗方剂？,外感风寒->患病概率->10%,0.31,患病概率
针对一名30岁女性在体检时血压测量为150/100 mmHg的情况，请描述为了确诊是否有高血压，进一步应该进行的血压检查方式。,高血压->推荐食谱->芹菜,0.38,推荐食谱
一名28岁的女性患者被诊断为甲亢，并服用丙硫氧嘧啶半年，目前症状消失且T3、T4值正常。最近1周患者感到乏力，近3天出现发热、体温39℃、咽痛、皮疹和关节酸痛。针对患者的情况，最重要的化验是什么？,丙硫氧嘧啶副作用->症状->粒细胞减少症,0.41,症状
一名42岁的女性患者，症状包括厌食、乏力、肝区痛5天伴随尿色加深，检查结果显示ALT 400U，总胆红素50μmol/L，确诊为急性黄疸型病毒性肝炎。在这种情况下，最主要的治疗措施应该是什么？,急性黄疸型病毒性肝炎->治疗方法->休息和营养支持,0.44,治疗方法
一位48岁的女性有10年上腹痛病史，近3个月症状加重。胃镜检查显示胃角溃疡，并且HP检查呈阳性。请问针对这种情况，最佳的治疗方案是什么？,幽门螺杆菌感染->治疗方法->铋剂四联疗法,0.88,治疗方法
一名24岁女性患者，出现齿龈出血6天，血检结果为血红蛋白125g/L、白细胞5.4×10^9/L、血小板45×10^9/L，骨髓检查显示巨核细胞增多而其他结果正常。根据这些信息，该患者可能的诊断是什么？,齿龈出血->症状->血小板减少,0.31,症状
30岁女性，面部水肿、疲倦，蝶形红斑，血沉65mm/h，尿蛋白三级阳性，抗核抗体和抗Sm抗体阳性。最可能诊断？,系统性红斑狼疮->实验室检查->抗Sm抗体阳性,0.32,诊断检查
一位35岁的女性病人在输血后1小时内出现畏寒、寒战高热、头痛、出汗、恶心、呕吐和皮肤潮红，体温达到40℃。结合其有输血史的情况，最可能的临床诊断是什么？,输血相关非溶血性发热反应->症状->寒战高热,0.46,症状
根据该患者的化验结果：蛋白尿(++++)、ANA(+)、ds-DNA抗体阳性、血常规白细胞3.2×10E9/L、血小板90×10E9/L、血清肌酶值正常，请问该患者可能诊断为什么疾病？,系统性红斑狼疮->症状->蛋白尿,0.43,症状
一名42岁的男性患者，感到肛门内胀痛、畏寒、排尿困难，直肠指检发现肛管右侧有触痛性隆起并具有搏动感。根据这些症状，最可能的诊断是什么？,坐骨直肠窝脓肿->诊断检查->直肠指检,0.49,诊断检查
一名45岁男性，诊断为风湿性心脏病导致的二尖瓣病变5年，房颤持续半年。为了纠正房颤，该患者在出院后应持续维持治疗多长时间？,风湿性心脏病->并发症->房颤,0.41,并发症
一名男性新生儿经产道分娩3天后，出现双眼睑红肿、畏光、结膜高度充血，以及大量黏脓性分泌物等症状，请指出最可能的疾病诊断。,淋球菌性结膜炎->诊断检查->结膜分泌物涂片,0.47,诊断检查
在患者女性17岁海鲜过敏后的这次急性发作中，若出现喘急鼻煸、张口抬肩、胸高气促、面青、汗出、肢冷、脉浮大无根的症状，应使用什么药物进行治疗？,过敏性休克->治疗方法->肾上腺素注射,0.36,治疗方法
针对一名65岁男性患者，患有高血压及原发性高脂血症，症状包括头痛、眩晕、急躁易怒、心悸和失眠，且其病理表现为肝阳上亢，推荐使用哪一种中成药进行治疗？,头痛、眩晕->症状->松龄血脉康胶囊,0.48,症状
根据以下病例描述：一名41岁女性，以长期忧郁为诱因，出现表情淡漠、神识呆钝、喃喃独语、喜怒无常、言语有头无尾、污秽不避、终日不思饮食、舌苔腻、脉象弦滑等症状，试问该病例在中医上的诊断应该是什么？,癫证->症状->喃喃独语,0.35,症状
44岁男性，小细胞肺癌，脑CT示两个孤立病灶，体力良好，应选择哪种治疗方案？,小细胞肺癌->并发症->脑转移,0.43,并发症
某女性患者婚久不孕，伴有月经先期、量少色红，头晕眼花，腰膝酸软，午后低热，性情急躁，舌质偏红，苔少，脉细数等症状，诊断其主要病证为何？,肾阴虚->传染性->无,0.45,传染性
一名25岁女性患者持续性无尿1周，并有严重外伤史。从症状及病史分析，结合相关图像，最可能的诊断是什么？,创伤性横纹肌溶解症->症状->无尿或少尿,0.38,症状
一名30岁的男性患者表现出大热烦躁、错语不眠、口燥咽干、小便黄赤、舌红苔黄和脉数有力的症状，请问针对这些症状适合选择哪种治疗方剂？,肾阴虚->症状->口燥咽干,0.31,症状
一名60岁男性患者，出现左腰部酸胀痛，向左臀部及股后放射，特别是在晨起和久坐之后加重，活动后有所好转。查体发现腰椎生理弯曲变平，脊柱弹性和活动度均差，双侧腰竖脊肌痉挛，左侧尤为明显，且在L3到S1左椎旁有压痛并放射到左臀部及股后。直腿抬高试验阴性，双下肢肌力正常，皮肤感觉和反射均未见异常。根据上述临床表现，该患者最可能的诊断是什么？,腰脊神经后支卡压 -> 诊断检查 -> 腰椎CT检查,0.33,诊断检查
一名39岁女性患者，因右上腹疼痛1天就诊。体检显示巩膜黄染，体温39.5℃，右上腹压痛并伴有轻度肌紧张。B超检查发现胆管轻度扩张且胆管内有结石。如果不及时治疗，该患者最可能出现什么严重并发症？,急性胆管炎->传染性->无,0.41,传染性
一名51岁男性，有7年溃疡病史，半年来持续上腹隐痛，进食后加重。钡餐检查显示胃粘膜增粗，胃窦部见0.3cm×0.3cm龛影，胃蠕动正常。根据这些临床表现和检查结果，最可能的诊断是什么？,胃溃疡->推荐食谱->小米粥,0.45,推荐食谱
一位23岁的女性，出现外阴瘙痒1周，妇科检查显示外阴无异常，但阴道内有黄色脓性分泌物，宫颈中度糜烂，为判定宫颈病变的性质，应该首选进行哪种检查？,宫颈糜烂->传染性->无,0.35,传染性
10岁男孩阑尾切除术后出现面色苍白、皮肤湿冷、心率110次/min、血压80/60mmHg等症状，并未解小便。为明确诊断，应首先采取什么措施？,阑尾切除术后->并发症->腹腔出血,0.41,并发症
描述一个6岁女童的病例，她于1月13日入院，症状包括畏寒、高热、头痛、呕吐、昏迷、大片淤斑、颈强直及不规则呼吸节律，并观察到左侧瞳孔直径大于右侧。她的血液检查结果为白细胞19.0×10^9/L，血压8/5.5kPa (60/40mmHg)。请根据这些信息，判断最可能的诊断是什么？,脑膜炎球菌败血症->疾病描述->由脑膜炎奈瑟菌引起的急性感染,0.35,疾病描述
一位30岁的男性患者，素有嗜食肥甘和饮酒史，出现午后和夜晚加重的发热症状，并伴有身重肢倦、头重痛、口不渴、面色淡黄、胸脘痞满，舌苔白厚腻，脉象濡缓等症状。在中医理论中，适合的治疗方法是什么？,寒湿困脾->常用药品->平胃散,0.91,常用药品
对于一名表现出低热、盗汗、乏力等症状，并且PPD试验结果为强阳性的15岁女孩，她的脑脊液检查显示白细胞增多和蛋白升高，在胸片正常的情况下，应选择哪种药物组合进行强化治疗？,结核性脑膜炎->治疗方法->异烟肼、利福平、吡嗪酰胺、链霉素、皮质类固醇,0.36,治疗方法
患者出现发热、咳嗽、呼吸急促、黄色痰，肺部影像显示阴影。最可能诊断？,细菌性肺炎->推荐食谱->清淡饮食,0.36,推荐食谱
根据患者右肾结石伴中度积水和感染的病情特点，以及右肾功能严重受损的状况，最佳的治疗方法是什么？,肾病患者->忌吃->高盐食物,0.46,忌吃
一名8岁儿童出现血尿3天，每日尿量300毫升，明显浮肿，血压为22.7/16kPa（170/120mmHg），呼吸急促，不能平卧，并伴有恶心呕吐、头痛、头晕等症状，同时心音低钝且肝肋下触及2厘米。在这种情况下，什么是最紧急的处理方法？,急性肾衰竭->并发症->肺水肿,0.33,并发症
一名患者出现胸骨左缘第三肋间3/6级收缩期喷射性杂音，X线显示肺血减少、肺动脉段突出、右室增大。根据这些临床表现，最可能的诊断是什么？,肺动脉瓣狭窄->症状->收缩期喷射性杂音,0.35,症状
在一个青少年患者中，如果出现发热、淋巴结肿大、咽痛、白细胞增高、淋巴细胞比例增高和异型淋巴细胞，该症状表现最可能是哪种疾病？,传染性单核细胞增多症->症状->淋巴细胞比例增高,0.33,症状
一位女性患者人工流产术后4天出现寒战、高热，小腹疼痛拒按，并伴有颜色暗如败酱且气味臭秽的阴道出血。她还感到口干喜饮，舌质红，苔黄腻，脉弦数。针对这种情况，治疗的最佳方剂是什么？,人工流产术后感染->症状->阴道出血,0.45,症状
疟疾患者使用二盐酸奎宁静滴抢救时出现寒战、高热、血红蛋白尿，应换用何药？,疟疾->治疗方法->青蒿琥酯,0.38,治疗方法
一位12岁的女孩出现低热和关节疼痛半个月，检查发现其左肘关节附近外侧肱骨骨骺端有硬质无压痛的小结节，该结节与皮肤不粘连且在皮肤绷紧时容易发现，这种皮下结节最有可能是什么？,风湿性结节->症状->关节疼痛、低热,0.42,症状
一位29岁男性患者出现间歇性下腰痛半年，CT检查显示双侧骶髂关节对称性增生硬化，关节面不规则，并且关节间隙变窄，基于这些临床表现和检查结果，最可能的诊断是什么？,强直性脊柱炎->传染性->无,0.46,传染性
根据患者的病例描述，包括头部外伤、近期出现的头痛、头昏以及视力下降等症状，同时结合既往病史和体格检查结果，该患者最可能被诊断为何种疾病？,硬膜下血肿->症状->头痛,0.35,症状
一位56岁的男性患者，具有3年风湿性关节炎病史，近期因病情加重服用大量NSAID后，出现黑便。请问黑便的最可能原因是什么？,NSAID->并发症->消化道溃疡,0.33,并发症
一名45岁的女性患者有心肌缺血病史，最近出现心慌和气短的症状，经心电图检查诊断为阵发性室上性心动过速。根据她的病情，哪种药物是治疗这种情况的最佳选择？,阵发性室上性心动过速->治疗方法->维拉帕米,0.37,治疗方法
一名患者的x线胸片显示肺野外有多个半透明小圆形阴影，血HCG水平为220ng/ml。结合这些信息，该患者最可能的诊断是什么？,绒毛膜癌->推荐食谱->胡萝卜,0.39,推荐食谱
针对面色白、时常自汗、恶风、易感冒以及脉浮无力的症状，这位54岁女性患者宜使用何种中药进行治疗？,气虚->症状->自汗,0.32,症状
一名30岁的女性患者，出现尿频、尿急、尿痛症状已有一年。超声波检查发现其右肾轻度肿大，实质结构紊乱，并存在多个大小不等的不规则液性腔及钙化灶，且部分液性腔相互沟通并与扩张的肾盂相连，液性腔及肾盂的壁不规则，右输尿管全程扩张，膀胱壁表现为弥漫性增厚和僵硬，以及容积明显缩小。请综合描述最可能的诊断是什么？,肾结核->症状->尿频尿急,0.49,症状
根据24岁男性患者间断胸痛、低血压、身体特征（如蜘蛛指、漏斗胸）和心脏超声检查结果，确定导致其主动脉夹层的易患因素是什么？,马凡氏综合征->症状->蜘蛛指和漏斗胸,0.45,症状
患者出现恶寒发热、头痛无汗、胸脘痞闷、不思饮食的症状，舌苔薄白，脉浮，这种情况下应选用哪种中药方剂进行治疗？,恶寒发热->症状->表寒证,0.41,症状
一名中年男性出现腰痛、尿频、尿急，CT检查显示右肾上极有一个直径约5厘米的略低密度占位，边缘模糊并呈现环形强化，邻近肾周围有积液。这种情况下，应首先诊断为什么？,肾细胞癌->传染性->无,0.41,传染性
对于一名患有急性肾炎且表现有高血压、水肿、尿量减少、呼吸困难、心音低钝、肝肋下2cm增大以及X线示肺纹理增强的10岁儿童，这些体征和症状最可能提示哪个病理状态？,急性肾炎->症状->呼吸困难,0.32,症状
在重症乙脑患者病程中，如果患者出现双侧瞳孔大小不等、呼吸节律不齐、血压上升和肌张力增强的情况下，应首先采取什么急救措施来缓解这些症状？,乙脑->常用药品->高渗溶液,0.38,常用药品
在足月顺产后，胎儿娩出时张女士阴道出血量约500ml，血液呈鲜红色且很快凝集成血块，但胎盘尚未娩出。这种情况下，出血的最可能原因是什么？,软产道损伤->症状->鲜红色出血,0.42,症状
一位35岁的初产妇在妊娠34周时出现心慌、不能平卧一天，体征为心率120次/分，呼吸30次/分，血压140/90mmHg，心界向左下扩大，双肺布满湿啰音，胎心率145次/分。请问针对这种情况，应该采取什么处理措施？,妊娠期心力衰竭->症状->不能平卧与湿啰音,0.47,症状
请根据患儿3岁男孩右腹股沟可复性包块超过1年，玩耍后出现哭闹伴呕吐症状，右侧阴囊肿胀并触及不可还纳的肿块，判断最可能的诊断是什么？,腹股沟疝->症状->呕吐,0.41,症状
一名6岁男性患儿，两天前经历严重车祸后撕脱伤，现体温38.5℃，四肢冰冷，全身多处皮肤瘀斑及出血点，伴有黄疸和血红蛋白尿，血压为60/35mmHg，检查发现血小板计数为55×10⁹/L，纤维蛋白原为1.2g/L，肝功能正常。患儿突然出现惊厥和意识障碍，且血红蛋白为110g/L，最可能是什么原因导致了患儿当前的症状？,DIC->症状->意识障碍,0.31,症状
42岁女性患者，晨起出现剧烈疼痛伴呕吐，昏倒30分钟后清醒。胸片检查显示肺部有半透明小圆形阴影。病史中有阴道少量不规则出血2个月，咳嗽、痰中带血10天，曾G4P1，顺产1次，人流3次，末次妊娠2年前。结合病史和检查结果，最可能的诊断是什么？,阴道不规则出血->可能患有疾病->绒毛膜癌,0.37,可能患有疾病
一个胎龄39周的男婴因胎儿窘迫而剖宫产出生，出生后1小时出现呼吸急促、口吐白沫和口周青紫，查体显示呼吸音粗，两肺纹理粗且有少许斑片状影。基于上述症状和体征，该婴儿最可能的诊断是什么？,胎粪吸入综合征->诊断检查->胸部X线,0.31,诊断检查
一位怀孕8个月的24岁女性，近一个月来常在卧位时出现突发性头痛、心悸和多汗，测得最高血压为230/140mmHg，但坐起后症状可逐渐缓解，血压恢复正常，空腹血糖为7.8mmol/L，电解质及肝肾功能正常。根据这些症状和检验结果，最可能的诊断是什么？,嗜铬细胞瘤->并发症->妊娠期高血压危象,0.33,并发症
一名8岁儿童出现血尿3天，每日尿量300毫升，明显浮肿，血压为22.7/16kPa（170/120mmHg），呼吸急促，不能平卧，并伴有恶心呕吐、头痛、头晕等症状，同时心音低钝且肝肋下触及2厘米。在这种情况下，什么是最紧急的处理方法？,急性肾衰竭->症状->浮肿和高血压,0.47,症状
对于一名65岁患有慢性肺源性心脏病的女性患者，近两年来咳喘反复发作，并有心悸、气短、乏力的症状，因两日前感受风寒导致咳逆痰多、喘息不得卧及舌质暗浮、苔白腻略黄，该患者应首选哪种中药进行治疗？,慢性肺源性心脏病 ->传染性 -> 无,0.31,传染性
一名20岁的女性患者在劳累后出现畏寒、高热和右胸痛。体检显示急性病容，口周有疱疹，右肺中下部分闻及管性呼吸音。根据这些临床表现，最可能引起她右肺炎的病原体是什么？,肺炎->症状->高热和胸痛,0.39,症状
患者右上肢外伤后肩部疼痛，活动功能丧失，左手托右肘部。查体显示右肩方肩畸形，搭肩试验阳性，右上臂弹性固定于轻度外展位。根据这些症状，上臂最适宜的固定位置是什么？,方肩畸形->症状->肩关节脱位,0.36,症状
"男性, 42岁, 有5年肝硬化病史, 在3天前经历了500ml的呕血情况, 今天出现淡漠少言, 脑电图结果正常。根据这些临床表现, 他的最可能诊断是什么？",肝硬化->并发症->食管静脉曲张破裂,0.43,并发症
一名5岁男孩患有驼背、疼痛5个月，并伴有消瘦、贫血和无神经症状，检查发现双肺浸润性结核和6~8胸椎结核伴椎旁脓肿，血沉为112 mm/h。在进行支持疗法及全身抗结核治疗的同时，应该首先采取什么方法来护理该患儿以帮助缓解症状并促进康复？,椎体结核->治疗方法->抗结核药物+卧床休息,0.39,治疗方法
一位32岁的女性患者，表现为漫肿无头、皮色不变、酸痛无热、口中不渴，舌淡苔白，脉沉细。根据以上症状，应首选使用哪种中药？,桂枝->可以治疗疾病->寒湿阻滞,0.34,可以治疗疾病
一位30岁的女性，停经43天，伴有右下腹隐痛2天并出现阴道少量出血，吸宫术后病理报告显示蜕膜组织。基于这些症状和检查结果，首先应该考虑哪种疾病？,蜕膜组织->可能患有疾病->宫外孕,0.87,可能患有疾病
一个6岁的孩子，经常盗汗，偶尔自汗，身体消瘦，精神不振，心烦少寐，有时会有低热，口干，手足心热，舌质淡且苔少，脉象细弱。针对这些症状，治疗首选的方剂是什么？,生脉散->症状->盗汗自汗,0.48,症状
根据62岁男性患者头晕2个月伴言语不清和步态不稳等临床表现及脑电图结果，入院后病情迅速恶化，出现表情淡漠和肌阵挛加重等症状，您认为最可能的诊断是什么？,克雅氏病->传染性->无,0.46,传染性
根据一位36岁男性患者的症状表现：腹痛痞满拒按，烦渴引饮，大便秘结，潮热汗出，舌质红，苔黄腻，脉滑数，应选择哪种中药方剂进行治疗？,大承气汤->可以治疗疾病->阳明腑实证,0.31,可以治疗疾病
根据患者右肾结石伴中度积水和感染的病情特点，以及右肾功能严重受损的状况，最佳的治疗方法是什么？,肾结石->并发症->肾积水,0.31,并发症
一名40岁的男性患者，间断上腹痛3年，多饥饿痛和夜间痛，进食后减轻。为了明确诊断，急诊应该进行什么检查？,消化性溃疡->症状->进食后减轻,0.31,症状
患者表现恶寒发热，无汗，鼻流清涕，咳嗽痰多，气短懒言，倦怠乏力，苔白脉弱。首选治疗方剂？,外感风寒->症状->恶寒发热,0.47,症状
一个生后8天的男婴因皮肤黄染伴发热和拒乳入院。体检发现其皮肤明显黄染，肝脾肿大和脐部少量渗液伴脐周红肿。在此情况下，哪种检查方法最有助于确诊感染病因？,脐周红肿->可能患有疾病->新生儿脐炎,0.47,可能患有疾病
对于一位30岁，体壮，经常便秘，每隔几天须服用泻药才能排便，大便干结，腹部胀满，并且出现烦热、口渴、口臭、舌红、舌苔黄厚，脉滑数的女性，应选择哪种方剂进行治疗？,阳明腑实->治疗方法->药物治疗,0.36,治疗方法
31岁男性患者突发胸壁和背部疼痛，并伴随下肢无力、麻木、排尿困难、视物成双、饮水呛咳和吞咽困难，这些症状表明患者可能患上了什么病？,急性横贯性脊髓炎->诊断检查->MRI,0.43,诊断检查
一位8岁的男孩在吃生黄瓜后出现腹部不适，高热和抽搐，查体显示神志不清，瞳孔等大且对光反射好，颈软，血压10.7/6.7kPa(80/50mmHg)。在这种情况下，首选的检查是什么？,肠道感染->诊断检查->肛拭子培养,0.91,诊断检查
男性，30岁，持续低热，咳嗽并痰中带血丝20天，胸片显示右肺上叶不张。这种情况下，最可能的诊断是什么？,中心性肺癌->症状->咳痰带血,0.93,症状
一位56岁的男性患者被诊断为稳定性心绞痛，在经过一段时间的治疗后效果不佳，医生决定采用联合用药。针对这种情况，哪种药物组合较为合理，可以更有效地帮助患者改善病情？,稳定性心绞痛->常用药品->β-受体阻滞剂、钙通道阻滞剂、长效硝酸酯类,0.97,常用药品
对于一位47岁女性患者来说，她的腕关节肿痛持续了3个月，掌指关节肿痛持续了6周，并伴有早晨僵硬症状，哪项检查对确立诊断最有意义？,类风湿关节炎->诊断检查->类风湿因子,0.31,诊断检查
对于一位65岁患有慢性肾功能衰竭并且血压为170/110mmHg的男性患者，他出现严重脑水肿的情况下，什么是最佳的治疗方案？,脑水肿->治疗方法->连续性肾脏替代治疗,0.96,治疗方法
对于一位65岁患有慢性肾功能衰竭并且血压为170/110mmHg的男性患者，他出现严重脑水肿的情况下，什么是最佳的治疗方案？,脑水肿->传染性->无,0.31,传染性
对于一位36岁，怀孕24周的孕妇，孕2产1，她在做家务后出现胸闷气短，近一周经常夜间咳嗽，咳痰，不能平卧。查体发现心率120次/min，心界向左扩大，心尖区可闻及3级收缩期杂音，双肺底闻及小水泡音，以及双下肢水肿(+)。在这样的情况下，通常的处理方案是什么？,心力衰竭->症状->不能平卧,0.32,症状
一名53岁男性患者，近两年来出现渐进性头痛，伴随左眼球外突且移位至前下方。CT检查结果显示有关病变，最可能的诊断是什么？,额窦粘液囊肿->诊断检查->CT检查,0.49,诊断检查
